stage	line	path	decision
acquisition_round1_failed_http503	1	/etc/ld.so.cache	ALLOW_OS_RUNTIME_OR_RELATIVE_RUNTIME
acquisition_round1_failed_http503	2	/lib/x86_64-linux-gnu/libc.so.6	ALLOW_OS_RUNTIME_OR_RELATIVE_RUNTIME
acquisition_round1_failed_http503	3	/usr/lib/locale/locale-archive	ALLOW_OS_RUNTIME_OR_RELATIVE_RUNTIME
acquisition_round1_failed_http503	4	/usr/share/locale/locale.alias	ALLOW_OS_RUNTIME_OR_RELATIVE_RUNTIME
acquisition_round1_failed_http503	5	/usr/lib/locale/C.UTF-8/LC_IDENTIFICATION	ALLOW_OS_RUNTIME_OR_RELATIVE_RUNTIME
acquisition_round1_failed_http503	6	/usr/lib/locale/C.utf8/LC_IDENTIFICATION	ALLOW_OS_RUNTIME_OR_RELATIVE_RUNTIME
acquisition_round1_failed_http503	7	/usr/lib/x86_64-linux-gnu/gconv/gconv-modules.cache	ALLOW_OS_RUNTIME_OR_RELATIVE_RUNTIME
acquisition_round1_failed_http503	8	/usr/lib/locale/C.UTF-8/LC_MEASUREMENT	ALLOW_OS_RUNTIME_OR_RELATIVE_RUNTIME
acquisition_round1_failed_http503	9	/usr/lib/locale/C.utf8/LC_MEASUREMENT	ALLOW_OS_RUNTIME_OR_RELATIVE_RUNTIME
acquisition_round1_failed_http503	10	/usr/lib/locale/C.UTF-8/LC_TELEPHONE	ALLOW_OS_RUNTIME_OR_RELATIVE_RUNTIME
acquisition_round1_failed_http503	11	/usr/lib/locale/C.utf8/LC_TELEPHONE	ALLOW_OS_RUNTIME_OR_RELATIVE_RUNTIME
acquisition_round1_failed_http503	12	/usr/lib/locale/C.UTF-8/LC_ADDRESS	ALLOW_OS_RUNTIME_OR_RELATIVE_RUNTIME
acquisition_round1_failed_http503	13	/usr/lib/locale/C.utf8/LC_ADDRESS	ALLOW_OS_RUNTIME_OR_RELATIVE_RUNTIME
acquisition_round1_failed_http503	14	/usr/lib/locale/C.UTF-8/LC_NAME	ALLOW_OS_RUNTIME_OR_RELATIVE_RUNTIME
acquisition_round1_failed_http503	15	/usr/lib/locale/C.utf8/LC_NAME	ALLOW_OS_RUNTIME_OR_RELATIVE_RUNTIME
acquisition_round1_failed_http503	16	/usr/lib/locale/C.UTF-8/LC_PAPER	ALLOW_OS_RUNTIME_OR_RELATIVE_RUNTIME
acquisition_round1_failed_http503	17	/usr/lib/locale/C.utf8/LC_PAPER	ALLOW_OS_RUNTIME_OR_RELATIVE_RUNTIME
acquisition_round1_failed_http503	18	/usr/lib/locale/C.UTF-8/LC_MESSAGES	ALLOW_OS_RUNTIME_OR_RELATIVE_RUNTIME
acquisition_round1_failed_http503	19	/usr/lib/locale/C.utf8/LC_MESSAGES	ALLOW_OS_RUNTIME_OR_RELATIVE_RUNTIME
acquisition_round1_failed_http503	20	/usr/lib/locale/C.utf8/LC_MESSAGES/SYS_LC_MESSAGES	ALLOW_OS_RUNTIME_OR_RELATIVE_RUNTIME
acquisition_round1_failed_http503	21	/usr/lib/locale/C.UTF-8/LC_MONETARY	ALLOW_OS_RUNTIME_OR_RELATIVE_RUNTIME
acquisition_round1_failed_http503	22	/usr/lib/locale/C.utf8/LC_MONETARY	ALLOW_OS_RUNTIME_OR_RELATIVE_RUNTIME
acquisition_round1_failed_http503	23	/usr/lib/locale/C.UTF-8/LC_COLLATE	ALLOW_OS_RUNTIME_OR_RELATIVE_RUNTIME
acquisition_round1_failed_http503	24	/usr/lib/locale/C.utf8/LC_COLLATE	ALLOW_OS_RUNTIME_OR_RELATIVE_RUNTIME
acquisition_round1_failed_http503	25	/usr/lib/locale/C.UTF-8/LC_TIME	ALLOW_OS_RUNTIME_OR_RELATIVE_RUNTIME
acquisition_round1_failed_http503	26	/usr/lib/locale/C.utf8/LC_TIME	ALLOW_OS_RUNTIME_OR_RELATIVE_RUNTIME
acquisition_round1_failed_http503	27	/usr/lib/locale/C.UTF-8/LC_NUMERIC	ALLOW_OS_RUNTIME_OR_RELATIVE_RUNTIME
acquisition_round1_failed_http503	28	/usr/lib/locale/C.utf8/LC_NUMERIC	ALLOW_OS_RUNTIME_OR_RELATIVE_RUNTIME
acquisition_round1_failed_http503	29	/usr/lib/locale/C.UTF-8/LC_CTYPE	ALLOW_OS_RUNTIME_OR_RELATIVE_RUNTIME
acquisition_round1_failed_http503	30	/usr/lib/locale/C.utf8/LC_CTYPE	ALLOW_OS_RUNTIME_OR_RELATIVE_RUNTIME
acquisition_round1_failed_http503	31	/etc/ld.so.cache	ALLOW_OS_RUNTIME_OR_RELATIVE_RUNTIME
acquisition_round1_failed_http503	32	/lib/x86_64-linux-gnu/libm.so.6	ALLOW_OS_RUNTIME_OR_RELATIVE_RUNTIME
acquisition_round1_failed_http503	33	/lib/x86_64-linux-gnu/libz.so.1	ALLOW_OS_RUNTIME_OR_RELATIVE_RUNTIME
acquisition_round1_failed_http503	34	/lib/x86_64-linux-gnu/libexpat.so.1	ALLOW_OS_RUNTIME_OR_RELATIVE_RUNTIME
acquisition_round1_failed_http503	35	/lib/x86_64-linux-gnu/libc.so.6	ALLOW_OS_RUNTIME_OR_RELATIVE_RUNTIME
acquisition_round1_failed_http503	36	/usr/pyvenv.cfg	ALLOW_OS_RUNTIME_OR_RELATIVE_RUNTIME
acquisition_round1_failed_http503	37	/usr/bin/pyvenv.cfg	ALLOW_OS_RUNTIME_OR_RELATIVE_RUNTIME
acquisition_round1_failed_http503	38	/usr/bin/python3._pth	ALLOW_OS_RUNTIME_OR_RELATIVE_RUNTIME
acquisition_round1_failed_http503	39	/usr/bin/python3.12._pth	ALLOW_OS_RUNTIME_OR_RELATIVE_RUNTIME
acquisition_round1_failed_http503	40	/usr/bin/pybuilddir.txt	ALLOW_OS_RUNTIME_OR_RELATIVE_RUNTIME
acquisition_round1_failed_http503	41	/usr/share/zoneinfo/UTC	ALLOW_OS_RUNTIME_OR_RELATIVE_RUNTIME
acquisition_round1_failed_http503	42	/usr/lib/python3.12	ALLOW_OS_RUNTIME_OR_RELATIVE_RUNTIME
acquisition_round1_failed_http503	43	/usr/lib/python3.12/encodings/__pycache__/__init__.cpython-312.pyc	ALLOW_OS_RUNTIME_OR_RELATIVE_RUNTIME
acquisition_round1_failed_http503	44	/usr/lib/python3.12/encodings	ALLOW_OS_RUNTIME_OR_RELATIVE_RUNTIME
acquisition_round1_failed_http503	45	/usr/lib/python3.12/encodings/__pycache__/aliases.cpython-312.pyc	ALLOW_OS_RUNTIME_OR_RELATIVE_RUNTIME
acquisition_round1_failed_http503	46	/usr/lib/python3.12/encodings/__pycache__/utf_8.cpython-312.pyc	ALLOW_OS_RUNTIME_OR_RELATIVE_RUNTIME
acquisition_round1_failed_http503	47	/etc/nsswitch.conf	ALLOW_OS_RUNTIME_OR_RELATIVE_RUNTIME
acquisition_round1_failed_http503	48	/etc/passwd	ALLOW_OS_RUNTIME_OR_RELATIVE_RUNTIME
acquisition_round1_failed_http503	49	data/external/original-home/.local/lib/python3.12/site-packages	ALLOW_OS_RUNTIME_OR_RELATIVE_RUNTIME
acquisition_round1_failed_http503	50	data/external/original-home/.local/lib/python3.12/site-packages/distutils-precedence.pth	ALLOW_OS_RUNTIME_OR_RELATIVE_RUNTIME
acquisition_round1_failed_http503	51	/usr/lib/python3.12/encodings/__pycache__/ascii.cpython-312.pyc	ALLOW_OS_RUNTIME_OR_RELATIVE_RUNTIME
acquisition_round1_failed_http503	52	/usr/lib/python3.12/lib-dynload	ALLOW_OS_RUNTIME_OR_RELATIVE_RUNTIME
acquisition_round1_failed_http503	53	data/external/original-home/.local/lib/python3.12/site-packages	ALLOW_OS_RUNTIME_OR_RELATIVE_RUNTIME
acquisition_round1_failed_http503	54	data/external/original-home/.local/lib/python3.12/site-packages/_distutils_hack/__pycache__/__init__.cpython-312.pyc	ALLOW_OS_RUNTIME_OR_RELATIVE_RUNTIME
acquisition_round1_failed_http503	55	/usr/local/lib/python3.12/dist-packages	ALLOW_OS_RUNTIME_OR_RELATIVE_RUNTIME
acquisition_round1_failed_http503	56	/usr/lib/python3/dist-packages	ALLOW_OS_RUNTIME_OR_RELATIVE_RUNTIME
acquisition_round1_failed_http503	57	/usr/lib/python3/dist-packages/distutils-precedence.pth	ALLOW_OS_RUNTIME_OR_RELATIVE_RUNTIME
acquisition_round1_failed_http503	58	/usr/lib/python3/dist-packages/zope.interface-6.1-nspkg.pth	ALLOW_OS_RUNTIME_OR_RELATIVE_RUNTIME
acquisition_round1_failed_http503	59	/usr/lib/python3.12/__pycache__/types.cpython-312.pyc	ALLOW_OS_RUNTIME_OR_RELATIVE_RUNTIME
acquisition_round1_failed_http503	60	/usr/lib/python3.12/importlib/__pycache__/__init__.cpython-312.pyc	ALLOW_OS_RUNTIME_OR_RELATIVE_RUNTIME
acquisition_round1_failed_http503	61	/usr/lib/python3.12/__pycache__/warnings.cpython-312.pyc	ALLOW_OS_RUNTIME_OR_RELATIVE_RUNTIME
acquisition_round1_failed_http503	62	/usr/lib/python3.12/importlib	ALLOW_OS_RUNTIME_OR_RELATIVE_RUNTIME
acquisition_round1_failed_http503	63	/usr/lib/python3.12/importlib/__pycache__/_abc.cpython-312.pyc	ALLOW_OS_RUNTIME_OR_RELATIVE_RUNTIME
acquisition_round1_failed_http503	64	/usr/lib/python3.12/__pycache__/threading.cpython-312.pyc	ALLOW_OS_RUNTIME_OR_RELATIVE_RUNTIME
acquisition_round1_failed_http503	65	/usr/lib/python3.12/__pycache__/functools.cpython-312.pyc	ALLOW_OS_RUNTIME_OR_RELATIVE_RUNTIME
acquisition_round1_failed_http503	66	/usr/lib/python3.12/collections/__pycache__/__init__.cpython-312.pyc	ALLOW_OS_RUNTIME_OR_RELATIVE_RUNTIME
acquisition_round1_failed_http503	67	/usr/lib/python3.12/__pycache__/keyword.cpython-312.pyc	ALLOW_OS_RUNTIME_OR_RELATIVE_RUNTIME
acquisition_round1_failed_http503	68	/usr/lib/python3.12/__pycache__/operator.cpython-312.pyc	ALLOW_OS_RUNTIME_OR_RELATIVE_RUNTIME
acquisition_round1_failed_http503	69	/usr/lib/python3.12/__pycache__/reprlib.cpython-312.pyc	ALLOW_OS_RUNTIME_OR_RELATIVE_RUNTIME
acquisition_round1_failed_http503	70	/usr/lib/python3.12/__pycache__/_weakrefset.cpython-312.pyc	ALLOW_OS_RUNTIME_OR_RELATIVE_RUNTIME
acquisition_round1_failed_http503	71	/usr/lib/python3/dist-packages	ALLOW_OS_RUNTIME_OR_RELATIVE_RUNTIME
acquisition_round1_failed_http503	72	/usr/lib/python3.12/__pycache__/sitecustomize.cpython-312.pyc	ALLOW_OS_RUNTIME_OR_RELATIVE_RUNTIME
acquisition_round1_failed_http503	73	/usr/local/lib/python3.12/dist-packages	ALLOW_OS_RUNTIME_OR_RELATIVE_RUNTIME
acquisition_round1_failed_http503	74	/usr/lib/python3/dist-packages/__pycache__/apport_python_hook.cpython-312.pyc	ALLOW_OS_RUNTIME_OR_RELATIVE_RUNTIME
acquisition_round1_failed_http503	75	data/external/original-workspace/revgate-task-b-grade-histology/experiments/taskB_grade_histology/phase1_execution/acquire_inputs.py	ALLOW_PHASE1_CODE_LOCK_OR_RULE
acquisition_round1_failed_http503	76	data/external/original-workspace/revgate-task-b-grade-histology/experiments/taskB_grade_histology/phase1_execution/acquire_inputs.py	ALLOW_PHASE1_CODE_LOCK_OR_RULE
acquisition_round1_failed_http503	77	data/external/original-workspace/revgate-task-b-grade-histology/experiments/taskB_grade_histology/phase1_execution	ALLOW_PHASE1_CODE_DIRECTORY
acquisition_round1_failed_http503	78	/usr/lib/python3.12/__pycache__/argparse.cpython-312.pyc	ALLOW_OS_RUNTIME_OR_RELATIVE_RUNTIME
acquisition_round1_failed_http503	79	/usr/lib/python3.12/re/__pycache__/__init__.cpython-312.pyc	ALLOW_OS_RUNTIME_OR_RELATIVE_RUNTIME
acquisition_round1_failed_http503	80	/usr/lib/python3.12/__pycache__/enum.cpython-312.pyc	ALLOW_OS_RUNTIME_OR_RELATIVE_RUNTIME
acquisition_round1_failed_http503	81	/usr/lib/python3.12/re	ALLOW_OS_RUNTIME_OR_RELATIVE_RUNTIME
acquisition_round1_failed_http503	82	/usr/lib/python3.12/re/__pycache__/_compiler.cpython-312.pyc	ALLOW_OS_RUNTIME_OR_RELATIVE_RUNTIME
acquisition_round1_failed_http503	83	/usr/lib/python3.12/re/__pycache__/_parser.cpython-312.pyc	ALLOW_OS_RUNTIME_OR_RELATIVE_RUNTIME
acquisition_round1_failed_http503	84	/usr/lib/python3.12/re/__pycache__/_constants.cpython-312.pyc	ALLOW_OS_RUNTIME_OR_RELATIVE_RUNTIME
acquisition_round1_failed_http503	85	/usr/lib/python3.12/re/__pycache__/_casefix.cpython-312.pyc	ALLOW_OS_RUNTIME_OR_RELATIVE_RUNTIME
acquisition_round1_failed_http503	86	/usr/lib/python3.12/__pycache__/copyreg.cpython-312.pyc	ALLOW_OS_RUNTIME_OR_RELATIVE_RUNTIME
acquisition_round1_failed_http503	87	/usr/lib/python3.12/__pycache__/gettext.cpython-312.pyc	ALLOW_OS_RUNTIME_OR_RELATIVE_RUNTIME
acquisition_round1_failed_http503	88	/usr/lib/python3.12/__pycache__/hashlib.cpython-312.pyc	ALLOW_OS_RUNTIME_OR_RELATIVE_RUNTIME
acquisition_round1_failed_http503	89	/usr/lib/python3.12/lib-dynload/_hashlib.cpython-312-x86_64-linux-gnu.so	ALLOW_OS_RUNTIME_OR_RELATIVE_RUNTIME
acquisition_round1_failed_http503	90	/etc/ld.so.cache	ALLOW_OS_RUNTIME_OR_RELATIVE_RUNTIME
acquisition_round1_failed_http503	91	/lib/x86_64-linux-gnu/libcrypto.so.3	ALLOW_OS_RUNTIME_OR_RELATIVE_RUNTIME
acquisition_round1_failed_http503	92	/proc/sys/crypto/fips_enabled	ALLOW_OS_RUNTIME_OR_RELATIVE_RUNTIME
acquisition_round1_failed_http503	93	/usr/lib/ssl/openssl.cnf	ALLOW_OS_RUNTIME_OR_RELATIVE_RUNTIME
acquisition_round1_failed_http503	94	/usr/lib/python3.12/json/__pycache__/__init__.cpython-312.pyc	ALLOW_OS_RUNTIME_OR_RELATIVE_RUNTIME
acquisition_round1_failed_http503	95	/usr/lib/python3.12/json	ALLOW_OS_RUNTIME_OR_RELATIVE_RUNTIME
acquisition_round1_failed_http503	96	/usr/lib/python3.12/json/__pycache__/decoder.cpython-312.pyc	ALLOW_OS_RUNTIME_OR_RELATIVE_RUNTIME
acquisition_round1_failed_http503	97	/usr/lib/python3.12/json/__pycache__/scanner.cpython-312.pyc	ALLOW_OS_RUNTIME_OR_RELATIVE_RUNTIME
acquisition_round1_failed_http503	98	/usr/lib/python3.12/lib-dynload/_json.cpython-312-x86_64-linux-gnu.so	ALLOW_OS_RUNTIME_OR_RELATIVE_RUNTIME
acquisition_round1_failed_http503	99	/usr/lib/python3.12/json/__pycache__/encoder.cpython-312.pyc	ALLOW_OS_RUNTIME_OR_RELATIVE_RUNTIME
acquisition_round1_failed_http503	100	/usr/lib/python3.12/__pycache__/shutil.cpython-312.pyc	ALLOW_OS_RUNTIME_OR_RELATIVE_RUNTIME
acquisition_round1_failed_http503	101	/usr/lib/python3.12/__pycache__/fnmatch.cpython-312.pyc	ALLOW_OS_RUNTIME_OR_RELATIVE_RUNTIME
acquisition_round1_failed_http503	102	/usr/lib/python3.12/__pycache__/bz2.cpython-312.pyc	ALLOW_OS_RUNTIME_OR_RELATIVE_RUNTIME
acquisition_round1_failed_http503	103	/usr/lib/python3.12/__pycache__/_compression.cpython-312.pyc	ALLOW_OS_RUNTIME_OR_RELATIVE_RUNTIME
acquisition_round1_failed_http503	104	/usr/lib/python3.12/lib-dynload/_bz2.cpython-312-x86_64-linux-gnu.so	ALLOW_OS_RUNTIME_OR_RELATIVE_RUNTIME
acquisition_round1_failed_http503	105	/etc/ld.so.cache	ALLOW_OS_RUNTIME_OR_RELATIVE_RUNTIME
acquisition_round1_failed_http503	106	/lib/x86_64-linux-gnu/libbz2.so.1.0	ALLOW_OS_RUNTIME_OR_RELATIVE_RUNTIME
acquisition_round1_failed_http503	107	/usr/lib/python3.12/__pycache__/lzma.cpython-312.pyc	ALLOW_OS_RUNTIME_OR_RELATIVE_RUNTIME
acquisition_round1_failed_http503	108	/usr/lib/python3.12/lib-dynload/_lzma.cpython-312-x86_64-linux-gnu.so	ALLOW_OS_RUNTIME_OR_RELATIVE_RUNTIME
acquisition_round1_failed_http503	109	/etc/ld.so.cache	ALLOW_OS_RUNTIME_OR_RELATIVE_RUNTIME
acquisition_round1_failed_http503	110	/lib/x86_64-linux-gnu/liblzma.so.5	ALLOW_OS_RUNTIME_OR_RELATIVE_RUNTIME
acquisition_round1_failed_http503	111	/usr/lib/python3.12/urllib/__pycache__/__init__.cpython-312.pyc	ALLOW_OS_RUNTIME_OR_RELATIVE_RUNTIME
acquisition_round1_failed_http503	112	/usr/lib/python3.12/urllib	ALLOW_OS_RUNTIME_OR_RELATIVE_RUNTIME
acquisition_round1_failed_http503	113	/usr/lib/python3.12/urllib/__pycache__/request.cpython-312.pyc	ALLOW_OS_RUNTIME_OR_RELATIVE_RUNTIME
acquisition_round1_failed_http503	114	/usr/lib/python3.12/__pycache__/base64.cpython-312.pyc	ALLOW_OS_RUNTIME_OR_RELATIVE_RUNTIME
acquisition_round1_failed_http503	115	/usr/lib/python3.12/__pycache__/struct.cpython-312.pyc	ALLOW_OS_RUNTIME_OR_RELATIVE_RUNTIME
acquisition_round1_failed_http503	116	/usr/lib/python3.12/__pycache__/bisect.cpython-312.pyc	ALLOW_OS_RUNTIME_OR_RELATIVE_RUNTIME
acquisition_round1_failed_http503	117	/usr/lib/python3.12/email/__pycache__/__init__.cpython-312.pyc	ALLOW_OS_RUNTIME_OR_RELATIVE_RUNTIME
acquisition_round1_failed_http503	118	/usr/lib/python3.12/http/__pycache__/__init__.cpython-312.pyc	ALLOW_OS_RUNTIME_OR_RELATIVE_RUNTIME
acquisition_round1_failed_http503	119	/usr/lib/python3.12/http	ALLOW_OS_RUNTIME_OR_RELATIVE_RUNTIME
acquisition_round1_failed_http503	120	/usr/lib/python3.12/http/__pycache__/client.cpython-312.pyc	ALLOW_OS_RUNTIME_OR_RELATIVE_RUNTIME
acquisition_round1_failed_http503	121	/usr/lib/python3.12/email	ALLOW_OS_RUNTIME_OR_RELATIVE_RUNTIME
acquisition_round1_failed_http503	122	/usr/lib/python3.12/email/__pycache__/parser.cpython-312.pyc	ALLOW_OS_RUNTIME_OR_RELATIVE_RUNTIME
acquisition_round1_failed_http503	123	/usr/lib/python3.12/email/__pycache__/feedparser.cpython-312.pyc	ALLOW_OS_RUNTIME_OR_RELATIVE_RUNTIME
acquisition_round1_failed_http503	124	/usr/lib/python3.12/email/__pycache__/errors.cpython-312.pyc	ALLOW_OS_RUNTIME_OR_RELATIVE_RUNTIME
acquisition_round1_failed_http503	125	/usr/lib/python3.12/email/__pycache__/_policybase.cpython-312.pyc	ALLOW_OS_RUNTIME_OR_RELATIVE_RUNTIME
acquisition_round1_failed_http503	126	/usr/lib/python3.12/email/__pycache__/header.cpython-312.pyc	ALLOW_OS_RUNTIME_OR_RELATIVE_RUNTIME
acquisition_round1_failed_http503	127	/usr/lib/python3.12/email/__pycache__/quoprimime.cpython-312.pyc	ALLOW_OS_RUNTIME_OR_RELATIVE_RUNTIME
acquisition_round1_failed_http503	128	/usr/lib/python3.12/__pycache__/string.cpython-312.pyc	ALLOW_OS_RUNTIME_OR_RELATIVE_RUNTIME
acquisition_round1_failed_http503	129	/usr/lib/python3.12/email/__pycache__/base64mime.cpython-312.pyc	ALLOW_OS_RUNTIME_OR_RELATIVE_RUNTIME
acquisition_round1_failed_http503	130	/usr/lib/python3.12/email/__pycache__/charset.cpython-312.pyc	ALLOW_OS_RUNTIME_OR_RELATIVE_RUNTIME
acquisition_round1_failed_http503	131	/usr/lib/python3.12/email/__pycache__/encoders.cpython-312.pyc	ALLOW_OS_RUNTIME_OR_RELATIVE_RUNTIME
acquisition_round1_failed_http503	132	/usr/lib/python3.12/__pycache__/quopri.cpython-312.pyc	ALLOW_OS_RUNTIME_OR_RELATIVE_RUNTIME
acquisition_round1_failed_http503	133	/usr/lib/python3.12/email/__pycache__/utils.cpython-312.pyc	ALLOW_OS_RUNTIME_OR_RELATIVE_RUNTIME
acquisition_round1_failed_http503	134	/usr/lib/python3.12/__pycache__/random.cpython-312.pyc	ALLOW_OS_RUNTIME_OR_RELATIVE_RUNTIME
acquisition_round1_failed_http503	135	/usr/lib/python3.12/__pycache__/socket.cpython-312.pyc	ALLOW_OS_RUNTIME_OR_RELATIVE_RUNTIME
acquisition_round1_failed_http503	136	/usr/lib/python3.12/__pycache__/selectors.cpython-312.pyc	ALLOW_OS_RUNTIME_OR_RELATIVE_RUNTIME
acquisition_round1_failed_http503	137	/usr/lib/python3.12/collections	ALLOW_OS_RUNTIME_OR_RELATIVE_RUNTIME
acquisition_round1_failed_http503	138	/usr/lib/python3.12/collections/__pycache__/abc.cpython-312.pyc	ALLOW_OS_RUNTIME_OR_RELATIVE_RUNTIME
acquisition_round1_failed_http503	139	/usr/lib/python3.12/__pycache__/datetime.cpython-312.pyc	ALLOW_OS_RUNTIME_OR_RELATIVE_RUNTIME
acquisition_round1_failed_http503	140	/usr/lib/python3.12/urllib/__pycache__/parse.cpython-312.pyc	ALLOW_OS_RUNTIME_OR_RELATIVE_RUNTIME
acquisition_round1_failed_http503	141	/usr/lib/python3.12/__pycache__/ipaddress.cpython-312.pyc	ALLOW_OS_RUNTIME_OR_RELATIVE_RUNTIME
acquisition_round1_failed_http503	142	/usr/lib/python3.12/email/__pycache__/_parseaddr.cpython-312.pyc	ALLOW_OS_RUNTIME_OR_RELATIVE_RUNTIME
acquisition_round1_failed_http503	143	/usr/lib/python3.12/__pycache__/calendar.cpython-312.pyc	ALLOW_OS_RUNTIME_OR_RELATIVE_RUNTIME
acquisition_round1_failed_http503	144	/usr/lib/python3.12/__pycache__/locale.cpython-312.pyc	ALLOW_OS_RUNTIME_OR_RELATIVE_RUNTIME
acquisition_round1_failed_http503	145	/usr/lib/python3.12/email/__pycache__/message.cpython-312.pyc	ALLOW_OS_RUNTIME_OR_RELATIVE_RUNTIME
acquisition_round1_failed_http503	146	/usr/lib/python3.12/email/__pycache__/_encoded_words.cpython-312.pyc	ALLOW_OS_RUNTIME_OR_RELATIVE_RUNTIME
acquisition_round1_failed_http503	147	/usr/lib/python3.12/email/__pycache__/iterators.cpython-312.pyc	ALLOW_OS_RUNTIME_OR_RELATIVE_RUNTIME
acquisition_round1_failed_http503	148	/usr/lib/python3.12/__pycache__/ssl.cpython-312.pyc	ALLOW_OS_RUNTIME_OR_RELATIVE_RUNTIME
acquisition_round1_failed_http503	149	/usr/lib/python3.12/lib-dynload/_ssl.cpython-312-x86_64-linux-gnu.so	ALLOW_OS_RUNTIME_OR_RELATIVE_RUNTIME
acquisition_round1_failed_http503	150	/etc/ld.so.cache	ALLOW_OS_RUNTIME_OR_RELATIVE_RUNTIME
acquisition_round1_failed_http503	151	/lib/x86_64-linux-gnu/libssl.so.3	ALLOW_OS_RUNTIME_OR_RELATIVE_RUNTIME
acquisition_round1_failed_http503	152	/usr/lib/python3.12/__pycache__/tempfile.cpython-312.pyc	ALLOW_OS_RUNTIME_OR_RELATIVE_RUNTIME
acquisition_round1_failed_http503	153	/usr/lib/python3.12/__pycache__/weakref.cpython-312.pyc	ALLOW_OS_RUNTIME_OR_RELATIVE_RUNTIME
acquisition_round1_failed_http503	154	/usr/lib/python3.12/__pycache__/contextlib.cpython-312.pyc	ALLOW_OS_RUNTIME_OR_RELATIVE_RUNTIME
acquisition_round1_failed_http503	155	/usr/lib/python3.12/urllib/__pycache__/error.cpython-312.pyc	ALLOW_OS_RUNTIME_OR_RELATIVE_RUNTIME
acquisition_round1_failed_http503	156	/usr/lib/python3.12/urllib/__pycache__/response.cpython-312.pyc	ALLOW_OS_RUNTIME_OR_RELATIVE_RUNTIME
acquisition_round1_failed_http503	157	/usr/lib/python3.12/__pycache__/pathlib.cpython-312.pyc	ALLOW_OS_RUNTIME_OR_RELATIVE_RUNTIME
acquisition_round1_failed_http503	158	/usr/lib/ssl/cert.pem	ALLOW_OS_RUNTIME_OR_RELATIVE_RUNTIME
acquisition_round1_failed_http503	159	/usr/lib/python3.12/encodings/__pycache__/idna.cpython-312.pyc	ALLOW_OS_RUNTIME_OR_RELATIVE_RUNTIME
acquisition_round1_failed_http503	160	data/external/original-workspace/revgate-task-b-grade-histology/experiments/taskB_grade_histology/phase1_execution	ALLOW_PHASE1_CODE_DIRECTORY
acquisition_round1_failed_http503	161	/usr/lib/python3.12/__pycache__/stringprep.cpython-312.pyc	ALLOW_OS_RUNTIME_OR_RELATIVE_RUNTIME
acquisition_round1_failed_http503	162	/etc/host.conf	ALLOW_OS_RUNTIME_OR_RELATIVE_RUNTIME
acquisition_round1_failed_http503	163	/etc/resolv.conf	ALLOW_OS_RUNTIME_OR_RELATIVE_RUNTIME
acquisition_round1_failed_http503	164	/etc/hosts	ALLOW_OS_RUNTIME_OR_RELATIVE_RUNTIME
acquisition_round1_failed_http503	165	/etc/gai.conf	ALLOW_OS_RUNTIME_OR_RELATIVE_RUNTIME
acquisition_round1_failed_http503	166	/usr/lib/ssl/certs	ALLOW_OS_RUNTIME_OR_RELATIVE_RUNTIME
acquisition_round1_failed_http503	167	/usr/lib/ssl/certs	ALLOW_OS_RUNTIME_OR_RELATIVE_RUNTIME
acquisition_round1_failed_http503	168	/etc/default/apport	ALLOW_OS_RUNTIME_OR_RELATIVE_RUNTIME
acquisition_round1_failed_http503	169	/usr/lib/python3.12/__pycache__/traceback.cpython-312.pyc	ALLOW_OS_RUNTIME_OR_RELATIVE_RUNTIME
acquisition_round1_failed_http503	170	/usr/lib/python3.12/__pycache__/linecache.cpython-312.pyc	ALLOW_OS_RUNTIME_OR_RELATIVE_RUNTIME
acquisition_round1_failed_http503	171	/usr/lib/python3.12/__pycache__/tokenize.cpython-312.pyc	ALLOW_OS_RUNTIME_OR_RELATIVE_RUNTIME
acquisition_round1_failed_http503	172	/usr/lib/python3.12/__pycache__/token.cpython-312.pyc	ALLOW_OS_RUNTIME_OR_RELATIVE_RUNTIME
acquisition_round1_failed_http503	173	/usr/lib/python3.12/__pycache__/textwrap.cpython-312.pyc	ALLOW_OS_RUNTIME_OR_RELATIVE_RUNTIME
acquisition_round1_failed_http503	174	/usr/lib/python3/dist-packages/apport/__pycache__/__init__.cpython-312.pyc	ALLOW_OS_RUNTIME_OR_RELATIVE_RUNTIME
acquisition_round1_failed_http503	175	/usr/lib/python3/dist-packages/apport	ALLOW_OS_RUNTIME_OR_RELATIVE_RUNTIME
acquisition_round1_failed_http503	176	/usr/lib/python3/dist-packages/apport/__pycache__/logging.cpython-312.pyc	ALLOW_OS_RUNTIME_OR_RELATIVE_RUNTIME
acquisition_round1_failed_http503	177	/usr/lib/python3.12/__pycache__/typing.cpython-312.pyc	ALLOW_OS_RUNTIME_OR_RELATIVE_RUNTIME
acquisition_round1_failed_http503	178	/usr/lib/python3/dist-packages/apport/packaging_impl/__pycache__/__init__.cpython-312.pyc	ALLOW_OS_RUNTIME_OR_RELATIVE_RUNTIME
acquisition_round1_failed_http503	179	/usr/lib/python3.12/__pycache__/platform.cpython-312.pyc	ALLOW_OS_RUNTIME_OR_RELATIVE_RUNTIME
acquisition_round1_failed_http503	180	/usr/lib/python3/dist-packages/apport/__pycache__/packaging.cpython-312.pyc	ALLOW_OS_RUNTIME_OR_RELATIVE_RUNTIME
acquisition_round1_failed_http503	181	/usr/lib/python3.12/__pycache__/subprocess.cpython-312.pyc	ALLOW_OS_RUNTIME_OR_RELATIVE_RUNTIME
acquisition_round1_failed_http503	182	/usr/lib/python3.12/__pycache__/signal.cpython-312.pyc	ALLOW_OS_RUNTIME_OR_RELATIVE_RUNTIME
acquisition_round1_failed_http503	183	/etc/os-release	ALLOW_OS_RUNTIME_OR_RELATIVE_RUNTIME
acquisition_round1_failed_http503	184	/usr/lib/python3/dist-packages/apport/packaging_impl	ALLOW_OS_RUNTIME_OR_RELATIVE_RUNTIME
acquisition_round1_failed_http503	185	/usr/lib/python3/dist-packages/apport/packaging_impl/__pycache__/apt_dpkg.cpython-312.pyc	ALLOW_OS_RUNTIME_OR_RELATIVE_RUNTIME
acquisition_round1_failed_http503	186	/usr/lib/python3.12/__pycache__/__future__.cpython-312.pyc	ALLOW_OS_RUNTIME_OR_RELATIVE_RUNTIME
acquisition_round1_failed_http503	187	/usr/lib/python3.12/__pycache__/glob.cpython-312.pyc	ALLOW_OS_RUNTIME_OR_RELATIVE_RUNTIME
acquisition_round1_failed_http503	188	/usr/lib/python3.12/__pycache__/gzip.cpython-312.pyc	ALLOW_OS_RUNTIME_OR_RELATIVE_RUNTIME
acquisition_round1_failed_http503	189	/usr/lib/python3.12/logging/__pycache__/__init__.cpython-312.pyc	ALLOW_OS_RUNTIME_OR_RELATIVE_RUNTIME
acquisition_round1_failed_http503	190	/usr/lib/python3.12/__pycache__/pickle.cpython-312.pyc	ALLOW_OS_RUNTIME_OR_RELATIVE_RUNTIME
acquisition_round1_failed_http503	191	/usr/lib/python3.12/__pycache__/_compat_pickle.cpython-312.pyc	ALLOW_OS_RUNTIME_OR_RELATIVE_RUNTIME
acquisition_round1_failed_http503	192	/usr/lib/python3/dist-packages/apt/__pycache__/__init__.cpython-312.pyc	ALLOW_OS_RUNTIME_OR_RELATIVE_RUNTIME
acquisition_round1_failed_http503	193	/usr/lib/python3/dist-packages/apt_pkg.cpython-312-x86_64-linux-gnu.so	ALLOW_OS_RUNTIME_OR_RELATIVE_RUNTIME
acquisition_round1_failed_http503	194	/etc/ld.so.cache	ALLOW_OS_RUNTIME_OR_RELATIVE_RUNTIME
acquisition_round1_failed_http503	195	/lib/x86_64-linux-gnu/libapt-pkg.so.6.0	ALLOW_OS_RUNTIME_OR_RELATIVE_RUNTIME
acquisition_round1_failed_http503	196	/lib/x86_64-linux-gnu/libstdc++.so.6	ALLOW_OS_RUNTIME_OR_RELATIVE_RUNTIME
acquisition_round1_failed_http503	197	/lib/x86_64-linux-gnu/libgcc_s.so.1	ALLOW_OS_RUNTIME_OR_RELATIVE_RUNTIME
acquisition_round1_failed_http503	198	/lib/x86_64-linux-gnu/liblz4.so.1	ALLOW_OS_RUNTIME_OR_RELATIVE_RUNTIME
acquisition_round1_failed_http503	199	/lib/x86_64-linux-gnu/libzstd.so.1	ALLOW_OS_RUNTIME_OR_RELATIVE_RUNTIME
acquisition_round1_failed_http503	200	/lib/x86_64-linux-gnu/libudev.so.1	ALLOW_OS_RUNTIME_OR_RELATIVE_RUNTIME
acquisition_round1_failed_http503	201	/lib/x86_64-linux-gnu/libsystemd.so.0	ALLOW_OS_RUNTIME_OR_RELATIVE_RUNTIME
acquisition_round1_failed_http503	202	/lib/x86_64-linux-gnu/libgcrypt.so.20	ALLOW_OS_RUNTIME_OR_RELATIVE_RUNTIME
acquisition_round1_failed_http503	203	/lib/x86_64-linux-gnu/libxxhash.so.0	ALLOW_OS_RUNTIME_OR_RELATIVE_RUNTIME
acquisition_round1_failed_http503	204	/lib/x86_64-linux-gnu/libcap.so.2	ALLOW_OS_RUNTIME_OR_RELATIVE_RUNTIME
acquisition_round1_failed_http503	205	/lib/x86_64-linux-gnu/libgpg-error.so.0	ALLOW_OS_RUNTIME_OR_RELATIVE_RUNTIME
acquisition_round1_failed_http503	206	/usr/lib/python3/dist-packages/apt	ALLOW_OS_RUNTIME_OR_RELATIVE_RUNTIME
acquisition_round1_failed_http503	207	/usr/lib/python3/dist-packages/apt/__pycache__/cache.cpython-312.pyc	ALLOW_OS_RUNTIME_OR_RELATIVE_RUNTIME
acquisition_round1_failed_http503	208	/usr/lib/python3/dist-packages/apt/progress/__pycache__/__init__.cpython-312.pyc	ALLOW_OS_RUNTIME_OR_RELATIVE_RUNTIME
acquisition_round1_failed_http503	209	/usr/lib/python3/dist-packages/apt/progress	ALLOW_OS_RUNTIME_OR_RELATIVE_RUNTIME
acquisition_round1_failed_http503	210	/usr/lib/python3/dist-packages/apt/progress/__pycache__/text.cpython-312.pyc	ALLOW_OS_RUNTIME_OR_RELATIVE_RUNTIME
acquisition_round1_failed_http503	211	/usr/lib/python3/dist-packages/apt/progress/__pycache__/base.cpython-312.pyc	ALLOW_OS_RUNTIME_OR_RELATIVE_RUNTIME
acquisition_round1_failed_http503	212	/usr/lib/python3/dist-packages/apt/__pycache__/package.cpython-312.pyc	ALLOW_OS_RUNTIME_OR_RELATIVE_RUNTIME
acquisition_round1_failed_http503	213	/usr/lib/python3/dist-packages/apt/__pycache__/cdrom.cpython-312.pyc	ALLOW_OS_RUNTIME_OR_RELATIVE_RUNTIME
acquisition_round1_failed_http503	214	/etc/apt/apt.conf.d/	ALLOW_OS_RUNTIME_OR_RELATIVE_RUNTIME
acquisition_round1_failed_http503	215	/etc/apt/apt.conf.d/01-vendor-ubuntu	ALLOW_OS_RUNTIME_OR_RELATIVE_RUNTIME
acquisition_round1_failed_http503	216	/etc/apt/apt.conf.d/01autoremove	ALLOW_OS_RUNTIME_OR_RELATIVE_RUNTIME
acquisition_round1_failed_http503	217	/etc/apt/apt.conf.d/10periodic	ALLOW_OS_RUNTIME_OR_RELATIVE_RUNTIME
acquisition_round1_failed_http503	218	/etc/apt/apt.conf.d/15update-stamp	ALLOW_OS_RUNTIME_OR_RELATIVE_RUNTIME
acquisition_round1_failed_http503	219	/etc/apt/apt.conf.d/20apt-esm-hook.conf	ALLOW_OS_RUNTIME_OR_RELATIVE_RUNTIME
acquisition_round1_failed_http503	220	/etc/apt/apt.conf.d/20archive	ALLOW_OS_RUNTIME_OR_RELATIVE_RUNTIME
acquisition_round1_failed_http503	221	/etc/apt/apt.conf.d/20auto-upgrades	ALLOW_OS_RUNTIME_OR_RELATIVE_RUNTIME
acquisition_round1_failed_http503	222	/etc/apt/apt.conf.d/20packagekit	ALLOW_OS_RUNTIME_OR_RELATIVE_RUNTIME
acquisition_round1_failed_http503	223	/etc/apt/apt.conf.d/20snapd.conf	ALLOW_OS_RUNTIME_OR_RELATIVE_RUNTIME
acquisition_round1_failed_http503	224	/etc/apt/apt.conf.d/50command-not-found	ALLOW_OS_RUNTIME_OR_RELATIVE_RUNTIME
acquisition_round1_failed_http503	225	/etc/apt/apt.conf.d/50unattended-upgrades	ALLOW_OS_RUNTIME_OR_RELATIVE_RUNTIME
acquisition_round1_failed_http503	226	/etc/apt/apt.conf.d/70debconf	ALLOW_OS_RUNTIME_OR_RELATIVE_RUNTIME
acquisition_round1_failed_http503	227	/etc/apt/apt.conf.d/90rkhunter	ALLOW_OS_RUNTIME_OR_RELATIVE_RUNTIME
acquisition_round1_failed_http503	228	/etc/apt/apt.conf.d/99hetzner	ALLOW_OS_RUNTIME_OR_RELATIVE_RUNTIME
acquisition_round1_failed_http503	229	/etc/apt/apt.conf.d/99needrestart	ALLOW_OS_RUNTIME_OR_RELATIVE_RUNTIME
acquisition_round1_failed_http503	230	/etc/apt/apt.conf.d/99update-notifier	ALLOW_OS_RUNTIME_OR_RELATIVE_RUNTIME
acquisition_round1_failed_http503	231	/usr/share/dpkg/cputable	ALLOW_OS_RUNTIME_OR_RELATIVE_RUNTIME
acquisition_round1_failed_http503	232	/usr/share/dpkg/tupletable	ALLOW_OS_RUNTIME_OR_RELATIVE_RUNTIME
acquisition_round1_failed_http503	233	/usr/lib/python3/dist-packages/aptsources/__pycache__/__init__.cpython-312.pyc	ALLOW_OS_RUNTIME_OR_RELATIVE_RUNTIME
acquisition_round1_failed_http503	234	/usr/share/dpkg/cputable	ALLOW_OS_RUNTIME_OR_RELATIVE_RUNTIME
acquisition_round1_failed_http503	235	/usr/share/dpkg/tupletable	ALLOW_OS_RUNTIME_OR_RELATIVE_RUNTIME
acquisition_round1_failed_http503	236	/usr/lib/python3/dist-packages/aptsources	ALLOW_OS_RUNTIME_OR_RELATIVE_RUNTIME
acquisition_round1_failed_http503	237	/usr/lib/python3/dist-packages/aptsources/__pycache__/sourceslist.cpython-312.pyc	ALLOW_OS_RUNTIME_OR_RELATIVE_RUNTIME
acquisition_round1_failed_http503	238	/usr/lib/python3/dist-packages/aptsources/__pycache__/_deb822.cpython-312.pyc	ALLOW_OS_RUNTIME_OR_RELATIVE_RUNTIME
acquisition_round1_failed_http503	239	/usr/lib/python3/dist-packages/aptsources/__pycache__/distinfo.cpython-312.pyc	ALLOW_OS_RUNTIME_OR_RELATIVE_RUNTIME
acquisition_round1_failed_http503	240	/usr/lib/python3.12/__pycache__/csv.cpython-312.pyc	ALLOW_OS_RUNTIME_OR_RELATIVE_RUNTIME
acquisition_round1_failed_http503	241	/usr/lib/python3/dist-packages/apport/__pycache__/report.cpython-312.pyc	ALLOW_OS_RUNTIME_OR_RELATIVE_RUNTIME
acquisition_round1_failed_http503	242	/usr/lib/python3.12/xml/__pycache__/__init__.cpython-312.pyc	ALLOW_OS_RUNTIME_OR_RELATIVE_RUNTIME
acquisition_round1_failed_http503	243	/usr/lib/python3.12/xml	ALLOW_OS_RUNTIME_OR_RELATIVE_RUNTIME
acquisition_round1_failed_http503	244	/usr/lib/python3.12/xml/dom/__pycache__/__init__.cpython-312.pyc	ALLOW_OS_RUNTIME_OR_RELATIVE_RUNTIME
acquisition_round1_failed_http503	245	/usr/lib/python3.12/xml/dom	ALLOW_OS_RUNTIME_OR_RELATIVE_RUNTIME
acquisition_round1_failed_http503	246	/usr/lib/python3.12/xml/dom/__pycache__/domreg.cpython-312.pyc	ALLOW_OS_RUNTIME_OR_RELATIVE_RUNTIME
acquisition_round1_failed_http503	247	/usr/lib/python3.12/xml/dom/__pycache__/minidom.cpython-312.pyc	ALLOW_OS_RUNTIME_OR_RELATIVE_RUNTIME
acquisition_round1_failed_http503	248	/usr/lib/python3.12/xml/dom/__pycache__/minicompat.cpython-312.pyc	ALLOW_OS_RUNTIME_OR_RELATIVE_RUNTIME
acquisition_round1_failed_http503	249	/usr/lib/python3.12/xml/dom/__pycache__/xmlbuilder.cpython-312.pyc	ALLOW_OS_RUNTIME_OR_RELATIVE_RUNTIME
acquisition_round1_failed_http503	250	/usr/lib/python3.12/__pycache__/copy.cpython-312.pyc	ALLOW_OS_RUNTIME_OR_RELATIVE_RUNTIME
acquisition_round1_failed_http503	251	/usr/lib/python3.12/xml/dom/__pycache__/NodeFilter.cpython-312.pyc	ALLOW_OS_RUNTIME_OR_RELATIVE_RUNTIME
acquisition_round1_failed_http503	252	/usr/lib/python3.12/xml/parsers/__pycache__/__init__.cpython-312.pyc	ALLOW_OS_RUNTIME_OR_RELATIVE_RUNTIME
acquisition_round1_failed_http503	253	/usr/lib/python3.12/xml/parsers	ALLOW_OS_RUNTIME_OR_RELATIVE_RUNTIME
acquisition_round1_failed_http503	254	/usr/lib/python3.12/xml/parsers/__pycache__/expat.cpython-312.pyc	ALLOW_OS_RUNTIME_OR_RELATIVE_RUNTIME
acquisition_round1_failed_http503	255	/usr/lib/python3/dist-packages/apport/__pycache__/fileutils.cpython-312.pyc	ALLOW_OS_RUNTIME_OR_RELATIVE_RUNTIME
acquisition_round1_failed_http503	256	/usr/lib/python3.12/__pycache__/configparser.cpython-312.pyc	ALLOW_OS_RUNTIME_OR_RELATIVE_RUNTIME
acquisition_round1_failed_http503	257	/usr/lib/python3/dist-packages/__pycache__/problem_report.cpython-312.pyc	ALLOW_OS_RUNTIME_OR_RELATIVE_RUNTIME
acquisition_round1_failed_http503	258	/usr/lib/python3.12/__pycache__/dataclasses.cpython-312.pyc	ALLOW_OS_RUNTIME_OR_RELATIVE_RUNTIME
acquisition_round1_failed_http503	259	/usr/lib/python3.12/__pycache__/inspect.cpython-312.pyc	ALLOW_OS_RUNTIME_OR_RELATIVE_RUNTIME
acquisition_round1_failed_http503	260	/usr/lib/python3.12/__pycache__/ast.cpython-312.pyc	ALLOW_OS_RUNTIME_OR_RELATIVE_RUNTIME
acquisition_round1_failed_http503	261	/usr/lib/python3.12/__pycache__/dis.cpython-312.pyc	ALLOW_OS_RUNTIME_OR_RELATIVE_RUNTIME
acquisition_round1_failed_http503	262	/usr/lib/python3.12/__pycache__/opcode.cpython-312.pyc	ALLOW_OS_RUNTIME_OR_RELATIVE_RUNTIME
acquisition_round1_failed_http503	263	/usr/lib/python3.12/email/mime/__pycache__/__init__.cpython-312.pyc	ALLOW_OS_RUNTIME_OR_RELATIVE_RUNTIME
acquisition_round1_failed_http503	264	/usr/lib/python3.12/email/mime	ALLOW_OS_RUNTIME_OR_RELATIVE_RUNTIME
acquisition_round1_failed_http503	265	/usr/lib/python3.12/email/mime/__pycache__/base.cpython-312.pyc	ALLOW_OS_RUNTIME_OR_RELATIVE_RUNTIME
acquisition_round1_failed_http503	266	/usr/lib/python3.12/email/__pycache__/policy.cpython-312.pyc	ALLOW_OS_RUNTIME_OR_RELATIVE_RUNTIME
acquisition_round1_failed_http503	267	/usr/lib/python3.12/email/__pycache__/headerregistry.cpython-312.pyc	ALLOW_OS_RUNTIME_OR_RELATIVE_RUNTIME
acquisition_round1_failed_http503	268	/usr/lib/python3.12/email/__pycache__/_header_value_parser.cpython-312.pyc	ALLOW_OS_RUNTIME_OR_RELATIVE_RUNTIME
acquisition_round1_failed_http503	269	/usr/lib/python3.12/email/__pycache__/contentmanager.cpython-312.pyc	ALLOW_OS_RUNTIME_OR_RELATIVE_RUNTIME
acquisition_round1_failed_http503	270	/usr/lib/python3.12/email/mime/__pycache__/multipart.cpython-312.pyc	ALLOW_OS_RUNTIME_OR_RELATIVE_RUNTIME
acquisition_round1_failed_http503	271	/usr/lib/python3.12/email/mime/__pycache__/text.cpython-312.pyc	ALLOW_OS_RUNTIME_OR_RELATIVE_RUNTIME
acquisition_round1_failed_http503	272	/usr/lib/python3.12/email/mime/__pycache__/nonmultipart.cpython-312.pyc	ALLOW_OS_RUNTIME_OR_RELATIVE_RUNTIME
acquisition_round1_failed_http503	273	/usr/lib/python3/dist-packages/apport/__pycache__/hookutils.cpython-312.pyc	ALLOW_OS_RUNTIME_OR_RELATIVE_RUNTIME
acquisition_round1_failed_http503	274	/usr/lib/python3/dist-packages/apport/__pycache__/ui.cpython-312.pyc	ALLOW_OS_RUNTIME_OR_RELATIVE_RUNTIME
acquisition_round1_failed_http503	275	/usr/lib/python3.12/__pycache__/queue.cpython-312.pyc	ALLOW_OS_RUNTIME_OR_RELATIVE_RUNTIME
acquisition_round1_failed_http503	276	/usr/lib/python3.12/__pycache__/heapq.cpython-312.pyc	ALLOW_OS_RUNTIME_OR_RELATIVE_RUNTIME
acquisition_round1_failed_http503	277	/usr/lib/python3.12/lib-dynload/_queue.cpython-312-x86_64-linux-gnu.so	ALLOW_OS_RUNTIME_OR_RELATIVE_RUNTIME
acquisition_round1_failed_http503	278	/usr/lib/python3.12/__pycache__/smtplib.cpython-312.pyc	ALLOW_OS_RUNTIME_OR_RELATIVE_RUNTIME
acquisition_round1_failed_http503	279	/usr/lib/python3.12/email/__pycache__/generator.cpython-312.pyc	ALLOW_OS_RUNTIME_OR_RELATIVE_RUNTIME
acquisition_round1_failed_http503	280	/usr/lib/python3.12/__pycache__/hmac.cpython-312.pyc	ALLOW_OS_RUNTIME_OR_RELATIVE_RUNTIME
acquisition_round1_failed_http503	281	/usr/lib/python3.12/__pycache__/webbrowser.cpython-312.pyc	ALLOW_OS_RUNTIME_OR_RELATIVE_RUNTIME
acquisition_round1_failed_http503	282	/usr/lib/python3.12/__pycache__/shlex.cpython-312.pyc	ALLOW_OS_RUNTIME_OR_RELATIVE_RUNTIME
acquisition_round1_failed_http503	283	/usr/lib/python3/dist-packages/apport/__pycache__/crashdb.cpython-312.pyc	ALLOW_OS_RUNTIME_OR_RELATIVE_RUNTIME
acquisition_round1_failed_http503	284	/usr/lib/python3/dist-packages/apport/__pycache__/REThread.cpython-312.pyc	ALLOW_OS_RUNTIME_OR_RELATIVE_RUNTIME
acquisition_round1_failed_http503	285	/usr/lib/python3/dist-packages/apport/__pycache__/user_group.cpython-312.pyc	ALLOW_OS_RUNTIME_OR_RELATIVE_RUNTIME
acquisition_round1_failed_http503	286	data/external/original-workspace/revgate-task-b-grade-histology/experiments/taskB_grade_histology/phase1_execution/acquire_inputs.py	ALLOW_PHASE1_CODE_LOCK_OR_RULE
acquisition_round1_failed_http503	287	data/external/original-workspace/revgate-task-b-grade-histology/experiments/taskB_grade_histology/phase1_execution/acquire_inputs.py	ALLOW_PHASE1_CODE_LOCK_OR_RULE
acquisition_round1_failed_http503	288	data/external/original-workspace/revgate-task-b-grade-histology/experiments/taskB_grade_histology/phase1_execution/acquire_inputs.py	ALLOW_PHASE1_CODE_LOCK_OR_RULE
acquisition_round1_failed_http503	289	data/external/original-workspace/revgate-task-b-grade-histology/experiments/taskB_grade_histology/phase1_execution/acquire_inputs.py	ALLOW_PHASE1_CODE_LOCK_OR_RULE
acquisition_round1_failed_http503	290	/usr/lib/python3.12/urllib/request.py	ALLOW_OS_RUNTIME_OR_RELATIVE_RUNTIME
acquisition_round1_failed_http503	291	/usr/lib/python3.12/urllib/request.py	ALLOW_OS_RUNTIME_OR_RELATIVE_RUNTIME
acquisition_round1_failed_http503	292	/usr/lib/python3.12/urllib/request.py	ALLOW_OS_RUNTIME_OR_RELATIVE_RUNTIME
acquisition_round1_failed_http503	293	/usr/lib/python3.12/urllib/request.py	ALLOW_OS_RUNTIME_OR_RELATIVE_RUNTIME
acquisition_round1_failed_http503	294	/usr/lib/python3.12/urllib/request.py	ALLOW_OS_RUNTIME_OR_RELATIVE_RUNTIME
acquisition_round1_failed_http503	295	/usr/lib/python3.12/urllib/request.py	ALLOW_OS_RUNTIME_OR_RELATIVE_RUNTIME
acquisition_round1_retry	1	/etc/ld.so.cache	ALLOW_OS_RUNTIME_OR_RELATIVE_RUNTIME
acquisition_round1_retry	2	/lib/x86_64-linux-gnu/libc.so.6	ALLOW_OS_RUNTIME_OR_RELATIVE_RUNTIME
acquisition_round1_retry	3	/usr/lib/locale/locale-archive	ALLOW_OS_RUNTIME_OR_RELATIVE_RUNTIME
acquisition_round1_retry	4	/usr/share/locale/locale.alias	ALLOW_OS_RUNTIME_OR_RELATIVE_RUNTIME
acquisition_round1_retry	5	/usr/lib/locale/C.UTF-8/LC_IDENTIFICATION	ALLOW_OS_RUNTIME_OR_RELATIVE_RUNTIME
acquisition_round1_retry	6	/usr/lib/locale/C.utf8/LC_IDENTIFICATION	ALLOW_OS_RUNTIME_OR_RELATIVE_RUNTIME
acquisition_round1_retry	7	/usr/lib/x86_64-linux-gnu/gconv/gconv-modules.cache	ALLOW_OS_RUNTIME_OR_RELATIVE_RUNTIME
acquisition_round1_retry	8	/usr/lib/locale/C.UTF-8/LC_MEASUREMENT	ALLOW_OS_RUNTIME_OR_RELATIVE_RUNTIME
acquisition_round1_retry	9	/usr/lib/locale/C.utf8/LC_MEASUREMENT	ALLOW_OS_RUNTIME_OR_RELATIVE_RUNTIME
acquisition_round1_retry	10	/usr/lib/locale/C.UTF-8/LC_TELEPHONE	ALLOW_OS_RUNTIME_OR_RELATIVE_RUNTIME
acquisition_round1_retry	11	/usr/lib/locale/C.utf8/LC_TELEPHONE	ALLOW_OS_RUNTIME_OR_RELATIVE_RUNTIME
acquisition_round1_retry	12	/usr/lib/locale/C.UTF-8/LC_ADDRESS	ALLOW_OS_RUNTIME_OR_RELATIVE_RUNTIME
acquisition_round1_retry	13	/usr/lib/locale/C.utf8/LC_ADDRESS	ALLOW_OS_RUNTIME_OR_RELATIVE_RUNTIME
acquisition_round1_retry	14	/usr/lib/locale/C.UTF-8/LC_NAME	ALLOW_OS_RUNTIME_OR_RELATIVE_RUNTIME
acquisition_round1_retry	15	/usr/lib/locale/C.utf8/LC_NAME	ALLOW_OS_RUNTIME_OR_RELATIVE_RUNTIME
acquisition_round1_retry	16	/usr/lib/locale/C.UTF-8/LC_PAPER	ALLOW_OS_RUNTIME_OR_RELATIVE_RUNTIME
acquisition_round1_retry	17	/usr/lib/locale/C.utf8/LC_PAPER	ALLOW_OS_RUNTIME_OR_RELATIVE_RUNTIME
acquisition_round1_retry	18	/usr/lib/locale/C.UTF-8/LC_MESSAGES	ALLOW_OS_RUNTIME_OR_RELATIVE_RUNTIME
acquisition_round1_retry	19	/usr/lib/locale/C.utf8/LC_MESSAGES	ALLOW_OS_RUNTIME_OR_RELATIVE_RUNTIME
acquisition_round1_retry	20	/usr/lib/locale/C.utf8/LC_MESSAGES/SYS_LC_MESSAGES	ALLOW_OS_RUNTIME_OR_RELATIVE_RUNTIME
acquisition_round1_retry	21	/usr/lib/locale/C.UTF-8/LC_MONETARY	ALLOW_OS_RUNTIME_OR_RELATIVE_RUNTIME
acquisition_round1_retry	22	/usr/lib/locale/C.utf8/LC_MONETARY	ALLOW_OS_RUNTIME_OR_RELATIVE_RUNTIME
acquisition_round1_retry	23	/usr/lib/locale/C.UTF-8/LC_COLLATE	ALLOW_OS_RUNTIME_OR_RELATIVE_RUNTIME
acquisition_round1_retry	24	/usr/lib/locale/C.utf8/LC_COLLATE	ALLOW_OS_RUNTIME_OR_RELATIVE_RUNTIME
acquisition_round1_retry	25	/usr/lib/locale/C.UTF-8/LC_TIME	ALLOW_OS_RUNTIME_OR_RELATIVE_RUNTIME
acquisition_round1_retry	26	/usr/lib/locale/C.utf8/LC_TIME	ALLOW_OS_RUNTIME_OR_RELATIVE_RUNTIME
acquisition_round1_retry	27	/usr/lib/locale/C.UTF-8/LC_NUMERIC	ALLOW_OS_RUNTIME_OR_RELATIVE_RUNTIME
acquisition_round1_retry	28	/usr/lib/locale/C.utf8/LC_NUMERIC	ALLOW_OS_RUNTIME_OR_RELATIVE_RUNTIME
acquisition_round1_retry	29	/usr/lib/locale/C.UTF-8/LC_CTYPE	ALLOW_OS_RUNTIME_OR_RELATIVE_RUNTIME
acquisition_round1_retry	30	/usr/lib/locale/C.utf8/LC_CTYPE	ALLOW_OS_RUNTIME_OR_RELATIVE_RUNTIME
acquisition_round1_retry	31	/etc/ld.so.cache	ALLOW_OS_RUNTIME_OR_RELATIVE_RUNTIME
acquisition_round1_retry	32	/lib/x86_64-linux-gnu/libm.so.6	ALLOW_OS_RUNTIME_OR_RELATIVE_RUNTIME
acquisition_round1_retry	33	/lib/x86_64-linux-gnu/libz.so.1	ALLOW_OS_RUNTIME_OR_RELATIVE_RUNTIME
acquisition_round1_retry	34	/lib/x86_64-linux-gnu/libexpat.so.1	ALLOW_OS_RUNTIME_OR_RELATIVE_RUNTIME
acquisition_round1_retry	35	/lib/x86_64-linux-gnu/libc.so.6	ALLOW_OS_RUNTIME_OR_RELATIVE_RUNTIME
acquisition_round1_retry	36	/usr/pyvenv.cfg	ALLOW_OS_RUNTIME_OR_RELATIVE_RUNTIME
acquisition_round1_retry	37	/usr/bin/pyvenv.cfg	ALLOW_OS_RUNTIME_OR_RELATIVE_RUNTIME
acquisition_round1_retry	38	/usr/bin/python3._pth	ALLOW_OS_RUNTIME_OR_RELATIVE_RUNTIME
acquisition_round1_retry	39	/usr/bin/python3.12._pth	ALLOW_OS_RUNTIME_OR_RELATIVE_RUNTIME
acquisition_round1_retry	40	/usr/bin/pybuilddir.txt	ALLOW_OS_RUNTIME_OR_RELATIVE_RUNTIME
acquisition_round1_retry	41	/usr/share/zoneinfo/UTC	ALLOW_OS_RUNTIME_OR_RELATIVE_RUNTIME
acquisition_round1_retry	42	/usr/lib/python3.12	ALLOW_OS_RUNTIME_OR_RELATIVE_RUNTIME
acquisition_round1_retry	43	/usr/lib/python3.12/encodings/__pycache__/__init__.cpython-312.pyc	ALLOW_OS_RUNTIME_OR_RELATIVE_RUNTIME
acquisition_round1_retry	44	/usr/lib/python3.12/encodings	ALLOW_OS_RUNTIME_OR_RELATIVE_RUNTIME
acquisition_round1_retry	45	/usr/lib/python3.12/encodings/__pycache__/aliases.cpython-312.pyc	ALLOW_OS_RUNTIME_OR_RELATIVE_RUNTIME
acquisition_round1_retry	46	/usr/lib/python3.12/encodings/__pycache__/utf_8.cpython-312.pyc	ALLOW_OS_RUNTIME_OR_RELATIVE_RUNTIME
acquisition_round1_retry	47	/etc/nsswitch.conf	ALLOW_OS_RUNTIME_OR_RELATIVE_RUNTIME
acquisition_round1_retry	48	/etc/passwd	ALLOW_OS_RUNTIME_OR_RELATIVE_RUNTIME
acquisition_round1_retry	49	data/external/original-home/.local/lib/python3.12/site-packages	ALLOW_OS_RUNTIME_OR_RELATIVE_RUNTIME
acquisition_round1_retry	50	data/external/original-home/.local/lib/python3.12/site-packages/distutils-precedence.pth	ALLOW_OS_RUNTIME_OR_RELATIVE_RUNTIME
acquisition_round1_retry	51	/usr/lib/python3.12/encodings/__pycache__/ascii.cpython-312.pyc	ALLOW_OS_RUNTIME_OR_RELATIVE_RUNTIME
acquisition_round1_retry	52	/usr/lib/python3.12/lib-dynload	ALLOW_OS_RUNTIME_OR_RELATIVE_RUNTIME
acquisition_round1_retry	53	data/external/original-home/.local/lib/python3.12/site-packages	ALLOW_OS_RUNTIME_OR_RELATIVE_RUNTIME
acquisition_round1_retry	54	data/external/original-home/.local/lib/python3.12/site-packages/_distutils_hack/__pycache__/__init__.cpython-312.pyc	ALLOW_OS_RUNTIME_OR_RELATIVE_RUNTIME
acquisition_round1_retry	55	/usr/local/lib/python3.12/dist-packages	ALLOW_OS_RUNTIME_OR_RELATIVE_RUNTIME
acquisition_round1_retry	56	/usr/lib/python3/dist-packages	ALLOW_OS_RUNTIME_OR_RELATIVE_RUNTIME
acquisition_round1_retry	57	/usr/lib/python3/dist-packages/distutils-precedence.pth	ALLOW_OS_RUNTIME_OR_RELATIVE_RUNTIME
acquisition_round1_retry	58	/usr/lib/python3/dist-packages/zope.interface-6.1-nspkg.pth	ALLOW_OS_RUNTIME_OR_RELATIVE_RUNTIME
acquisition_round1_retry	59	/usr/lib/python3.12/__pycache__/types.cpython-312.pyc	ALLOW_OS_RUNTIME_OR_RELATIVE_RUNTIME
acquisition_round1_retry	60	/usr/lib/python3.12/importlib/__pycache__/__init__.cpython-312.pyc	ALLOW_OS_RUNTIME_OR_RELATIVE_RUNTIME
acquisition_round1_retry	61	/usr/lib/python3.12/__pycache__/warnings.cpython-312.pyc	ALLOW_OS_RUNTIME_OR_RELATIVE_RUNTIME
acquisition_round1_retry	62	/usr/lib/python3.12/importlib	ALLOW_OS_RUNTIME_OR_RELATIVE_RUNTIME
acquisition_round1_retry	63	/usr/lib/python3.12/importlib/__pycache__/_abc.cpython-312.pyc	ALLOW_OS_RUNTIME_OR_RELATIVE_RUNTIME
acquisition_round1_retry	64	/usr/lib/python3.12/__pycache__/threading.cpython-312.pyc	ALLOW_OS_RUNTIME_OR_RELATIVE_RUNTIME
acquisition_round1_retry	65	/usr/lib/python3.12/__pycache__/functools.cpython-312.pyc	ALLOW_OS_RUNTIME_OR_RELATIVE_RUNTIME
acquisition_round1_retry	66	/usr/lib/python3.12/collections/__pycache__/__init__.cpython-312.pyc	ALLOW_OS_RUNTIME_OR_RELATIVE_RUNTIME
acquisition_round1_retry	67	/usr/lib/python3.12/__pycache__/keyword.cpython-312.pyc	ALLOW_OS_RUNTIME_OR_RELATIVE_RUNTIME
acquisition_round1_retry	68	/usr/lib/python3.12/__pycache__/operator.cpython-312.pyc	ALLOW_OS_RUNTIME_OR_RELATIVE_RUNTIME
acquisition_round1_retry	69	/usr/lib/python3.12/__pycache__/reprlib.cpython-312.pyc	ALLOW_OS_RUNTIME_OR_RELATIVE_RUNTIME
acquisition_round1_retry	70	/usr/lib/python3.12/__pycache__/_weakrefset.cpython-312.pyc	ALLOW_OS_RUNTIME_OR_RELATIVE_RUNTIME
acquisition_round1_retry	71	/usr/lib/python3/dist-packages	ALLOW_OS_RUNTIME_OR_RELATIVE_RUNTIME
acquisition_round1_retry	72	/usr/lib/python3.12/__pycache__/sitecustomize.cpython-312.pyc	ALLOW_OS_RUNTIME_OR_RELATIVE_RUNTIME
acquisition_round1_retry	73	/usr/local/lib/python3.12/dist-packages	ALLOW_OS_RUNTIME_OR_RELATIVE_RUNTIME
acquisition_round1_retry	74	/usr/lib/python3/dist-packages/__pycache__/apport_python_hook.cpython-312.pyc	ALLOW_OS_RUNTIME_OR_RELATIVE_RUNTIME
acquisition_round1_retry	75	data/external/original-workspace/revgate-task-b-grade-histology/experiments/taskB_grade_histology/phase1_execution/acquire_inputs.py	ALLOW_PHASE1_CODE_LOCK_OR_RULE
acquisition_round1_retry	76	data/external/original-workspace/revgate-task-b-grade-histology/experiments/taskB_grade_histology/phase1_execution/acquire_inputs.py	ALLOW_PHASE1_CODE_LOCK_OR_RULE
acquisition_round1_retry	77	data/external/original-workspace/revgate-task-b-grade-histology/experiments/taskB_grade_histology/phase1_execution	ALLOW_PHASE1_CODE_DIRECTORY
acquisition_round1_retry	78	/usr/lib/python3.12/__pycache__/argparse.cpython-312.pyc	ALLOW_OS_RUNTIME_OR_RELATIVE_RUNTIME
acquisition_round1_retry	79	/usr/lib/python3.12/re/__pycache__/__init__.cpython-312.pyc	ALLOW_OS_RUNTIME_OR_RELATIVE_RUNTIME
acquisition_round1_retry	80	/usr/lib/python3.12/__pycache__/enum.cpython-312.pyc	ALLOW_OS_RUNTIME_OR_RELATIVE_RUNTIME
acquisition_round1_retry	81	/usr/lib/python3.12/re	ALLOW_OS_RUNTIME_OR_RELATIVE_RUNTIME
acquisition_round1_retry	82	/usr/lib/python3.12/re/__pycache__/_compiler.cpython-312.pyc	ALLOW_OS_RUNTIME_OR_RELATIVE_RUNTIME
acquisition_round1_retry	83	/usr/lib/python3.12/re/__pycache__/_parser.cpython-312.pyc	ALLOW_OS_RUNTIME_OR_RELATIVE_RUNTIME
acquisition_round1_retry	84	/usr/lib/python3.12/re/__pycache__/_constants.cpython-312.pyc	ALLOW_OS_RUNTIME_OR_RELATIVE_RUNTIME
acquisition_round1_retry	85	/usr/lib/python3.12/re/__pycache__/_casefix.cpython-312.pyc	ALLOW_OS_RUNTIME_OR_RELATIVE_RUNTIME
acquisition_round1_retry	86	/usr/lib/python3.12/__pycache__/copyreg.cpython-312.pyc	ALLOW_OS_RUNTIME_OR_RELATIVE_RUNTIME
acquisition_round1_retry	87	/usr/lib/python3.12/__pycache__/gettext.cpython-312.pyc	ALLOW_OS_RUNTIME_OR_RELATIVE_RUNTIME
acquisition_round1_retry	88	/usr/lib/python3.12/__pycache__/hashlib.cpython-312.pyc	ALLOW_OS_RUNTIME_OR_RELATIVE_RUNTIME
acquisition_round1_retry	89	/usr/lib/python3.12/lib-dynload/_hashlib.cpython-312-x86_64-linux-gnu.so	ALLOW_OS_RUNTIME_OR_RELATIVE_RUNTIME
acquisition_round1_retry	90	/etc/ld.so.cache	ALLOW_OS_RUNTIME_OR_RELATIVE_RUNTIME
acquisition_round1_retry	91	/lib/x86_64-linux-gnu/libcrypto.so.3	ALLOW_OS_RUNTIME_OR_RELATIVE_RUNTIME
acquisition_round1_retry	92	/proc/sys/crypto/fips_enabled	ALLOW_OS_RUNTIME_OR_RELATIVE_RUNTIME
acquisition_round1_retry	93	/usr/lib/ssl/openssl.cnf	ALLOW_OS_RUNTIME_OR_RELATIVE_RUNTIME
acquisition_round1_retry	94	/usr/lib/python3.12/json/__pycache__/__init__.cpython-312.pyc	ALLOW_OS_RUNTIME_OR_RELATIVE_RUNTIME
acquisition_round1_retry	95	/usr/lib/python3.12/json	ALLOW_OS_RUNTIME_OR_RELATIVE_RUNTIME
acquisition_round1_retry	96	/usr/lib/python3.12/json/__pycache__/decoder.cpython-312.pyc	ALLOW_OS_RUNTIME_OR_RELATIVE_RUNTIME
acquisition_round1_retry	97	/usr/lib/python3.12/json/__pycache__/scanner.cpython-312.pyc	ALLOW_OS_RUNTIME_OR_RELATIVE_RUNTIME
acquisition_round1_retry	98	/usr/lib/python3.12/lib-dynload/_json.cpython-312-x86_64-linux-gnu.so	ALLOW_OS_RUNTIME_OR_RELATIVE_RUNTIME
acquisition_round1_retry	99	/usr/lib/python3.12/json/__pycache__/encoder.cpython-312.pyc	ALLOW_OS_RUNTIME_OR_RELATIVE_RUNTIME
acquisition_round1_retry	100	/usr/lib/python3.12/__pycache__/shutil.cpython-312.pyc	ALLOW_OS_RUNTIME_OR_RELATIVE_RUNTIME
acquisition_round1_retry	101	/usr/lib/python3.12/__pycache__/fnmatch.cpython-312.pyc	ALLOW_OS_RUNTIME_OR_RELATIVE_RUNTIME
acquisition_round1_retry	102	/usr/lib/python3.12/__pycache__/bz2.cpython-312.pyc	ALLOW_OS_RUNTIME_OR_RELATIVE_RUNTIME
acquisition_round1_retry	103	/usr/lib/python3.12/__pycache__/_compression.cpython-312.pyc	ALLOW_OS_RUNTIME_OR_RELATIVE_RUNTIME
acquisition_round1_retry	104	/usr/lib/python3.12/lib-dynload/_bz2.cpython-312-x86_64-linux-gnu.so	ALLOW_OS_RUNTIME_OR_RELATIVE_RUNTIME
acquisition_round1_retry	105	/etc/ld.so.cache	ALLOW_OS_RUNTIME_OR_RELATIVE_RUNTIME
acquisition_round1_retry	106	/lib/x86_64-linux-gnu/libbz2.so.1.0	ALLOW_OS_RUNTIME_OR_RELATIVE_RUNTIME
acquisition_round1_retry	107	/usr/lib/python3.12/__pycache__/lzma.cpython-312.pyc	ALLOW_OS_RUNTIME_OR_RELATIVE_RUNTIME
acquisition_round1_retry	108	/usr/lib/python3.12/lib-dynload/_lzma.cpython-312-x86_64-linux-gnu.so	ALLOW_OS_RUNTIME_OR_RELATIVE_RUNTIME
acquisition_round1_retry	109	/etc/ld.so.cache	ALLOW_OS_RUNTIME_OR_RELATIVE_RUNTIME
acquisition_round1_retry	110	/lib/x86_64-linux-gnu/liblzma.so.5	ALLOW_OS_RUNTIME_OR_RELATIVE_RUNTIME
acquisition_round1_retry	111	/usr/lib/python3.12/urllib/__pycache__/__init__.cpython-312.pyc	ALLOW_OS_RUNTIME_OR_RELATIVE_RUNTIME
acquisition_round1_retry	112	/usr/lib/python3.12/urllib	ALLOW_OS_RUNTIME_OR_RELATIVE_RUNTIME
acquisition_round1_retry	113	/usr/lib/python3.12/urllib/__pycache__/request.cpython-312.pyc	ALLOW_OS_RUNTIME_OR_RELATIVE_RUNTIME
acquisition_round1_retry	114	/usr/lib/python3.12/__pycache__/base64.cpython-312.pyc	ALLOW_OS_RUNTIME_OR_RELATIVE_RUNTIME
acquisition_round1_retry	115	/usr/lib/python3.12/__pycache__/struct.cpython-312.pyc	ALLOW_OS_RUNTIME_OR_RELATIVE_RUNTIME
acquisition_round1_retry	116	/usr/lib/python3.12/__pycache__/bisect.cpython-312.pyc	ALLOW_OS_RUNTIME_OR_RELATIVE_RUNTIME
acquisition_round1_retry	117	/usr/lib/python3.12/email/__pycache__/__init__.cpython-312.pyc	ALLOW_OS_RUNTIME_OR_RELATIVE_RUNTIME
acquisition_round1_retry	118	/usr/lib/python3.12/http/__pycache__/__init__.cpython-312.pyc	ALLOW_OS_RUNTIME_OR_RELATIVE_RUNTIME
acquisition_round1_retry	119	/usr/lib/python3.12/http	ALLOW_OS_RUNTIME_OR_RELATIVE_RUNTIME
acquisition_round1_retry	120	/usr/lib/python3.12/http/__pycache__/client.cpython-312.pyc	ALLOW_OS_RUNTIME_OR_RELATIVE_RUNTIME
acquisition_round1_retry	121	/usr/lib/python3.12/email	ALLOW_OS_RUNTIME_OR_RELATIVE_RUNTIME
acquisition_round1_retry	122	/usr/lib/python3.12/email/__pycache__/parser.cpython-312.pyc	ALLOW_OS_RUNTIME_OR_RELATIVE_RUNTIME
acquisition_round1_retry	123	/usr/lib/python3.12/email/__pycache__/feedparser.cpython-312.pyc	ALLOW_OS_RUNTIME_OR_RELATIVE_RUNTIME
acquisition_round1_retry	124	/usr/lib/python3.12/email/__pycache__/errors.cpython-312.pyc	ALLOW_OS_RUNTIME_OR_RELATIVE_RUNTIME
acquisition_round1_retry	125	/usr/lib/python3.12/email/__pycache__/_policybase.cpython-312.pyc	ALLOW_OS_RUNTIME_OR_RELATIVE_RUNTIME
acquisition_round1_retry	126	/usr/lib/python3.12/email/__pycache__/header.cpython-312.pyc	ALLOW_OS_RUNTIME_OR_RELATIVE_RUNTIME
acquisition_round1_retry	127	/usr/lib/python3.12/email/__pycache__/quoprimime.cpython-312.pyc	ALLOW_OS_RUNTIME_OR_RELATIVE_RUNTIME
acquisition_round1_retry	128	/usr/lib/python3.12/__pycache__/string.cpython-312.pyc	ALLOW_OS_RUNTIME_OR_RELATIVE_RUNTIME
acquisition_round1_retry	129	/usr/lib/python3.12/email/__pycache__/base64mime.cpython-312.pyc	ALLOW_OS_RUNTIME_OR_RELATIVE_RUNTIME
acquisition_round1_retry	130	/usr/lib/python3.12/email/__pycache__/charset.cpython-312.pyc	ALLOW_OS_RUNTIME_OR_RELATIVE_RUNTIME
acquisition_round1_retry	131	/usr/lib/python3.12/email/__pycache__/encoders.cpython-312.pyc	ALLOW_OS_RUNTIME_OR_RELATIVE_RUNTIME
acquisition_round1_retry	132	/usr/lib/python3.12/__pycache__/quopri.cpython-312.pyc	ALLOW_OS_RUNTIME_OR_RELATIVE_RUNTIME
acquisition_round1_retry	133	/usr/lib/python3.12/email/__pycache__/utils.cpython-312.pyc	ALLOW_OS_RUNTIME_OR_RELATIVE_RUNTIME
acquisition_round1_retry	134	/usr/lib/python3.12/__pycache__/random.cpython-312.pyc	ALLOW_OS_RUNTIME_OR_RELATIVE_RUNTIME
acquisition_round1_retry	135	/usr/lib/python3.12/__pycache__/socket.cpython-312.pyc	ALLOW_OS_RUNTIME_OR_RELATIVE_RUNTIME
acquisition_round1_retry	136	/usr/lib/python3.12/__pycache__/selectors.cpython-312.pyc	ALLOW_OS_RUNTIME_OR_RELATIVE_RUNTIME
acquisition_round1_retry	137	/usr/lib/python3.12/collections	ALLOW_OS_RUNTIME_OR_RELATIVE_RUNTIME
acquisition_round1_retry	138	/usr/lib/python3.12/collections/__pycache__/abc.cpython-312.pyc	ALLOW_OS_RUNTIME_OR_RELATIVE_RUNTIME
acquisition_round1_retry	139	/usr/lib/python3.12/__pycache__/datetime.cpython-312.pyc	ALLOW_OS_RUNTIME_OR_RELATIVE_RUNTIME
acquisition_round1_retry	140	/usr/lib/python3.12/urllib/__pycache__/parse.cpython-312.pyc	ALLOW_OS_RUNTIME_OR_RELATIVE_RUNTIME
acquisition_round1_retry	141	/usr/lib/python3.12/__pycache__/ipaddress.cpython-312.pyc	ALLOW_OS_RUNTIME_OR_RELATIVE_RUNTIME
acquisition_round1_retry	142	/usr/lib/python3.12/email/__pycache__/_parseaddr.cpython-312.pyc	ALLOW_OS_RUNTIME_OR_RELATIVE_RUNTIME
acquisition_round1_retry	143	/usr/lib/python3.12/__pycache__/calendar.cpython-312.pyc	ALLOW_OS_RUNTIME_OR_RELATIVE_RUNTIME
acquisition_round1_retry	144	/usr/lib/python3.12/__pycache__/locale.cpython-312.pyc	ALLOW_OS_RUNTIME_OR_RELATIVE_RUNTIME
acquisition_round1_retry	145	/usr/lib/python3.12/email/__pycache__/message.cpython-312.pyc	ALLOW_OS_RUNTIME_OR_RELATIVE_RUNTIME
acquisition_round1_retry	146	/usr/lib/python3.12/email/__pycache__/_encoded_words.cpython-312.pyc	ALLOW_OS_RUNTIME_OR_RELATIVE_RUNTIME
acquisition_round1_retry	147	/usr/lib/python3.12/email/__pycache__/iterators.cpython-312.pyc	ALLOW_OS_RUNTIME_OR_RELATIVE_RUNTIME
acquisition_round1_retry	148	/usr/lib/python3.12/__pycache__/ssl.cpython-312.pyc	ALLOW_OS_RUNTIME_OR_RELATIVE_RUNTIME
acquisition_round1_retry	149	/usr/lib/python3.12/lib-dynload/_ssl.cpython-312-x86_64-linux-gnu.so	ALLOW_OS_RUNTIME_OR_RELATIVE_RUNTIME
acquisition_round1_retry	150	/etc/ld.so.cache	ALLOW_OS_RUNTIME_OR_RELATIVE_RUNTIME
acquisition_round1_retry	151	/lib/x86_64-linux-gnu/libssl.so.3	ALLOW_OS_RUNTIME_OR_RELATIVE_RUNTIME
acquisition_round1_retry	152	/usr/lib/python3.12/__pycache__/tempfile.cpython-312.pyc	ALLOW_OS_RUNTIME_OR_RELATIVE_RUNTIME
acquisition_round1_retry	153	/usr/lib/python3.12/__pycache__/weakref.cpython-312.pyc	ALLOW_OS_RUNTIME_OR_RELATIVE_RUNTIME
acquisition_round1_retry	154	/usr/lib/python3.12/__pycache__/contextlib.cpython-312.pyc	ALLOW_OS_RUNTIME_OR_RELATIVE_RUNTIME
acquisition_round1_retry	155	/usr/lib/python3.12/urllib/__pycache__/error.cpython-312.pyc	ALLOW_OS_RUNTIME_OR_RELATIVE_RUNTIME
acquisition_round1_retry	156	/usr/lib/python3.12/urllib/__pycache__/response.cpython-312.pyc	ALLOW_OS_RUNTIME_OR_RELATIVE_RUNTIME
acquisition_round1_retry	157	/usr/lib/python3.12/__pycache__/pathlib.cpython-312.pyc	ALLOW_OS_RUNTIME_OR_RELATIVE_RUNTIME
acquisition_round1_retry	158	/usr/lib/ssl/cert.pem	ALLOW_OS_RUNTIME_OR_RELATIVE_RUNTIME
acquisition_round1_retry	159	/usr/lib/python3.12/encodings/__pycache__/idna.cpython-312.pyc	ALLOW_OS_RUNTIME_OR_RELATIVE_RUNTIME
acquisition_round1_retry	160	/usr/lib/python3.12/__pycache__/stringprep.cpython-312.pyc	ALLOW_OS_RUNTIME_OR_RELATIVE_RUNTIME
acquisition_round1_retry	161	/etc/host.conf	ALLOW_OS_RUNTIME_OR_RELATIVE_RUNTIME
acquisition_round1_retry	162	/etc/resolv.conf	ALLOW_OS_RUNTIME_OR_RELATIVE_RUNTIME
acquisition_round1_retry	163	/etc/hosts	ALLOW_OS_RUNTIME_OR_RELATIVE_RUNTIME
acquisition_round1_retry	164	/etc/gai.conf	ALLOW_OS_RUNTIME_OR_RELATIVE_RUNTIME
acquisition_round1_retry	165	/usr/lib/ssl/certs	ALLOW_OS_RUNTIME_OR_RELATIVE_RUNTIME
acquisition_round1_retry	166	/usr/lib/ssl/certs	ALLOW_OS_RUNTIME_OR_RELATIVE_RUNTIME
acquisition_round1_retry	167	data/external/original-workspace/revgate-task-b-grade-histology/experiments/taskB_grade_histology/phase1_execution/acquisition/raw_round_1/tcga_cbio_grade.json	ALLOW_DECLARED_ACQUISITION_OUTPUT
acquisition_round1_retry	168	/etc/hosts	ALLOW_OS_RUNTIME_OR_RELATIVE_RUNTIME
acquisition_round1_retry	169	/usr/lib/ssl/certs	ALLOW_OS_RUNTIME_OR_RELATIVE_RUNTIME
acquisition_round1_retry	170	/usr/lib/ssl/certs	ALLOW_OS_RUNTIME_OR_RELATIVE_RUNTIME
acquisition_round1_retry	171	data/external/original-workspace/revgate-task-b-grade-histology/experiments/taskB_grade_histology/phase1_execution/acquisition/raw_round_1/tcga_cbio_icdo_histology.json	ALLOW_DECLARED_ACQUISITION_OUTPUT
acquisition_round1_retry	172	/etc/hosts	ALLOW_OS_RUNTIME_OR_RELATIVE_RUNTIME
acquisition_round1_retry	173	/usr/lib/ssl/certs	ALLOW_OS_RUNTIME_OR_RELATIVE_RUNTIME
acquisition_round1_retry	174	/usr/lib/ssl/certs	ALLOW_OS_RUNTIME_OR_RELATIVE_RUNTIME
acquisition_round1_retry	175	data/external/original-workspace/revgate-task-b-grade-histology/experiments/taskB_grade_histology/phase1_execution/acquisition/raw_round_1/cptac_discovery_cbio_grade.json	ALLOW_DECLARED_ACQUISITION_OUTPUT
acquisition_round1_retry	176	/etc/hosts	ALLOW_OS_RUNTIME_OR_RELATIVE_RUNTIME
acquisition_round1_retry	177	/usr/lib/ssl/certs	ALLOW_OS_RUNTIME_OR_RELATIVE_RUNTIME
acquisition_round1_retry	178	/usr/lib/ssl/certs	ALLOW_OS_RUNTIME_OR_RELATIVE_RUNTIME
acquisition_round1_retry	179	data/external/original-workspace/revgate-task-b-grade-histology/experiments/taskB_grade_histology/phase1_execution/acquisition/raw_round_1/cptac_discovery_cbio_histology.json	ALLOW_DECLARED_ACQUISITION_OUTPUT
acquisition_round1_retry	180	/etc/hosts	ALLOW_OS_RUNTIME_OR_RELATIVE_RUNTIME
acquisition_round1_retry	181	/usr/lib/ssl/certs	ALLOW_OS_RUNTIME_OR_RELATIVE_RUNTIME
acquisition_round1_retry	182	data/external/original-workspace/revgate-task-b-grade-histology/experiments/taskB_grade_histology/phase1_execution/acquisition/raw_round_1/pdc_PDC000125.json	ALLOW_DECLARED_ACQUISITION_OUTPUT
acquisition_round1_retry	183	/etc/hosts	ALLOW_OS_RUNTIME_OR_RELATIVE_RUNTIME
acquisition_round1_retry	184	/usr/lib/ssl/certs	ALLOW_OS_RUNTIME_OR_RELATIVE_RUNTIME
acquisition_round1_retry	185	data/external/original-workspace/revgate-task-b-grade-histology/experiments/taskB_grade_histology/phase1_execution/acquisition/raw_round_1/pdc_PDC000439.json	ALLOW_DECLARED_ACQUISITION_OUTPUT
acquisition_round1_retry	186	data/external/original-workspace/revgate-task-b-grade-histology/experiments/taskB_grade_histology/phase1_execution/acquisition/round_1_metadata.json	ALLOW_DECLARED_ACQUISITION_OUTPUT
acquisition_round2	1	/etc/ld.so.cache	ALLOW_OS_RUNTIME_OR_RELATIVE_RUNTIME
acquisition_round2	2	/lib/x86_64-linux-gnu/libc.so.6	ALLOW_OS_RUNTIME_OR_RELATIVE_RUNTIME
acquisition_round2	3	/usr/lib/locale/locale-archive	ALLOW_OS_RUNTIME_OR_RELATIVE_RUNTIME
acquisition_round2	4	/usr/share/locale/locale.alias	ALLOW_OS_RUNTIME_OR_RELATIVE_RUNTIME
acquisition_round2	5	/usr/lib/locale/C.UTF-8/LC_IDENTIFICATION	ALLOW_OS_RUNTIME_OR_RELATIVE_RUNTIME
acquisition_round2	6	/usr/lib/locale/C.utf8/LC_IDENTIFICATION	ALLOW_OS_RUNTIME_OR_RELATIVE_RUNTIME
acquisition_round2	7	/usr/lib/x86_64-linux-gnu/gconv/gconv-modules.cache	ALLOW_OS_RUNTIME_OR_RELATIVE_RUNTIME
acquisition_round2	8	/usr/lib/locale/C.UTF-8/LC_MEASUREMENT	ALLOW_OS_RUNTIME_OR_RELATIVE_RUNTIME
acquisition_round2	9	/usr/lib/locale/C.utf8/LC_MEASUREMENT	ALLOW_OS_RUNTIME_OR_RELATIVE_RUNTIME
acquisition_round2	10	/usr/lib/locale/C.UTF-8/LC_TELEPHONE	ALLOW_OS_RUNTIME_OR_RELATIVE_RUNTIME
acquisition_round2	11	/usr/lib/locale/C.utf8/LC_TELEPHONE	ALLOW_OS_RUNTIME_OR_RELATIVE_RUNTIME
acquisition_round2	12	/usr/lib/locale/C.UTF-8/LC_ADDRESS	ALLOW_OS_RUNTIME_OR_RELATIVE_RUNTIME
acquisition_round2	13	/usr/lib/locale/C.utf8/LC_ADDRESS	ALLOW_OS_RUNTIME_OR_RELATIVE_RUNTIME
acquisition_round2	14	/usr/lib/locale/C.UTF-8/LC_NAME	ALLOW_OS_RUNTIME_OR_RELATIVE_RUNTIME
acquisition_round2	15	/usr/lib/locale/C.utf8/LC_NAME	ALLOW_OS_RUNTIME_OR_RELATIVE_RUNTIME
acquisition_round2	16	/usr/lib/locale/C.UTF-8/LC_PAPER	ALLOW_OS_RUNTIME_OR_RELATIVE_RUNTIME
acquisition_round2	17	/usr/lib/locale/C.utf8/LC_PAPER	ALLOW_OS_RUNTIME_OR_RELATIVE_RUNTIME
acquisition_round2	18	/usr/lib/locale/C.UTF-8/LC_MESSAGES	ALLOW_OS_RUNTIME_OR_RELATIVE_RUNTIME
acquisition_round2	19	/usr/lib/locale/C.utf8/LC_MESSAGES	ALLOW_OS_RUNTIME_OR_RELATIVE_RUNTIME
acquisition_round2	20	/usr/lib/locale/C.utf8/LC_MESSAGES/SYS_LC_MESSAGES	ALLOW_OS_RUNTIME_OR_RELATIVE_RUNTIME
acquisition_round2	21	/usr/lib/locale/C.UTF-8/LC_MONETARY	ALLOW_OS_RUNTIME_OR_RELATIVE_RUNTIME
acquisition_round2	22	/usr/lib/locale/C.utf8/LC_MONETARY	ALLOW_OS_RUNTIME_OR_RELATIVE_RUNTIME
acquisition_round2	23	/usr/lib/locale/C.UTF-8/LC_COLLATE	ALLOW_OS_RUNTIME_OR_RELATIVE_RUNTIME
acquisition_round2	24	/usr/lib/locale/C.utf8/LC_COLLATE	ALLOW_OS_RUNTIME_OR_RELATIVE_RUNTIME
acquisition_round2	25	/usr/lib/locale/C.UTF-8/LC_TIME	ALLOW_OS_RUNTIME_OR_RELATIVE_RUNTIME
acquisition_round2	26	/usr/lib/locale/C.utf8/LC_TIME	ALLOW_OS_RUNTIME_OR_RELATIVE_RUNTIME
acquisition_round2	27	/usr/lib/locale/C.UTF-8/LC_NUMERIC	ALLOW_OS_RUNTIME_OR_RELATIVE_RUNTIME
acquisition_round2	28	/usr/lib/locale/C.utf8/LC_NUMERIC	ALLOW_OS_RUNTIME_OR_RELATIVE_RUNTIME
acquisition_round2	29	/usr/lib/locale/C.UTF-8/LC_CTYPE	ALLOW_OS_RUNTIME_OR_RELATIVE_RUNTIME
acquisition_round2	30	/usr/lib/locale/C.utf8/LC_CTYPE	ALLOW_OS_RUNTIME_OR_RELATIVE_RUNTIME
acquisition_round2	31	/etc/ld.so.cache	ALLOW_OS_RUNTIME_OR_RELATIVE_RUNTIME
acquisition_round2	32	/lib/x86_64-linux-gnu/libm.so.6	ALLOW_OS_RUNTIME_OR_RELATIVE_RUNTIME
acquisition_round2	33	/lib/x86_64-linux-gnu/libz.so.1	ALLOW_OS_RUNTIME_OR_RELATIVE_RUNTIME
acquisition_round2	34	/lib/x86_64-linux-gnu/libexpat.so.1	ALLOW_OS_RUNTIME_OR_RELATIVE_RUNTIME
acquisition_round2	35	/lib/x86_64-linux-gnu/libc.so.6	ALLOW_OS_RUNTIME_OR_RELATIVE_RUNTIME
acquisition_round2	36	/usr/pyvenv.cfg	ALLOW_OS_RUNTIME_OR_RELATIVE_RUNTIME
acquisition_round2	37	/usr/bin/pyvenv.cfg	ALLOW_OS_RUNTIME_OR_RELATIVE_RUNTIME
acquisition_round2	38	/usr/bin/python3._pth	ALLOW_OS_RUNTIME_OR_RELATIVE_RUNTIME
acquisition_round2	39	/usr/bin/python3.12._pth	ALLOW_OS_RUNTIME_OR_RELATIVE_RUNTIME
acquisition_round2	40	/usr/bin/pybuilddir.txt	ALLOW_OS_RUNTIME_OR_RELATIVE_RUNTIME
acquisition_round2	41	/usr/share/zoneinfo/UTC	ALLOW_OS_RUNTIME_OR_RELATIVE_RUNTIME
acquisition_round2	42	/usr/lib/python3.12	ALLOW_OS_RUNTIME_OR_RELATIVE_RUNTIME
acquisition_round2	43	/usr/lib/python3.12/encodings/__pycache__/__init__.cpython-312.pyc	ALLOW_OS_RUNTIME_OR_RELATIVE_RUNTIME
acquisition_round2	44	/usr/lib/python3.12/encodings	ALLOW_OS_RUNTIME_OR_RELATIVE_RUNTIME
acquisition_round2	45	/usr/lib/python3.12/encodings/__pycache__/aliases.cpython-312.pyc	ALLOW_OS_RUNTIME_OR_RELATIVE_RUNTIME
acquisition_round2	46	/usr/lib/python3.12/encodings/__pycache__/utf_8.cpython-312.pyc	ALLOW_OS_RUNTIME_OR_RELATIVE_RUNTIME
acquisition_round2	47	/etc/nsswitch.conf	ALLOW_OS_RUNTIME_OR_RELATIVE_RUNTIME
acquisition_round2	48	/etc/passwd	ALLOW_OS_RUNTIME_OR_RELATIVE_RUNTIME
acquisition_round2	49	data/external/original-home/.local/lib/python3.12/site-packages	ALLOW_OS_RUNTIME_OR_RELATIVE_RUNTIME
acquisition_round2	50	data/external/original-home/.local/lib/python3.12/site-packages/distutils-precedence.pth	ALLOW_OS_RUNTIME_OR_RELATIVE_RUNTIME
acquisition_round2	51	/usr/lib/python3.12/encodings/__pycache__/ascii.cpython-312.pyc	ALLOW_OS_RUNTIME_OR_RELATIVE_RUNTIME
acquisition_round2	52	/usr/lib/python3.12/lib-dynload	ALLOW_OS_RUNTIME_OR_RELATIVE_RUNTIME
acquisition_round2	53	data/external/original-home/.local/lib/python3.12/site-packages	ALLOW_OS_RUNTIME_OR_RELATIVE_RUNTIME
acquisition_round2	54	data/external/original-home/.local/lib/python3.12/site-packages/_distutils_hack/__pycache__/__init__.cpython-312.pyc	ALLOW_OS_RUNTIME_OR_RELATIVE_RUNTIME
acquisition_round2	55	/usr/local/lib/python3.12/dist-packages	ALLOW_OS_RUNTIME_OR_RELATIVE_RUNTIME
acquisition_round2	56	/usr/lib/python3/dist-packages	ALLOW_OS_RUNTIME_OR_RELATIVE_RUNTIME
acquisition_round2	57	/usr/lib/python3/dist-packages/distutils-precedence.pth	ALLOW_OS_RUNTIME_OR_RELATIVE_RUNTIME
acquisition_round2	58	/usr/lib/python3/dist-packages/zope.interface-6.1-nspkg.pth	ALLOW_OS_RUNTIME_OR_RELATIVE_RUNTIME
acquisition_round2	59	/usr/lib/python3.12/__pycache__/types.cpython-312.pyc	ALLOW_OS_RUNTIME_OR_RELATIVE_RUNTIME
acquisition_round2	60	/usr/lib/python3.12/importlib/__pycache__/__init__.cpython-312.pyc	ALLOW_OS_RUNTIME_OR_RELATIVE_RUNTIME
acquisition_round2	61	/usr/lib/python3.12/__pycache__/warnings.cpython-312.pyc	ALLOW_OS_RUNTIME_OR_RELATIVE_RUNTIME
acquisition_round2	62	/usr/lib/python3.12/importlib	ALLOW_OS_RUNTIME_OR_RELATIVE_RUNTIME
acquisition_round2	63	/usr/lib/python3.12/importlib/__pycache__/_abc.cpython-312.pyc	ALLOW_OS_RUNTIME_OR_RELATIVE_RUNTIME
acquisition_round2	64	/usr/lib/python3.12/__pycache__/threading.cpython-312.pyc	ALLOW_OS_RUNTIME_OR_RELATIVE_RUNTIME
acquisition_round2	65	/usr/lib/python3.12/__pycache__/functools.cpython-312.pyc	ALLOW_OS_RUNTIME_OR_RELATIVE_RUNTIME
acquisition_round2	66	/usr/lib/python3.12/collections/__pycache__/__init__.cpython-312.pyc	ALLOW_OS_RUNTIME_OR_RELATIVE_RUNTIME
acquisition_round2	67	/usr/lib/python3.12/__pycache__/keyword.cpython-312.pyc	ALLOW_OS_RUNTIME_OR_RELATIVE_RUNTIME
acquisition_round2	68	/usr/lib/python3.12/__pycache__/operator.cpython-312.pyc	ALLOW_OS_RUNTIME_OR_RELATIVE_RUNTIME
acquisition_round2	69	/usr/lib/python3.12/__pycache__/reprlib.cpython-312.pyc	ALLOW_OS_RUNTIME_OR_RELATIVE_RUNTIME
acquisition_round2	70	/usr/lib/python3.12/__pycache__/_weakrefset.cpython-312.pyc	ALLOW_OS_RUNTIME_OR_RELATIVE_RUNTIME
acquisition_round2	71	/usr/lib/python3/dist-packages	ALLOW_OS_RUNTIME_OR_RELATIVE_RUNTIME
acquisition_round2	72	/usr/lib/python3.12/__pycache__/sitecustomize.cpython-312.pyc	ALLOW_OS_RUNTIME_OR_RELATIVE_RUNTIME
acquisition_round2	73	/usr/local/lib/python3.12/dist-packages	ALLOW_OS_RUNTIME_OR_RELATIVE_RUNTIME
acquisition_round2	74	/usr/lib/python3/dist-packages/__pycache__/apport_python_hook.cpython-312.pyc	ALLOW_OS_RUNTIME_OR_RELATIVE_RUNTIME
acquisition_round2	75	data/external/original-workspace/revgate-task-b-grade-histology/experiments/taskB_grade_histology/phase1_execution/acquire_inputs.py	ALLOW_PHASE1_CODE_LOCK_OR_RULE
acquisition_round2	76	data/external/original-workspace/revgate-task-b-grade-histology/experiments/taskB_grade_histology/phase1_execution/acquire_inputs.py	ALLOW_PHASE1_CODE_LOCK_OR_RULE
acquisition_round2	77	data/external/original-workspace/revgate-task-b-grade-histology/experiments/taskB_grade_histology/phase1_execution	ALLOW_PHASE1_CODE_DIRECTORY
acquisition_round2	78	/usr/lib/python3.12/__pycache__/argparse.cpython-312.pyc	ALLOW_OS_RUNTIME_OR_RELATIVE_RUNTIME
acquisition_round2	79	/usr/lib/python3.12/re/__pycache__/__init__.cpython-312.pyc	ALLOW_OS_RUNTIME_OR_RELATIVE_RUNTIME
acquisition_round2	80	/usr/lib/python3.12/__pycache__/enum.cpython-312.pyc	ALLOW_OS_RUNTIME_OR_RELATIVE_RUNTIME
acquisition_round2	81	/usr/lib/python3.12/re	ALLOW_OS_RUNTIME_OR_RELATIVE_RUNTIME
acquisition_round2	82	/usr/lib/python3.12/re/__pycache__/_compiler.cpython-312.pyc	ALLOW_OS_RUNTIME_OR_RELATIVE_RUNTIME
acquisition_round2	83	/usr/lib/python3.12/re/__pycache__/_parser.cpython-312.pyc	ALLOW_OS_RUNTIME_OR_RELATIVE_RUNTIME
acquisition_round2	84	/usr/lib/python3.12/re/__pycache__/_constants.cpython-312.pyc	ALLOW_OS_RUNTIME_OR_RELATIVE_RUNTIME
acquisition_round2	85	/usr/lib/python3.12/re/__pycache__/_casefix.cpython-312.pyc	ALLOW_OS_RUNTIME_OR_RELATIVE_RUNTIME
acquisition_round2	86	/usr/lib/python3.12/__pycache__/copyreg.cpython-312.pyc	ALLOW_OS_RUNTIME_OR_RELATIVE_RUNTIME
acquisition_round2	87	/usr/lib/python3.12/__pycache__/gettext.cpython-312.pyc	ALLOW_OS_RUNTIME_OR_RELATIVE_RUNTIME
acquisition_round2	88	/usr/lib/python3.12/__pycache__/hashlib.cpython-312.pyc	ALLOW_OS_RUNTIME_OR_RELATIVE_RUNTIME
acquisition_round2	89	/usr/lib/python3.12/lib-dynload/_hashlib.cpython-312-x86_64-linux-gnu.so	ALLOW_OS_RUNTIME_OR_RELATIVE_RUNTIME
acquisition_round2	90	/etc/ld.so.cache	ALLOW_OS_RUNTIME_OR_RELATIVE_RUNTIME
acquisition_round2	91	/lib/x86_64-linux-gnu/libcrypto.so.3	ALLOW_OS_RUNTIME_OR_RELATIVE_RUNTIME
acquisition_round2	92	/proc/sys/crypto/fips_enabled	ALLOW_OS_RUNTIME_OR_RELATIVE_RUNTIME
acquisition_round2	93	/usr/lib/ssl/openssl.cnf	ALLOW_OS_RUNTIME_OR_RELATIVE_RUNTIME
acquisition_round2	94	/usr/lib/python3.12/json/__pycache__/__init__.cpython-312.pyc	ALLOW_OS_RUNTIME_OR_RELATIVE_RUNTIME
acquisition_round2	95	/usr/lib/python3.12/json	ALLOW_OS_RUNTIME_OR_RELATIVE_RUNTIME
acquisition_round2	96	/usr/lib/python3.12/json/__pycache__/decoder.cpython-312.pyc	ALLOW_OS_RUNTIME_OR_RELATIVE_RUNTIME
acquisition_round2	97	/usr/lib/python3.12/json/__pycache__/scanner.cpython-312.pyc	ALLOW_OS_RUNTIME_OR_RELATIVE_RUNTIME
acquisition_round2	98	/usr/lib/python3.12/lib-dynload/_json.cpython-312-x86_64-linux-gnu.so	ALLOW_OS_RUNTIME_OR_RELATIVE_RUNTIME
acquisition_round2	99	/usr/lib/python3.12/json/__pycache__/encoder.cpython-312.pyc	ALLOW_OS_RUNTIME_OR_RELATIVE_RUNTIME
acquisition_round2	100	/usr/lib/python3.12/__pycache__/shutil.cpython-312.pyc	ALLOW_OS_RUNTIME_OR_RELATIVE_RUNTIME
acquisition_round2	101	/usr/lib/python3.12/__pycache__/fnmatch.cpython-312.pyc	ALLOW_OS_RUNTIME_OR_RELATIVE_RUNTIME
acquisition_round2	102	/usr/lib/python3.12/__pycache__/bz2.cpython-312.pyc	ALLOW_OS_RUNTIME_OR_RELATIVE_RUNTIME
acquisition_round2	103	/usr/lib/python3.12/__pycache__/_compression.cpython-312.pyc	ALLOW_OS_RUNTIME_OR_RELATIVE_RUNTIME
acquisition_round2	104	/usr/lib/python3.12/lib-dynload/_bz2.cpython-312-x86_64-linux-gnu.so	ALLOW_OS_RUNTIME_OR_RELATIVE_RUNTIME
acquisition_round2	105	/etc/ld.so.cache	ALLOW_OS_RUNTIME_OR_RELATIVE_RUNTIME
acquisition_round2	106	/lib/x86_64-linux-gnu/libbz2.so.1.0	ALLOW_OS_RUNTIME_OR_RELATIVE_RUNTIME
acquisition_round2	107	/usr/lib/python3.12/__pycache__/lzma.cpython-312.pyc	ALLOW_OS_RUNTIME_OR_RELATIVE_RUNTIME
acquisition_round2	108	/usr/lib/python3.12/lib-dynload/_lzma.cpython-312-x86_64-linux-gnu.so	ALLOW_OS_RUNTIME_OR_RELATIVE_RUNTIME
acquisition_round2	109	/etc/ld.so.cache	ALLOW_OS_RUNTIME_OR_RELATIVE_RUNTIME
acquisition_round2	110	/lib/x86_64-linux-gnu/liblzma.so.5	ALLOW_OS_RUNTIME_OR_RELATIVE_RUNTIME
acquisition_round2	111	/usr/lib/python3.12/urllib/__pycache__/__init__.cpython-312.pyc	ALLOW_OS_RUNTIME_OR_RELATIVE_RUNTIME
acquisition_round2	112	/usr/lib/python3.12/urllib	ALLOW_OS_RUNTIME_OR_RELATIVE_RUNTIME
acquisition_round2	113	/usr/lib/python3.12/urllib/__pycache__/request.cpython-312.pyc	ALLOW_OS_RUNTIME_OR_RELATIVE_RUNTIME
acquisition_round2	114	/usr/lib/python3.12/__pycache__/base64.cpython-312.pyc	ALLOW_OS_RUNTIME_OR_RELATIVE_RUNTIME
acquisition_round2	115	/usr/lib/python3.12/__pycache__/struct.cpython-312.pyc	ALLOW_OS_RUNTIME_OR_RELATIVE_RUNTIME
acquisition_round2	116	/usr/lib/python3.12/__pycache__/bisect.cpython-312.pyc	ALLOW_OS_RUNTIME_OR_RELATIVE_RUNTIME
acquisition_round2	117	/usr/lib/python3.12/email/__pycache__/__init__.cpython-312.pyc	ALLOW_OS_RUNTIME_OR_RELATIVE_RUNTIME
acquisition_round2	118	/usr/lib/python3.12/http/__pycache__/__init__.cpython-312.pyc	ALLOW_OS_RUNTIME_OR_RELATIVE_RUNTIME
acquisition_round2	119	/usr/lib/python3.12/http	ALLOW_OS_RUNTIME_OR_RELATIVE_RUNTIME
acquisition_round2	120	/usr/lib/python3.12/http/__pycache__/client.cpython-312.pyc	ALLOW_OS_RUNTIME_OR_RELATIVE_RUNTIME
acquisition_round2	121	/usr/lib/python3.12/email	ALLOW_OS_RUNTIME_OR_RELATIVE_RUNTIME
acquisition_round2	122	/usr/lib/python3.12/email/__pycache__/parser.cpython-312.pyc	ALLOW_OS_RUNTIME_OR_RELATIVE_RUNTIME
acquisition_round2	123	/usr/lib/python3.12/email/__pycache__/feedparser.cpython-312.pyc	ALLOW_OS_RUNTIME_OR_RELATIVE_RUNTIME
acquisition_round2	124	/usr/lib/python3.12/email/__pycache__/errors.cpython-312.pyc	ALLOW_OS_RUNTIME_OR_RELATIVE_RUNTIME
acquisition_round2	125	/usr/lib/python3.12/email/__pycache__/_policybase.cpython-312.pyc	ALLOW_OS_RUNTIME_OR_RELATIVE_RUNTIME
acquisition_round2	126	/usr/lib/python3.12/email/__pycache__/header.cpython-312.pyc	ALLOW_OS_RUNTIME_OR_RELATIVE_RUNTIME
acquisition_round2	127	/usr/lib/python3.12/email/__pycache__/quoprimime.cpython-312.pyc	ALLOW_OS_RUNTIME_OR_RELATIVE_RUNTIME
acquisition_round2	128	/usr/lib/python3.12/__pycache__/string.cpython-312.pyc	ALLOW_OS_RUNTIME_OR_RELATIVE_RUNTIME
acquisition_round2	129	/usr/lib/python3.12/email/__pycache__/base64mime.cpython-312.pyc	ALLOW_OS_RUNTIME_OR_RELATIVE_RUNTIME
acquisition_round2	130	/usr/lib/python3.12/email/__pycache__/charset.cpython-312.pyc	ALLOW_OS_RUNTIME_OR_RELATIVE_RUNTIME
acquisition_round2	131	/usr/lib/python3.12/email/__pycache__/encoders.cpython-312.pyc	ALLOW_OS_RUNTIME_OR_RELATIVE_RUNTIME
acquisition_round2	132	/usr/lib/python3.12/__pycache__/quopri.cpython-312.pyc	ALLOW_OS_RUNTIME_OR_RELATIVE_RUNTIME
acquisition_round2	133	/usr/lib/python3.12/email/__pycache__/utils.cpython-312.pyc	ALLOW_OS_RUNTIME_OR_RELATIVE_RUNTIME
acquisition_round2	134	/usr/lib/python3.12/__pycache__/random.cpython-312.pyc	ALLOW_OS_RUNTIME_OR_RELATIVE_RUNTIME
acquisition_round2	135	/usr/lib/python3.12/__pycache__/socket.cpython-312.pyc	ALLOW_OS_RUNTIME_OR_RELATIVE_RUNTIME
acquisition_round2	136	/usr/lib/python3.12/__pycache__/selectors.cpython-312.pyc	ALLOW_OS_RUNTIME_OR_RELATIVE_RUNTIME
acquisition_round2	137	/usr/lib/python3.12/collections	ALLOW_OS_RUNTIME_OR_RELATIVE_RUNTIME
acquisition_round2	138	/usr/lib/python3.12/collections/__pycache__/abc.cpython-312.pyc	ALLOW_OS_RUNTIME_OR_RELATIVE_RUNTIME
acquisition_round2	139	/usr/lib/python3.12/__pycache__/datetime.cpython-312.pyc	ALLOW_OS_RUNTIME_OR_RELATIVE_RUNTIME
acquisition_round2	140	/usr/lib/python3.12/urllib/__pycache__/parse.cpython-312.pyc	ALLOW_OS_RUNTIME_OR_RELATIVE_RUNTIME
acquisition_round2	141	/usr/lib/python3.12/__pycache__/ipaddress.cpython-312.pyc	ALLOW_OS_RUNTIME_OR_RELATIVE_RUNTIME
acquisition_round2	142	/usr/lib/python3.12/email/__pycache__/_parseaddr.cpython-312.pyc	ALLOW_OS_RUNTIME_OR_RELATIVE_RUNTIME
acquisition_round2	143	/usr/lib/python3.12/__pycache__/calendar.cpython-312.pyc	ALLOW_OS_RUNTIME_OR_RELATIVE_RUNTIME
acquisition_round2	144	/usr/lib/python3.12/__pycache__/locale.cpython-312.pyc	ALLOW_OS_RUNTIME_OR_RELATIVE_RUNTIME
acquisition_round2	145	/usr/lib/python3.12/email/__pycache__/message.cpython-312.pyc	ALLOW_OS_RUNTIME_OR_RELATIVE_RUNTIME
acquisition_round2	146	/usr/lib/python3.12/email/__pycache__/_encoded_words.cpython-312.pyc	ALLOW_OS_RUNTIME_OR_RELATIVE_RUNTIME
acquisition_round2	147	/usr/lib/python3.12/email/__pycache__/iterators.cpython-312.pyc	ALLOW_OS_RUNTIME_OR_RELATIVE_RUNTIME
acquisition_round2	148	/usr/lib/python3.12/__pycache__/ssl.cpython-312.pyc	ALLOW_OS_RUNTIME_OR_RELATIVE_RUNTIME
acquisition_round2	149	/usr/lib/python3.12/lib-dynload/_ssl.cpython-312-x86_64-linux-gnu.so	ALLOW_OS_RUNTIME_OR_RELATIVE_RUNTIME
acquisition_round2	150	/etc/ld.so.cache	ALLOW_OS_RUNTIME_OR_RELATIVE_RUNTIME
acquisition_round2	151	/lib/x86_64-linux-gnu/libssl.so.3	ALLOW_OS_RUNTIME_OR_RELATIVE_RUNTIME
acquisition_round2	152	/usr/lib/python3.12/__pycache__/tempfile.cpython-312.pyc	ALLOW_OS_RUNTIME_OR_RELATIVE_RUNTIME
acquisition_round2	153	/usr/lib/python3.12/__pycache__/weakref.cpython-312.pyc	ALLOW_OS_RUNTIME_OR_RELATIVE_RUNTIME
acquisition_round2	154	/usr/lib/python3.12/__pycache__/contextlib.cpython-312.pyc	ALLOW_OS_RUNTIME_OR_RELATIVE_RUNTIME
acquisition_round2	155	/usr/lib/python3.12/urllib/__pycache__/error.cpython-312.pyc	ALLOW_OS_RUNTIME_OR_RELATIVE_RUNTIME
acquisition_round2	156	/usr/lib/python3.12/urllib/__pycache__/response.cpython-312.pyc	ALLOW_OS_RUNTIME_OR_RELATIVE_RUNTIME
acquisition_round2	157	/usr/lib/python3.12/__pycache__/pathlib.cpython-312.pyc	ALLOW_OS_RUNTIME_OR_RELATIVE_RUNTIME
acquisition_round2	158	/usr/lib/ssl/cert.pem	ALLOW_OS_RUNTIME_OR_RELATIVE_RUNTIME
acquisition_round2	159	/usr/lib/python3.12/encodings/__pycache__/idna.cpython-312.pyc	ALLOW_OS_RUNTIME_OR_RELATIVE_RUNTIME
acquisition_round2	160	/usr/lib/python3.12/__pycache__/stringprep.cpython-312.pyc	ALLOW_OS_RUNTIME_OR_RELATIVE_RUNTIME
acquisition_round2	161	/etc/host.conf	ALLOW_OS_RUNTIME_OR_RELATIVE_RUNTIME
acquisition_round2	162	/etc/resolv.conf	ALLOW_OS_RUNTIME_OR_RELATIVE_RUNTIME
acquisition_round2	163	/etc/hosts	ALLOW_OS_RUNTIME_OR_RELATIVE_RUNTIME
acquisition_round2	164	/etc/gai.conf	ALLOW_OS_RUNTIME_OR_RELATIVE_RUNTIME
acquisition_round2	165	/usr/lib/ssl/certs	ALLOW_OS_RUNTIME_OR_RELATIVE_RUNTIME
acquisition_round2	166	/usr/lib/ssl/certs	ALLOW_OS_RUNTIME_OR_RELATIVE_RUNTIME
acquisition_round2	167	data/external/original-workspace/revgate-task-b-grade-histology/experiments/taskB_grade_histology/phase1_execution/acquisition/raw_round_2/tcga_cbio_grade.json	ALLOW_DECLARED_ACQUISITION_OUTPUT
acquisition_round2	168	/etc/hosts	ALLOW_OS_RUNTIME_OR_RELATIVE_RUNTIME
acquisition_round2	169	/usr/lib/ssl/certs	ALLOW_OS_RUNTIME_OR_RELATIVE_RUNTIME
acquisition_round2	170	/usr/lib/ssl/certs	ALLOW_OS_RUNTIME_OR_RELATIVE_RUNTIME
acquisition_round2	171	data/external/original-workspace/revgate-task-b-grade-histology/experiments/taskB_grade_histology/phase1_execution/acquisition/raw_round_2/tcga_cbio_icdo_histology.json	ALLOW_DECLARED_ACQUISITION_OUTPUT
acquisition_round2	172	/etc/hosts	ALLOW_OS_RUNTIME_OR_RELATIVE_RUNTIME
acquisition_round2	173	/usr/lib/ssl/certs	ALLOW_OS_RUNTIME_OR_RELATIVE_RUNTIME
acquisition_round2	174	/usr/lib/ssl/certs	ALLOW_OS_RUNTIME_OR_RELATIVE_RUNTIME
acquisition_round2	175	data/external/original-workspace/revgate-task-b-grade-histology/experiments/taskB_grade_histology/phase1_execution/acquisition/raw_round_2/cptac_discovery_cbio_grade.json	ALLOW_DECLARED_ACQUISITION_OUTPUT
acquisition_round2	176	/etc/hosts	ALLOW_OS_RUNTIME_OR_RELATIVE_RUNTIME
acquisition_round2	177	/usr/lib/ssl/certs	ALLOW_OS_RUNTIME_OR_RELATIVE_RUNTIME
acquisition_round2	178	/usr/lib/ssl/certs	ALLOW_OS_RUNTIME_OR_RELATIVE_RUNTIME
acquisition_round2	179	data/external/original-workspace/revgate-task-b-grade-histology/experiments/taskB_grade_histology/phase1_execution/acquisition/raw_round_2/cptac_discovery_cbio_histology.json	ALLOW_DECLARED_ACQUISITION_OUTPUT
acquisition_round2	180	/etc/hosts	ALLOW_OS_RUNTIME_OR_RELATIVE_RUNTIME
acquisition_round2	181	/usr/lib/ssl/certs	ALLOW_OS_RUNTIME_OR_RELATIVE_RUNTIME
acquisition_round2	182	data/external/original-workspace/revgate-task-b-grade-histology/experiments/taskB_grade_histology/phase1_execution/acquisition/raw_round_2/pdc_PDC000125.json	ALLOW_DECLARED_ACQUISITION_OUTPUT
acquisition_round2	183	/etc/hosts	ALLOW_OS_RUNTIME_OR_RELATIVE_RUNTIME
acquisition_round2	184	/usr/lib/ssl/certs	ALLOW_OS_RUNTIME_OR_RELATIVE_RUNTIME
acquisition_round2	185	data/external/original-workspace/revgate-task-b-grade-histology/experiments/taskB_grade_histology/phase1_execution/acquisition/raw_round_2/pdc_PDC000439.json	ALLOW_DECLARED_ACQUISITION_OUTPUT
acquisition_round2	186	data/external/original-workspace/revgate-task-b-grade-histology/experiments/taskB_grade_histology/phase1_execution/acquisition/round_2_metadata.json	ALLOW_DECLARED_ACQUISITION_OUTPUT
analysis_run1	1	/etc/ld.so.cache	ALLOW_OS_RUNTIME_OR_RELATIVE_RUNTIME
analysis_run1	2	/lib/x86_64-linux-gnu/libselinux.so.1	ALLOW_OS_RUNTIME_OR_RELATIVE_RUNTIME
analysis_run1	3	/lib/x86_64-linux-gnu/libcap.so.2	ALLOW_OS_RUNTIME_OR_RELATIVE_RUNTIME
analysis_run1	4	/lib/x86_64-linux-gnu/libc.so.6	ALLOW_OS_RUNTIME_OR_RELATIVE_RUNTIME
analysis_run1	5	/lib/x86_64-linux-gnu/libpcre2-8.so.0	ALLOW_OS_RUNTIME_OR_RELATIVE_RUNTIME
analysis_run1	6	/proc/filesystems	ALLOW_OS_RUNTIME_OR_RELATIVE_RUNTIME
analysis_run1	7	/proc/sys/kernel/overflowuid	ALLOW_OS_RUNTIME_OR_RELATIVE_RUNTIME
analysis_run1	8	/proc/sys/kernel/overflowgid	ALLOW_OS_RUNTIME_OR_RELATIVE_RUNTIME
analysis_run1	9	/proc	ALLOW_OS_RUNTIME_OR_RELATIVE_RUNTIME
analysis_run1	10	635500/ns	ALLOW_OS_RUNTIME_OR_RELATIVE_RUNTIME
analysis_run1	11	self/fd	ALLOW_OS_RUNTIME_OR_RELATIVE_RUNTIME
analysis_run1	19	self	ALLOW_OS_RUNTIME_OR_RELATIVE_RUNTIME
analysis_run1	20	uid_map	ALLOW_OS_RUNTIME_OR_RELATIVE_RUNTIME
analysis_run1	21	setgroups	ALLOW_OS_RUNTIME_OR_RELATIVE_RUNTIME
analysis_run1	22	gid_map	ALLOW_OS_RUNTIME_OR_RELATIVE_RUNTIME
analysis_run1	23	/newroot	ALLOW_OS_RUNTIME_OR_RELATIVE_RUNTIME
analysis_run1	24	self/mountinfo	ALLOW_OS_RUNTIME_OR_RELATIVE_RUNTIME
analysis_run1	25	/newroot/dev/null	ALLOW_OS_RUNTIME_OR_RELATIVE_RUNTIME
analysis_run1	26	/newroot/dev/null	ALLOW_OS_RUNTIME_OR_RELATIVE_RUNTIME
analysis_run1	27	self/mountinfo	ALLOW_OS_RUNTIME_OR_RELATIVE_RUNTIME
analysis_run1	28	/newroot/dev/zero	ALLOW_OS_RUNTIME_OR_RELATIVE_RUNTIME
analysis_run1	29	/newroot/dev/zero	ALLOW_OS_RUNTIME_OR_RELATIVE_RUNTIME
analysis_run1	30	self/mountinfo	ALLOW_OS_RUNTIME_OR_RELATIVE_RUNTIME
analysis_run1	31	/newroot/dev/full	ALLOW_OS_RUNTIME_OR_RELATIVE_RUNTIME
analysis_run1	32	/newroot/dev/full	ALLOW_OS_RUNTIME_OR_RELATIVE_RUNTIME
analysis_run1	33	self/mountinfo	ALLOW_OS_RUNTIME_OR_RELATIVE_RUNTIME
analysis_run1	34	/newroot/dev/random	ALLOW_OS_RUNTIME_OR_RELATIVE_RUNTIME
analysis_run1	35	/newroot/dev/random	ALLOW_OS_RUNTIME_OR_RELATIVE_RUNTIME
analysis_run1	36	self/mountinfo	ALLOW_OS_RUNTIME_OR_RELATIVE_RUNTIME
analysis_run1	37	/newroot/dev/urandom	ALLOW_OS_RUNTIME_OR_RELATIVE_RUNTIME
analysis_run1	38	/newroot/dev/urandom	ALLOW_OS_RUNTIME_OR_RELATIVE_RUNTIME
analysis_run1	39	self/mountinfo	ALLOW_OS_RUNTIME_OR_RELATIVE_RUNTIME
analysis_run1	40	/newroot/dev/tty	ALLOW_OS_RUNTIME_OR_RELATIVE_RUNTIME
analysis_run1	41	/newroot/dev/tty	ALLOW_OS_RUNTIME_OR_RELATIVE_RUNTIME
analysis_run1	42	self/mountinfo	ALLOW_OS_RUNTIME_OR_RELATIVE_RUNTIME
analysis_run1	43	/newroot/proc	ALLOW_OS_RUNTIME_OR_RELATIVE_RUNTIME
analysis_run1	44	self/mountinfo	ALLOW_OS_RUNTIME_OR_RELATIVE_RUNTIME
analysis_run1	45	/newrootdata/external/original-workspace/revgate-task-b-grade-histology	ALLOW_OS_RUNTIME_OR_RELATIVE_RUNTIME
analysis_run1	46	self/mountinfo	ALLOW_OS_RUNTIME_OR_RELATIVE_RUNTIME
analysis_run1	47	/	ALLOW_OS_RUNTIME_OR_RELATIVE_RUNTIME
analysis_run1	48	self	ALLOW_OS_RUNTIME_OR_RELATIVE_RUNTIME
analysis_run1	49	uid_map	ALLOW_OS_RUNTIME_OR_RELATIVE_RUNTIME
analysis_run1	50	gid_map	ALLOW_OS_RUNTIME_OR_RELATIVE_RUNTIME
analysis_run1	51	/etc/ld.so.cache	ALLOW_OS_RUNTIME_OR_RELATIVE_RUNTIME
analysis_run1	52	/lib/x86_64-linux-gnu/libc.so.6	ALLOW_OS_RUNTIME_OR_RELATIVE_RUNTIME
analysis_run1	53	/usr/lib/locale/locale-archive	ALLOW_OS_RUNTIME_OR_RELATIVE_RUNTIME
analysis_run1	54	/usr/share/locale/locale.alias	ALLOW_OS_RUNTIME_OR_RELATIVE_RUNTIME
analysis_run1	55	/usr/lib/locale/C.UTF-8/LC_IDENTIFICATION	ALLOW_OS_RUNTIME_OR_RELATIVE_RUNTIME
analysis_run1	56	/usr/lib/locale/C.utf8/LC_IDENTIFICATION	ALLOW_OS_RUNTIME_OR_RELATIVE_RUNTIME
analysis_run1	57	/usr/lib/x86_64-linux-gnu/gconv/gconv-modules.cache	ALLOW_OS_RUNTIME_OR_RELATIVE_RUNTIME
analysis_run1	58	/usr/lib/locale/C.UTF-8/LC_MEASUREMENT	ALLOW_OS_RUNTIME_OR_RELATIVE_RUNTIME
analysis_run1	59	/usr/lib/locale/C.utf8/LC_MEASUREMENT	ALLOW_OS_RUNTIME_OR_RELATIVE_RUNTIME
analysis_run1	60	/usr/lib/locale/C.UTF-8/LC_TELEPHONE	ALLOW_OS_RUNTIME_OR_RELATIVE_RUNTIME
analysis_run1	61	/usr/lib/locale/C.utf8/LC_TELEPHONE	ALLOW_OS_RUNTIME_OR_RELATIVE_RUNTIME
analysis_run1	62	/usr/lib/locale/C.UTF-8/LC_ADDRESS	ALLOW_OS_RUNTIME_OR_RELATIVE_RUNTIME
analysis_run1	63	/usr/lib/locale/C.utf8/LC_ADDRESS	ALLOW_OS_RUNTIME_OR_RELATIVE_RUNTIME
analysis_run1	64	/usr/lib/locale/C.UTF-8/LC_NAME	ALLOW_OS_RUNTIME_OR_RELATIVE_RUNTIME
analysis_run1	65	/usr/lib/locale/C.utf8/LC_NAME	ALLOW_OS_RUNTIME_OR_RELATIVE_RUNTIME
analysis_run1	66	/usr/lib/locale/C.UTF-8/LC_PAPER	ALLOW_OS_RUNTIME_OR_RELATIVE_RUNTIME
analysis_run1	67	/usr/lib/locale/C.utf8/LC_PAPER	ALLOW_OS_RUNTIME_OR_RELATIVE_RUNTIME
analysis_run1	68	/usr/lib/locale/C.UTF-8/LC_MESSAGES	ALLOW_OS_RUNTIME_OR_RELATIVE_RUNTIME
analysis_run1	69	/usr/lib/locale/C.utf8/LC_MESSAGES	ALLOW_OS_RUNTIME_OR_RELATIVE_RUNTIME
analysis_run1	70	/usr/lib/locale/C.utf8/LC_MESSAGES/SYS_LC_MESSAGES	ALLOW_OS_RUNTIME_OR_RELATIVE_RUNTIME
analysis_run1	71	/usr/lib/locale/C.UTF-8/LC_MONETARY	ALLOW_OS_RUNTIME_OR_RELATIVE_RUNTIME
analysis_run1	72	/usr/lib/locale/C.utf8/LC_MONETARY	ALLOW_OS_RUNTIME_OR_RELATIVE_RUNTIME
analysis_run1	73	/usr/lib/locale/C.UTF-8/LC_COLLATE	ALLOW_OS_RUNTIME_OR_RELATIVE_RUNTIME
analysis_run1	74	/usr/lib/locale/C.utf8/LC_COLLATE	ALLOW_OS_RUNTIME_OR_RELATIVE_RUNTIME
analysis_run1	75	/usr/lib/locale/C.UTF-8/LC_TIME	ALLOW_OS_RUNTIME_OR_RELATIVE_RUNTIME
analysis_run1	76	/usr/lib/locale/C.utf8/LC_TIME	ALLOW_OS_RUNTIME_OR_RELATIVE_RUNTIME
analysis_run1	77	/usr/lib/locale/C.UTF-8/LC_NUMERIC	ALLOW_OS_RUNTIME_OR_RELATIVE_RUNTIME
analysis_run1	78	/usr/lib/locale/C.utf8/LC_NUMERIC	ALLOW_OS_RUNTIME_OR_RELATIVE_RUNTIME
analysis_run1	79	/usr/lib/locale/C.UTF-8/LC_CTYPE	ALLOW_OS_RUNTIME_OR_RELATIVE_RUNTIME
analysis_run1	80	/usr/lib/locale/C.utf8/LC_CTYPE	ALLOW_OS_RUNTIME_OR_RELATIVE_RUNTIME
analysis_run1	81	/etc/ld.so.cache	ALLOW_OS_RUNTIME_OR_RELATIVE_RUNTIME
analysis_run1	82	/lib/x86_64-linux-gnu/libm.so.6	ALLOW_OS_RUNTIME_OR_RELATIVE_RUNTIME
analysis_run1	83	/lib/x86_64-linux-gnu/libz.so.1	ALLOW_OS_RUNTIME_OR_RELATIVE_RUNTIME
analysis_run1	84	/lib/x86_64-linux-gnu/libexpat.so.1	ALLOW_OS_RUNTIME_OR_RELATIVE_RUNTIME
analysis_run1	85	/lib/x86_64-linux-gnu/libc.so.6	ALLOW_OS_RUNTIME_OR_RELATIVE_RUNTIME
analysis_run1	86	data/external/original-workspace/revgate-task-b-grade-histology/experiments/taskB_grade_histology/phase1_execution/venv_phase1/pyvenv.cfg	ALLOW_DECLARED_ENVIRONMENT
analysis_run1	87	data/external/original-workspace/revgate-task-b-grade-histology/experiments/taskB_grade_histology/phase1_execution/venv_phase1/bin/python._pth	ALLOW_DECLARED_ENVIRONMENT
analysis_run1	88	/usr/bin/python3.12._pth	ALLOW_OS_RUNTIME_OR_RELATIVE_RUNTIME
analysis_run1	89	/usr/bin/pybuilddir.txt	ALLOW_OS_RUNTIME_OR_RELATIVE_RUNTIME
analysis_run1	90	/usr/share/zoneinfo/UTC	ALLOW_OS_RUNTIME_OR_RELATIVE_RUNTIME
analysis_run1	91	/usr/lib/python3.12	ALLOW_OS_RUNTIME_OR_RELATIVE_RUNTIME
analysis_run1	92	/usr/lib/python3.12/encodings/__pycache__/__init__.cpython-312.pyc	ALLOW_OS_RUNTIME_OR_RELATIVE_RUNTIME
analysis_run1	93	/usr/lib/python3.12/encodings	ALLOW_OS_RUNTIME_OR_RELATIVE_RUNTIME
analysis_run1	94	/usr/lib/python3.12/encodings/__pycache__/aliases.cpython-312.pyc	ALLOW_OS_RUNTIME_OR_RELATIVE_RUNTIME
analysis_run1	95	/usr/lib/python3.12/encodings/__pycache__/utf_8.cpython-312.pyc	ALLOW_OS_RUNTIME_OR_RELATIVE_RUNTIME
analysis_run1	96	data/external/original-workspace/revgate-task-b-grade-histology/experiments/taskB_grade_histology/phase1_execution/venv_phase1/pyvenv.cfg	ALLOW_DECLARED_ENVIRONMENT
analysis_run1	97	data/external/original-workspace/revgate-task-b-grade-histology/experiments/taskB_grade_histology/phase1_execution/venv_phase1/lib/python3.12/site-packages	ALLOW_DECLARED_ENVIRONMENT
analysis_run1	102	/etc/nsswitch.conf	ALLOW_OS_RUNTIME_OR_RELATIVE_RUNTIME
analysis_run1	103	/etc/passwd	ALLOW_OS_RUNTIME_OR_RELATIVE_RUNTIME
analysis_run1	104	data/external/original-home/.local/lib/python3.12/site-packages	ALLOW_OS_RUNTIME_OR_RELATIVE_RUNTIME
analysis_run1	105	data/external/original-home/.local/lib/python3.12/site-packages/distutils-precedence.pth	ALLOW_OS_RUNTIME_OR_RELATIVE_RUNTIME
analysis_run1	106	/usr/lib/python3.12/encodings/__pycache__/ascii.cpython-312.pyc	ALLOW_OS_RUNTIME_OR_RELATIVE_RUNTIME
analysis_run1	107	/usr/lib/python3.12/lib-dynload	ALLOW_OS_RUNTIME_OR_RELATIVE_RUNTIME
analysis_run1	108	data/external/original-workspace/revgate-task-b-grade-histology/experiments/taskB_grade_histology/phase1_execution/venv_phase1/lib/python3.12/site-packages	ALLOW_DECLARED_ENVIRONMENT
analysis_run1	109	data/external/original-home/.local/lib/python3.12/site-packages	ALLOW_OS_RUNTIME_OR_RELATIVE_RUNTIME
analysis_run1	110	data/external/original-home/.local/lib/python3.12/site-packages/_distutils_hack/__pycache__/__init__.cpython-312.pyc	ALLOW_OS_RUNTIME_OR_RELATIVE_RUNTIME
analysis_run1	111	data/external/original-workspace/revgate-task-b-grade-histology/experiments/taskB_grade_histology/phase1_execution/venv_phase1/lib/python3.12/site-packages	ALLOW_DECLARED_ENVIRONMENT
analysis_run1	112	/usr/local/lib/python3.12/dist-packages	ALLOW_OS_RUNTIME_OR_RELATIVE_RUNTIME
analysis_run1	113	/usr/lib/python3/dist-packages	ALLOW_OS_RUNTIME_OR_RELATIVE_RUNTIME
analysis_run1	114	/usr/lib/python3/dist-packages/distutils-precedence.pth	ALLOW_OS_RUNTIME_OR_RELATIVE_RUNTIME
analysis_run1	115	/usr/lib/python3/dist-packages/zope.interface-6.1-nspkg.pth	ALLOW_OS_RUNTIME_OR_RELATIVE_RUNTIME
analysis_run1	116	/usr/lib/python3.12/__pycache__/types.cpython-312.pyc	ALLOW_OS_RUNTIME_OR_RELATIVE_RUNTIME
analysis_run1	117	/usr/lib/python3.12/importlib/__pycache__/__init__.cpython-312.pyc	ALLOW_OS_RUNTIME_OR_RELATIVE_RUNTIME
analysis_run1	118	/usr/lib/python3.12/__pycache__/warnings.cpython-312.pyc	ALLOW_OS_RUNTIME_OR_RELATIVE_RUNTIME
analysis_run1	119	/usr/lib/python3.12/importlib	ALLOW_OS_RUNTIME_OR_RELATIVE_RUNTIME
analysis_run1	120	/usr/lib/python3.12/importlib/__pycache__/_abc.cpython-312.pyc	ALLOW_OS_RUNTIME_OR_RELATIVE_RUNTIME
analysis_run1	121	/usr/lib/python3.12/__pycache__/threading.cpython-312.pyc	ALLOW_OS_RUNTIME_OR_RELATIVE_RUNTIME
analysis_run1	122	/usr/lib/python3.12/__pycache__/functools.cpython-312.pyc	ALLOW_OS_RUNTIME_OR_RELATIVE_RUNTIME
analysis_run1	123	/usr/lib/python3.12/collections/__pycache__/__init__.cpython-312.pyc	ALLOW_OS_RUNTIME_OR_RELATIVE_RUNTIME
analysis_run1	124	/usr/lib/python3.12/__pycache__/keyword.cpython-312.pyc	ALLOW_OS_RUNTIME_OR_RELATIVE_RUNTIME
analysis_run1	125	/usr/lib/python3.12/__pycache__/operator.cpython-312.pyc	ALLOW_OS_RUNTIME_OR_RELATIVE_RUNTIME
analysis_run1	126	/usr/lib/python3.12/__pycache__/reprlib.cpython-312.pyc	ALLOW_OS_RUNTIME_OR_RELATIVE_RUNTIME
analysis_run1	127	/usr/lib/python3.12/__pycache__/_weakrefset.cpython-312.pyc	ALLOW_OS_RUNTIME_OR_RELATIVE_RUNTIME
analysis_run1	128	/usr/lib/python3/dist-packages	ALLOW_OS_RUNTIME_OR_RELATIVE_RUNTIME
analysis_run1	129	/usr/lib/python3.12/__pycache__/sitecustomize.cpython-312.pyc	ALLOW_OS_RUNTIME_OR_RELATIVE_RUNTIME
analysis_run1	130	/usr/local/lib/python3.12/dist-packages	ALLOW_OS_RUNTIME_OR_RELATIVE_RUNTIME
analysis_run1	131	/usr/lib/python3/dist-packages/__pycache__/apport_python_hook.cpython-312.pyc	ALLOW_OS_RUNTIME_OR_RELATIVE_RUNTIME
analysis_run1	132	data/external/original-workspace/revgate-task-b-grade-histology/experiments/taskB_grade_histology/phase1_execution/audit_phase1.py	ALLOW_PHASE1_CODE_LOCK_OR_RULE
analysis_run1	133	data/external/original-workspace/revgate-task-b-grade-histology/experiments/taskB_grade_histology/phase1_execution/audit_phase1.py	ALLOW_PHASE1_CODE_LOCK_OR_RULE
analysis_run1	134	data/external/original-workspace/revgate-task-b-grade-histology/experiments/taskB_grade_histology/phase1_execution	ALLOW_PHASE1_CODE_DIRECTORY
analysis_run1	135	/usr/lib/python3.12/__pycache__/argparse.cpython-312.pyc	ALLOW_OS_RUNTIME_OR_RELATIVE_RUNTIME
analysis_run1	136	/usr/lib/python3.12/re/__pycache__/__init__.cpython-312.pyc	ALLOW_OS_RUNTIME_OR_RELATIVE_RUNTIME
analysis_run1	137	/usr/lib/python3.12/__pycache__/enum.cpython-312.pyc	ALLOW_OS_RUNTIME_OR_RELATIVE_RUNTIME
analysis_run1	138	/usr/lib/python3.12/re	ALLOW_OS_RUNTIME_OR_RELATIVE_RUNTIME
analysis_run1	139	/usr/lib/python3.12/re/__pycache__/_compiler.cpython-312.pyc	ALLOW_OS_RUNTIME_OR_RELATIVE_RUNTIME
analysis_run1	140	/usr/lib/python3.12/re/__pycache__/_parser.cpython-312.pyc	ALLOW_OS_RUNTIME_OR_RELATIVE_RUNTIME
analysis_run1	141	/usr/lib/python3.12/re/__pycache__/_constants.cpython-312.pyc	ALLOW_OS_RUNTIME_OR_RELATIVE_RUNTIME
analysis_run1	142	/usr/lib/python3.12/re/__pycache__/_casefix.cpython-312.pyc	ALLOW_OS_RUNTIME_OR_RELATIVE_RUNTIME
analysis_run1	143	/usr/lib/python3.12/__pycache__/copyreg.cpython-312.pyc	ALLOW_OS_RUNTIME_OR_RELATIVE_RUNTIME
analysis_run1	144	/usr/lib/python3.12/__pycache__/gettext.cpython-312.pyc	ALLOW_OS_RUNTIME_OR_RELATIVE_RUNTIME
analysis_run1	145	/usr/lib/python3.12/__pycache__/csv.cpython-312.pyc	ALLOW_OS_RUNTIME_OR_RELATIVE_RUNTIME
analysis_run1	146	/usr/lib/python3.12/__pycache__/hashlib.cpython-312.pyc	ALLOW_OS_RUNTIME_OR_RELATIVE_RUNTIME
analysis_run1	147	/usr/lib/python3.12/lib-dynload/_hashlib.cpython-312-x86_64-linux-gnu.so	ALLOW_OS_RUNTIME_OR_RELATIVE_RUNTIME
analysis_run1	148	/etc/ld.so.cache	ALLOW_OS_RUNTIME_OR_RELATIVE_RUNTIME
analysis_run1	149	/lib/x86_64-linux-gnu/libcrypto.so.3	ALLOW_OS_RUNTIME_OR_RELATIVE_RUNTIME
analysis_run1	150	/proc/sys/crypto/fips_enabled	ALLOW_OS_RUNTIME_OR_RELATIVE_RUNTIME
analysis_run1	151	/usr/lib/ssl/openssl.cnf	ALLOW_OS_RUNTIME_OR_RELATIVE_RUNTIME
analysis_run1	152	/usr/lib/python3.12/json/__pycache__/__init__.cpython-312.pyc	ALLOW_OS_RUNTIME_OR_RELATIVE_RUNTIME
analysis_run1	153	/usr/lib/python3.12/json	ALLOW_OS_RUNTIME_OR_RELATIVE_RUNTIME
analysis_run1	154	/usr/lib/python3.12/json/__pycache__/decoder.cpython-312.pyc	ALLOW_OS_RUNTIME_OR_RELATIVE_RUNTIME
analysis_run1	155	/usr/lib/python3.12/json/__pycache__/scanner.cpython-312.pyc	ALLOW_OS_RUNTIME_OR_RELATIVE_RUNTIME
analysis_run1	156	/usr/lib/python3.12/lib-dynload/_json.cpython-312-x86_64-linux-gnu.so	ALLOW_OS_RUNTIME_OR_RELATIVE_RUNTIME
analysis_run1	157	/usr/lib/python3.12/json/__pycache__/encoder.cpython-312.pyc	ALLOW_OS_RUNTIME_OR_RELATIVE_RUNTIME
analysis_run1	158	/usr/lib/python3.12/__pycache__/pathlib.cpython-312.pyc	ALLOW_OS_RUNTIME_OR_RELATIVE_RUNTIME
analysis_run1	159	/usr/lib/python3.12/__pycache__/fnmatch.cpython-312.pyc	ALLOW_OS_RUNTIME_OR_RELATIVE_RUNTIME
analysis_run1	160	/usr/lib/python3.12/urllib/__pycache__/__init__.cpython-312.pyc	ALLOW_OS_RUNTIME_OR_RELATIVE_RUNTIME
analysis_run1	161	/usr/lib/python3.12/urllib	ALLOW_OS_RUNTIME_OR_RELATIVE_RUNTIME
analysis_run1	162	/usr/lib/python3.12/urllib/__pycache__/parse.cpython-312.pyc	ALLOW_OS_RUNTIME_OR_RELATIVE_RUNTIME
analysis_run1	163	/usr/lib/python3.12/__pycache__/ipaddress.cpython-312.pyc	ALLOW_OS_RUNTIME_OR_RELATIVE_RUNTIME
analysis_run1	164	/usr/local/lib/python3.12/dist-packages/numpy/__pycache__/__init__.cpython-312.pyc	ALLOW_OS_RUNTIME_OR_RELATIVE_RUNTIME
analysis_run1	165	/usr/local/lib/python3.12/dist-packages/numpy	ALLOW_OS_RUNTIME_OR_RELATIVE_RUNTIME
analysis_run1	166	/usr/local/lib/python3.12/dist-packages/numpy/__pycache__/version.cpython-312.pyc	ALLOW_OS_RUNTIME_OR_RELATIVE_RUNTIME
analysis_run1	167	/usr/local/lib/python3.12/dist-packages/numpy/__pycache__/_expired_attrs_2_0.cpython-312.pyc	ALLOW_OS_RUNTIME_OR_RELATIVE_RUNTIME
analysis_run1	168	/usr/local/lib/python3.12/dist-packages/numpy/__pycache__/_globals.cpython-312.pyc	ALLOW_OS_RUNTIME_OR_RELATIVE_RUNTIME
analysis_run1	169	/usr/local/lib/python3.12/dist-packages/numpy/_utils/__pycache__/__init__.cpython-312.pyc	ALLOW_OS_RUNTIME_OR_RELATIVE_RUNTIME
analysis_run1	170	/usr/local/lib/python3.12/dist-packages/numpy/_utils	ALLOW_OS_RUNTIME_OR_RELATIVE_RUNTIME
analysis_run1	171	/usr/local/lib/python3.12/dist-packages/numpy/_utils/__pycache__/_convertions.cpython-312.pyc	ALLOW_OS_RUNTIME_OR_RELATIVE_RUNTIME
analysis_run1	172	/usr/local/lib/python3.12/dist-packages/numpy/__pycache__/_distributor_init.cpython-312.pyc	ALLOW_OS_RUNTIME_OR_RELATIVE_RUNTIME
analysis_run1	173	/usr/local/lib/python3.12/dist-packages/numpy/__pycache__/__config__.cpython-312.pyc	ALLOW_OS_RUNTIME_OR_RELATIVE_RUNTIME
analysis_run1	174	/usr/local/lib/python3.12/dist-packages/numpy/_core/__pycache__/__init__.cpython-312.pyc	ALLOW_OS_RUNTIME_OR_RELATIVE_RUNTIME
analysis_run1	175	/usr/local/lib/python3.12/dist-packages/numpy/_core	ALLOW_OS_RUNTIME_OR_RELATIVE_RUNTIME
analysis_run1	176	/usr/local/lib/python3.12/dist-packages/numpy/_core/__pycache__/multiarray.cpython-312.pyc	ALLOW_OS_RUNTIME_OR_RELATIVE_RUNTIME
analysis_run1	177	/usr/local/lib/python3.12/dist-packages/numpy/_core/_multiarray_umath.cpython-312-x86_64-linux-gnu.so	ALLOW_OS_RUNTIME_OR_RELATIVE_RUNTIME
analysis_run1	178	/usr/local/lib/python3.12/dist-packages/numpy/_core/../../numpy.libs/glibc-hwcaps/x86-64-v4/libscipy_openblas64_-fdde5778.so	ALLOW_OS_RUNTIME_OR_RELATIVE_RUNTIME
analysis_run1	179	/usr/local/lib/python3.12/dist-packages/numpy/_core/../../numpy.libs/glibc-hwcaps/x86-64-v3/libscipy_openblas64_-fdde5778.so	ALLOW_OS_RUNTIME_OR_RELATIVE_RUNTIME
analysis_run1	180	/usr/local/lib/python3.12/dist-packages/numpy/_core/../../numpy.libs/glibc-hwcaps/x86-64-v2/libscipy_openblas64_-fdde5778.so	ALLOW_OS_RUNTIME_OR_RELATIVE_RUNTIME
analysis_run1	181	/usr/local/lib/python3.12/dist-packages/numpy/_core/../../numpy.libs/libscipy_openblas64_-fdde5778.so	ALLOW_OS_RUNTIME_OR_RELATIVE_RUNTIME
analysis_run1	182	/usr/local/lib/python3.12/dist-packages/numpy/_core/../../numpy.libs/libstdc++.so.6	ALLOW_OS_RUNTIME_OR_RELATIVE_RUNTIME
analysis_run1	183	/etc/ld.so.cache	ALLOW_OS_RUNTIME_OR_RELATIVE_RUNTIME
analysis_run1	184	/lib/x86_64-linux-gnu/libstdc++.so.6	ALLOW_OS_RUNTIME_OR_RELATIVE_RUNTIME
analysis_run1	185	/usr/local/lib/python3.12/dist-packages/numpy/_core/../../numpy.libs/libgcc_s.so.1	ALLOW_OS_RUNTIME_OR_RELATIVE_RUNTIME
analysis_run1	186	/lib/x86_64-linux-gnu/libgcc_s.so.1	ALLOW_OS_RUNTIME_OR_RELATIVE_RUNTIME
analysis_run1	187	/usr/local/lib/python3.12/dist-packages/numpy/_core/../../numpy.libs/libpthread.so.0	ALLOW_OS_RUNTIME_OR_RELATIVE_RUNTIME
analysis_run1	188	/usr/local/lib/python3.12/dist-packages/numpy/_core/../../numpy.libs/libpthread.so.0	ALLOW_OS_RUNTIME_OR_RELATIVE_RUNTIME
analysis_run1	189	/lib/x86_64-linux-gnu/libpthread.so.0	ALLOW_OS_RUNTIME_OR_RELATIVE_RUNTIME
analysis_run1	190	/usr/local/lib/python3.12/dist-packages/numpy/_core/../../numpy.libs/libgfortran-040039e1-0352e75f.so.5.0.0	ALLOW_OS_RUNTIME_OR_RELATIVE_RUNTIME
analysis_run1	191	/usr/local/lib/python3.12/dist-packages/numpy/_core/../../numpy.libs/libquadmath-96973f99-934c22de.so.0.0.0	ALLOW_OS_RUNTIME_OR_RELATIVE_RUNTIME
analysis_run1	192	/sys/devices/system/cpu/possible	ALLOW_OS_RUNTIME_OR_RELATIVE_RUNTIME
analysis_run1	193	/usr/lib/python3.12/__pycache__/datetime.cpython-312.pyc	ALLOW_OS_RUNTIME_OR_RELATIVE_RUNTIME
analysis_run1	194	/usr/local/lib/python3.12/dist-packages/numpy/__pycache__/exceptions.cpython-312.pyc	ALLOW_OS_RUNTIME_OR_RELATIVE_RUNTIME
analysis_run1	195	/usr/local/lib/python3.12/dist-packages/numpy/_core/__pycache__/_exceptions.cpython-312.pyc	ALLOW_OS_RUNTIME_OR_RELATIVE_RUNTIME
analysis_run1	196	/usr/local/lib/python3.12/dist-packages/numpy/_core/__pycache__/printoptions.cpython-312.pyc	ALLOW_OS_RUNTIME_OR_RELATIVE_RUNTIME
analysis_run1	197	/usr/lib/python3.12/__pycache__/contextvars.cpython-312.pyc	ALLOW_OS_RUNTIME_OR_RELATIVE_RUNTIME
analysis_run1	198	/usr/lib/python3.12/lib-dynload/_contextvars.cpython-312-x86_64-linux-gnu.so	ALLOW_OS_RUNTIME_OR_RELATIVE_RUNTIME
analysis_run1	199	/usr/local/lib/python3.12/dist-packages/numpy/__pycache__/dtypes.cpython-312.pyc	ALLOW_OS_RUNTIME_OR_RELATIVE_RUNTIME
analysis_run1	200	/usr/local/lib/python3.12/dist-packages/numpy/_core/__pycache__/overrides.cpython-312.pyc	ALLOW_OS_RUNTIME_OR_RELATIVE_RUNTIME
analysis_run1	201	/usr/local/lib/python3.12/dist-packages/numpy/_utils/__pycache__/_inspect.cpython-312.pyc	ALLOW_OS_RUNTIME_OR_RELATIVE_RUNTIME
analysis_run1	202	/usr/local/lib/python3.12/dist-packages/numpy/_core/__pycache__/umath.cpython-312.pyc	ALLOW_OS_RUNTIME_OR_RELATIVE_RUNTIME
analysis_run1	203	/usr/local/lib/python3.12/dist-packages/numpy/_core/__pycache__/numerictypes.cpython-312.pyc	ALLOW_OS_RUNTIME_OR_RELATIVE_RUNTIME
analysis_run1	204	/usr/lib/python3.12/__pycache__/numbers.cpython-312.pyc	ALLOW_OS_RUNTIME_OR_RELATIVE_RUNTIME
analysis_run1	205	/usr/local/lib/python3.12/dist-packages/numpy/_core/__pycache__/_dtype.cpython-312.pyc	ALLOW_OS_RUNTIME_OR_RELATIVE_RUNTIME
analysis_run1	206	/usr/local/lib/python3.12/dist-packages/numpy/_core/__pycache__/_string_helpers.cpython-312.pyc	ALLOW_OS_RUNTIME_OR_RELATIVE_RUNTIME
analysis_run1	207	/usr/local/lib/python3.12/dist-packages/numpy/_core/__pycache__/_type_aliases.cpython-312.pyc	ALLOW_OS_RUNTIME_OR_RELATIVE_RUNTIME
analysis_run1	208	/usr/local/lib/python3.12/dist-packages/numpy/_core/__pycache__/_machar.cpython-312.pyc	ALLOW_OS_RUNTIME_OR_RELATIVE_RUNTIME
analysis_run1	209	/usr/local/lib/python3.12/dist-packages/numpy/_core/__pycache__/_ufunc_config.cpython-312.pyc	ALLOW_OS_RUNTIME_OR_RELATIVE_RUNTIME
analysis_run1	210	/usr/local/lib/python3.12/dist-packages/numpy/_core/__pycache__/fromnumeric.cpython-312.pyc	ALLOW_OS_RUNTIME_OR_RELATIVE_RUNTIME
analysis_run1	211	/usr/local/lib/python3.12/dist-packages/numpy/_core/__pycache__/_methods.cpython-312.pyc	ALLOW_OS_RUNTIME_OR_RELATIVE_RUNTIME
analysis_run1	212	/usr/lib/python3.12/__pycache__/pickle.cpython-312.pyc	ALLOW_OS_RUNTIME_OR_RELATIVE_RUNTIME
analysis_run1	213	/usr/lib/python3.12/__pycache__/struct.cpython-312.pyc	ALLOW_OS_RUNTIME_OR_RELATIVE_RUNTIME
analysis_run1	214	/usr/lib/python3.12/__pycache__/_compat_pickle.cpython-312.pyc	ALLOW_OS_RUNTIME_OR_RELATIVE_RUNTIME
analysis_run1	215	/usr/lib/python3.12/__pycache__/contextlib.cpython-312.pyc	ALLOW_OS_RUNTIME_OR_RELATIVE_RUNTIME
analysis_run1	216	/usr/local/lib/python3.12/dist-packages/numpy/_core/__pycache__/einsumfunc.cpython-312.pyc	ALLOW_OS_RUNTIME_OR_RELATIVE_RUNTIME
analysis_run1	217	/usr/local/lib/python3.12/dist-packages/numpy/_core/__pycache__/numeric.cpython-312.pyc	ALLOW_OS_RUNTIME_OR_RELATIVE_RUNTIME
analysis_run1	218	/usr/local/lib/python3.12/dist-packages/numpy/_core/__pycache__/shape_base.cpython-312.pyc	ALLOW_OS_RUNTIME_OR_RELATIVE_RUNTIME
analysis_run1	219	/usr/local/lib/python3.12/dist-packages/numpy/_core/__pycache__/_asarray.cpython-312.pyc	ALLOW_OS_RUNTIME_OR_RELATIVE_RUNTIME
analysis_run1	220	/usr/local/lib/python3.12/dist-packages/numpy/_core/__pycache__/arrayprint.cpython-312.pyc	ALLOW_OS_RUNTIME_OR_RELATIVE_RUNTIME
analysis_run1	221	/usr/local/lib/python3.12/dist-packages/numpy/_core/__pycache__/function_base.cpython-312.pyc	ALLOW_OS_RUNTIME_OR_RELATIVE_RUNTIME
analysis_run1	222	/usr/local/lib/python3.12/dist-packages/numpy/_core/__pycache__/getlimits.cpython-312.pyc	ALLOW_OS_RUNTIME_OR_RELATIVE_RUNTIME
analysis_run1	223	/usr/local/lib/python3.12/dist-packages/numpy/_core/__pycache__/memmap.cpython-312.pyc	ALLOW_OS_RUNTIME_OR_RELATIVE_RUNTIME
analysis_run1	224	/usr/local/lib/python3.12/dist-packages/numpy/_core/__pycache__/records.cpython-312.pyc	ALLOW_OS_RUNTIME_OR_RELATIVE_RUNTIME
analysis_run1	225	/usr/local/lib/python3.12/dist-packages/numpy/_core/__pycache__/_add_newdocs.cpython-312.pyc	ALLOW_OS_RUNTIME_OR_RELATIVE_RUNTIME
analysis_run1	226	/usr/local/lib/python3.12/dist-packages/numpy/_core/__pycache__/_add_newdocs_scalars.cpython-312.pyc	ALLOW_OS_RUNTIME_OR_RELATIVE_RUNTIME
analysis_run1	227	/usr/local/lib/python3.12/dist-packages/numpy/_core/__pycache__/_dtype_ctypes.cpython-312.pyc	ALLOW_OS_RUNTIME_OR_RELATIVE_RUNTIME
analysis_run1	228	/usr/local/lib/python3.12/dist-packages/numpy/_core/__pycache__/_internal.cpython-312.pyc	ALLOW_OS_RUNTIME_OR_RELATIVE_RUNTIME
analysis_run1	229	/usr/lib/python3.12/__pycache__/ast.cpython-312.pyc	ALLOW_OS_RUNTIME_OR_RELATIVE_RUNTIME
analysis_run1	230	/usr/lib/python3.12/ctypes/__pycache__/__init__.cpython-312.pyc	ALLOW_OS_RUNTIME_OR_RELATIVE_RUNTIME
analysis_run1	231	/usr/lib/python3.12/lib-dynload/_ctypes.cpython-312-x86_64-linux-gnu.so	ALLOW_OS_RUNTIME_OR_RELATIVE_RUNTIME
analysis_run1	232	/etc/ld.so.cache	ALLOW_OS_RUNTIME_OR_RELATIVE_RUNTIME
analysis_run1	233	/lib/x86_64-linux-gnu/libffi.so.8	ALLOW_OS_RUNTIME_OR_RELATIVE_RUNTIME
analysis_run1	234	/usr/lib/python3.12/ctypes	ALLOW_OS_RUNTIME_OR_RELATIVE_RUNTIME
analysis_run1	235	/usr/lib/python3.12/ctypes/__pycache__/_endian.cpython-312.pyc	ALLOW_OS_RUNTIME_OR_RELATIVE_RUNTIME
analysis_run1	236	/usr/local/lib/python3.12/dist-packages/numpy/__pycache__/_pytesttester.cpython-312.pyc	ALLOW_OS_RUNTIME_OR_RELATIVE_RUNTIME
analysis_run1	237	/usr/local/lib/python3.12/dist-packages/numpy/lib/__pycache__/__init__.cpython-312.pyc	ALLOW_OS_RUNTIME_OR_RELATIVE_RUNTIME
analysis_run1	238	/usr/local/lib/python3.12/dist-packages/numpy/lib	ALLOW_OS_RUNTIME_OR_RELATIVE_RUNTIME
analysis_run1	239	/usr/local/lib/python3.12/dist-packages/numpy/lib/__pycache__/_arraypad_impl.cpython-312.pyc	ALLOW_OS_RUNTIME_OR_RELATIVE_RUNTIME
analysis_run1	240	/usr/local/lib/python3.12/dist-packages/numpy/lib/__pycache__/_index_tricks_impl.cpython-312.pyc	ALLOW_OS_RUNTIME_OR_RELATIVE_RUNTIME
analysis_run1	241	/usr/local/lib/python3.12/dist-packages/numpy/matrixlib/__pycache__/__init__.cpython-312.pyc	ALLOW_OS_RUNTIME_OR_RELATIVE_RUNTIME
analysis_run1	242	/usr/local/lib/python3.12/dist-packages/numpy/matrixlib	ALLOW_OS_RUNTIME_OR_RELATIVE_RUNTIME
analysis_run1	243	/usr/local/lib/python3.12/dist-packages/numpy/matrixlib/__pycache__/defmatrix.cpython-312.pyc	ALLOW_OS_RUNTIME_OR_RELATIVE_RUNTIME
analysis_run1	244	/usr/local/lib/python3.12/dist-packages/numpy/linalg/__pycache__/__init__.cpython-312.pyc	ALLOW_OS_RUNTIME_OR_RELATIVE_RUNTIME
analysis_run1	245	/usr/local/lib/python3.12/dist-packages/numpy/linalg	ALLOW_OS_RUNTIME_OR_RELATIVE_RUNTIME
analysis_run1	246	/usr/local/lib/python3.12/dist-packages/numpy/linalg/__pycache__/_linalg.cpython-312.pyc	ALLOW_OS_RUNTIME_OR_RELATIVE_RUNTIME
analysis_run1	247	/usr/lib/python3.12/__pycache__/typing.cpython-312.pyc	ALLOW_OS_RUNTIME_OR_RELATIVE_RUNTIME
analysis_run1	248	/usr/lib/python3.12/collections	ALLOW_OS_RUNTIME_OR_RELATIVE_RUNTIME
analysis_run1	249	/usr/lib/python3.12/collections/__pycache__/abc.cpython-312.pyc	ALLOW_OS_RUNTIME_OR_RELATIVE_RUNTIME
analysis_run1	250	/usr/local/lib/python3.12/dist-packages/numpy/_typing/__pycache__/__init__.cpython-312.pyc	ALLOW_OS_RUNTIME_OR_RELATIVE_RUNTIME
analysis_run1	251	/usr/local/lib/python3.12/dist-packages/numpy/_typing	ALLOW_OS_RUNTIME_OR_RELATIVE_RUNTIME
analysis_run1	252	/usr/local/lib/python3.12/dist-packages/numpy/_typing/__pycache__/_array_like.cpython-312.pyc	ALLOW_OS_RUNTIME_OR_RELATIVE_RUNTIME
analysis_run1	253	/usr/local/lib/python3.12/dist-packages/numpy/_typing/__pycache__/_nbit_base.cpython-312.pyc	ALLOW_OS_RUNTIME_OR_RELATIVE_RUNTIME
analysis_run1	254	/usr/local/lib/python3.12/dist-packages/numpy/_typing/__pycache__/_nested_sequence.cpython-312.pyc	ALLOW_OS_RUNTIME_OR_RELATIVE_RUNTIME
analysis_run1	255	/usr/local/lib/python3.12/dist-packages/numpy/_typing/__pycache__/_shape.cpython-312.pyc	ALLOW_OS_RUNTIME_OR_RELATIVE_RUNTIME
analysis_run1	256	/usr/local/lib/python3.12/dist-packages/numpy/_typing/__pycache__/_char_codes.cpython-312.pyc	ALLOW_OS_RUNTIME_OR_RELATIVE_RUNTIME
analysis_run1	257	/usr/local/lib/python3.12/dist-packages/numpy/_typing/__pycache__/_dtype_like.cpython-312.pyc	ALLOW_OS_RUNTIME_OR_RELATIVE_RUNTIME
analysis_run1	258	/usr/local/lib/python3.12/dist-packages/numpy/_typing/__pycache__/_nbit.cpython-312.pyc	ALLOW_OS_RUNTIME_OR_RELATIVE_RUNTIME
analysis_run1	259	/usr/local/lib/python3.12/dist-packages/numpy/_typing/__pycache__/_scalars.cpython-312.pyc	ALLOW_OS_RUNTIME_OR_RELATIVE_RUNTIME
analysis_run1	260	/usr/local/lib/python3.12/dist-packages/numpy/_typing/__pycache__/_ufunc.cpython-312.pyc	ALLOW_OS_RUNTIME_OR_RELATIVE_RUNTIME
analysis_run1	261	/usr/local/lib/python3.12/dist-packages/numpy/lib/__pycache__/_twodim_base_impl.cpython-312.pyc	ALLOW_OS_RUNTIME_OR_RELATIVE_RUNTIME
analysis_run1	262	/usr/local/lib/python3.12/dist-packages/numpy/lib/__pycache__/_stride_tricks_impl.cpython-312.pyc	ALLOW_OS_RUNTIME_OR_RELATIVE_RUNTIME
analysis_run1	263	/usr/local/lib/python3.12/dist-packages/numpy/lib/__pycache__/array_utils.cpython-312.pyc	ALLOW_OS_RUNTIME_OR_RELATIVE_RUNTIME
analysis_run1	264	/usr/local/lib/python3.12/dist-packages/numpy/lib/__pycache__/_array_utils_impl.cpython-312.pyc	ALLOW_OS_RUNTIME_OR_RELATIVE_RUNTIME
analysis_run1	265	/usr/local/lib/python3.12/dist-packages/numpy/linalg/_umath_linalg.cpython-312-x86_64-linux-gnu.so	ALLOW_OS_RUNTIME_OR_RELATIVE_RUNTIME
analysis_run1	266	/usr/local/lib/python3.12/dist-packages/numpy/linalg/__pycache__/linalg.cpython-312.pyc	ALLOW_OS_RUNTIME_OR_RELATIVE_RUNTIME
analysis_run1	267	/usr/local/lib/python3.12/dist-packages/numpy/lib/__pycache__/_function_base_impl.cpython-312.pyc	ALLOW_OS_RUNTIME_OR_RELATIVE_RUNTIME
analysis_run1	268	/usr/local/lib/python3.12/dist-packages/numpy/lib/__pycache__/_histograms_impl.cpython-312.pyc	ALLOW_OS_RUNTIME_OR_RELATIVE_RUNTIME
analysis_run1	269	/usr/local/lib/python3.12/dist-packages/numpy/lib/__pycache__/stride_tricks.cpython-312.pyc	ALLOW_OS_RUNTIME_OR_RELATIVE_RUNTIME
analysis_run1	270	/usr/local/lib/python3.12/dist-packages/numpy/lib/__pycache__/_arraysetops_impl.cpython-312.pyc	ALLOW_OS_RUNTIME_OR_RELATIVE_RUNTIME
analysis_run1	271	/usr/local/lib/python3.12/dist-packages/numpy/lib/__pycache__/_arrayterator_impl.cpython-312.pyc	ALLOW_OS_RUNTIME_OR_RELATIVE_RUNTIME
analysis_run1	272	/usr/local/lib/python3.12/dist-packages/numpy/lib/__pycache__/_nanfunctions_impl.cpython-312.pyc	ALLOW_OS_RUNTIME_OR_RELATIVE_RUNTIME
analysis_run1	273	/usr/local/lib/python3.12/dist-packages/numpy/lib/__pycache__/_npyio_impl.cpython-312.pyc	ALLOW_OS_RUNTIME_OR_RELATIVE_RUNTIME
analysis_run1	274	/usr/lib/python3.12/__pycache__/weakref.cpython-312.pyc	ALLOW_OS_RUNTIME_OR_RELATIVE_RUNTIME
analysis_run1	275	/usr/local/lib/python3.12/dist-packages/numpy/lib/__pycache__/format.cpython-312.pyc	ALLOW_OS_RUNTIME_OR_RELATIVE_RUNTIME
analysis_run1	276	/usr/local/lib/python3.12/dist-packages/numpy/lib/__pycache__/_format_impl.cpython-312.pyc	ALLOW_OS_RUNTIME_OR_RELATIVE_RUNTIME
analysis_run1	277	/usr/local/lib/python3.12/dist-packages/numpy/lib/__pycache__/_utils_impl.cpython-312.pyc	ALLOW_OS_RUNTIME_OR_RELATIVE_RUNTIME
analysis_run1	278	/usr/lib/python3.12/__pycache__/platform.cpython-312.pyc	ALLOW_OS_RUNTIME_OR_RELATIVE_RUNTIME
analysis_run1	279	/usr/lib/python3.12/__pycache__/textwrap.cpython-312.pyc	ALLOW_OS_RUNTIME_OR_RELATIVE_RUNTIME
analysis_run1	280	/usr/local/lib/python3.12/dist-packages/numpy/lib/__pycache__/_datasource.cpython-312.pyc	ALLOW_OS_RUNTIME_OR_RELATIVE_RUNTIME
analysis_run1	281	/usr/local/lib/python3.12/dist-packages/numpy/lib/__pycache__/_iotools.cpython-312.pyc	ALLOW_OS_RUNTIME_OR_RELATIVE_RUNTIME
analysis_run1	282	/usr/local/lib/python3.12/dist-packages/numpy/lib/__pycache__/_polynomial_impl.cpython-312.pyc	ALLOW_OS_RUNTIME_OR_RELATIVE_RUNTIME
analysis_run1	283	/usr/local/lib/python3.12/dist-packages/numpy/lib/__pycache__/_type_check_impl.cpython-312.pyc	ALLOW_OS_RUNTIME_OR_RELATIVE_RUNTIME
analysis_run1	284	/usr/local/lib/python3.12/dist-packages/numpy/lib/__pycache__/_ufunclike_impl.cpython-312.pyc	ALLOW_OS_RUNTIME_OR_RELATIVE_RUNTIME
analysis_run1	285	/usr/local/lib/python3.12/dist-packages/numpy/lib/__pycache__/_shape_base_impl.cpython-312.pyc	ALLOW_OS_RUNTIME_OR_RELATIVE_RUNTIME
analysis_run1	286	/usr/local/lib/python3.12/dist-packages/numpy/lib/__pycache__/_version.cpython-312.pyc	ALLOW_OS_RUNTIME_OR_RELATIVE_RUNTIME
analysis_run1	287	/usr/local/lib/python3.12/dist-packages/numpy/lib/__pycache__/introspect.cpython-312.pyc	ALLOW_OS_RUNTIME_OR_RELATIVE_RUNTIME
analysis_run1	288	/usr/local/lib/python3.12/dist-packages/numpy/lib/__pycache__/mixins.cpython-312.pyc	ALLOW_OS_RUNTIME_OR_RELATIVE_RUNTIME
analysis_run1	289	/usr/local/lib/python3.12/dist-packages/numpy/lib/__pycache__/npyio.cpython-312.pyc	ALLOW_OS_RUNTIME_OR_RELATIVE_RUNTIME
analysis_run1	290	/usr/local/lib/python3.12/dist-packages/numpy/lib/__pycache__/scimath.cpython-312.pyc	ALLOW_OS_RUNTIME_OR_RELATIVE_RUNTIME
analysis_run1	291	/usr/local/lib/python3.12/dist-packages/numpy/lib/__pycache__/_scimath_impl.cpython-312.pyc	ALLOW_OS_RUNTIME_OR_RELATIVE_RUNTIME
analysis_run1	292	/usr/local/lib/python3.12/dist-packages/numpy/__pycache__/_array_api_info.cpython-312.pyc	ALLOW_OS_RUNTIME_OR_RELATIVE_RUNTIME
analysis_run1	293	/usr/lib/python3.12/__pycache__/locale.cpython-312.pyc	ALLOW_OS_RUNTIME_OR_RELATIVE_RUNTIME
analysis_run1	294	/usr/lib/python3.12/__pycache__/shutil.cpython-312.pyc	ALLOW_OS_RUNTIME_OR_RELATIVE_RUNTIME
analysis_run1	295	/usr/lib/python3.12/__pycache__/bz2.cpython-312.pyc	ALLOW_OS_RUNTIME_OR_RELATIVE_RUNTIME
analysis_run1	296	/usr/lib/python3.12/__pycache__/_compression.cpython-312.pyc	ALLOW_OS_RUNTIME_OR_RELATIVE_RUNTIME
analysis_run1	297	/usr/lib/python3.12/lib-dynload/_bz2.cpython-312-x86_64-linux-gnu.so	ALLOW_OS_RUNTIME_OR_RELATIVE_RUNTIME
analysis_run1	298	/etc/ld.so.cache	ALLOW_OS_RUNTIME_OR_RELATIVE_RUNTIME
analysis_run1	299	/lib/x86_64-linux-gnu/libbz2.so.1.0	ALLOW_OS_RUNTIME_OR_RELATIVE_RUNTIME
analysis_run1	300	/usr/lib/python3.12/__pycache__/lzma.cpython-312.pyc	ALLOW_OS_RUNTIME_OR_RELATIVE_RUNTIME
analysis_run1	301	/usr/lib/python3.12/lib-dynload/_lzma.cpython-312-x86_64-linux-gnu.so	ALLOW_OS_RUNTIME_OR_RELATIVE_RUNTIME
analysis_run1	302	/etc/ld.so.cache	ALLOW_OS_RUNTIME_OR_RELATIVE_RUNTIME
analysis_run1	303	/lib/x86_64-linux-gnu/liblzma.so.5	ALLOW_OS_RUNTIME_OR_RELATIVE_RUNTIME
analysis_run1	304	data/external/original-workspace/task027-acquire-freeze-a/freeze_a_redux/cohort_selected_primary.tsv	ALLOW_EXACT_SHA_PINNED_EXTERNAL
analysis_run1	305	data/external/original-workspace/task024-freeze-a/subtype_normalized.tsv	ALLOW_EXACT_SHA_PINNED_EXTERNAL
analysis_run1	306	data/external/original-workspace/revgate-task-b-grade-histology/experiments/taskB_grade_histology/inputs/tcga_cbio_grade.json	ALLOW_LOCKED_ACQUIRED_INPUT
analysis_run1	307	data/external/original-workspace/revgate-task-b-grade-histology/experiments/taskB_grade_histology/inputs/tcga_cbio_icdo_histology.json	ALLOW_LOCKED_ACQUIRED_INPUT
analysis_run1	308	data/external/original-workspace/task029-external-replication-feasibility/join_tables/discovery_join.json	ALLOW_EXACT_SHA_PINNED_EXTERNAL
analysis_run1	309	data/external/original-workspace/task029-external-replication-feasibility/sources/pdc_discovery_biospec.json	ALLOW_EXACT_SHA_PINNED_EXTERNAL
analysis_run1	310	data/external/original-workspace/revgate-task-b-grade-histology/experiments/taskB_grade_histology/inputs/pdc_PDC000125_grade_histology.json	ALLOW_LOCKED_ACQUIRED_INPUT
analysis_run1	311	data/external/original-workspace/revgate-task-b-grade-histology/experiments/taskB_grade_histology/inputs/cptac_discovery_grade.json	ALLOW_LOCKED_ACQUIRED_INPUT
analysis_run1	312	data/external/original-workspace/revgate-task-b-grade-histology/experiments/taskB_grade_histology/inputs/cptac_discovery_histology.json	ALLOW_LOCKED_ACQUIRED_INPUT
analysis_run1	313	data/external/original-workspace/task029-external-replication-feasibility/join_tables/confirmatory_join.json	ALLOW_EXACT_SHA_PINNED_EXTERNAL
analysis_run1	314	data/external/original-workspace/task029-external-replication-feasibility/sources/pdc_confirmatory_biospec.json	ALLOW_EXACT_SHA_PINNED_EXTERNAL
analysis_run1	315	data/external/original-workspace/revgate-task-b-grade-histology/experiments/taskB_grade_histology/inputs/pdc_PDC000439_grade_histology.json	ALLOW_LOCKED_ACQUIRED_INPUT
analysis_run1	316	data/external/original-workspace/revgate-task-b-grade-histology/experiments/taskB_grade_histology/phase1_execution/run1/SOURCE_FIELD_DICTIONARY.tsv	ALLOW_DECLARED_OUTPUT
analysis_run1	317	data/external/original-workspace/revgate-task-b-grade-histology/experiments/taskB_grade_histology/inputs/tcga_cbio_grade.json	ALLOW_LOCKED_ACQUIRED_INPUT
analysis_run1	318	data/external/original-workspace/revgate-task-b-grade-histology/experiments/taskB_grade_histology/inputs/tcga_cbio_icdo_histology.json	ALLOW_LOCKED_ACQUIRED_INPUT
analysis_run1	319	data/external/original-workspace/revgate-task-b-grade-histology/experiments/taskB_grade_histology/inputs/cptac_discovery_grade.json	ALLOW_LOCKED_ACQUIRED_INPUT
analysis_run1	320	data/external/original-workspace/revgate-task-b-grade-histology/experiments/taskB_grade_histology/inputs/cptac_discovery_histology.json	ALLOW_LOCKED_ACQUIRED_INPUT
analysis_run1	321	data/external/original-workspace/revgate-task-b-grade-histology/experiments/taskB_grade_histology/inputs/pdc_PDC000125_grade_histology.json	ALLOW_LOCKED_ACQUIRED_INPUT
analysis_run1	322	data/external/original-workspace/revgate-task-b-grade-histology/experiments/taskB_grade_histology/inputs/pdc_PDC000125_grade_histology.json	ALLOW_LOCKED_ACQUIRED_INPUT
analysis_run1	323	data/external/original-workspace/revgate-task-b-grade-histology/experiments/taskB_grade_histology/inputs/pdc_PDC000125_grade_histology.json	ALLOW_LOCKED_ACQUIRED_INPUT
analysis_run1	324	data/external/original-workspace/revgate-task-b-grade-histology/experiments/taskB_grade_histology/inputs/pdc_PDC000439_grade_histology.json	ALLOW_LOCKED_ACQUIRED_INPUT
analysis_run1	325	data/external/original-workspace/revgate-task-b-grade-histology/experiments/taskB_grade_histology/inputs/pdc_PDC000439_grade_histology.json	ALLOW_LOCKED_ACQUIRED_INPUT
analysis_run1	326	data/external/original-workspace/revgate-task-b-grade-histology/experiments/taskB_grade_histology/inputs/pdc_PDC000439_grade_histology.json	ALLOW_LOCKED_ACQUIRED_INPUT
analysis_run1	327	data/external/original-workspace/revgate-task-b-grade-histology/experiments/taskB_grade_histology/phase1_execution/run1/RAW_CATEGORY_COUNTS.tsv	ALLOW_DECLARED_OUTPUT
analysis_run1	328	data/external/original-workspace/revgate-task-b-grade-histology/experiments/taskB_grade_histology/phase1_execution/run1/LINKAGE_LEDGER.tsv	ALLOW_DECLARED_OUTPUT
analysis_run1	329	data/external/original-workspace/revgate-task-b-grade-histology/experiments/taskB_grade_histology/phase1_execution/run1/MISSINGNESS.tsv	ALLOW_DECLARED_OUTPUT
analysis_run1	330	data/external/original-workspace/revgate-task-b-grade-histology/experiments/taskB_grade_histology/phase1_execution/run1/SUBTYPE_BY_RAW_CATEGORY.tsv	ALLOW_DECLARED_OUTPUT
analysis_run1	331	data/external/original-workspace/revgate-task-b-grade-histology/experiments/taskB_grade_histology/phase1_execution/run1/SUBTYPE_BY_PROPOSED_CATEGORY.tsv	ALLOW_DECLARED_OUTPUT
analysis_run1	332	data/external/original-workspace/revgate-task-b-grade-histology/experiments/taskB_grade_histology/phase1_execution/run1/HARMONIZATION_MAP.tsv	ALLOW_DECLARED_OUTPUT
analysis_run1	333	data/external/original-workspace/revgate-task-b-grade-histology/experiments/taskB_grade_histology/PHASE1_FEASIBILITY_RULES.json	ALLOW_PHASE1_CODE_LOCK_OR_RULE
analysis_run1	334	data/external/original-workspace/revgate-task-b-grade-histology/experiments/taskB_grade_histology/PHASE1_FEASIBILITY_RULES.json	ALLOW_PHASE1_CODE_LOCK_OR_RULE
analysis_run1	335	data/external/original-workspace/revgate-task-b-grade-histology/experiments/taskB_grade_histology/PHASE1_FEASIBILITY_RULES.json	ALLOW_PHASE1_CODE_LOCK_OR_RULE
analysis_run1	336	data/external/original-workspace/revgate-task-b-grade-histology/experiments/taskB_grade_histology/phase1_execution/run1/FROZEN_HARMONIZATION_SPEC.json	ALLOW_DECLARED_OUTPUT
analysis_run1	337	data/external/original-workspace/revgate-task-b-grade-histology/experiments/taskB_grade_histology/phase1_execution/run1/DESIGN_DIAGNOSTICS.tsv	ALLOW_DECLARED_OUTPUT
analysis_run1	338	data/external/original-workspace/revgate-task-b-grade-histology/experiments/taskB_grade_histology/phase1_execution/run1/PHASE1_DECISION.json	ALLOW_DECLARED_OUTPUT
analysis_run1	339	data/external/original-workspace/revgate-task-b-grade-histology/experiments/taskB_grade_histology/phase1_execution/run1/OUTCOME_FIREWALL_ATTESTATION.txt	ALLOW_DECLARED_OUTPUT
analysis_run1	340	data/external/original-workspace/revgate-task-b-grade-histology/experiments/taskB_grade_histology/phase1_execution/run1/PHASE1_FEASIBILITY_REPORT.md	ALLOW_DECLARED_OUTPUT
analysis_run2	1	/etc/ld.so.cache	ALLOW_OS_RUNTIME_OR_RELATIVE_RUNTIME
analysis_run2	2	/lib/x86_64-linux-gnu/libselinux.so.1	ALLOW_OS_RUNTIME_OR_RELATIVE_RUNTIME
analysis_run2	3	/lib/x86_64-linux-gnu/libcap.so.2	ALLOW_OS_RUNTIME_OR_RELATIVE_RUNTIME
analysis_run2	4	/lib/x86_64-linux-gnu/libc.so.6	ALLOW_OS_RUNTIME_OR_RELATIVE_RUNTIME
analysis_run2	5	/lib/x86_64-linux-gnu/libpcre2-8.so.0	ALLOW_OS_RUNTIME_OR_RELATIVE_RUNTIME
analysis_run2	6	/proc/filesystems	ALLOW_OS_RUNTIME_OR_RELATIVE_RUNTIME
analysis_run2	7	/proc/sys/kernel/overflowuid	ALLOW_OS_RUNTIME_OR_RELATIVE_RUNTIME
analysis_run2	8	/proc/sys/kernel/overflowgid	ALLOW_OS_RUNTIME_OR_RELATIVE_RUNTIME
analysis_run2	9	/proc	ALLOW_OS_RUNTIME_OR_RELATIVE_RUNTIME
analysis_run2	10	635553/ns	ALLOW_OS_RUNTIME_OR_RELATIVE_RUNTIME
analysis_run2	11	self/fd	ALLOW_OS_RUNTIME_OR_RELATIVE_RUNTIME
analysis_run2	19	self	ALLOW_OS_RUNTIME_OR_RELATIVE_RUNTIME
analysis_run2	20	uid_map	ALLOW_OS_RUNTIME_OR_RELATIVE_RUNTIME
analysis_run2	21	setgroups	ALLOW_OS_RUNTIME_OR_RELATIVE_RUNTIME
analysis_run2	22	gid_map	ALLOW_OS_RUNTIME_OR_RELATIVE_RUNTIME
analysis_run2	23	/newroot	ALLOW_OS_RUNTIME_OR_RELATIVE_RUNTIME
analysis_run2	24	self/mountinfo	ALLOW_OS_RUNTIME_OR_RELATIVE_RUNTIME
analysis_run2	25	/newroot/dev/null	ALLOW_OS_RUNTIME_OR_RELATIVE_RUNTIME
analysis_run2	26	/newroot/dev/null	ALLOW_OS_RUNTIME_OR_RELATIVE_RUNTIME
analysis_run2	27	self/mountinfo	ALLOW_OS_RUNTIME_OR_RELATIVE_RUNTIME
analysis_run2	28	/newroot/dev/zero	ALLOW_OS_RUNTIME_OR_RELATIVE_RUNTIME
analysis_run2	29	/newroot/dev/zero	ALLOW_OS_RUNTIME_OR_RELATIVE_RUNTIME
analysis_run2	30	self/mountinfo	ALLOW_OS_RUNTIME_OR_RELATIVE_RUNTIME
analysis_run2	31	/newroot/dev/full	ALLOW_OS_RUNTIME_OR_RELATIVE_RUNTIME
analysis_run2	32	/newroot/dev/full	ALLOW_OS_RUNTIME_OR_RELATIVE_RUNTIME
analysis_run2	33	self/mountinfo	ALLOW_OS_RUNTIME_OR_RELATIVE_RUNTIME
analysis_run2	34	/newroot/dev/random	ALLOW_OS_RUNTIME_OR_RELATIVE_RUNTIME
analysis_run2	35	/newroot/dev/random	ALLOW_OS_RUNTIME_OR_RELATIVE_RUNTIME
analysis_run2	36	self/mountinfo	ALLOW_OS_RUNTIME_OR_RELATIVE_RUNTIME
analysis_run2	37	/newroot/dev/urandom	ALLOW_OS_RUNTIME_OR_RELATIVE_RUNTIME
analysis_run2	38	/newroot/dev/urandom	ALLOW_OS_RUNTIME_OR_RELATIVE_RUNTIME
analysis_run2	39	self/mountinfo	ALLOW_OS_RUNTIME_OR_RELATIVE_RUNTIME
analysis_run2	40	/newroot/dev/tty	ALLOW_OS_RUNTIME_OR_RELATIVE_RUNTIME
analysis_run2	41	/newroot/dev/tty	ALLOW_OS_RUNTIME_OR_RELATIVE_RUNTIME
analysis_run2	42	self/mountinfo	ALLOW_OS_RUNTIME_OR_RELATIVE_RUNTIME
analysis_run2	43	/newroot/proc	ALLOW_OS_RUNTIME_OR_RELATIVE_RUNTIME
analysis_run2	44	self/mountinfo	ALLOW_OS_RUNTIME_OR_RELATIVE_RUNTIME
analysis_run2	45	/newrootdata/external/original-workspace/revgate-task-b-grade-histology	ALLOW_OS_RUNTIME_OR_RELATIVE_RUNTIME
analysis_run2	46	self/mountinfo	ALLOW_OS_RUNTIME_OR_RELATIVE_RUNTIME
analysis_run2	47	/	ALLOW_OS_RUNTIME_OR_RELATIVE_RUNTIME
analysis_run2	48	self	ALLOW_OS_RUNTIME_OR_RELATIVE_RUNTIME
analysis_run2	49	uid_map	ALLOW_OS_RUNTIME_OR_RELATIVE_RUNTIME
analysis_run2	50	gid_map	ALLOW_OS_RUNTIME_OR_RELATIVE_RUNTIME
analysis_run2	51	/etc/ld.so.cache	ALLOW_OS_RUNTIME_OR_RELATIVE_RUNTIME
analysis_run2	52	/lib/x86_64-linux-gnu/libc.so.6	ALLOW_OS_RUNTIME_OR_RELATIVE_RUNTIME
analysis_run2	53	/usr/lib/locale/locale-archive	ALLOW_OS_RUNTIME_OR_RELATIVE_RUNTIME
analysis_run2	54	/usr/share/locale/locale.alias	ALLOW_OS_RUNTIME_OR_RELATIVE_RUNTIME
analysis_run2	55	/usr/lib/locale/C.UTF-8/LC_IDENTIFICATION	ALLOW_OS_RUNTIME_OR_RELATIVE_RUNTIME
analysis_run2	56	/usr/lib/locale/C.utf8/LC_IDENTIFICATION	ALLOW_OS_RUNTIME_OR_RELATIVE_RUNTIME
analysis_run2	57	/usr/lib/x86_64-linux-gnu/gconv/gconv-modules.cache	ALLOW_OS_RUNTIME_OR_RELATIVE_RUNTIME
analysis_run2	58	/usr/lib/locale/C.UTF-8/LC_MEASUREMENT	ALLOW_OS_RUNTIME_OR_RELATIVE_RUNTIME
analysis_run2	59	/usr/lib/locale/C.utf8/LC_MEASUREMENT	ALLOW_OS_RUNTIME_OR_RELATIVE_RUNTIME
analysis_run2	60	/usr/lib/locale/C.UTF-8/LC_TELEPHONE	ALLOW_OS_RUNTIME_OR_RELATIVE_RUNTIME
analysis_run2	61	/usr/lib/locale/C.utf8/LC_TELEPHONE	ALLOW_OS_RUNTIME_OR_RELATIVE_RUNTIME
analysis_run2	62	/usr/lib/locale/C.UTF-8/LC_ADDRESS	ALLOW_OS_RUNTIME_OR_RELATIVE_RUNTIME
analysis_run2	63	/usr/lib/locale/C.utf8/LC_ADDRESS	ALLOW_OS_RUNTIME_OR_RELATIVE_RUNTIME
analysis_run2	64	/usr/lib/locale/C.UTF-8/LC_NAME	ALLOW_OS_RUNTIME_OR_RELATIVE_RUNTIME
analysis_run2	65	/usr/lib/locale/C.utf8/LC_NAME	ALLOW_OS_RUNTIME_OR_RELATIVE_RUNTIME
analysis_run2	66	/usr/lib/locale/C.UTF-8/LC_PAPER	ALLOW_OS_RUNTIME_OR_RELATIVE_RUNTIME
analysis_run2	67	/usr/lib/locale/C.utf8/LC_PAPER	ALLOW_OS_RUNTIME_OR_RELATIVE_RUNTIME
analysis_run2	68	/usr/lib/locale/C.UTF-8/LC_MESSAGES	ALLOW_OS_RUNTIME_OR_RELATIVE_RUNTIME
analysis_run2	69	/usr/lib/locale/C.utf8/LC_MESSAGES	ALLOW_OS_RUNTIME_OR_RELATIVE_RUNTIME
analysis_run2	70	/usr/lib/locale/C.utf8/LC_MESSAGES/SYS_LC_MESSAGES	ALLOW_OS_RUNTIME_OR_RELATIVE_RUNTIME
analysis_run2	71	/usr/lib/locale/C.UTF-8/LC_MONETARY	ALLOW_OS_RUNTIME_OR_RELATIVE_RUNTIME
analysis_run2	72	/usr/lib/locale/C.utf8/LC_MONETARY	ALLOW_OS_RUNTIME_OR_RELATIVE_RUNTIME
analysis_run2	73	/usr/lib/locale/C.UTF-8/LC_COLLATE	ALLOW_OS_RUNTIME_OR_RELATIVE_RUNTIME
analysis_run2	74	/usr/lib/locale/C.utf8/LC_COLLATE	ALLOW_OS_RUNTIME_OR_RELATIVE_RUNTIME
analysis_run2	75	/usr/lib/locale/C.UTF-8/LC_TIME	ALLOW_OS_RUNTIME_OR_RELATIVE_RUNTIME
analysis_run2	76	/usr/lib/locale/C.utf8/LC_TIME	ALLOW_OS_RUNTIME_OR_RELATIVE_RUNTIME
analysis_run2	77	/usr/lib/locale/C.UTF-8/LC_NUMERIC	ALLOW_OS_RUNTIME_OR_RELATIVE_RUNTIME
analysis_run2	78	/usr/lib/locale/C.utf8/LC_NUMERIC	ALLOW_OS_RUNTIME_OR_RELATIVE_RUNTIME
analysis_run2	79	/usr/lib/locale/C.UTF-8/LC_CTYPE	ALLOW_OS_RUNTIME_OR_RELATIVE_RUNTIME
analysis_run2	80	/usr/lib/locale/C.utf8/LC_CTYPE	ALLOW_OS_RUNTIME_OR_RELATIVE_RUNTIME
analysis_run2	81	/etc/ld.so.cache	ALLOW_OS_RUNTIME_OR_RELATIVE_RUNTIME
analysis_run2	82	/lib/x86_64-linux-gnu/libm.so.6	ALLOW_OS_RUNTIME_OR_RELATIVE_RUNTIME
analysis_run2	83	/lib/x86_64-linux-gnu/libz.so.1	ALLOW_OS_RUNTIME_OR_RELATIVE_RUNTIME
analysis_run2	84	/lib/x86_64-linux-gnu/libexpat.so.1	ALLOW_OS_RUNTIME_OR_RELATIVE_RUNTIME
analysis_run2	85	/lib/x86_64-linux-gnu/libc.so.6	ALLOW_OS_RUNTIME_OR_RELATIVE_RUNTIME
analysis_run2	86	data/external/original-workspace/revgate-task-b-grade-histology/experiments/taskB_grade_histology/phase1_execution/venv_phase1/pyvenv.cfg	ALLOW_DECLARED_ENVIRONMENT
analysis_run2	87	data/external/original-workspace/revgate-task-b-grade-histology/experiments/taskB_grade_histology/phase1_execution/venv_phase1/bin/python._pth	ALLOW_DECLARED_ENVIRONMENT
analysis_run2	88	/usr/bin/python3.12._pth	ALLOW_OS_RUNTIME_OR_RELATIVE_RUNTIME
analysis_run2	89	/usr/bin/pybuilddir.txt	ALLOW_OS_RUNTIME_OR_RELATIVE_RUNTIME
analysis_run2	90	/usr/share/zoneinfo/UTC	ALLOW_OS_RUNTIME_OR_RELATIVE_RUNTIME
analysis_run2	91	/usr/lib/python3.12	ALLOW_OS_RUNTIME_OR_RELATIVE_RUNTIME
analysis_run2	92	/usr/lib/python3.12/encodings/__pycache__/__init__.cpython-312.pyc	ALLOW_OS_RUNTIME_OR_RELATIVE_RUNTIME
analysis_run2	93	/usr/lib/python3.12/encodings	ALLOW_OS_RUNTIME_OR_RELATIVE_RUNTIME
analysis_run2	94	/usr/lib/python3.12/encodings/__pycache__/aliases.cpython-312.pyc	ALLOW_OS_RUNTIME_OR_RELATIVE_RUNTIME
analysis_run2	95	/usr/lib/python3.12/encodings/__pycache__/utf_8.cpython-312.pyc	ALLOW_OS_RUNTIME_OR_RELATIVE_RUNTIME
analysis_run2	96	data/external/original-workspace/revgate-task-b-grade-histology/experiments/taskB_grade_histology/phase1_execution/venv_phase1/pyvenv.cfg	ALLOW_DECLARED_ENVIRONMENT
analysis_run2	97	data/external/original-workspace/revgate-task-b-grade-histology/experiments/taskB_grade_histology/phase1_execution/venv_phase1/lib/python3.12/site-packages	ALLOW_DECLARED_ENVIRONMENT
analysis_run2	102	/etc/nsswitch.conf	ALLOW_OS_RUNTIME_OR_RELATIVE_RUNTIME
analysis_run2	103	/etc/passwd	ALLOW_OS_RUNTIME_OR_RELATIVE_RUNTIME
analysis_run2	104	data/external/original-home/.local/lib/python3.12/site-packages	ALLOW_OS_RUNTIME_OR_RELATIVE_RUNTIME
analysis_run2	105	data/external/original-home/.local/lib/python3.12/site-packages/distutils-precedence.pth	ALLOW_OS_RUNTIME_OR_RELATIVE_RUNTIME
analysis_run2	106	/usr/lib/python3.12/encodings/__pycache__/ascii.cpython-312.pyc	ALLOW_OS_RUNTIME_OR_RELATIVE_RUNTIME
analysis_run2	107	/usr/lib/python3.12/lib-dynload	ALLOW_OS_RUNTIME_OR_RELATIVE_RUNTIME
analysis_run2	108	data/external/original-workspace/revgate-task-b-grade-histology/experiments/taskB_grade_histology/phase1_execution/venv_phase1/lib/python3.12/site-packages	ALLOW_DECLARED_ENVIRONMENT
analysis_run2	109	data/external/original-home/.local/lib/python3.12/site-packages	ALLOW_OS_RUNTIME_OR_RELATIVE_RUNTIME
analysis_run2	110	data/external/original-home/.local/lib/python3.12/site-packages/_distutils_hack/__pycache__/__init__.cpython-312.pyc	ALLOW_OS_RUNTIME_OR_RELATIVE_RUNTIME
analysis_run2	111	data/external/original-workspace/revgate-task-b-grade-histology/experiments/taskB_grade_histology/phase1_execution/venv_phase1/lib/python3.12/site-packages	ALLOW_DECLARED_ENVIRONMENT
analysis_run2	112	/usr/local/lib/python3.12/dist-packages	ALLOW_OS_RUNTIME_OR_RELATIVE_RUNTIME
analysis_run2	113	/usr/lib/python3/dist-packages	ALLOW_OS_RUNTIME_OR_RELATIVE_RUNTIME
analysis_run2	114	/usr/lib/python3/dist-packages/distutils-precedence.pth	ALLOW_OS_RUNTIME_OR_RELATIVE_RUNTIME
analysis_run2	115	/usr/lib/python3/dist-packages/zope.interface-6.1-nspkg.pth	ALLOW_OS_RUNTIME_OR_RELATIVE_RUNTIME
analysis_run2	116	/usr/lib/python3.12/__pycache__/types.cpython-312.pyc	ALLOW_OS_RUNTIME_OR_RELATIVE_RUNTIME
analysis_run2	117	/usr/lib/python3.12/importlib/__pycache__/__init__.cpython-312.pyc	ALLOW_OS_RUNTIME_OR_RELATIVE_RUNTIME
analysis_run2	118	/usr/lib/python3.12/__pycache__/warnings.cpython-312.pyc	ALLOW_OS_RUNTIME_OR_RELATIVE_RUNTIME
analysis_run2	119	/usr/lib/python3.12/importlib	ALLOW_OS_RUNTIME_OR_RELATIVE_RUNTIME
analysis_run2	120	/usr/lib/python3.12/importlib/__pycache__/_abc.cpython-312.pyc	ALLOW_OS_RUNTIME_OR_RELATIVE_RUNTIME
analysis_run2	121	/usr/lib/python3.12/__pycache__/threading.cpython-312.pyc	ALLOW_OS_RUNTIME_OR_RELATIVE_RUNTIME
analysis_run2	122	/usr/lib/python3.12/__pycache__/functools.cpython-312.pyc	ALLOW_OS_RUNTIME_OR_RELATIVE_RUNTIME
analysis_run2	123	/usr/lib/python3.12/collections/__pycache__/__init__.cpython-312.pyc	ALLOW_OS_RUNTIME_OR_RELATIVE_RUNTIME
analysis_run2	124	/usr/lib/python3.12/__pycache__/keyword.cpython-312.pyc	ALLOW_OS_RUNTIME_OR_RELATIVE_RUNTIME
analysis_run2	125	/usr/lib/python3.12/__pycache__/operator.cpython-312.pyc	ALLOW_OS_RUNTIME_OR_RELATIVE_RUNTIME
analysis_run2	126	/usr/lib/python3.12/__pycache__/reprlib.cpython-312.pyc	ALLOW_OS_RUNTIME_OR_RELATIVE_RUNTIME
analysis_run2	127	/usr/lib/python3.12/__pycache__/_weakrefset.cpython-312.pyc	ALLOW_OS_RUNTIME_OR_RELATIVE_RUNTIME
analysis_run2	128	/usr/lib/python3/dist-packages	ALLOW_OS_RUNTIME_OR_RELATIVE_RUNTIME
analysis_run2	129	/usr/lib/python3.12/__pycache__/sitecustomize.cpython-312.pyc	ALLOW_OS_RUNTIME_OR_RELATIVE_RUNTIME
analysis_run2	130	/usr/local/lib/python3.12/dist-packages	ALLOW_OS_RUNTIME_OR_RELATIVE_RUNTIME
analysis_run2	131	/usr/lib/python3/dist-packages/__pycache__/apport_python_hook.cpython-312.pyc	ALLOW_OS_RUNTIME_OR_RELATIVE_RUNTIME
analysis_run2	132	data/external/original-workspace/revgate-task-b-grade-histology/experiments/taskB_grade_histology/phase1_execution/audit_phase1.py	ALLOW_PHASE1_CODE_LOCK_OR_RULE
analysis_run2	133	data/external/original-workspace/revgate-task-b-grade-histology/experiments/taskB_grade_histology/phase1_execution/audit_phase1.py	ALLOW_PHASE1_CODE_LOCK_OR_RULE
analysis_run2	134	data/external/original-workspace/revgate-task-b-grade-histology/experiments/taskB_grade_histology/phase1_execution	ALLOW_PHASE1_CODE_DIRECTORY
analysis_run2	135	/usr/lib/python3.12/__pycache__/argparse.cpython-312.pyc	ALLOW_OS_RUNTIME_OR_RELATIVE_RUNTIME
analysis_run2	136	/usr/lib/python3.12/re/__pycache__/__init__.cpython-312.pyc	ALLOW_OS_RUNTIME_OR_RELATIVE_RUNTIME
analysis_run2	137	/usr/lib/python3.12/__pycache__/enum.cpython-312.pyc	ALLOW_OS_RUNTIME_OR_RELATIVE_RUNTIME
analysis_run2	138	/usr/lib/python3.12/re	ALLOW_OS_RUNTIME_OR_RELATIVE_RUNTIME
analysis_run2	139	/usr/lib/python3.12/re/__pycache__/_compiler.cpython-312.pyc	ALLOW_OS_RUNTIME_OR_RELATIVE_RUNTIME
analysis_run2	140	/usr/lib/python3.12/re/__pycache__/_parser.cpython-312.pyc	ALLOW_OS_RUNTIME_OR_RELATIVE_RUNTIME
analysis_run2	141	/usr/lib/python3.12/re/__pycache__/_constants.cpython-312.pyc	ALLOW_OS_RUNTIME_OR_RELATIVE_RUNTIME
analysis_run2	142	/usr/lib/python3.12/re/__pycache__/_casefix.cpython-312.pyc	ALLOW_OS_RUNTIME_OR_RELATIVE_RUNTIME
analysis_run2	143	/usr/lib/python3.12/__pycache__/copyreg.cpython-312.pyc	ALLOW_OS_RUNTIME_OR_RELATIVE_RUNTIME
analysis_run2	144	/usr/lib/python3.12/__pycache__/gettext.cpython-312.pyc	ALLOW_OS_RUNTIME_OR_RELATIVE_RUNTIME
analysis_run2	145	/usr/lib/python3.12/__pycache__/csv.cpython-312.pyc	ALLOW_OS_RUNTIME_OR_RELATIVE_RUNTIME
analysis_run2	146	/usr/lib/python3.12/__pycache__/hashlib.cpython-312.pyc	ALLOW_OS_RUNTIME_OR_RELATIVE_RUNTIME
analysis_run2	147	/usr/lib/python3.12/lib-dynload/_hashlib.cpython-312-x86_64-linux-gnu.so	ALLOW_OS_RUNTIME_OR_RELATIVE_RUNTIME
analysis_run2	148	/etc/ld.so.cache	ALLOW_OS_RUNTIME_OR_RELATIVE_RUNTIME
analysis_run2	149	/lib/x86_64-linux-gnu/libcrypto.so.3	ALLOW_OS_RUNTIME_OR_RELATIVE_RUNTIME
analysis_run2	150	/proc/sys/crypto/fips_enabled	ALLOW_OS_RUNTIME_OR_RELATIVE_RUNTIME
analysis_run2	151	/usr/lib/ssl/openssl.cnf	ALLOW_OS_RUNTIME_OR_RELATIVE_RUNTIME
analysis_run2	152	/usr/lib/python3.12/json/__pycache__/__init__.cpython-312.pyc	ALLOW_OS_RUNTIME_OR_RELATIVE_RUNTIME
analysis_run2	153	/usr/lib/python3.12/json	ALLOW_OS_RUNTIME_OR_RELATIVE_RUNTIME
analysis_run2	154	/usr/lib/python3.12/json/__pycache__/decoder.cpython-312.pyc	ALLOW_OS_RUNTIME_OR_RELATIVE_RUNTIME
analysis_run2	155	/usr/lib/python3.12/json/__pycache__/scanner.cpython-312.pyc	ALLOW_OS_RUNTIME_OR_RELATIVE_RUNTIME
analysis_run2	156	/usr/lib/python3.12/lib-dynload/_json.cpython-312-x86_64-linux-gnu.so	ALLOW_OS_RUNTIME_OR_RELATIVE_RUNTIME
analysis_run2	157	/usr/lib/python3.12/json/__pycache__/encoder.cpython-312.pyc	ALLOW_OS_RUNTIME_OR_RELATIVE_RUNTIME
analysis_run2	158	/usr/lib/python3.12/__pycache__/pathlib.cpython-312.pyc	ALLOW_OS_RUNTIME_OR_RELATIVE_RUNTIME
analysis_run2	159	/usr/lib/python3.12/__pycache__/fnmatch.cpython-312.pyc	ALLOW_OS_RUNTIME_OR_RELATIVE_RUNTIME
analysis_run2	160	/usr/lib/python3.12/urllib/__pycache__/__init__.cpython-312.pyc	ALLOW_OS_RUNTIME_OR_RELATIVE_RUNTIME
analysis_run2	161	/usr/lib/python3.12/urllib	ALLOW_OS_RUNTIME_OR_RELATIVE_RUNTIME
analysis_run2	162	/usr/lib/python3.12/urllib/__pycache__/parse.cpython-312.pyc	ALLOW_OS_RUNTIME_OR_RELATIVE_RUNTIME
analysis_run2	163	/usr/lib/python3.12/__pycache__/ipaddress.cpython-312.pyc	ALLOW_OS_RUNTIME_OR_RELATIVE_RUNTIME
analysis_run2	164	/usr/local/lib/python3.12/dist-packages/numpy/__pycache__/__init__.cpython-312.pyc	ALLOW_OS_RUNTIME_OR_RELATIVE_RUNTIME
analysis_run2	165	/usr/local/lib/python3.12/dist-packages/numpy	ALLOW_OS_RUNTIME_OR_RELATIVE_RUNTIME
analysis_run2	166	/usr/local/lib/python3.12/dist-packages/numpy/__pycache__/version.cpython-312.pyc	ALLOW_OS_RUNTIME_OR_RELATIVE_RUNTIME
analysis_run2	167	/usr/local/lib/python3.12/dist-packages/numpy/__pycache__/_expired_attrs_2_0.cpython-312.pyc	ALLOW_OS_RUNTIME_OR_RELATIVE_RUNTIME
analysis_run2	168	/usr/local/lib/python3.12/dist-packages/numpy/__pycache__/_globals.cpython-312.pyc	ALLOW_OS_RUNTIME_OR_RELATIVE_RUNTIME
analysis_run2	169	/usr/local/lib/python3.12/dist-packages/numpy/_utils/__pycache__/__init__.cpython-312.pyc	ALLOW_OS_RUNTIME_OR_RELATIVE_RUNTIME
analysis_run2	170	/usr/local/lib/python3.12/dist-packages/numpy/_utils	ALLOW_OS_RUNTIME_OR_RELATIVE_RUNTIME
analysis_run2	171	/usr/local/lib/python3.12/dist-packages/numpy/_utils/__pycache__/_convertions.cpython-312.pyc	ALLOW_OS_RUNTIME_OR_RELATIVE_RUNTIME
analysis_run2	172	/usr/local/lib/python3.12/dist-packages/numpy/__pycache__/_distributor_init.cpython-312.pyc	ALLOW_OS_RUNTIME_OR_RELATIVE_RUNTIME
analysis_run2	173	/usr/local/lib/python3.12/dist-packages/numpy/__pycache__/__config__.cpython-312.pyc	ALLOW_OS_RUNTIME_OR_RELATIVE_RUNTIME
analysis_run2	174	/usr/local/lib/python3.12/dist-packages/numpy/_core/__pycache__/__init__.cpython-312.pyc	ALLOW_OS_RUNTIME_OR_RELATIVE_RUNTIME
analysis_run2	175	/usr/local/lib/python3.12/dist-packages/numpy/_core	ALLOW_OS_RUNTIME_OR_RELATIVE_RUNTIME
analysis_run2	176	/usr/local/lib/python3.12/dist-packages/numpy/_core/__pycache__/multiarray.cpython-312.pyc	ALLOW_OS_RUNTIME_OR_RELATIVE_RUNTIME
analysis_run2	177	/usr/local/lib/python3.12/dist-packages/numpy/_core/_multiarray_umath.cpython-312-x86_64-linux-gnu.so	ALLOW_OS_RUNTIME_OR_RELATIVE_RUNTIME
analysis_run2	178	/usr/local/lib/python3.12/dist-packages/numpy/_core/../../numpy.libs/glibc-hwcaps/x86-64-v4/libscipy_openblas64_-fdde5778.so	ALLOW_OS_RUNTIME_OR_RELATIVE_RUNTIME
analysis_run2	179	/usr/local/lib/python3.12/dist-packages/numpy/_core/../../numpy.libs/glibc-hwcaps/x86-64-v3/libscipy_openblas64_-fdde5778.so	ALLOW_OS_RUNTIME_OR_RELATIVE_RUNTIME
analysis_run2	180	/usr/local/lib/python3.12/dist-packages/numpy/_core/../../numpy.libs/glibc-hwcaps/x86-64-v2/libscipy_openblas64_-fdde5778.so	ALLOW_OS_RUNTIME_OR_RELATIVE_RUNTIME
analysis_run2	181	/usr/local/lib/python3.12/dist-packages/numpy/_core/../../numpy.libs/libscipy_openblas64_-fdde5778.so	ALLOW_OS_RUNTIME_OR_RELATIVE_RUNTIME
analysis_run2	182	/usr/local/lib/python3.12/dist-packages/numpy/_core/../../numpy.libs/libstdc++.so.6	ALLOW_OS_RUNTIME_OR_RELATIVE_RUNTIME
analysis_run2	183	/etc/ld.so.cache	ALLOW_OS_RUNTIME_OR_RELATIVE_RUNTIME
analysis_run2	184	/lib/x86_64-linux-gnu/libstdc++.so.6	ALLOW_OS_RUNTIME_OR_RELATIVE_RUNTIME
analysis_run2	185	/usr/local/lib/python3.12/dist-packages/numpy/_core/../../numpy.libs/libgcc_s.so.1	ALLOW_OS_RUNTIME_OR_RELATIVE_RUNTIME
analysis_run2	186	/lib/x86_64-linux-gnu/libgcc_s.so.1	ALLOW_OS_RUNTIME_OR_RELATIVE_RUNTIME
analysis_run2	187	/usr/local/lib/python3.12/dist-packages/numpy/_core/../../numpy.libs/libpthread.so.0	ALLOW_OS_RUNTIME_OR_RELATIVE_RUNTIME
analysis_run2	188	/usr/local/lib/python3.12/dist-packages/numpy/_core/../../numpy.libs/libpthread.so.0	ALLOW_OS_RUNTIME_OR_RELATIVE_RUNTIME
analysis_run2	189	/lib/x86_64-linux-gnu/libpthread.so.0	ALLOW_OS_RUNTIME_OR_RELATIVE_RUNTIME
analysis_run2	190	/usr/local/lib/python3.12/dist-packages/numpy/_core/../../numpy.libs/libgfortran-040039e1-0352e75f.so.5.0.0	ALLOW_OS_RUNTIME_OR_RELATIVE_RUNTIME
analysis_run2	191	/usr/local/lib/python3.12/dist-packages/numpy/_core/../../numpy.libs/libquadmath-96973f99-934c22de.so.0.0.0	ALLOW_OS_RUNTIME_OR_RELATIVE_RUNTIME
analysis_run2	192	/sys/devices/system/cpu/possible	ALLOW_OS_RUNTIME_OR_RELATIVE_RUNTIME
analysis_run2	193	/usr/lib/python3.12/__pycache__/datetime.cpython-312.pyc	ALLOW_OS_RUNTIME_OR_RELATIVE_RUNTIME
analysis_run2	194	/usr/local/lib/python3.12/dist-packages/numpy/__pycache__/exceptions.cpython-312.pyc	ALLOW_OS_RUNTIME_OR_RELATIVE_RUNTIME
analysis_run2	195	/usr/local/lib/python3.12/dist-packages/numpy/_core/__pycache__/_exceptions.cpython-312.pyc	ALLOW_OS_RUNTIME_OR_RELATIVE_RUNTIME
analysis_run2	196	/usr/local/lib/python3.12/dist-packages/numpy/_core/__pycache__/printoptions.cpython-312.pyc	ALLOW_OS_RUNTIME_OR_RELATIVE_RUNTIME
analysis_run2	197	/usr/lib/python3.12/__pycache__/contextvars.cpython-312.pyc	ALLOW_OS_RUNTIME_OR_RELATIVE_RUNTIME
analysis_run2	198	/usr/lib/python3.12/lib-dynload/_contextvars.cpython-312-x86_64-linux-gnu.so	ALLOW_OS_RUNTIME_OR_RELATIVE_RUNTIME
analysis_run2	199	/usr/local/lib/python3.12/dist-packages/numpy/__pycache__/dtypes.cpython-312.pyc	ALLOW_OS_RUNTIME_OR_RELATIVE_RUNTIME
analysis_run2	200	/usr/local/lib/python3.12/dist-packages/numpy/_core/__pycache__/overrides.cpython-312.pyc	ALLOW_OS_RUNTIME_OR_RELATIVE_RUNTIME
analysis_run2	201	/usr/local/lib/python3.12/dist-packages/numpy/_utils/__pycache__/_inspect.cpython-312.pyc	ALLOW_OS_RUNTIME_OR_RELATIVE_RUNTIME
analysis_run2	202	/usr/local/lib/python3.12/dist-packages/numpy/_core/__pycache__/umath.cpython-312.pyc	ALLOW_OS_RUNTIME_OR_RELATIVE_RUNTIME
analysis_run2	203	/usr/local/lib/python3.12/dist-packages/numpy/_core/__pycache__/numerictypes.cpython-312.pyc	ALLOW_OS_RUNTIME_OR_RELATIVE_RUNTIME
analysis_run2	204	/usr/lib/python3.12/__pycache__/numbers.cpython-312.pyc	ALLOW_OS_RUNTIME_OR_RELATIVE_RUNTIME
analysis_run2	205	/usr/local/lib/python3.12/dist-packages/numpy/_core/__pycache__/_dtype.cpython-312.pyc	ALLOW_OS_RUNTIME_OR_RELATIVE_RUNTIME
analysis_run2	206	/usr/local/lib/python3.12/dist-packages/numpy/_core/__pycache__/_string_helpers.cpython-312.pyc	ALLOW_OS_RUNTIME_OR_RELATIVE_RUNTIME
analysis_run2	207	/usr/local/lib/python3.12/dist-packages/numpy/_core/__pycache__/_type_aliases.cpython-312.pyc	ALLOW_OS_RUNTIME_OR_RELATIVE_RUNTIME
analysis_run2	208	/usr/local/lib/python3.12/dist-packages/numpy/_core/__pycache__/_machar.cpython-312.pyc	ALLOW_OS_RUNTIME_OR_RELATIVE_RUNTIME
analysis_run2	209	/usr/local/lib/python3.12/dist-packages/numpy/_core/__pycache__/_ufunc_config.cpython-312.pyc	ALLOW_OS_RUNTIME_OR_RELATIVE_RUNTIME
analysis_run2	210	/usr/local/lib/python3.12/dist-packages/numpy/_core/__pycache__/fromnumeric.cpython-312.pyc	ALLOW_OS_RUNTIME_OR_RELATIVE_RUNTIME
analysis_run2	211	/usr/local/lib/python3.12/dist-packages/numpy/_core/__pycache__/_methods.cpython-312.pyc	ALLOW_OS_RUNTIME_OR_RELATIVE_RUNTIME
analysis_run2	212	/usr/lib/python3.12/__pycache__/pickle.cpython-312.pyc	ALLOW_OS_RUNTIME_OR_RELATIVE_RUNTIME
analysis_run2	213	/usr/lib/python3.12/__pycache__/struct.cpython-312.pyc	ALLOW_OS_RUNTIME_OR_RELATIVE_RUNTIME
analysis_run2	214	/usr/lib/python3.12/__pycache__/_compat_pickle.cpython-312.pyc	ALLOW_OS_RUNTIME_OR_RELATIVE_RUNTIME
analysis_run2	215	/usr/lib/python3.12/__pycache__/contextlib.cpython-312.pyc	ALLOW_OS_RUNTIME_OR_RELATIVE_RUNTIME
analysis_run2	216	/usr/local/lib/python3.12/dist-packages/numpy/_core/__pycache__/einsumfunc.cpython-312.pyc	ALLOW_OS_RUNTIME_OR_RELATIVE_RUNTIME
analysis_run2	217	/usr/local/lib/python3.12/dist-packages/numpy/_core/__pycache__/numeric.cpython-312.pyc	ALLOW_OS_RUNTIME_OR_RELATIVE_RUNTIME
analysis_run2	218	/usr/local/lib/python3.12/dist-packages/numpy/_core/__pycache__/shape_base.cpython-312.pyc	ALLOW_OS_RUNTIME_OR_RELATIVE_RUNTIME
analysis_run2	219	/usr/local/lib/python3.12/dist-packages/numpy/_core/__pycache__/_asarray.cpython-312.pyc	ALLOW_OS_RUNTIME_OR_RELATIVE_RUNTIME
analysis_run2	220	/usr/local/lib/python3.12/dist-packages/numpy/_core/__pycache__/arrayprint.cpython-312.pyc	ALLOW_OS_RUNTIME_OR_RELATIVE_RUNTIME
analysis_run2	221	/usr/local/lib/python3.12/dist-packages/numpy/_core/__pycache__/function_base.cpython-312.pyc	ALLOW_OS_RUNTIME_OR_RELATIVE_RUNTIME
analysis_run2	222	/usr/local/lib/python3.12/dist-packages/numpy/_core/__pycache__/getlimits.cpython-312.pyc	ALLOW_OS_RUNTIME_OR_RELATIVE_RUNTIME
analysis_run2	223	/usr/local/lib/python3.12/dist-packages/numpy/_core/__pycache__/memmap.cpython-312.pyc	ALLOW_OS_RUNTIME_OR_RELATIVE_RUNTIME
analysis_run2	224	/usr/local/lib/python3.12/dist-packages/numpy/_core/__pycache__/records.cpython-312.pyc	ALLOW_OS_RUNTIME_OR_RELATIVE_RUNTIME
analysis_run2	225	/usr/local/lib/python3.12/dist-packages/numpy/_core/__pycache__/_add_newdocs.cpython-312.pyc	ALLOW_OS_RUNTIME_OR_RELATIVE_RUNTIME
analysis_run2	226	/usr/local/lib/python3.12/dist-packages/numpy/_core/__pycache__/_add_newdocs_scalars.cpython-312.pyc	ALLOW_OS_RUNTIME_OR_RELATIVE_RUNTIME
analysis_run2	227	/usr/local/lib/python3.12/dist-packages/numpy/_core/__pycache__/_dtype_ctypes.cpython-312.pyc	ALLOW_OS_RUNTIME_OR_RELATIVE_RUNTIME
analysis_run2	228	/usr/local/lib/python3.12/dist-packages/numpy/_core/__pycache__/_internal.cpython-312.pyc	ALLOW_OS_RUNTIME_OR_RELATIVE_RUNTIME
analysis_run2	229	/usr/lib/python3.12/__pycache__/ast.cpython-312.pyc	ALLOW_OS_RUNTIME_OR_RELATIVE_RUNTIME
analysis_run2	230	/usr/lib/python3.12/ctypes/__pycache__/__init__.cpython-312.pyc	ALLOW_OS_RUNTIME_OR_RELATIVE_RUNTIME
analysis_run2	231	/usr/lib/python3.12/lib-dynload/_ctypes.cpython-312-x86_64-linux-gnu.so	ALLOW_OS_RUNTIME_OR_RELATIVE_RUNTIME
analysis_run2	232	/etc/ld.so.cache	ALLOW_OS_RUNTIME_OR_RELATIVE_RUNTIME
analysis_run2	233	/lib/x86_64-linux-gnu/libffi.so.8	ALLOW_OS_RUNTIME_OR_RELATIVE_RUNTIME
analysis_run2	234	/usr/lib/python3.12/ctypes	ALLOW_OS_RUNTIME_OR_RELATIVE_RUNTIME
analysis_run2	235	/usr/lib/python3.12/ctypes/__pycache__/_endian.cpython-312.pyc	ALLOW_OS_RUNTIME_OR_RELATIVE_RUNTIME
analysis_run2	236	/usr/local/lib/python3.12/dist-packages/numpy/__pycache__/_pytesttester.cpython-312.pyc	ALLOW_OS_RUNTIME_OR_RELATIVE_RUNTIME
analysis_run2	237	/usr/local/lib/python3.12/dist-packages/numpy/lib/__pycache__/__init__.cpython-312.pyc	ALLOW_OS_RUNTIME_OR_RELATIVE_RUNTIME
analysis_run2	238	/usr/local/lib/python3.12/dist-packages/numpy/lib	ALLOW_OS_RUNTIME_OR_RELATIVE_RUNTIME
analysis_run2	239	/usr/local/lib/python3.12/dist-packages/numpy/lib/__pycache__/_arraypad_impl.cpython-312.pyc	ALLOW_OS_RUNTIME_OR_RELATIVE_RUNTIME
analysis_run2	240	/usr/local/lib/python3.12/dist-packages/numpy/lib/__pycache__/_index_tricks_impl.cpython-312.pyc	ALLOW_OS_RUNTIME_OR_RELATIVE_RUNTIME
analysis_run2	241	/usr/local/lib/python3.12/dist-packages/numpy/matrixlib/__pycache__/__init__.cpython-312.pyc	ALLOW_OS_RUNTIME_OR_RELATIVE_RUNTIME
analysis_run2	242	/usr/local/lib/python3.12/dist-packages/numpy/matrixlib	ALLOW_OS_RUNTIME_OR_RELATIVE_RUNTIME
analysis_run2	243	/usr/local/lib/python3.12/dist-packages/numpy/matrixlib/__pycache__/defmatrix.cpython-312.pyc	ALLOW_OS_RUNTIME_OR_RELATIVE_RUNTIME
analysis_run2	244	/usr/local/lib/python3.12/dist-packages/numpy/linalg/__pycache__/__init__.cpython-312.pyc	ALLOW_OS_RUNTIME_OR_RELATIVE_RUNTIME
analysis_run2	245	/usr/local/lib/python3.12/dist-packages/numpy/linalg	ALLOW_OS_RUNTIME_OR_RELATIVE_RUNTIME
analysis_run2	246	/usr/local/lib/python3.12/dist-packages/numpy/linalg/__pycache__/_linalg.cpython-312.pyc	ALLOW_OS_RUNTIME_OR_RELATIVE_RUNTIME
analysis_run2	247	/usr/lib/python3.12/__pycache__/typing.cpython-312.pyc	ALLOW_OS_RUNTIME_OR_RELATIVE_RUNTIME
analysis_run2	248	/usr/lib/python3.12/collections	ALLOW_OS_RUNTIME_OR_RELATIVE_RUNTIME
analysis_run2	249	/usr/lib/python3.12/collections/__pycache__/abc.cpython-312.pyc	ALLOW_OS_RUNTIME_OR_RELATIVE_RUNTIME
analysis_run2	250	/usr/local/lib/python3.12/dist-packages/numpy/_typing/__pycache__/__init__.cpython-312.pyc	ALLOW_OS_RUNTIME_OR_RELATIVE_RUNTIME
analysis_run2	251	/usr/local/lib/python3.12/dist-packages/numpy/_typing	ALLOW_OS_RUNTIME_OR_RELATIVE_RUNTIME
analysis_run2	252	/usr/local/lib/python3.12/dist-packages/numpy/_typing/__pycache__/_array_like.cpython-312.pyc	ALLOW_OS_RUNTIME_OR_RELATIVE_RUNTIME
analysis_run2	253	/usr/local/lib/python3.12/dist-packages/numpy/_typing/__pycache__/_nbit_base.cpython-312.pyc	ALLOW_OS_RUNTIME_OR_RELATIVE_RUNTIME
analysis_run2	254	/usr/local/lib/python3.12/dist-packages/numpy/_typing/__pycache__/_nested_sequence.cpython-312.pyc	ALLOW_OS_RUNTIME_OR_RELATIVE_RUNTIME
analysis_run2	255	/usr/local/lib/python3.12/dist-packages/numpy/_typing/__pycache__/_shape.cpython-312.pyc	ALLOW_OS_RUNTIME_OR_RELATIVE_RUNTIME
analysis_run2	256	/usr/local/lib/python3.12/dist-packages/numpy/_typing/__pycache__/_char_codes.cpython-312.pyc	ALLOW_OS_RUNTIME_OR_RELATIVE_RUNTIME
analysis_run2	257	/usr/local/lib/python3.12/dist-packages/numpy/_typing/__pycache__/_dtype_like.cpython-312.pyc	ALLOW_OS_RUNTIME_OR_RELATIVE_RUNTIME
analysis_run2	258	/usr/local/lib/python3.12/dist-packages/numpy/_typing/__pycache__/_nbit.cpython-312.pyc	ALLOW_OS_RUNTIME_OR_RELATIVE_RUNTIME
analysis_run2	259	/usr/local/lib/python3.12/dist-packages/numpy/_typing/__pycache__/_scalars.cpython-312.pyc	ALLOW_OS_RUNTIME_OR_RELATIVE_RUNTIME
analysis_run2	260	/usr/local/lib/python3.12/dist-packages/numpy/_typing/__pycache__/_ufunc.cpython-312.pyc	ALLOW_OS_RUNTIME_OR_RELATIVE_RUNTIME
analysis_run2	261	/usr/local/lib/python3.12/dist-packages/numpy/lib/__pycache__/_twodim_base_impl.cpython-312.pyc	ALLOW_OS_RUNTIME_OR_RELATIVE_RUNTIME
analysis_run2	262	/usr/local/lib/python3.12/dist-packages/numpy/lib/__pycache__/_stride_tricks_impl.cpython-312.pyc	ALLOW_OS_RUNTIME_OR_RELATIVE_RUNTIME
analysis_run2	263	/usr/local/lib/python3.12/dist-packages/numpy/lib/__pycache__/array_utils.cpython-312.pyc	ALLOW_OS_RUNTIME_OR_RELATIVE_RUNTIME
analysis_run2	264	/usr/local/lib/python3.12/dist-packages/numpy/lib/__pycache__/_array_utils_impl.cpython-312.pyc	ALLOW_OS_RUNTIME_OR_RELATIVE_RUNTIME
analysis_run2	265	/usr/local/lib/python3.12/dist-packages/numpy/linalg/_umath_linalg.cpython-312-x86_64-linux-gnu.so	ALLOW_OS_RUNTIME_OR_RELATIVE_RUNTIME
analysis_run2	266	/usr/local/lib/python3.12/dist-packages/numpy/linalg/__pycache__/linalg.cpython-312.pyc	ALLOW_OS_RUNTIME_OR_RELATIVE_RUNTIME
analysis_run2	267	/usr/local/lib/python3.12/dist-packages/numpy/lib/__pycache__/_function_base_impl.cpython-312.pyc	ALLOW_OS_RUNTIME_OR_RELATIVE_RUNTIME
analysis_run2	268	/usr/local/lib/python3.12/dist-packages/numpy/lib/__pycache__/_histograms_impl.cpython-312.pyc	ALLOW_OS_RUNTIME_OR_RELATIVE_RUNTIME
analysis_run2	269	/usr/local/lib/python3.12/dist-packages/numpy/lib/__pycache__/stride_tricks.cpython-312.pyc	ALLOW_OS_RUNTIME_OR_RELATIVE_RUNTIME
analysis_run2	270	/usr/local/lib/python3.12/dist-packages/numpy/lib/__pycache__/_arraysetops_impl.cpython-312.pyc	ALLOW_OS_RUNTIME_OR_RELATIVE_RUNTIME
analysis_run2	271	/usr/local/lib/python3.12/dist-packages/numpy/lib/__pycache__/_arrayterator_impl.cpython-312.pyc	ALLOW_OS_RUNTIME_OR_RELATIVE_RUNTIME
analysis_run2	272	/usr/local/lib/python3.12/dist-packages/numpy/lib/__pycache__/_nanfunctions_impl.cpython-312.pyc	ALLOW_OS_RUNTIME_OR_RELATIVE_RUNTIME
analysis_run2	273	/usr/local/lib/python3.12/dist-packages/numpy/lib/__pycache__/_npyio_impl.cpython-312.pyc	ALLOW_OS_RUNTIME_OR_RELATIVE_RUNTIME
analysis_run2	274	/usr/lib/python3.12/__pycache__/weakref.cpython-312.pyc	ALLOW_OS_RUNTIME_OR_RELATIVE_RUNTIME
analysis_run2	275	/usr/local/lib/python3.12/dist-packages/numpy/lib/__pycache__/format.cpython-312.pyc	ALLOW_OS_RUNTIME_OR_RELATIVE_RUNTIME
analysis_run2	276	/usr/local/lib/python3.12/dist-packages/numpy/lib/__pycache__/_format_impl.cpython-312.pyc	ALLOW_OS_RUNTIME_OR_RELATIVE_RUNTIME
analysis_run2	277	/usr/local/lib/python3.12/dist-packages/numpy/lib/__pycache__/_utils_impl.cpython-312.pyc	ALLOW_OS_RUNTIME_OR_RELATIVE_RUNTIME
analysis_run2	278	/usr/lib/python3.12/__pycache__/platform.cpython-312.pyc	ALLOW_OS_RUNTIME_OR_RELATIVE_RUNTIME
analysis_run2	279	/usr/lib/python3.12/__pycache__/textwrap.cpython-312.pyc	ALLOW_OS_RUNTIME_OR_RELATIVE_RUNTIME
analysis_run2	280	/usr/local/lib/python3.12/dist-packages/numpy/lib/__pycache__/_datasource.cpython-312.pyc	ALLOW_OS_RUNTIME_OR_RELATIVE_RUNTIME
analysis_run2	281	/usr/local/lib/python3.12/dist-packages/numpy/lib/__pycache__/_iotools.cpython-312.pyc	ALLOW_OS_RUNTIME_OR_RELATIVE_RUNTIME
analysis_run2	282	/usr/local/lib/python3.12/dist-packages/numpy/lib/__pycache__/_polynomial_impl.cpython-312.pyc	ALLOW_OS_RUNTIME_OR_RELATIVE_RUNTIME
analysis_run2	283	/usr/local/lib/python3.12/dist-packages/numpy/lib/__pycache__/_type_check_impl.cpython-312.pyc	ALLOW_OS_RUNTIME_OR_RELATIVE_RUNTIME
analysis_run2	284	/usr/local/lib/python3.12/dist-packages/numpy/lib/__pycache__/_ufunclike_impl.cpython-312.pyc	ALLOW_OS_RUNTIME_OR_RELATIVE_RUNTIME
analysis_run2	285	/usr/local/lib/python3.12/dist-packages/numpy/lib/__pycache__/_shape_base_impl.cpython-312.pyc	ALLOW_OS_RUNTIME_OR_RELATIVE_RUNTIME
analysis_run2	286	/usr/local/lib/python3.12/dist-packages/numpy/lib/__pycache__/_version.cpython-312.pyc	ALLOW_OS_RUNTIME_OR_RELATIVE_RUNTIME
analysis_run2	287	/usr/local/lib/python3.12/dist-packages/numpy/lib/__pycache__/introspect.cpython-312.pyc	ALLOW_OS_RUNTIME_OR_RELATIVE_RUNTIME
analysis_run2	288	/usr/local/lib/python3.12/dist-packages/numpy/lib/__pycache__/mixins.cpython-312.pyc	ALLOW_OS_RUNTIME_OR_RELATIVE_RUNTIME
analysis_run2	289	/usr/local/lib/python3.12/dist-packages/numpy/lib/__pycache__/npyio.cpython-312.pyc	ALLOW_OS_RUNTIME_OR_RELATIVE_RUNTIME
analysis_run2	290	/usr/local/lib/python3.12/dist-packages/numpy/lib/__pycache__/scimath.cpython-312.pyc	ALLOW_OS_RUNTIME_OR_RELATIVE_RUNTIME
analysis_run2	291	/usr/local/lib/python3.12/dist-packages/numpy/lib/__pycache__/_scimath_impl.cpython-312.pyc	ALLOW_OS_RUNTIME_OR_RELATIVE_RUNTIME
analysis_run2	292	/usr/local/lib/python3.12/dist-packages/numpy/__pycache__/_array_api_info.cpython-312.pyc	ALLOW_OS_RUNTIME_OR_RELATIVE_RUNTIME
analysis_run2	293	/usr/lib/python3.12/__pycache__/locale.cpython-312.pyc	ALLOW_OS_RUNTIME_OR_RELATIVE_RUNTIME
analysis_run2	294	/usr/lib/python3.12/__pycache__/shutil.cpython-312.pyc	ALLOW_OS_RUNTIME_OR_RELATIVE_RUNTIME
analysis_run2	295	/usr/lib/python3.12/__pycache__/bz2.cpython-312.pyc	ALLOW_OS_RUNTIME_OR_RELATIVE_RUNTIME
analysis_run2	296	/usr/lib/python3.12/__pycache__/_compression.cpython-312.pyc	ALLOW_OS_RUNTIME_OR_RELATIVE_RUNTIME
analysis_run2	297	/usr/lib/python3.12/lib-dynload/_bz2.cpython-312-x86_64-linux-gnu.so	ALLOW_OS_RUNTIME_OR_RELATIVE_RUNTIME
analysis_run2	298	/etc/ld.so.cache	ALLOW_OS_RUNTIME_OR_RELATIVE_RUNTIME
analysis_run2	299	/lib/x86_64-linux-gnu/libbz2.so.1.0	ALLOW_OS_RUNTIME_OR_RELATIVE_RUNTIME
analysis_run2	300	/usr/lib/python3.12/__pycache__/lzma.cpython-312.pyc	ALLOW_OS_RUNTIME_OR_RELATIVE_RUNTIME
analysis_run2	301	/usr/lib/python3.12/lib-dynload/_lzma.cpython-312-x86_64-linux-gnu.so	ALLOW_OS_RUNTIME_OR_RELATIVE_RUNTIME
analysis_run2	302	/etc/ld.so.cache	ALLOW_OS_RUNTIME_OR_RELATIVE_RUNTIME
analysis_run2	303	/lib/x86_64-linux-gnu/liblzma.so.5	ALLOW_OS_RUNTIME_OR_RELATIVE_RUNTIME
analysis_run2	304	data/external/original-workspace/task027-acquire-freeze-a/freeze_a_redux/cohort_selected_primary.tsv	ALLOW_EXACT_SHA_PINNED_EXTERNAL
analysis_run2	305	data/external/original-workspace/task024-freeze-a/subtype_normalized.tsv	ALLOW_EXACT_SHA_PINNED_EXTERNAL
analysis_run2	306	data/external/original-workspace/revgate-task-b-grade-histology/experiments/taskB_grade_histology/inputs/tcga_cbio_grade.json	ALLOW_LOCKED_ACQUIRED_INPUT
analysis_run2	307	data/external/original-workspace/revgate-task-b-grade-histology/experiments/taskB_grade_histology/inputs/tcga_cbio_icdo_histology.json	ALLOW_LOCKED_ACQUIRED_INPUT
analysis_run2	308	data/external/original-workspace/task029-external-replication-feasibility/join_tables/discovery_join.json	ALLOW_EXACT_SHA_PINNED_EXTERNAL
analysis_run2	309	data/external/original-workspace/task029-external-replication-feasibility/sources/pdc_discovery_biospec.json	ALLOW_EXACT_SHA_PINNED_EXTERNAL
analysis_run2	310	data/external/original-workspace/revgate-task-b-grade-histology/experiments/taskB_grade_histology/inputs/pdc_PDC000125_grade_histology.json	ALLOW_LOCKED_ACQUIRED_INPUT
analysis_run2	311	data/external/original-workspace/revgate-task-b-grade-histology/experiments/taskB_grade_histology/inputs/cptac_discovery_grade.json	ALLOW_LOCKED_ACQUIRED_INPUT
analysis_run2	312	data/external/original-workspace/revgate-task-b-grade-histology/experiments/taskB_grade_histology/inputs/cptac_discovery_histology.json	ALLOW_LOCKED_ACQUIRED_INPUT
analysis_run2	313	data/external/original-workspace/task029-external-replication-feasibility/join_tables/confirmatory_join.json	ALLOW_EXACT_SHA_PINNED_EXTERNAL
analysis_run2	314	data/external/original-workspace/task029-external-replication-feasibility/sources/pdc_confirmatory_biospec.json	ALLOW_EXACT_SHA_PINNED_EXTERNAL
analysis_run2	315	data/external/original-workspace/revgate-task-b-grade-histology/experiments/taskB_grade_histology/inputs/pdc_PDC000439_grade_histology.json	ALLOW_LOCKED_ACQUIRED_INPUT
analysis_run2	316	data/external/original-workspace/revgate-task-b-grade-histology/experiments/taskB_grade_histology/phase1_execution/run2/SOURCE_FIELD_DICTIONARY.tsv	ALLOW_DECLARED_OUTPUT
analysis_run2	317	data/external/original-workspace/revgate-task-b-grade-histology/experiments/taskB_grade_histology/inputs/tcga_cbio_grade.json	ALLOW_LOCKED_ACQUIRED_INPUT
analysis_run2	318	data/external/original-workspace/revgate-task-b-grade-histology/experiments/taskB_grade_histology/inputs/tcga_cbio_icdo_histology.json	ALLOW_LOCKED_ACQUIRED_INPUT
analysis_run2	319	data/external/original-workspace/revgate-task-b-grade-histology/experiments/taskB_grade_histology/inputs/cptac_discovery_grade.json	ALLOW_LOCKED_ACQUIRED_INPUT
analysis_run2	320	data/external/original-workspace/revgate-task-b-grade-histology/experiments/taskB_grade_histology/inputs/cptac_discovery_histology.json	ALLOW_LOCKED_ACQUIRED_INPUT
analysis_run2	321	data/external/original-workspace/revgate-task-b-grade-histology/experiments/taskB_grade_histology/inputs/pdc_PDC000125_grade_histology.json	ALLOW_LOCKED_ACQUIRED_INPUT
analysis_run2	322	data/external/original-workspace/revgate-task-b-grade-histology/experiments/taskB_grade_histology/inputs/pdc_PDC000125_grade_histology.json	ALLOW_LOCKED_ACQUIRED_INPUT
analysis_run2	323	data/external/original-workspace/revgate-task-b-grade-histology/experiments/taskB_grade_histology/inputs/pdc_PDC000125_grade_histology.json	ALLOW_LOCKED_ACQUIRED_INPUT
analysis_run2	324	data/external/original-workspace/revgate-task-b-grade-histology/experiments/taskB_grade_histology/inputs/pdc_PDC000439_grade_histology.json	ALLOW_LOCKED_ACQUIRED_INPUT
analysis_run2	325	data/external/original-workspace/revgate-task-b-grade-histology/experiments/taskB_grade_histology/inputs/pdc_PDC000439_grade_histology.json	ALLOW_LOCKED_ACQUIRED_INPUT
analysis_run2	326	data/external/original-workspace/revgate-task-b-grade-histology/experiments/taskB_grade_histology/inputs/pdc_PDC000439_grade_histology.json	ALLOW_LOCKED_ACQUIRED_INPUT
analysis_run2	327	data/external/original-workspace/revgate-task-b-grade-histology/experiments/taskB_grade_histology/phase1_execution/run2/RAW_CATEGORY_COUNTS.tsv	ALLOW_DECLARED_OUTPUT
analysis_run2	328	data/external/original-workspace/revgate-task-b-grade-histology/experiments/taskB_grade_histology/phase1_execution/run2/LINKAGE_LEDGER.tsv	ALLOW_DECLARED_OUTPUT
analysis_run2	329	data/external/original-workspace/revgate-task-b-grade-histology/experiments/taskB_grade_histology/phase1_execution/run2/MISSINGNESS.tsv	ALLOW_DECLARED_OUTPUT
analysis_run2	330	data/external/original-workspace/revgate-task-b-grade-histology/experiments/taskB_grade_histology/phase1_execution/run2/SUBTYPE_BY_RAW_CATEGORY.tsv	ALLOW_DECLARED_OUTPUT
analysis_run2	331	data/external/original-workspace/revgate-task-b-grade-histology/experiments/taskB_grade_histology/phase1_execution/run2/SUBTYPE_BY_PROPOSED_CATEGORY.tsv	ALLOW_DECLARED_OUTPUT
analysis_run2	332	data/external/original-workspace/revgate-task-b-grade-histology/experiments/taskB_grade_histology/phase1_execution/run2/HARMONIZATION_MAP.tsv	ALLOW_DECLARED_OUTPUT
analysis_run2	333	data/external/original-workspace/revgate-task-b-grade-histology/experiments/taskB_grade_histology/PHASE1_FEASIBILITY_RULES.json	ALLOW_PHASE1_CODE_LOCK_OR_RULE
analysis_run2	334	data/external/original-workspace/revgate-task-b-grade-histology/experiments/taskB_grade_histology/PHASE1_FEASIBILITY_RULES.json	ALLOW_PHASE1_CODE_LOCK_OR_RULE
analysis_run2	335	data/external/original-workspace/revgate-task-b-grade-histology/experiments/taskB_grade_histology/PHASE1_FEASIBILITY_RULES.json	ALLOW_PHASE1_CODE_LOCK_OR_RULE
analysis_run2	336	data/external/original-workspace/revgate-task-b-grade-histology/experiments/taskB_grade_histology/phase1_execution/run2/FROZEN_HARMONIZATION_SPEC.json	ALLOW_DECLARED_OUTPUT
analysis_run2	337	data/external/original-workspace/revgate-task-b-grade-histology/experiments/taskB_grade_histology/phase1_execution/run2/DESIGN_DIAGNOSTICS.tsv	ALLOW_DECLARED_OUTPUT
analysis_run2	338	data/external/original-workspace/revgate-task-b-grade-histology/experiments/taskB_grade_histology/phase1_execution/run2/PHASE1_DECISION.json	ALLOW_DECLARED_OUTPUT
analysis_run2	339	data/external/original-workspace/revgate-task-b-grade-histology/experiments/taskB_grade_histology/phase1_execution/run2/OUTCOME_FIREWALL_ATTESTATION.txt	ALLOW_DECLARED_OUTPUT
analysis_run2	340	data/external/original-workspace/revgate-task-b-grade-histology/experiments/taskB_grade_histology/phase1_execution/run2/PHASE1_FEASIBILITY_REPORT.md	ALLOW_DECLARED_OUTPUT
