model_id	patient_barcode	row_index	hat	cooks_d	max_abs_dfbeta	externally_studentized
primary_cpe|full_base|base|GATA2	TCGA-A5-A0G1	4	0.025748775459312916	0.0097467331246553733	0.19682427022300228	-1.609260821826376
primary_cpe|full_base|base|GATA2	TCGA-A5-A0G2	5	0.025003114870933485	0.0058880314734476476	0.15184476786155715	-1.2685382691678275
primary_cpe|full_base|base|GATA2	TCGA-A5-A0G5	6	0.018860569582130657	0.010489487976821416	0.13970917077673925	-1.9599595831469845
primary_cpe|full_base|base|GATA2	TCGA-A5-A0GW	20	0.040184972977304764	0.009654388630157126	0.20625412592490036	1.2712802605332576
primary_cpe|full_base|base|GATA2	TCGA-A5-A0R6	22	0.011526578868638102	0.0039641783983988578	0.10692470410493896	1.5447575352329046
primary_cpe|full_base|base|GATA2	TCGA-A5-A0VQ	28	0.014524977022966944	0.0028457987952413464	0.10098151531722903	1.1629727619480401
primary_cpe|full_base|base|GATA2	TCGA-A5-A1OF	29	0.021379914492966591	0.005738958786197474	0.16180677273160279	-1.3571745904465446
primary_cpe|full_base|base|GATA2	TCGA-A5-A1OH	31	0.011005740607891473	0.0088058975503142716	0.13296676437276972	2.3643481156451394
primary_cpe|full_base|base|GATA2	TCGA-A5-A2K5	37	0.020794511365754855	0.0022993259638817557	0.11080356373551868	-0.87037482545012834
primary_cpe|full_base|base|GATA2	TCGA-A5-A3LO	39	0.010664440951878715	0.0046009247082957339	0.097208617253404239	1.7319798265718276
primary_cpe|full_base|base|GATA2	TCGA-AJ-A23N	44	0.014438619082765086	0.0052511903025548477	0.12962827909350136	-1.5864117661120007
primary_cpe|full_base|base|GATA2	TCGA-AJ-A2QL	47	0.010802451610331765	0.0052353067527266504	0.11488596389557076	-1.8362428216124607
primary_cpe|full_base|base|GATA2	TCGA-AJ-A3BK	56	0.016155296275847962	0.0068173142912731121	0.15433870815975897	-1.7080251253088143
primary_cpe|full_base|base|GATA2	TCGA-AJ-A3EK	58	0.025525260619429745	0.0063289256673401944	0.15224281365167289	-1.3014151974900396
primary_cpe|full_base|base|GATA2	TCGA-AJ-A3EL	59	0.022528841421794472	0.0035275980085672028	0.12298075817436663	-1.0351474975209214
primary_cpe|full_base|base|GATA2	TCGA-AJ-A3EM	60	0.010710502521054396	0.0095116162785088866	0.12791892171897834	2.4928158056755199
primary_cpe|full_base|base|GATA2	TCGA-AJ-A3I9	61	0.016824140043925385	0.0039572558909058732	0.10215746329415849	-1.2731079708273989
primary_cpe|full_base|base|GATA2	TCGA-AJ-A3NG	64	0.017898160742505602	0.0078489705887566687	0.16999180105502845	1.7398417361402894
primary_cpe|full_base|base|GATA2	TCGA-AJ-A3OL	67	0.016769832216964653	0.019367832668081241	0.19896785998402886	2.8392529534337725
primary_cpe|full_base|base|GATA2	TCGA-AJ-A5DW	71	0.024032111962783754	0.0076328293030737179	0.1883782354288048	1.474769965291177
primary_cpe|full_base|base|GATA2	TCGA-AP-A051	76	0.021112373573208811	0.0051619306631057989	0.15994060716287425	1.2952323147383307
primary_cpe|full_base|base|GATA2	TCGA-AP-A056	79	0.041322918966160471	0.0094486345180676747	0.16728879611229894	-1.2393882690983011
primary_cpe|full_base|base|GATA2	TCGA-AP-A059	80	0.02406898221058603	0.002757939605413724	0.10249038787536977	0.88456021332803447
primary_cpe|full_base|base|GATA2	TCGA-AP-A0LF	91	0.025454201814590394	0.0049712571358008113	0.15630416419227833	-1.1546449741163483
primary_cpe|full_base|base|GATA2	TCGA-AP-A0LG	92	0.010370652555782338	0.0065094585301901193	0.091374959652730792	2.0922788592717354
primary_cpe|full_base|base|GATA2	TCGA-AP-A0LL	96	0.016379457700500276	0.0069826484030482121	0.15540509949036499	-1.7165981261537597
primary_cpe|full_base|base|GATA2	TCGA-AP-A0LS	101	0.032942090965230833	0.0036950880093138379	0.13626172451117313	-0.87117850633415939
primary_cpe|full_base|base|GATA2	TCGA-AP-A1DQ	109	0.010207326801260484	0.0031560172258936034	0.089526401034583356	1.4653232689248359
primary_cpe|full_base|base|GATA2	TCGA-AP-A1E0	112	0.02262548904252323	0.010851045950075952	0.22983930800586733	1.8155713236220257
primary_cpe|full_base|base|GATA2	TCGA-AX-A05Z	123	0.024080108691360926	0.0020431018264213145	0.090670782306723874	0.76100702385370611
primary_cpe|full_base|base|GATA2	TCGA-AX-A06F	129	0.026326783584593387	0.0066470254044383864	0.16258814655582471	-1.3127588107306538
primary_cpe|full_base|base|GATA2	TCGA-AX-A06J	131	0.014091521819615281	0.002598341945608131	0.093591746326569317	-1.1283800434742857
primary_cpe|full_base|base|GATA2	TCGA-AX-A1CN	150	0.017703518977866244	0.0021323080935390431	0.091535951658089865	-0.90989355603306021
primary_cpe|full_base|base|GATA2	TCGA-AX-A2IN	162	0.016151730187585561	0.0029747734688271785	0.10548672710624776	1.1265424924690326
primary_cpe|full_base|base|GATA2	TCGA-AX-A3FT	165	0.010607401535099693	0.0047808957988368364	0.095258166149807533	-1.7705595026415359
primary_cpe|full_base|base|GATA2	TCGA-B5-A0JY	185	0.022093967119876649	0.0027734195690859542	0.1162649351162644	0.92684512531876595
primary_cpe|full_base|base|GATA2	TCGA-B5-A0K7	193	0.012614122160856053	0.0075304295727055765	0.12993766015811009	-2.0377047823220402
primary_cpe|full_base|base|GATA2	TCGA-B5-A1MR	215	0.038646579710548183	0.010626148185970482	0.16926565193113008	-1.3614260221135641
primary_cpe|full_base|base|GATA2	TCGA-B5-A3FC	227	0.0216410909179281	0.004277458254760942	0.13938080173161346	-1.1638732649696824
primary_cpe|full_base|base|GATA2	TCGA-BG-A0LW	234	0.021858378821245323	0.0018602414045167551	0.090657319810009282	0.76303364754053293
primary_cpe|full_base|base|GATA2	TCGA-BG-A0MO	248	0.02282030485840407	0.0022758738082102855	0.095059247858889029	0.82567867402259632
primary_cpe|full_base|base|GATA2	TCGA-BG-A0MT	250	0.010451071954107095	0.0051013645168475428	0.10556831964631568	-1.8431945059036243
primary_cpe|full_base|base|GATA2	TCGA-BG-A0VX	256	0.022838531140466883	0.0064730990848652385	0.17679955881457177	1.3936827394102953
primary_cpe|full_base|base|GATA2	TCGA-BK-A6W3	282	0.021087905283800206	0.005567408123793173	0.16238077997387862	1.3461199446981247
primary_cpe|full_base|base|GATA2	TCGA-BS-A0TA	285	0.013112336805304634	0.0077845036471426475	0.11409607329132442	-2.0314904711947031
primary_cpe|full_base|base|GATA2	TCGA-BS-A0TC	286	0.033519072945837711	0.011728050193652063	0.24664808632545299	1.5406696277943983
primary_cpe|full_base|base|GATA2	TCGA-BS-A0TE	288	0.0098443282314391034	0.0040485940425547089	0.09104248637924052	1.6914852741490203
primary_cpe|full_base|base|GATA2	TCGA-BS-A0UF	296	0.026409146911022099	0.0069943359759171951	0.16587228454205558	-1.344573653685593
primary_cpe|full_base|base|GATA2	TCGA-BS-A0UJ	297	0.031380745987014125	0.013293803153565284	0.26952793188973079	-1.6979954172944982
primary_cpe|full_base|base|GATA2	TCGA-BS-A0V4	301	0.022570979368053416	0.0044830987019949036	0.1443065721882153	1.166170808868813
primary_cpe|full_base|base|GATA2	TCGA-BS-A0V7	303	0.037309102497019277	0.047149910656924712	0.46271893517107981	-2.9405452772395804
primary_cpe|full_base|base|GATA2	TCGA-BS-A0WQ	306	0.017387486028345677	0.0041065643465517162	0.11471719896409353	-1.275362272160554
primary_cpe|full_base|base|GATA2	TCGA-D1-A103	318	0.021753039815474811	0.0057609371103360353	0.17291618890662749	1.3477671744235478
primary_cpe|full_base|base|GATA2	TCGA-D1-A15X	321	0.014849123237931441	0.004950523177494631	0.12245478386001583	-1.5182480065792927
primary_cpe|full_base|base|GATA2	TCGA-D1-A16X	342	0.022544045116677291	0.0029843093371147641	0.12174627743913202	0.95161772138099676
primary_cpe|full_base|base|GATA2	TCGA-D1-A16Y	343	0.028488987798128054	0.023341698849675758	0.33508076048129964	2.3713918635000213
primary_cpe|full_base|base|GATA2	TCGA-D1-A17A	347	0.021881477055503598	0.0026828483365683767	0.11232883141837406	0.91608236483673944
primary_cpe|full_base|base|GATA2	TCGA-D1-A17H	352	0.032062295840492493	0.0048916470757099607	0.1470620493200909	1.0167581913658601
primary_cpe|full_base|base|GATA2	TCGA-D1-A17L	354	0.017757636141262252	0.012183838467036526	0.22886529803025965	-2.18014265704418
primary_cpe|full_base|base|GATA2	TCGA-D1-A17Q	357	0.024742287604461309	0.017503300791429904	0.29451466313584812	2.2060990622457735
primary_cpe|full_base|base|GATA2	TCGA-D1-A17S	359	0.016783554815013799	0.0027689631988352509	0.10374479195766287	-1.0657351423838319
primary_cpe|full_base|base|GATA2	TCGA-D1-A1NS	362	0.012236535944392772	0.0043198597267972358	0.11284648989359947	1.5646251433143394
primary_cpe|full_base|base|GATA2	TCGA-D1-A1O8	371	0.024851341736442233	0.016338852110493986	0.17084536675936848	-2.1259178683649429
primary_cpe|full_base|base|GATA2	TCGA-DF-A2KR	381	0.014220845586364711	0.0022380869463841796	0.092922772540151813	-1.0422024834688515
primary_cpe|full_base|base|GATA2	TCGA-DF-A2KU	383	0.021516275597722789	0.0057955325262819008	0.16306698196250538	-1.3594325957581901
primary_cpe|full_base|base|GATA2	TCGA-E6-A2P8	399	0.012913057077398545	0.0051865865737738721	0.11588228504292208	-1.6688929323517558
primary_cpe|full_base|base|GATA2	TCGA-EO-A22T	410	0.016561395827387471	0.0042479128527839524	0.12674508566659362	1.3298299843065511
primary_cpe|full_base|base|GATA2	TCGA-EO-A22X	412	0.024206997268735909	0.0030139519008619046	0.11116878511300599	-0.92206252173755077
primary_cpe|full_base|base|GATA2	TCGA-EO-A3AV	418	0.025282985430986102	0.0068624229795521572	0.15434994576133623	1.3620236623101478
primary_cpe|full_base|base|GATA2	TCGA-EO-A3AY	419	0.021682850768097325	0.0025262502296245328	0.11038102431718817	-0.89306019301103146
primary_cpe|full_base|base|GATA2	TCGA-EO-A3AZ	420	0.019353820095949777	0.0095410964909408459	0.16153837886950304	-1.844009000375084
primary_cpe|full_base|base|GATA2	TCGA-EO-A3B0	421	0.026176270692020706	0.003894460019761385	0.11662157815502892	-1.0070826656383571
primary_cpe|full_base|base|GATA2	TCGA-EO-A3L0	426	0.014963502531054863	0.0028333929782369824	0.091495186763791356	-1.1429974708723976
primary_cpe|full_base|base|GATA2	TCGA-EY-A1GD	428	0.022156209626997339	0.015043551758639945	0.28521905027755973	2.1637522821924176
primary_cpe|full_base|base|GATA2	TCGA-EY-A1GH	431	0.014993628660666211	0.0029681410279578488	0.10556454273381599	-1.1687365301536767
primary_cpe|full_base|base|GATA2	TCGA-EY-A1GI	432	0.022602610798514861	0.0062272640006165178	0.17403921538111902	1.3741690843029646
primary_cpe|full_base|base|GATA2	TCGA-EY-A1GU	442	0.01609919566395077	0.0037583944881766952	0.11296217571328271	1.2687877617563457
primary_cpe|full_base|base|GATA2	TCGA-EY-A1GV	443	0.033386506028995205	0.0085304333134822701	0.21473198686671202	-1.3158110697771253
primary_cpe|full_base|base|GATA2	TCGA-EY-A1GW	444	0.030734392409958452	0.0027278649800384124	0.11519546327219861	-0.77570421764621555
primary_cpe|full_base|base|GATA2	TCGA-EY-A2OO	453	0.018134309355474387	0.0083179746424765118	0.18750627894763755	1.7794016651452309
primary_cpe|full_base|base|GATA2	TCGA-FI-A2CY	466	0.018586885022187062	0.0032768239435480794	0.12007923021880036	1.1007540292174625
primary_cpe|full_base|base|GATA2	TCGA-FI-A2D5	470	0.022212965485533302	0.0022012037209750263	0.10243741033344568	-0.82329932519347793
primary_cpe|full_base|base|GATA2	TCGA-FI-A2D6	471	0.019961411780097693	0.0048578194564580747	0.13973795515283596	-1.2929680658342759
primary_cpe|full_base|base|GATA2	TCGA-KP-A3W0	485	0.0095942042244219518	0.0039941304127229689	0.092243290276143142	-1.7021046558297526
primary_cpe|full_base|base|GATA2	TCGA-KP-A3W1	486	0.02258772495334696	0.0093971991427936	0.13204049071610474	-1.6902755093997757
primary_cpe|full_base|base|GATA2	TCGA-PG-A6IB	490	0.015459696727452246	0.0071705756917910873	0.14191755288863842	-1.7918522894385265
primary_cpe|full_base|base|GATA2	TCGA-QS-A5YQ	498	0.029162262296214811	0.0043893039559441136	0.14701855783483778	-1.0113920561076746
primary_cpe|full_base|base|SOX9	TCGA-A5-A0G1	4	0.025748775459312916	0.0024383824567025098	0.098446442063146178	-0.80334619906315174
primary_cpe|full_base|base|SOX9	TCGA-A5-A0GP	16	0.024371666857042298	0.011485268640498637	0.23796775032617293	1.7979956974342961
primary_cpe|full_base|base|SOX9	TCGA-A5-A0GQ	17	0.018579452261924423	0.0026888740678630632	0.10633756633227337	-0.99710951208991416
primary_cpe|full_base|base|SOX9	TCGA-A5-A0GW	20	0.040184972977304764	0.020447173148735145	0.30016281786484111	1.8534666907269779
primary_cpe|full_base|base|SOX9	TCGA-A5-A0R6	22	0.011526578868638102	0.0044012484377752951	0.1126650992814659	1.6281200344963083
primary_cpe|full_base|base|SOX9	TCGA-A5-A0VQ	28	0.014524977022966944	0.0030314632064558059	0.10422356842342631	1.200416835487466
primary_cpe|full_base|base|SOX9	TCGA-A5-A1OH	31	0.011005740607891473	0.0087807113529860016	0.13277647569484344	2.3609265987732817
primary_cpe|full_base|base|SOX9	TCGA-A5-A2K3	35	0.031268549418701302	0.0047468083395544747	0.12153212228233898	-1.0146366196319592
primary_cpe|full_base|base|SOX9	TCGA-AJ-A23N	44	0.014438619082765086	0.0046007465410755986	0.12133470287414716	1.4844491053606033
primary_cpe|full_base|base|SOX9	TCGA-AJ-A3BK	56	0.016155296275847962	0.0036937734032540612	0.1136065385454201	-1.2555692334940067
primary_cpe|full_base|base|SOX9	TCGA-AJ-A3I9	61	0.016824140043925385	0.0029987551409927592	0.08892902603992521	-1.1078158130235072
primary_cpe|full_base|base|SOX9	TCGA-AJ-A3NF	63	0.0168617929670574	0.0051173914777609738	0.12794561258147466	1.4467848334352547
primary_cpe|full_base|base|SOX9	TCGA-AJ-A3NG	64	0.017898160742505602	0.0050892810299649118	0.13688310279886784	1.3994842866380788
primary_cpe|full_base|base|SOX9	TCGA-AJ-A3OL	67	0.016769832216964653	0.0089237810796261325	0.13505692907227693	1.9188930262372932
primary_cpe|full_base|base|SOX9	TCGA-AJ-A8CT	73	0.037170755580869991	0.010029946862151817	0.22061930287242398	-1.3496760030232315
primary_cpe|full_base|base|SOX9	TCGA-AP-A054	78	0.017175141554721243	0.01243213829210911	0.16737801600541449	2.2405373958383903
primary_cpe|full_base|base|SOX9	TCGA-AP-A05J	84	0.010168349797686146	0.0058126999409989074	0.11607300509039464	1.9961275720891885
primary_cpe|full_base|base|SOX9	TCGA-AP-A0LL	96	0.016379457700500276	0.0031345954312205636	0.10412282114714673	-1.1482656299123435
primary_cpe|full_base|base|SOX9	TCGA-AP-A0LM	97	0.030786009876071316	0.0067285971191390417	0.15795688869120356	-1.21830225634183
primary_cpe|full_base|base|SOX9	TCGA-AP-A0LV	103	0.011399036166005563	0.0034961219228678508	0.089224659945076307	1.4585077390760968
primary_cpe|full_base|base|SOX9	TCGA-AP-A1DQ	109	0.010207326801260484	0.0035565869477968094	0.095038190500514166	1.5559632762837539
primary_cpe|full_base|base|SOX9	TCGA-AP-A1E0	112	0.02262548904252323	0.013379774604105488	0.25521894131766654	2.0176095380319059
primary_cpe|full_base|base|SOX9	TCGA-AX-A05Y	122	0.010743245850078683	0.0052177616147024474	0.10539150446474892	1.8382763560237751
primary_cpe|full_base|base|SOX9	TCGA-AX-A06J	131	0.014091521819615281	0.0033117371888653369	0.10566163610427455	-1.2743468806241522
primary_cpe|full_base|base|SOX9	TCGA-AX-A1C8	141	0.0088656536635652594	0.0041841476767703802	0.093606622012641708	1.8136663111085978
primary_cpe|full_base|base|SOX9	TCGA-AX-A1CN	150	0.017703518977866244	0.0023774007897201313	0.096653575546857093	-0.96085601025976941
primary_cpe|full_base|base|SOX9	TCGA-AX-A2HJ	160	0.010690576190778751	0.0035990991615027857	0.095252673332445095	1.5289482150762959
primary_cpe|full_base|base|SOX9	TCGA-AX-A2IN	162	0.016151730187585561	0.0024592799869757637	0.09591242153744628	-1.0240678769465661
primary_cpe|full_base|base|SOX9	TCGA-AX-A3FZ	169	0.011009104192625773	0.0084921754414509342	0.10267396871300766	2.3210229968602509
primary_cpe|full_base|base|SOX9	TCGA-B5-A0JU	182	0.013068710112069608	0.0065598663578712597	0.11172668884900558	1.8668194623194434
primary_cpe|full_base|base|SOX9	TCGA-B5-A0JY	185	0.022093967119876649	0.0081064597667381173	0.19877262889649638	1.5872176008401657
primary_cpe|full_base|base|SOX9	TCGA-B5-A0K1	188	0.16415372903191713	0.0023052194147415712	0.12179351664216562	0.28638029968453849
primary_cpe|full_base|base|SOX9	TCGA-B5-A11E	196	0.022928768956558862	0.01080016095840243	0.23788413141877571	1.7989030391691159
primary_cpe|full_base|base|SOX9	TCGA-B5-A11N	203	0.040093219407796699	0.0036191150058757344	0.12472342149669198	0.77849849956076367
primary_cpe|full_base|base|SOX9	TCGA-B5-A11U	209	0.016612853180385148	0.0050493693804107443	0.13990384776974185	1.4480532466950153
primary_cpe|full_base|base|SOX9	TCGA-B5-A3FC	227	0.0216410909179281	0.0087906195560111394	0.19981119208452588	1.6708853318527328
primary_cpe|full_base|base|SOX9	TCGA-BG-A0LW	234	0.021858378821245323	0.008301659934042872	0.19151407259834993	-1.6151853328599322
primary_cpe|full_base|base|SOX9	TCGA-BG-A0M0	236	0.016648285610907539	0.0078780927993773852	0.17863755815835039	1.8089049898096812
primary_cpe|full_base|base|SOX9	TCGA-BG-A0MI	246	0.015221347793504595	0.0033346668315448109	0.10254839880782043	1.2295341234983215
primary_cpe|full_base|base|SOX9	TCGA-BG-A0MO	248	0.02282030485840407	0.0043855643092612136	0.13195718025746092	-1.1468997460016077
primary_cpe|full_base|base|SOX9	TCGA-BG-A0VX	256	0.022838531140466883	0.01095998852566854	0.2300541644197609	1.8159366897357732
primary_cpe|full_base|base|SOX9	TCGA-BG-A2AE	268	0.0092220045472644775	0.00359499867721402	0.093124840207040177	-1.6470926198950879
primary_cpe|full_base|base|SOX9	TCGA-BS-A0T9	284	0.017225450220210822	0.0036753227821538087	0.10949321438431633	1.2121113349315524
primary_cpe|full_base|base|SOX9	TCGA-BS-A0TC	286	0.033519072945837711	0.0021501769037175506	0.1056092451583341	-0.65840041528841353
primary_cpe|full_base|base|SOX9	TCGA-BS-A0TJ	290	0.010394858105685519	0.0035477027315871275	0.090459381328397592	1.5397137592895069
primary_cpe|full_base|base|SOX9	TCGA-BS-A0UF	296	0.026409146911022099	0.0020263217237135984	0.089280123306582415	-0.72278036698998005
primary_cpe|full_base|base|SOX9	TCGA-BS-A0UJ	297	0.031380745987014125	0.0062160510519367329	0.18430471399636664	-1.1593134430517249
primary_cpe|full_base|base|SOX9	TCGA-BS-A0UL	298	0.015442383710873774	0.0032776763287095797	0.10263788284093366	1.2100333826192564
primary_cpe|full_base|base|SOX9	TCGA-BS-A0V4	301	0.022570979368053416	0.0019271450228804477	0.094613728926101537	-0.76399830331867624
primary_cpe|full_base|base|SOX9	TCGA-BS-A0WQ	306	0.017387486028345677	0.0047684701760594018	0.12361715765144009	-1.3746689762479043
primary_cpe|full_base|base|SOX9	TCGA-D1-A15X	321	0.014849123237931441	0.004191752094744379	0.11268030193379452	-1.3965643999362403
primary_cpe|full_base|base|SOX9	TCGA-D1-A16J	335	0.013848104497733563	0.0036094369600098747	0.10549762051446836	-1.3424381150680476
primary_cpe|full_base|base|SOX9	TCGA-D1-A16S	340	0.0096314913980216979	0.0034073087502694004	0.090801897054879052	1.5683416853394725
primary_cpe|full_base|base|SOX9	TCGA-D1-A17A	347	0.021881477055503598	0.0035432387984004323	0.12909023489979884	-1.0530622815248798
primary_cpe|full_base|base|SOX9	TCGA-D1-A17H	352	0.032062295840492493	0.010640490999044993	0.21689717223996094	1.5014171476612614
primary_cpe|full_base|base|SOX9	TCGA-D1-A17L	354	0.017757636141262252	0.005850933099639021	0.15859900091663293	-1.5070610050322686
primary_cpe|full_base|base|SOX9	TCGA-D1-A17R	358	0.010458101701607068	0.0040984312794460189	0.10042378654782882	1.650431141913707
primary_cpe|full_base|base|SOX9	TCGA-D1-A1O8	371	0.024851341736442233	0.0046090102422612269	0.090739476870345309	-1.1254581695499515
primary_cpe|full_base|base|SOX9	TCGA-DF-A2KR	381	0.014220845586364711	0.002214285976282536	0.092427357567249277	-1.036633989964961
primary_cpe|full_base|base|SOX9	TCGA-E6-A2P8	399	0.012913057077398545	0.0034398750134109718	0.094372957647575431	-1.3578455633117097
primary_cpe|full_base|base|SOX9	TCGA-EO-A22T	410	0.016561395827387471	0.0040147227064680586	0.12321713518791789	1.2926881648303274
primary_cpe|full_base|base|SOX9	TCGA-EO-A3AU	417	0.014279602774377854	0.0065353720655834851	0.12342480930496426	1.7809264483725125
primary_cpe|full_base|base|SOX9	TCGA-EO-A3AZ	420	0.019353820095949777	0.0032697760430611938	0.094566122052949619	-1.0770863189433826
primary_cpe|full_base|base|SOX9	TCGA-EO-A3B0	421	0.026176270692020706	0.015439979404570833	0.23220878579917445	2.0113140374687508
primary_cpe|full_base|base|SOX9	TCGA-EO-A3L0	426	0.014963502531054863	0.003118361597071454	0.095986040719539117	1.1992573824642976
primary_cpe|full_base|base|SOX9	TCGA-EY-A1GE	429	0.035907981444455624	0.01992111244200262	0.33259983555601902	-1.9403021818359689
primary_cpe|full_base|base|SOX9	TCGA-EY-A1GH	431	0.014993628660666211	0.0022490147244779608	0.091890783428232925	-1.0170123943614402
primary_cpe|full_base|base|SOX9	TCGA-EY-A1GM	435	0.010461059136210139	0.0071453420318601428	0.12015342470140658	2.1833444352999294
primary_cpe|full_base|base|SOX9	TCGA-EY-A1GU	442	0.01609919566395077	0.0024182703866816747	0.090611703687422301	-1.0171618931962716
primary_cpe|full_base|base|SOX9	TCGA-EY-A1GV	443	0.033386506028995205	0.0030095937356972051	0.12754549791900696	-0.78068149283304411
primary_cpe|full_base|base|SOX9	TCGA-EY-A1GW	444	0.030734392409958452	0.0047019103575970805	0.15123806526358444	-1.0188537330342653
primary_cpe|full_base|base|SOX9	TCGA-EY-A1H0	446	0.012584456438173276	0.0049197086503186636	0.10113429870029701	1.6466258069186877
primary_cpe|full_base|base|SOX9	TCGA-EY-A2OO	453	0.018134309355474387	0.0032402581044319715	0.11702989680631361	1.1084441918756807
primary_cpe|full_base|base|SOX9	TCGA-FI-A2CX	465	0.078477031402460123	0.016954941114436607	0.30323585292850569	-1.1810021336900443
primary_cpe|full_base|base|SOX9	TCGA-FI-A2CY	466	0.018586885022187062	0.0033199225981013782	0.12086632579953292	-1.1079869823684054
primary_cpe|full_base|base|SOX9	TCGA-FI-A2D0	467	0.039583760801296747	0.027092358845021806	0.29267956735601741	2.1528793542249396
primary_cpe|full_base|base|SOX9	TCGA-FI-A2D4	469	0.013819602491615141	0.0038351542248317035	0.097385412729589643	1.3853851219991702
primary_cpe|full_base|base|SOX9	TCGA-FI-A2F9	478	0.011091790568062258	0.004295291187277929	0.095494558285605768	1.6400480305956637
primary_cpe|full_base|base|SOX9	TCGA-PG-A6IB	490	0.015459696727452246	0.0032004064661103901	0.094811642713526031	-1.1949617278071365
primary_cpe|full_base|base|SOX9	TCGA-QS-A5YQ	498	0.029162262296214811	0.0030699749516198303	0.12295374068711594	-0.84558077519458796
primary_cpe|full_base|base|HOXA9	TCGA-A5-A0G1	4	0.025748775459312916	0.0058343709442427493	0.15228114419675384	1.2437729898536865
primary_cpe|full_base|base|HOXA9	TCGA-A5-A0G2	5	0.025003114870933485	0.0068315807907494835	0.16355934960825202	-1.3667578819186841
primary_cpe|full_base|base|HOXA9	TCGA-A5-A0GH	11	0.017564020032873662	0.0094123306265542824	0.15206944455906096	1.9249162895796537
primary_cpe|full_base|base|HOXA9	TCGA-A5-A0GN	15	0.023427082346825608	0.0043380321174823341	0.11546358852494398	-1.1253939681797942
primary_cpe|full_base|base|HOXA9	TCGA-A5-A0GP	16	0.024371666857042298	0.0036366636672428435	0.13390570947759811	1.0095050273391242
primary_cpe|full_base|base|HOXA9	TCGA-A5-A0GQ	17	0.018579452261924423	0.0020939995567150066	0.093840384387687256	0.87973127449831545
primary_cpe|full_base|base|HOXA9	TCGA-A5-A0GW	20	0.040184972977304764	0.009205449261206396	0.20140152317796378	1.2412768115392847
primary_cpe|full_base|base|HOXA9	TCGA-A5-A1OF	29	0.021379914492966591	0.0071792042409239134	0.18097487998485706	-1.518654470519035
primary_cpe|full_base|base|HOXA9	TCGA-A5-A1OH	31	0.011005740607891473	0.004728620758989179	0.097436915814365255	1.7280892158220444
primary_cpe|full_base|base|HOXA9	TCGA-A5-A1OJ	32	0.028714732758251354	0.016030396497040984	0.25169163633856284	-1.9537302567056452
primary_cpe|full_base|base|HOXA9	TCGA-A5-A2K3	35	0.031268549418701302	0.024223298385084829	0.27454078620130129	-2.3018447703562388
primary_cpe|full_base|base|HOXA9	TCGA-A5-A2K5	37	0.020794511365754855	0.0014838002707353195	0.089010487573066899	-0.69899914614557779
primary_cpe|full_base|base|HOXA9	TCGA-A5-A2K7	38	0.013991292536206151	0.005758807739023355	0.13498441173874401	-1.6886161955416301
primary_cpe|full_base|base|HOXA9	TCGA-A5-AB3J	42	0.019351306652828033	0.0032510769346075384	0.10122537665647142	1.07406622966313
primary_cpe|full_base|base|HOXA9	TCGA-AJ-A3I9	61	0.016824140043925385	0.0048275858765125532	0.11283349412099762	-1.4066584632414325
primary_cpe|full_base|base|HOXA9	TCGA-AJ-A3NF	63	0.0168617929670574	0.0037559378838150537	0.10961254914756804	1.2387855803971479
primary_cpe|full_base|base|HOXA9	TCGA-AJ-A5DW	71	0.024032111962783754	0.0026238086353629203	0.11044702645439157	0.86342798198320758
primary_cpe|full_base|base|HOXA9	TCGA-AJ-A6NU	72	0.01110870987126044	0.0040409137855326877	0.10288604652547456	-1.5892572850771265
primary_cpe|full_base|base|HOXA9	TCGA-AJ-A8CT	73	0.037170755580869991	0.0088086313924660865	0.20675137678495584	1.2645550224332311
primary_cpe|full_base|base|HOXA9	TCGA-AP-A051	76	0.021112373573208811	0.0029104354656890956	0.12009685759631904	0.97185560541110472
primary_cpe|full_base|base|HOXA9	TCGA-AP-A054	78	0.017175141554721243	0.0055040237325589148	0.11136934062685079	1.4866304192960156
primary_cpe|full_base|base|HOXA9	TCGA-AP-A056	79	0.041322918966160471	0.0082046557739716853	0.15588793821240315	-1.1546885880272479
primary_cpe|full_base|base|HOXA9	TCGA-AP-A0LF	91	0.025454201814590394	0.002432088135521625	0.10932691400160566	-0.80706458036885576
primary_cpe|full_base|base|HOXA9	TCGA-AP-A0LL	96	0.016379457700500276	0.0025643415680136317	0.09417662326136815	-1.0383290084682906
primary_cpe|full_base|base|HOXA9	TCGA-AP-A0LS	101	0.032942090965230833	0.013699271159780512	0.26236760967138167	1.6808978381644795
primary_cpe|full_base|base|HOXA9	TCGA-AP-A1DP	108	0.037179955069296639	0.0041624409050887009	0.1268604968574677	0.86842874095714895
primary_cpe|full_base|base|HOXA9	TCGA-AP-A1DQ	109	0.010207326801260484	0.0037093106481606839	0.097057264498837365	1.5891853996932925
primary_cpe|full_base|base|HOXA9	TCGA-AP-A1E0	112	0.02262548904252323	0.0037525833400378493	0.13516170987440027	1.0653798146188476
primary_cpe|full_base|base|HOXA9	TCGA-AP-A1E3	114	0.014663836811914275	0.0070988211151400147	0.13054556088681116	-1.8316093447901849
primary_cpe|full_base|base|HOXA9	TCGA-AP-A1E4	115	0.017075888122427045	0.010533742603456353	0.20545123951164149	2.0669407710374963
primary_cpe|full_base|base|HOXA9	TCGA-AX-A05T	119	0.010384733554094912	0.0040540588369114084	0.092767809691772118	-1.6473048783866713
primary_cpe|full_base|base|HOXA9	TCGA-AX-A05W	121	0.0082514444104598468	0.0063452868917705536	0.12055841428267647	-2.3206545767729372
primary_cpe|full_base|base|HOXA9	TCGA-AX-A05Y	122	0.010743245850078683	0.0059440424917567786	0.11248754538756911	1.9629752993922702
primary_cpe|full_base|base|HOXA9	TCGA-AX-A05Z	123	0.024080108691360926	0.0049105448422793966	0.14056823683926584	-1.1807642628621107
primary_cpe|full_base|base|HOXA9	TCGA-AX-A062	125	0.014266618348739985	0.0042668535069352561	0.098458798759550603	-1.4380911115722572
primary_cpe|full_base|base|HOXA9	TCGA-AX-A06F	129	0.026326783584593387	0.013198782789853274	0.22910900112984475	-1.8530201862409008
primary_cpe|full_base|base|HOXA9	TCGA-AX-A0J0	136	0.025257017576959941	0.0062741954503215359	0.17431272862863376	1.3028226974699209
primary_cpe|full_base|base|HOXA9	TCGA-AX-A1CE	145	0.011370122576788093	0.0039950435790762793	0.10628006567742432	1.5615978230744407
primary_cpe|full_base|base|HOXA9	TCGA-AX-A3FT	165	0.010607401535099693	0.0097310164528922206	0.13590226058700502	-2.5342819852814125
primary_cpe|full_base|base|HOXA9	TCGA-AX-A3FV	166	0.024713378502351627	0.0042508871299475823	0.11919969040805961	1.0838392967942796
primary_cpe|full_base|base|HOXA9	TCGA-AX-A3GB	176	0.027779469153048405	0.0035257372785557767	0.13478102893136706	0.92925523233044227
primary_cpe|full_base|base|HOXA9	TCGA-B5-A0K1	188	0.16415372903191713	0.0059666250637592259	0.19594419881501629	0.46079545435087282
primary_cpe|full_base|base|HOXA9	TCGA-B5-A0K2	189	0.014122455395574288	0.0057332171620833056	0.10111973544919205	-1.6768398944033918
primary_cpe|full_base|base|HOXA9	TCGA-B5-A11E	196	0.022928768956558862	0.0070945859550022722	0.19280304379439472	1.4563728479201752
primary_cpe|full_base|base|HOXA9	TCGA-B5-A11L	202	0.010666517883659861	0.0074808607760001398	0.12475838849034143	-2.2124485601386352
primary_cpe|full_base|base|HOXA9	TCGA-B5-A11N	203	0.040093219407796699	0.0087264679840288427	0.19367165955917312	-1.2098989338802284
primary_cpe|full_base|base|HOXA9	TCGA-B5-A11Z	213	0.020148190866423971	0.0057731846086265639	0.13445039481467899	1.4032667928291771
primary_cpe|full_base|base|HOXA9	TCGA-B5-A1MR	215	0.038646579710548183	0.0095425686348971743	0.16040339290849256	-1.2899009473868879
primary_cpe|full_base|base|HOXA9	TCGA-BG-A0LW	234	0.021858378821245323	0.0069431101136239936	0.17514399379848208	1.4764911272269186
primary_cpe|full_base|base|HOXA9	TCGA-BG-A0M0	236	0.016648285610907539	0.015690066193423925	0.25210102729517508	2.5611618919278238
primary_cpe|full_base|base|HOXA9	TCGA-BG-A0M4	239	0.014869480434143496	0.0033900606028609477	0.098224642526932124	-1.254588721423989
primary_cpe|full_base|base|HOXA9	TCGA-BG-A0MG	245	0.014326204780257725	0.0062534261011295304	0.14423987618725939	-1.7389537596796891
primary_cpe|full_base|base|HOXA9	TCGA-BG-A0MK	247	0.018385997682630602	0.0026043235419687255	0.09978445160580432	0.98653300221157414
primary_cpe|full_base|base|HOXA9	TCGA-BG-A0MO	248	0.02282030485840407	0.0048205602835063076	0.13834677633083634	1.2025921682190961
primary_cpe|full_base|base|HOXA9	TCGA-BG-A0MT	250	0.010451071954107095	0.0086291808534430126	0.13730147914855292	-2.4029218103528791
primary_cpe|full_base|base|HOXA9	TCGA-BG-A0VX	256	0.022838531140466883	0.0056767732182688478	0.16556777859952396	1.3048314027378123
primary_cpe|full_base|base|HOXA9	TCGA-BK-A6W3	282	0.021087905283800206	0.0027525103277697073	0.11417540803075697	0.94563293303621809
primary_cpe|full_base|base|HOXA9	TCGA-BS-A0T9	284	0.017225450220210822	0.0033368006371892025	0.10432889127529922	-1.1547843787072969
primary_cpe|full_base|base|HOXA9	TCGA-BS-A0U7	292	0.011485859513470767	0.0074756617908437869	0.12758121258407581	-2.1296913794604566
primary_cpe|full_base|base|HOXA9	TCGA-BS-A0UJ	297	0.031380745987014125	0.0028773356499856941	0.12539332553631977	-0.78817799925255383
primary_cpe|full_base|base|HOXA9	TCGA-BS-A0UV	300	0.022912324617459436	0.003155132965853783	0.12609483571673574	-0.97043105991092626
primary_cpe|full_base|base|HOXA9	TCGA-BS-A0V4	301	0.022570979368053416	0.0025371649239087119	0.10856036873153621	-0.87677896744745532
primary_cpe|full_base|base|HOXA9	TCGA-BS-A0V7	303	0.037309102497019277	0.018497789925061812	0.28982560844407029	-1.8321802270443523
primary_cpe|full_base|base|HOXA9	TCGA-BS-A0VI	305	0.012845589658824246	0.0030582493191022189	0.08986544112386298	-1.2834603999681482
primary_cpe|full_base|base|HOXA9	TCGA-D1-A0ZR	311	0.010785236010603105	0.0042795982101797416	0.099337793829054458	1.6605209971949075
primary_cpe|full_base|base|HOXA9	TCGA-D1-A103	318	0.021753039815474811	0.0030850583098022402	0.12653794478039038	0.98544504204340611
primary_cpe|full_base|base|HOXA9	TCGA-D1-A165	326	0.011948164467723954	0.0053882902618453072	0.10702592492667629	1.7698634292005042
primary_cpe|full_base|base|HOXA9	TCGA-D1-A16O	337	0.01499284773813327	0.0035023587317867238	0.094028462354964579	-1.2699113689351502
primary_cpe|full_base|base|HOXA9	TCGA-D1-A16X	342	0.022544045116677291	0.0027287816893868631	0.11641747302366726	0.9098948166240256
primary_cpe|full_base|base|HOXA9	TCGA-D1-A17A	347	0.021881477055503598	0.0045499480239350265	0.1462838552388345	1.1936980696197947
primary_cpe|full_base|base|HOXA9	TCGA-D1-A17H	352	0.032062295840492493	0.0063399626847355081	0.1674234961075883	1.1578891362021877
primary_cpe|full_base|base|HOXA9	TCGA-D1-A17L	354	0.017757636141262252	0.0035001669940144652	0.12266827654078512	1.1645687067382018
primary_cpe|full_base|base|HOXA9	TCGA-D1-A1NS	362	0.012236535944392772	0.0036728206492765069	0.10405263752400698	1.4421668802953631
primary_cpe|full_base|base|HOXA9	TCGA-D1-A1O8	371	0.024851341736442233	0.015937485451149674	0.16873389634142133	-2.0994097367101459
primary_cpe|full_base|base|HOXA9	TCGA-D1-A2G5	373	0.015140742961019634	0.0065138033026095818	0.092685028334554803	1.7255944949527176
primary_cpe|full_base|base|HOXA9	TCGA-DF-A2KV	384	0.021246925172788526	0.0031669172358268819	0.12854578212632681	-1.0105670821976298
primary_cpe|full_base|base|HOXA9	TCGA-DF-A2KZ	385	0.015178923750928962	0.0027681864748879343	0.094235139429427628	-1.1215459039723163
primary_cpe|full_base|base|HOXA9	TCGA-E6-A1M0	398	0.022294329624767253	0.0025794990333017687	0.11205137691446711	0.88967794295988722
primary_cpe|full_base|base|HOXA9	TCGA-EO-A22U	411	0.025635311062482111	0.0022970389384148033	0.10582662067494658	-0.78145717790701097
primary_cpe|full_base|base|HOXA9	TCGA-EO-A22X	412	0.024206997268735909	0.011376931547777079	0.21598683152257123	-1.7957086916014189
primary_cpe|full_base|base|HOXA9	TCGA-EO-A3AV	418	0.025282985430986102	0.0025475347768525347	0.094043287025616082	0.82889201263084367
primary_cpe|full_base|base|HOXA9	TCGA-EO-A3AY	419	0.021682850768097325	0.0062761390124613384	0.17398127697053861	-1.4093071421115986
primary_cpe|full_base|base|HOXA9	TCGA-EO-A3AZ	420	0.019353820095949777	0.0081614178381352372	0.14940302217779075	-1.7046389271519804
primary_cpe|full_base|base|HOXA9	TCGA-EO-A3B0	421	0.026176270692020706	0.0047551486244956226	0.12886569994961922	-1.1130669858571582
primary_cpe|full_base|base|HOXA9	TCGA-EY-A1GD	428	0.022156209626997339	0.0053902436640650021	0.17072909412996742	1.2913099503637304
primary_cpe|full_base|base|HOXA9	TCGA-EY-A1GE	429	0.035907981444455624	0.0052959860358775621	0.17148994158742223	-0.99766365781521182
primary_cpe|full_base|base|HOXA9	TCGA-EY-A1GI	432	0.022602610798514861	0.003725787043545608	0.13461935081330434	-1.0621113428520454
primary_cpe|full_base|base|HOXA9	TCGA-EY-A1GL	434	0.016761221134870646	0.0023825525134691951	0.096986723857499471	-0.98909382801972501
primary_cpe|full_base|base|HOXA9	TCGA-EY-A1GO	436	0.013213029300210198	0.01124261125914919	0.14031771343694596	2.4362976437280803
primary_cpe|full_base|base|HOXA9	TCGA-EY-A1GR	439	0.010287211238684809	0.0042078689473786478	0.10663789938643385	-1.6865024472316181
primary_cpe|full_base|base|HOXA9	TCGA-EY-A1GV	443	0.033386506028995205	0.012818065101692411	0.26322215048948955	-1.6143548821634137
primary_cpe|full_base|base|HOXA9	TCGA-EY-A1GX	445	0.027092619644292062	0.0034656833495949968	0.11426966590917607	0.93324902582788283
primary_cpe|full_base|base|HOXA9	TCGA-EY-A2OO	453	0.018134309355474387	0.012205417759524911	0.22713462470749402	2.1586772707433011
primary_cpe|full_base|base|HOXA9	TCGA-FI-A2CX	465	0.078477031402460123	0.05383821750897369	0.54035321780053192	-2.1109352955996328
primary_cpe|full_base|base|HOXA9	TCGA-FI-A2CY	466	0.018586885022187062	0.0086039130353105838	0.19457603400097867	-1.7871966364369503
primary_cpe|full_base|base|HOXA9	TCGA-FI-A2D4	469	0.013819602491615141	0.0051246367113265369	0.11257294670941465	-1.6024784963775465
primary_cpe|full_base|base|HOXA9	TCGA-FI-A2D5	470	0.022212965485533302	0.003154008481612367	0.1226196014087024	0.98579597344411596
primary_cpe|full_base|base|HOXA9	TCGA-PG-A6IB	490	0.015459696727452246	0.013892423825177502	0.19753684530588836	-2.501673229393178
primary_cpe|full_base|base|HOXA9	TCGA-QF-A5YS	496	0.027596037555640822	0.0020430434538064109	0.10089808045822163	-0.70953140519934232
primary_cpe|full_base|base|HOXA9	TCGA-QS-A5YQ	498	0.029162262296214811	0.0050964411240645609	0.15841920727533645	1.0900014735805676
primary_cpe|full_base|base|WT1	TCGA-A5-A0G1	4	0.025748775459312916	0.0074394977378165915	0.17195742000572964	-1.4050816631780099
primary_cpe|full_base|base|WT1	TCGA-A5-A0G2	5	0.025003114870933485	0.003150021002905244	0.11106353575548428	-0.92714827956872725
primary_cpe|full_base|base|WT1	TCGA-A5-A0G5	6	0.018860569582130657	0.0068045559270382694	0.11252464829168932	-1.5764573704758116
primary_cpe|full_base|base|WT1	TCGA-A5-A0GH	11	0.017564020032873662	0.007591230913671059	0.1365681648784173	1.7274559798495468
primary_cpe|full_base|base|WT1	TCGA-A5-A0GN	15	0.023427082346825608	0.0029525915700596363	0.095257758317293398	-0.92807610058395129
primary_cpe|full_base|base|WT1	TCGA-A5-A0VQ	28	0.014524977022966944	0.0045578217434123474	0.12779635166496536	1.4729947337566058
primary_cpe|full_base|base|WT1	TCGA-A5-A1OF	29	0.021379914492966591	0.0032527317208683195	0.12181598055774617	-1.0209292065739557
primary_cpe|full_base|base|WT1	TCGA-A5-A2K3	35	0.031268549418701302	0.014608435404133296	0.21320239835709301	-1.783799917453943
primary_cpe|full_base|base|WT1	TCGA-A5-A2K7	38	0.013991292536206151	0.0028291867819402743	0.094612417294258469	1.1818541444542532
primary_cpe|full_base|base|WT1	TCGA-AJ-A2QL	47	0.010802451610331765	0.0033527607150991194	0.091938451597086565	-1.4676830934985079
primary_cpe|full_base|base|WT1	TCGA-AJ-A3EL	59	0.022528841421794472	0.0031242561054336164	0.11573665741060968	-0.97405300364826586
primary_cpe|full_base|base|WT1	TCGA-AJ-A3I9	61	0.016824140043925385	0.0040896648623764027	0.10385248508219254	-1.294302167900609
primary_cpe|full_base|base|WT1	TCGA-AJ-A3NG	64	0.017898160742505602	0.0037162852887681667	0.11697044643752499	-1.195264606982789
primary_cpe|full_base|base|WT1	TCGA-AJ-A3OK	66	0.032824119959894912	0.013565746814272408	0.19997457493312662	-1.6757625901507804
primary_cpe|full_base|base|WT1	TCGA-AJ-A3OL	67	0.016769832216964653	0.0074134875581197057	0.12309876567971445	1.7478977820985009
primary_cpe|full_base|base|WT1	TCGA-AJ-A5DW	71	0.024032111962783754	0.0022412711972425369	0.10207870560644959	-0.79792093042879098
primary_cpe|full_base|base|WT1	TCGA-AJ-A8CT	73	0.037170755580869991	0.0046978903605901911	0.15098911179467481	-0.92280470158108485
primary_cpe|full_base|base|WT1	TCGA-AP-A051	76	0.021112373573208811	0.0029276893669824841	0.12045231597368415	-0.97473754859200934
primary_cpe|full_base|base|WT1	TCGA-AP-A056	79	0.041322918966160471	0.005325772005249055	0.12559536599306362	0.92986965990421999
primary_cpe|full_base|base|WT1	TCGA-AP-A05A	81	0.010941926299396991	0.004064238893770146	0.10829041065427637	1.6061607329242606
primary_cpe|full_base|base|WT1	TCGA-AP-A0LF	91	0.025454201814590394	0.0038300758676368257	0.13719589688940967	1.0131777356957883
primary_cpe|full_base|base|WT1	TCGA-AP-A0LL	96	0.016379457700500276	0.0029157747297511995	0.10042276208474055	-1.1073590790164143
primary_cpe|full_base|base|WT1	TCGA-AP-A0LM	97	0.030786009876071316	0.0033896938420978078	0.11211314751263407	0.86407632418832991
primary_cpe|full_base|base|WT1	TCGA-AP-A0LS	101	0.032942090965230833	0.0076036163582363474	0.19546616206163631	-1.2507058676018388
primary_cpe|full_base|base|WT1	TCGA-AP-A1E0	112	0.02262548904252323	0.0049167276756290996	0.15471291946065338	1.2199188967812062
primary_cpe|full_base|base|WT1	TCGA-AX-A05Z	123	0.024080108691360926	0.0039331507290178581	0.12580347914340165	-1.0564469330968353
primary_cpe|full_base|base|WT1	TCGA-AX-A06F	129	0.026326783584593387	0.0042320726014834368	0.12973338974011567	1.046827179916493
primary_cpe|full_base|base|WT1	TCGA-AX-A06J	131	0.014091521819615281	0.0026575884167683531	0.094652755126453908	1.1412052608013175
primary_cpe|full_base|base|WT1	TCGA-AX-A1C5	139	0.017292536692811056	0.0062850807235402019	0.14209538740788052	1.5835885608123483
primary_cpe|full_base|base|WT1	TCGA-AX-A1CN	150	0.017703518977866244	0.0020970159434112725	0.090775278409081908	0.90231983236256252
primary_cpe|full_base|base|WT1	TCGA-AX-A2HH	159	0.022423152570660354	0.0080530497345053589	0.13223687092016212	1.5699753505334206
primary_cpe|full_base|base|WT1	TCGA-AX-A3FS	164	0.013840240396453377	0.0025997243532245081	0.091234803945515447	-1.1390528906082797
primary_cpe|full_base|base|WT1	TCGA-AX-A3FV	166	0.024713378502351627	0.0034552557187030562	0.10746707728664158	-0.97694328866938229
primary_cpe|full_base|base|WT1	TCGA-AX-A3GB	176	0.027779469153048405	0.0027002186453889952	0.11795144334258123	0.81305769617124068
primary_cpe|full_base|base|WT1	TCGA-B5-A0JX	184	0.016666860564015892	0.0058591816193729633	0.1432347109209359	-1.5577971844868215
primary_cpe|full_base|base|WT1	TCGA-B5-A0JY	185	0.022093967119876649	0.0035390326926158415	0.13133583908142793	1.0472372877576603
primary_cpe|full_base|base|WT1	TCGA-B5-A0K1	188	0.16415372903191713	0.03395075273557728	0.4674043392172349	1.1002799151315004
primary_cpe|full_base|base|WT1	TCGA-B5-A11N	203	0.040093219407796699	0.0061123159336523717	0.16208757364080739	-1.0121423877879694
primary_cpe|full_base|base|WT1	TCGA-B5-A11U	209	0.016612853180385148	0.0025591126138501895	0.099599185459432263	1.0298173521719263
primary_cpe|full_base|base|WT1	TCGA-B5-A11Z	213	0.020148190866423971	0.0035033275284847205	0.10473569771047644	1.0922839931685928
primary_cpe|full_base|base|WT1	TCGA-B5-A1MR	215	0.038646579710548183	0.011794001370123328	0.17832469553445709	-1.4345825422282252
primary_cpe|full_base|base|WT1	TCGA-B5-A3FA	225	0.023236297309970795	0.0076434611125940233	0.19891198015337619	1.5015876528265719
primary_cpe|full_base|base|WT1	TCGA-B5-A3FC	227	0.0216410909179281	0.0044896756318728148	0.14279649614205803	-1.1924758468668988
primary_cpe|full_base|base|WT1	TCGA-B5-A5OC	231	0.016092574965780374	0.0049273193587375756	0.094560242511866649	-1.4537935821882844
primary_cpe|full_base|base|WT1	TCGA-BG-A0LW	234	0.021858378821245323	0.0055275376057898193	0.15627304522901952	1.316818591510776
primary_cpe|full_base|base|WT1	TCGA-BG-A0MK	247	0.018385997682630602	0.002360870572632835	0.095006101149168062	0.93920538133180853
primary_cpe|full_base|base|WT1	TCGA-BG-A0MO	248	0.02282030485840407	0.006758954964562797	0.16381741219380333	-1.4248301997741977
primary_cpe|full_base|base|WT1	TCGA-BG-A0MT	250	0.010451071954107095	0.0037955777386285282	0.091060362683523008	-1.5885031412471755
primary_cpe|full_base|base|WT1	TCGA-BG-A0VX	256	0.022838531140466883	0.0055913915839228183	0.16431794833404631	1.2949482592896777
primary_cpe|full_base|base|WT1	TCGA-BK-A6W3	282	0.021087905283800206	0.0042310219711036209	0.14155679918757247	1.1729791555536129
primary_cpe|full_base|base|WT1	TCGA-BS-A0UF	296	0.026409146911022099	0.0045489796947728598	0.13376964678706768	-1.0836596914746357
primary_cpe|full_base|base|WT1	TCGA-BS-A0UJ	297	0.031380745987014125	0.0017330651562281246	0.097316527193873792	-0.61154552561519282
primary_cpe|full_base|base|WT1	TCGA-BS-A0V7	303	0.037309102497019277	0.011866618985272158	0.23213484394653733	-1.4657087399101063
primary_cpe|full_base|base|WT1	TCGA-BS-A0WQ	306	0.017387486028345677	0.0039707735128810739	0.11280459128673265	1.2540312426930815
primary_cpe|full_base|base|WT1	TCGA-D1-A0ZQ	310	0.0095925880452725591	0.0036352528911198449	0.09117394527216692	-1.6235516469408293
primary_cpe|full_base|base|WT1	TCGA-D1-A103	318	0.021753039815474811	0.004187010589125322	0.14741481018242503	1.1484287350677267
primary_cpe|full_base|base|WT1	TCGA-D1-A16G	333	0.029035917706835793	0.0094074837149661101	0.22502217078749656	1.4857452891816507
primary_cpe|full_base|base|WT1	TCGA-D1-A16X	342	0.022544045116677291	0.0033472585214730198	0.12893724903719883	1.0079367002942592
primary_cpe|full_base|base|WT1	TCGA-D1-A16Y	343	0.028488987798128054	0.016827831218052508	0.28450986878333911	2.0103327955921224
primary_cpe|full_base|base|WT1	TCGA-D1-A17A	347	0.021881477055503598	0.0061415975310319592	0.16995496490034562	1.3875524442006764
primary_cpe|full_base|base|WT1	TCGA-D1-A17H	352	0.032062295840492493	0.0066145174412615727	0.1710102487247406	-1.1827638142410486
primary_cpe|full_base|base|WT1	TCGA-D1-A17L	354	0.017757636141262252	0.0047092276904033255	0.14228618184129344	-1.3514498944909874
primary_cpe|full_base|base|WT1	TCGA-D1-A17R	358	0.010458101701607068	0.0033027633221298933	0.090150157645448564	1.4808014918907197
primary_cpe|full_base|base|WT1	TCGA-D1-A17S	359	0.016783554815013799	0.0034855340138411129	0.11639715754626817	-1.1960616323428148
primary_cpe|full_base|base|WT1	TCGA-DF-A2KU	383	0.021516275597722789	0.0045744618684079733	0.14487363780456686	-1.2072891481589032
primary_cpe|full_base|base|WT1	TCGA-DF-A2KV	384	0.021246925172788526	0.0019538880667957985	0.10096929280560535	-0.79346200070218365
primary_cpe|full_base|base|WT1	TCGA-DF-A2KZ	385	0.015178923750928962	0.0027305464961847785	0.093592272912994073	1.1138756568636015
primary_cpe|full_base|base|WT1	TCGA-E6-A1M0	398	0.022294329624767253	0.0021935904420734061	0.10333020368249612	-0.82033507891934287
primary_cpe|full_base|base|WT1	TCGA-EC-A1NJ	402	0.011468704743453871	0.0040659881761912703	0.10423850163499754	-1.5685728607748899
primary_cpe|full_base|base|WT1	TCGA-EO-A22R	408	0.02064512306437145	0.0045841469560526761	0.15314595026763822	1.2344327158776818
primary_cpe|full_base|base|WT1	TCGA-EO-A22S	409	0.014021508573478451	0.0046644602803828242	0.092675435927311964	1.5172317159118258
primary_cpe|full_base|base|WT1	TCGA-EO-A22U	411	0.025635311062482111	0.007412337877098764	0.19010272985942855	1.4056992015438603
primary_cpe|full_base|base|WT1	TCGA-EO-A22X	412	0.024206997268735909	0.0029751321312358973	0.11045053660193124	0.91609511167750113
primary_cpe|full_base|base|WT1	TCGA-EO-A3AV	418	0.025282985430986102	0.0071215173114237921	0.15723673123866558	-1.3875949823325542
primary_cpe|full_base|base|WT1	TCGA-EO-A3AY	419	0.021682850768097325	0.0025727819095900466	0.11139295465853685	-0.90126071501060723
primary_cpe|full_base|base|WT1	TCGA-EO-A3B0	421	0.026176270692020706	0.0023031556506581978	0.089684405543280943	0.77414535867219603
primary_cpe|full_base|base|WT1	TCGA-EO-A3L0	426	0.014963502531054863	0.0031192982190614556	0.096000454680839481	-1.1994379918795843
primary_cpe|full_base|base|WT1	TCGA-EY-A1GD	428	0.022156209626997339	0.0073208979289354241	0.19896904388942765	1.5058061116720911
primary_cpe|full_base|base|WT1	TCGA-EY-A1GE	429	0.035907981444455624	0.0058991576555584161	0.18099235802837271	-1.0530649871903224
primary_cpe|full_base|base|WT1	TCGA-EY-A1GH	431	0.014993628660666211	0.0037748875565806689	0.11904956549010283	-1.318524819837926
primary_cpe|full_base|base|WT1	TCGA-EY-A1GI	432	0.022602610798514861	0.0018392032600313933	0.094583055957649945	-0.74580788166162859
primary_cpe|full_base|base|WT1	TCGA-EY-A1GL	434	0.016761221134870646	0.0056116071635785312	0.14884514691761169	1.5199832157470863
primary_cpe|full_base|base|WT1	TCGA-EY-A1GU	442	0.01609919566395077	0.007165857704009489	0.15597893733893803	1.7545236488445721
primary_cpe|full_base|base|WT1	TCGA-EY-A1GV	443	0.033386506028995205	0.0018565974357686416	0.10017747236992229	0.61302337284281783
primary_cpe|full_base|base|WT1	TCGA-EY-A1GW	444	0.030734392409958452	0.0019934000369571736	0.098473907528286636	-0.66299662503348633
primary_cpe|full_base|base|WT1	TCGA-EY-A1H0	446	0.012584456438173276	0.0050604488536156239	0.10257069424817632	1.6701426615018939
primary_cpe|full_base|base|WT1	TCGA-EY-A2OO	453	0.018134309355474387	0.0082580129851825557	0.18682921973349637	1.7729358633982755
primary_cpe|full_base|base|WT1	TCGA-FI-A2CY	466	0.018586885022187062	0.0048764867524844829	0.14648557675892998	-1.3436164888859763
primary_cpe|full_base|base|WT1	TCGA-FI-A2D0	467	0.039583760801296747	0.014069337988099081	0.21091420297485217	1.5479745334590307
primary_cpe|full_base|base|WT1	TCGA-FI-A2D5	470	0.022212965485533302	0.0025604931918613255	0.11048168375682654	-0.8880505760332742
primary_cpe|full_base|base|WT1	TCGA-FI-A2D6	471	0.019961411780097693	0.002961217237155948	0.10910102558611753	-1.0088296410143498
primary_cpe|full_base|base|WT1	TCGA-PG-A6IB	490	0.015459696727452246	0.0052070377564676293	0.12093568393832961	-1.5255889279244075
primary_cpe|full_base|base|WT1	TCGA-QF-A5YS	496	0.027596037555640822	0.011887917789976873	0.24338678765821889	1.7157187429228042
primary_cpe|full_base|base|WT1	TCGA-QS-A5YQ	498	0.029162262296214811	0.0023979956725575222	0.10866721268718525	-0.7472116766520428
primary_cpe|full_base|base|WT1	TCGA-QS-A744	500	0.015777461191234386	0.0042134421390153422	0.095067325255051308	1.3575697821447794
primary_cpe|full_base|base|PAX8	TCGA-A5-A0G1	4	0.025748775459312916	0.0038169700623670788	0.12317100621065478	1.0054728847576475
primary_cpe|full_base|base|PAX8	TCGA-A5-A0G2	5	0.025003114870933485	0.0041246956918665608	0.12708980902874012	-1.0612175802486516
primary_cpe|full_base|base|PAX8	TCGA-A5-A0G5	6	0.018860569582130657	0.014463536633030284	0.16405331864020409	-2.304850427027989
primary_cpe|full_base|base|PAX8	TCGA-A5-A0GH	11	0.017564020032873662	0.011816362133113868	0.17038653402804604	2.1588288272453542
primary_cpe|full_base|base|PAX8	TCGA-A5-A0GJ	13	0.013526664013781418	0.0046007223759567673	0.091555668176184685	-1.5346106925213316
primary_cpe|full_base|base|PAX8	TCGA-A5-A0GQ	17	0.018579452261924423	0.0024098309394614175	0.10066877255239014	0.94385641310892876
primary_cpe|full_base|base|PAX8	TCGA-A5-A0GW	20	0.040184972977304764	0.016551562434788232	0.27005968375160455	-1.6664889763493635
primary_cpe|full_base|base|PAX8	TCGA-A5-A1OF	29	0.021379914492966591	0.003204995398844725	0.1209188054377445	1.0133944959005816
primary_cpe|full_base|base|PAX8	TCGA-A5-A1OJ	32	0.028714732758251354	0.0038022833562984483	0.1225797951806077	0.94874346916956476
primary_cpe|full_base|base|PAX8	TCGA-A5-A2K5	37	0.020794511365754855	0.0024239129537709423	0.11376586330945564	-0.89368086295538585
primary_cpe|full_base|base|PAX8	TCGA-A5-A3LO	39	0.010664440951878715	0.0042639590060689868	0.093581222160871599	-1.6669823467196876
primary_cpe|full_base|base|PAX8	TCGA-AJ-A3BK	56	0.016155296275847962	0.0025403196948784357	0.094213337804184963	-1.0407230687809286
primary_cpe|full_base|base|PAX8	TCGA-AJ-A3EK	58	0.025525260619429745	0.0031699492676973157	0.10774520706138323	0.9202561527978248
primary_cpe|full_base|base|PAX8	TCGA-AJ-A3EL	59	0.022528841421794472	0.0021735158120644474	0.0965337158579751	0.81220343269741868
primary_cpe|full_base|base|PAX8	TCGA-AJ-A3NG	64	0.017898160742505602	0.0035810079095192947	0.11482177719047952	1.1732471336675105
primary_cpe|full_base|base|PAX8	TCGA-AJ-A5DW	71	0.024032111962783754	0.0024177359099564976	0.10602111807775033	-0.82877938851731159
primary_cpe|full_base|base|PAX8	TCGA-AJ-A8CT	73	0.037170755580869991	0.0027963451152164046	0.11649024981232423	0.71171070869981745
primary_cpe|full_base|base|PAX8	TCGA-AJ-A8CV	74	0.013174593334979319	0.0036263066365815355	0.10430819439364249	-1.380149780391879
primary_cpe|full_base|base|PAX8	TCGA-AP-A051	76	0.021112373573208811	0.0049427685955446892	0.15650845215452278	1.267347379916548
primary_cpe|full_base|base|PAX8	TCGA-AP-A056	79	0.041322918966160471	0.014554943630833816	0.2076288002650481	-1.5395379409480254
primary_cpe|full_base|base|PAX8	TCGA-AP-A059	80	0.02406898221058603	0.004120943378240525	0.12528211734453423	1.0816880407046889
primary_cpe|full_base|base|PAX8	TCGA-AP-A0LM	97	0.030786009876071316	0.0039198460232249925	0.12056210218291583	0.92930290753539768
primary_cpe|full_base|base|PAX8	TCGA-AP-A0LS	101	0.032942090965230833	0.0068876228057098378	0.1860356453970827	-1.1901879483060911
primary_cpe|full_base|base|PAX8	TCGA-AP-A0LT	102	0.012710912442340037	0.0071693930677964963	0.10181545235283629	1.980119387927872
primary_cpe|full_base|base|PAX8	TCGA-AP-A1E0	112	0.02262548904252323	0.0074393329978475987	0.19030732449583854	1.5017342015569382
primary_cpe|full_base|base|PAX8	TCGA-AW-A1PO	117	0.012877258067558538	0.0025413240932493841	0.089270221837475724	-1.1681848064685589
primary_cpe|full_base|base|PAX8	TCGA-AX-A05Z	123	0.024080108691360926	0.0025733585448878614	0.10175892422628202	0.85419958895115078
primary_cpe|full_base|base|PAX8	TCGA-AX-A060	124	0.011133238482871517	0.0057674018657627195	0.094128891018629493	1.8985749092406341
primary_cpe|full_base|base|PAX8	TCGA-AX-A06B	128	0.012635802681093787	0.0041725897250885395	0.12204360285612981	-1.5126867340228429
primary_cpe|full_base|base|PAX8	TCGA-AX-A06F	129	0.026326783584593387	0.0066215544659656454	0.16227633433068409	1.3102325093065144
primary_cpe|full_base|base|PAX8	TCGA-AX-A0J0	136	0.025257017576959941	0.0019181945953167861	0.096382105857148764	-0.71951424360599991
primary_cpe|full_base|base|PAX8	TCGA-AX-A1CA	143	0.013870818122586677	0.0038667071518019426	0.1121471138072317	1.3884777647306552
primary_cpe|full_base|base|PAX8	TCGA-AX-A2IN	162	0.016151730187585561	0.00264513560488722	0.099470623184159057	1.0621437235893267
primary_cpe|full_base|base|PAX8	TCGA-AX-A3FV	166	0.024713378502351627	0.0099381448554419147	0.18225858821957663	1.6598320535545541
primary_cpe|full_base|base|PAX8	TCGA-AX-A3GB	176	0.027779469153048405	0.00492904705381634	0.15936218501446414	-1.0991107095059256
primary_cpe|full_base|base|PAX8	TCGA-B5-A0K0	187	0.016369361331805124	0.0058563406805257614	0.13191944222051413	-1.5718147348322551
primary_cpe|full_base|base|PAX8	TCGA-B5-A0K1	188	0.16415372903191713	0.016012191583974541	0.32099142071044845	-0.75513593164354753
primary_cpe|full_base|base|PAX8	TCGA-B5-A11N	203	0.040093219407796699	0.0044854962039632728	0.13885197802826232	0.86681238206308064
primary_cpe|full_base|base|PAX8	TCGA-B5-A11U	209	0.016612853180385148	0.0038216422991422349	0.12171275855131429	-1.2591248119300771
primary_cpe|full_base|base|PAX8	TCGA-B5-A1MR	215	0.038646579710548183	0.0074584278636439585	0.14180924704552406	-1.1399583067301335
primary_cpe|full_base|base|PAX8	TCGA-B5-A3FA	225	0.023236297309970795	0.0093382272293643757	0.21986096476580969	1.6605653876340885
primary_cpe|full_base|base|PAX8	TCGA-B5-A3FC	227	0.0216410909179281	0.0043796453368695667	0.14103585633256971	-1.1777317544910031
primary_cpe|full_base|base|PAX8	TCGA-BG-A0LW	234	0.021858378821245323	0.0049493355905599213	0.14787394980532295	-1.2458176272357662
primary_cpe|full_base|base|PAX8	TCGA-BG-A0MG	245	0.014326204780257725	0.0035478291678553045	0.10864448356233833	1.3080990595161806
primary_cpe|full_base|base|PAX8	TCGA-BG-A0MK	247	0.018385997682630602	0.0022754687060689118	0.093271903517834223	0.92203201967682524
primary_cpe|full_base|base|PAX8	TCGA-BG-A0MO	248	0.02282030485840407	0.0041058611486262196	0.12767986475473131	-1.1096301960928263
primary_cpe|full_base|base|PAX8	TCGA-BG-A0VX	256	0.022838531140466883	0.0033282898587405525	0.1267755841514264	-0.99840624141075074
primary_cpe|full_base|base|PAX8	TCGA-BG-A2AE	268	0.0092220045472644775	0.0052157732110291169	0.11216969081864202	1.9863783625004203
primary_cpe|full_base|base|PAX8	TCGA-BG-A3PP	271	0.010788169231881233	0.0049252582165789423	0.10784328477736069	-1.7818812919600464
primary_cpe|full_base|base|PAX8	TCGA-BK-A139	276	0.01158863034826052	0.0043417372859628264	0.11142939619037226	-1.6126085991670933
primary_cpe|full_base|base|PAX8	TCGA-BK-A4ZD	280	0.010869540861244517	0.0035009554567399935	0.094072277589915099	-1.495204313718711
primary_cpe|full_base|base|PAX8	TCGA-BK-A6W3	282	0.021087905283800206	0.0034299891223182012	0.12745429208071485	-1.0558457424839875
primary_cpe|full_base|base|PAX8	TCGA-BS-A0TC	286	0.033519072945837711	0.01405902900278015	0.27004895787546135	1.6876410656049428
primary_cpe|full_base|base|PAX8	TCGA-BS-A0TE	288	0.0098443282314391034	0.0040127121610853697	0.090638142782424519	1.6839300724363564
primary_cpe|full_base|base|PAX8	TCGA-BS-A0UF	296	0.026409146911022099	0.0037494574146739951	0.12144644144547516	-0.98362635069813287
primary_cpe|full_base|base|PAX8	TCGA-BS-A0UV	300	0.022912324617459436	0.0018888229754923996	0.097562763963575175	-0.75056228645422052
primary_cpe|full_base|base|PAX8	TCGA-BS-A0V4	301	0.022570979368053416	0.0081990411596663242	0.19515446573238501	1.5788709164001022
primary_cpe|full_base|base|PAX8	TCGA-BS-A0V7	303	0.037309102497019277	0.0021044694440282498	0.097757063397110031	0.61614969439446166
primary_cpe|full_base|base|PAX8	TCGA-D1-A0ZZ	315	0.012916801024764842	0.0032387860368552888	0.10749511053912426	1.317222643901067
primary_cpe|full_base|base|PAX8	TCGA-D1-A16G	333	0.029035917706835793	0.0038275565224096795	0.14353221229335347	0.94645129203845657
primary_cpe|full_base|base|PAX8	TCGA-D1-A16J	335	0.013848104497733563	0.0040140868644014359	0.11125417482219258	1.4159764822194714
primary_cpe|full_base|base|PAX8	TCGA-D1-A16R	339	0.012361284117480054	0.0041324050034522606	0.10267946656949602	-1.5222647860382794
primary_cpe|full_base|base|PAX8	TCGA-D1-A16X	342	0.022544045116677291	0.0025808148640210026	0.11321714465531575	0.88484183227864199
primary_cpe|full_base|base|PAX8	TCGA-D1-A16Y	343	0.028488987798128054	0.015061087931326544	0.26916056649232439	1.9010656730761455
primary_cpe|full_base|base|PAX8	TCGA-D1-A177	346	0.022963681202101661	0.013865196611103522	0.22681873063609698	2.0385224873060213
primary_cpe|full_base|base|PAX8	TCGA-D1-A17A	347	0.021881477055503598	0.0016868890446906386	0.0890710226370134	-0.72617939065817705
primary_cpe|full_base|base|PAX8	TCGA-D1-A17H	352	0.032062295840492493	0.0032248536510880023	0.11940652536402058	0.82526149635235968
primary_cpe|full_base|base|PAX8	TCGA-D1-A17L	354	0.017757636141262252	0.0019308684091223045	0.09110961670213788	-0.86443450831677793
primary_cpe|full_base|base|PAX8	TCGA-D1-A1O7	370	0.013300196379948753	0.0040048582624541869	0.10358323184429176	1.4437015256142349
primary_cpe|full_base|base|PAX8	TCGA-D1-A1O8	371	0.024851341736442233	0.0074634146413821972	0.11546788729147539	-1.4332984383301604
primary_cpe|full_base|base|PAX8	TCGA-D1-A2G0	372	0.011072650503396723	0.0046983133226204668	0.099112559754896468	1.7172076086452952
primary_cpe|full_base|base|PAX8	TCGA-DF-A2KR	381	0.014220845586364711	0.0035380408523464873	0.11683288576830958	-1.3112041527224225
primary_cpe|full_base|base|PAX8	TCGA-DF-A2KS	382	0.013425176466198868	0.0059077709241723963	0.12761886134959841	-1.7468546379295078
primary_cpe|full_base|base|PAX8	TCGA-DF-A2KU	383	0.021516275597722789	0.0035235551075561266	0.12714810551923289	1.0592192571208499
primary_cpe|full_base|base|PAX8	TCGA-DF-A2KV	384	0.021246925172788526	0.010585772716726703	0.23501780014663451	1.8520544811245574
primary_cpe|full_base|base|PAX8	TCGA-DI-A1NO	392	0.02153971382742758	0.0070211947547810004	0.1829798908394604	1.4960437618105187
primary_cpe|full_base|base|PAX8	TCGA-E6-A1M0	398	0.022294329624767253	0.003238882128093559	0.12555877920603975	-0.99712809631032706
primary_cpe|full_base|base|PAX8	TCGA-EO-A22T	410	0.016561395827387471	0.0032414774998818464	0.1107171341313697	1.1611737485401084
primary_cpe|full_base|base|PAX8	TCGA-EO-A22X	412	0.024206997268735909	0.0054668988167849266	0.14972186179162589	-1.2426952965670774
primary_cpe|full_base|base|PAX8	TCGA-EO-A3AV	418	0.025282985430986102	0.0028147020701521472	0.098851657526971975	0.87133574582643325
primary_cpe|full_base|base|PAX8	TCGA-EO-A3B0	421	0.026176270692020706	0.0053309798328946261	0.13644537178659916	-1.1787133480537582
primary_cpe|full_base|base|PAX8	TCGA-EO-A3L0	426	0.014963502531054863	0.0031957608642540197	0.097169949794694482	1.2140927531783425
primary_cpe|full_base|base|PAX8	TCGA-EY-A1GD	428	0.022156209626997339	0.0016455870045586688	0.094333025076683952	-0.71265969157718789
primary_cpe|full_base|base|PAX8	TCGA-EY-A1GE	429	0.035907981444455624	0.0060857470300717731	0.18383245399458248	-1.0696271421733257
primary_cpe|full_base|base|PAX8	TCGA-EY-A1GI	432	0.022602610798514861	0.0019872036738063513	0.098314973961715679	-0.775269704388445
primary_cpe|full_base|base|PAX8	TCGA-EY-A1GL	434	0.016761221134870646	0.0088056962203922964	0.18645451236288271	1.9065630672919203
primary_cpe|full_base|base|PAX8	TCGA-EY-A1GR	439	0.010287211238684809	0.0037102840932867615	0.10013457549436557	-1.583116398046932
primary_cpe|full_base|base|PAX8	TCGA-EY-A1GU	442	0.01609919566395077	0.0078815453393243119	0.16358276940407523	1.8406233483565051
primary_cpe|full_base|base|PAX8	TCGA-EY-A1GV	443	0.033386506028995205	0.0043192971091155592	0.15279802323481209	0.93549649535057977
primary_cpe|full_base|base|PAX8	TCGA-EY-A2OO	453	0.018134309355474387	0.0033744382767363005	0.11942844114568876	1.1312197005166935
primary_cpe|full_base|base|PAX8	TCGA-FI-A2D5	470	0.022212965485533302	0.0025608095968232669	0.11048850976073819	-0.88810553027480532
primary_cpe|full_base|base|PAX8	TCGA-KP-A3W1	486	0.02258772495334696	0.014000622833422705	0.16116903017138343	-2.0660607709793561
primary_cpe|full_base|base|PAX8	TCGA-PG-A6IB	490	0.015459696727452246	0.00318269276106143	0.094548895491504942	1.1916407285951005
primary_cpe|full_base|base|PAX8	TCGA-QS-A5YQ	498	0.029162262296214811	0.0080828998415280236	0.19950690377663621	1.373665425017156
primary_cpe|full_base|base|LHX1	TCGA-A5-A0G1	4	0.025748775459312916	0.0025421502321851031	0.10051936087453084	0.8202843249400672
primary_cpe|full_base|base|LHX1	TCGA-A5-A0G2	5	0.025003114870933485	0.012813979548470866	0.22400452110177563	1.8749403425240609
primary_cpe|full_base|base|LHX1	TCGA-A5-A0GJ	13	0.013526664013781418	0.0070544643910465258	0.1133715921337107	-1.9026793187513922
primary_cpe|full_base|base|LHX1	TCGA-A5-A0GN	15	0.023427082346825608	0.002797399443123121	0.092720531281884996	-0.90331537808644802
primary_cpe|full_base|base|LHX1	TCGA-A5-A0GW	20	0.040184972977304764	0.013989623230833271	0.24828087402226123	-1.5314351042720991
primary_cpe|full_base|base|LHX1	TCGA-A5-A1OH	31	0.011005740607891473	0.0050320691772435333	0.10051470164742816	1.7830182854293979
primary_cpe|full_base|base|LHX1	TCGA-A5-A3LO	39	0.010664440951878715	0.0062395408087471665	0.11320315140581365	-2.019123705228353
primary_cpe|full_base|base|LHX1	TCGA-AJ-A3EK	58	0.025525260619429745	0.0027877873668330105	0.10104192860322796	0.86291473132072427
primary_cpe|full_base|base|LHX1	TCGA-AJ-A3I9	61	0.016824140043925385	0.0030533448517615354	0.089734812931547198	-1.1178788196406249
primary_cpe|full_base|base|LHX1	TCGA-AJ-A3NF	63	0.0168617929670574	0.0025754655017040623	0.090767201498258607	1.0253086082375988
primary_cpe|full_base|base|LHX1	TCGA-AJ-A8CT	73	0.037170755580869991	0.011565101105315088	0.23690209905694512	-1.449694643547041
primary_cpe|full_base|base|LHX1	TCGA-AP-A056	79	0.041322918966160471	0.0091879005407496436	0.16496449171675517	-1.2221162439083508
primary_cpe|full_base|base|LHX1	TCGA-AP-A059	80	0.02406898221058603	0.0028423965363797909	0.10404784592894215	-0.8980237164320094
primary_cpe|full_base|base|LHX1	TCGA-AP-A0L9	88	0.012510138058022299	0.0025732948207494296	0.093361867147242289	1.1929248666939598
primary_cpe|full_base|base|LHX1	TCGA-AP-A0LS	101	0.032942090965230833	0.0027445798990737942	0.11743550690665752	-0.7506674537388649
primary_cpe|full_base|base|LHX1	TCGA-AP-A1E0	112	0.02262548904252323	0.0057344825315612082	0.16708429141251341	1.317795296793133
primary_cpe|full_base|base|LHX1	TCGA-AP-A1E3	114	0.014663836811914275	0.0064961624387176965	0.12488130554959403	-1.7516366399927259
primary_cpe|full_base|base|LHX1	TCGA-AP-A1E4	115	0.017075888122427045	0.0052263108316607269	0.14471549436408485	1.4527728556152619
primary_cpe|full_base|base|LHX1	TCGA-AX-A05Y	122	0.010743245850078683	0.0046809354724451548	0.099822815401703374	1.7405378251707435
primary_cpe|full_base|base|LHX1	TCGA-AX-A05Z	123	0.024080108691360926	0.0022302365681157823	0.094732243592522497	0.79513753693086375
primary_cpe|full_base|base|LHX1	TCGA-AX-A06J	131	0.014091521819615281	0.003622631594750248	0.11050997583577417	-1.3330250110591115
primary_cpe|full_base|base|LHX1	TCGA-AX-A0J0	136	0.025257017576959941	0.0017897668329999515	0.093099705533380595	-0.69498619651073412
primary_cpe|full_base|base|LHX1	TCGA-AX-A1C5	139	0.017292536692811056	0.0042128396333660422	0.11633543395278238	1.2954306269639722
primary_cpe|full_base|base|LHX1	TCGA-AX-A1CE	145	0.011370122576788093	0.0029985542888452442	0.092076120296514977	-1.3520704750170696
primary_cpe|full_base|base|LHX1	TCGA-AX-A1CN	150	0.017703518977866244	0.0052926768967003048	0.14421300105145499	1.4352878635181274
primary_cpe|full_base|base|LHX1	TCGA-AX-A2IN	162	0.016151730187585561	0.002252599552575433	0.091793697721782891	-0.98000507656889235
primary_cpe|full_base|base|LHX1	TCGA-AX-A3G1	170	0.010200752347184677	0.0072459450612108438	0.13399607277258138	-2.227259099590666
primary_cpe|full_base|base|LHX1	TCGA-AX-A3G8	174	0.012786152474330251	0.006034095617906618	0.099927652386897575	1.8100018681301704
primary_cpe|full_base|base|LHX1	TCGA-AX-A3GI	177	0.014165465835928648	0.0043285773930267762	0.10599043160901654	1.4537581923366123
primary_cpe|full_base|base|LHX1	TCGA-B5-A0JY	185	0.022093967119876649	0.0056541776188084973	0.16600672787939155	1.3245657692766211
primary_cpe|full_base|base|LHX1	TCGA-B5-A0K1	188	0.16415372903191713	0.04933281705651324	0.5634248450879985	-1.3270452613559018
primary_cpe|full_base|base|LHX1	TCGA-B5-A11I	200	0.011494360420381955	0.0075487992092189817	0.10839993170985403	-2.1393710745398873
primary_cpe|full_base|base|LHX1	TCGA-B5-A11U	209	0.016612853180385148	0.0052839133377022294	0.14311624436069451	1.4814475418925457
primary_cpe|full_base|base|LHX1	TCGA-B5-A1MR	215	0.038646579710548183	0.0037714579676539216	0.10084062766692993	-0.81010260629652431
primary_cpe|full_base|base|LHX1	TCGA-BG-A0LW	234	0.021858378821245323	0.0078224734290137567	0.18590465756438732	-1.567639831006072
primary_cpe|full_base|base|LHX1	TCGA-BG-A0MO	248	0.02282030485840407	0.0058139259031519761	0.15193402074106205	-1.3210959048427213
primary_cpe|full_base|base|LHX1	TCGA-BG-A0VX	256	0.022838531140466883	0.0058356806027262103	0.16786911721209291	1.3230314475616529
primary_cpe|full_base|base|LHX1	TCGA-BG-A2AE	268	0.0092220045472644775	0.0040972831268562739	0.099417802798540372	1.7590653792036786
primary_cpe|full_base|base|LHX1	TCGA-BK-A139	276	0.01158863034826052	0.0049157777451652902	0.11856708045940241	-1.7164979648576957
primary_cpe|full_base|base|LHX1	TCGA-BK-A4ZD	280	0.010869540861244517	0.0037419803744513625	0.097256608068946787	-1.5460556563725656
primary_cpe|full_base|base|LHX1	TCGA-BK-A6W3	282	0.021087905283800206	0.0018422722074842672	0.093408198008155002	-0.77340345182913861
primary_cpe|full_base|base|LHX1	TCGA-BS-A0T9	284	0.017225450220210822	0.0027370999528608772	0.09448976976281924	1.045626594658744
primary_cpe|full_base|base|LHX1	TCGA-BS-A0TC	286	0.033519072945837711	0.0017725250016177917	0.095887286126096649	-0.59774505007723155
primary_cpe|full_base|base|LHX1	TCGA-BS-A0TE	288	0.0098443282314391034	0.0063840138811452982	0.11432439329361446	2.1275700260638568
primary_cpe|full_base|base|LHX1	TCGA-BS-A0TJ	290	0.010394858105685519	0.0046764089344103624	0.1038571122336694	1.7690974258184256
primary_cpe|full_base|base|LHX1	TCGA-BS-A0U9	294	0.010426671143891331	0.0046459927006961433	0.10433357115956739	-1.7605614143766639
primary_cpe|full_base|base|LHX1	TCGA-BS-A0UJ	297	0.031380745987014125	0.0030114616490849165	0.12828262125612222	0.80636253294956617
primary_cpe|full_base|base|LHX1	TCGA-BS-A0V4	301	0.022570979368053416	0.0038137550053525429	0.13309855966063017	1.075377370235483
primary_cpe|full_base|base|LHX1	TCGA-BS-A0V7	303	0.037309102497019277	0.0024321585046016138	0.1050927537716186	-0.66242488673298316
primary_cpe|full_base|base|LHX1	TCGA-BS-A0WQ	306	0.017387486028345677	0.0079716803716300862	0.15983215563680947	-1.7796629294078512
primary_cpe|full_base|base|LHX1	TCGA-D1-A0ZZ	315	0.012916801024764842	0.0048604360078828637	0.13168466289298206	1.6150456841695311
primary_cpe|full_base|base|LHX1	TCGA-D1-A15X	321	0.014849123237931441	0.0029177810674992171	0.094010542317632784	1.1644777812293579
primary_cpe|full_base|base|LHX1	TCGA-D1-A16G	333	0.029035917706835793	0.0024353964971203382	0.11449154367061477	0.75471030744240919
primary_cpe|full_base|base|LHX1	TCGA-D1-A16N	336	0.0093123920990256029	0.0048185468190712613	0.091827629543050043	1.8992246791795329
primary_cpe|full_base|base|LHX1	TCGA-D1-A16X	342	0.022544045116677291	0.004513486495698096	0.14972345689285968	1.1708441811201569
primary_cpe|full_base|base|LHX1	TCGA-D1-A16Y	343	0.028488987798128054	0.019784675712162386	0.30849471603163148	2.1813643737589539
primary_cpe|full_base|base|LHX1	TCGA-D1-A177	346	0.022963681202101661	0.015028157666749364	0.23613957151480847	2.1230361934621014
primary_cpe|full_base|base|LHX1	TCGA-D1-A17A	347	0.021881477055503598	0.0048867996558470787	0.15160218020482408	1.2372274435136894
primary_cpe|full_base|base|LHX1	TCGA-D1-A17H	352	0.032062295840492493	0.0031284401165630588	0.11760803093607965	0.81281483722478165
primary_cpe|full_base|base|LHX1	TCGA-D1-A17R	358	0.010458101701607068	0.0036694876243440369	0.095023380738229218	1.5612304794600242
primary_cpe|full_base|base|LHX1	TCGA-D1-A1O8	371	0.024851341736442233	0.013894241964609789	0.1575469004649481	-1.9591084907311005
primary_cpe|full_base|base|LHX1	TCGA-DF-A2KS	382	0.013425176466198868	0.0077770191079963137	0.14642310930512517	-2.0061940365909292
primary_cpe|full_base|base|LHX1	TCGA-DF-A2KU	383	0.021516275597722789	0.0034047447506240758	0.12498607763670508	1.0411687347777223
primary_cpe|full_base|base|LHX1	TCGA-E6-A1LZ	397	0.013733255825124378	0.0066109073597556377	0.15337914812046027	1.8272814662888026
primary_cpe|full_base|base|LHX1	TCGA-E6-A2P8	399	0.012913057077398545	0.0054980497933834202	0.11931102285958388	-1.7185609387906797
primary_cpe|full_base|base|LHX1	TCGA-EO-A22T	410	0.016561395827387471	0.0036107442094386842	0.11685349107424499	1.2257193743299468
primary_cpe|full_base|base|LHX1	TCGA-EO-A3AY	419	0.021682850768097325	0.0044744599611768569	0.14690160813461978	1.1892720697839789
primary_cpe|full_base|base|LHX1	TCGA-EO-A3L0	426	0.014963502531054863	0.0027800369579706976	0.090629613120056962	1.1321563856900518
primary_cpe|full_base|base|LHX1	TCGA-EY-A1GC	427	0.010784369838364239	0.0055464620941264959	0.091858860635232145	-1.8920162271308372
primary_cpe|full_base|base|LHX1	TCGA-EY-A1GE	429	0.035907981444455624	0.013684063965756206	0.27565938605945284	-1.6062264521460834
primary_cpe|full_base|base|LHX1	TCGA-EY-A1GO	436	0.013213029300210198	0.0082413329792802911	0.12013723511180646	2.0825990241376431
primary_cpe|full_base|base|LHX1	TCGA-EY-A1GU	442	0.01609919566395077	0.0083433304335909318	0.16830677146773354	1.8941550671305212
primary_cpe|full_base|base|LHX1	TCGA-EY-A1GV	443	0.033386506028995205	0.014152145155037203	0.2765809943347593	1.6967474941832941
primary_cpe|full_base|base|LHX1	TCGA-EY-A1GW	444	0.030734392409958452	0.016758852837607058	0.2855262780264976	-1.9286818902663307
primary_cpe|full_base|base|LHX1	TCGA-EY-A1GX	445	0.027092619644292062	0.012144014536340312	0.21390338481256446	-1.7508030893095008
primary_cpe|full_base|base|LHX1	TCGA-EY-A210	447	0.008602115916121162	0.0064965552941024986	0.10789817374320017	-2.299159754271674
primary_cpe|full_base|base|LHX1	TCGA-EY-A4KR	458	0.012641442802996328	0.0081544528037125544	0.13602420973941431	-2.1188429994895248
primary_cpe|full_base|base|LHX1	TCGA-FI-A2CY	466	0.018586885022187062	0.0050091006353928467	0.14846402122662161	-1.361830595882167
primary_cpe|full_base|base|LHX1	TCGA-FI-A2D0	467	0.039583760801296747	0.011465743003843622	0.19040138199223383	1.3968018904839821
primary_cpe|full_base|base|LHX1	TCGA-FI-A2D4	469	0.013819602491615141	0.0045475199721690509	0.1060449032418026	1.5091135354503584
primary_cpe|full_base|base|LHX1	TCGA-FI-A2D5	470	0.022212965485533302	0.0028000235402691792	0.11553386784227522	-0.92872877210217175
primary_cpe|full_base|base|LHX1	TCGA-FI-A2D6	471	0.019961411780097693	0.0028586185210040518	0.10719432659587935	-0.99116378660775439
primary_cpe|full_base|base|LHX1	TCGA-FI-A2EU	472	0.014315422856301656	0.004213713033812112	0.098808702838438053	1.4265873967379377
primary_cpe|full_base|base|LHX1	TCGA-FI-A2EY	475	0.013473037416332961	0.0053046356860778398	0.11123520691007421	1.6517690976625863
primary_cpe|full_base|base|LHX1	TCGA-FI-A2F9	478	0.011091790568062258	0.0038882675874559475	0.090857418098938922	1.5600094309920798
primary_cpe|full_base|base|LHX1	TCGA-KP-A3VZ	484	0.014003576652480143	0.0033664320578074042	0.097480039733033472	1.288960968483049
primary_cpe|full_base|base|LHX1	TCGA-KP-A3W3	487	0.00954166962571679	0.0071533749064594497	0.1173883100661384	-2.2895419131217145
primary_cpe|full_base|base|LHX1	TCGA-PG-A6IB	490	0.015459696727452246	0.005114841435621703	0.1198602527186938	-1.5119599379005533
primary_cpe|full_base|base|LHX1	TCGA-QF-A5YS	496	0.027596037555640822	0.0024708904480231038	0.11096112401241287	-0.78037894177261691
primary_cpe|full_base|base|LHX1	TCGA-SL-A6J9	504	0.0098371534475370989	0.0065875274561150842	0.10586851099208434	-2.1623325936518438
primary_cpe|histology_matched|base_refit|GATA2	TCGA-A5-A0G1	4	0.025756993767610713	0.0097960209064057915	0.19716984884029681	-1.6130854198106437
primary_cpe|histology_matched|base_refit|GATA2	TCGA-A5-A0G2	5	0.0250105725589072	0.0059227024479139084	0.15189342178430626	-1.2720860986919253
primary_cpe|histology_matched|base_refit|GATA2	TCGA-A5-A0G5	6	0.019045368032776788	0.010772801915787765	0.14189688731314334	-1.9765458682307877
primary_cpe|histology_matched|base_refit|GATA2	TCGA-A5-A0GW	20	0.040282070314228063	0.0095116139668142488	0.20470866692705908	1.2602257628551286
primary_cpe|histology_matched|base_refit|GATA2	TCGA-A5-A0R6	22	0.011611793166897696	0.0039419605827358878	0.10652441004931107	1.5346501496985057
primary_cpe|histology_matched|base_refit|GATA2	TCGA-A5-A0VQ	28	0.014531525101265168	0.0028632191376875625	0.10131010580978698	1.1662699394210438
primary_cpe|histology_matched|base_refit|GATA2	TCGA-A5-A1OF	29	0.021383486933902636	0.0057618234963658999	0.1620753002956227	-1.3597713117034871
primary_cpe|histology_matched|base_refit|GATA2	TCGA-A5-A1OH	31	0.011044036522881322	0.0087893267369444448	0.13188978667662077	2.3579283132024766
primary_cpe|histology_matched|base_refit|GATA2	TCGA-A5-A2K5	37	0.020796511051206484	0.0022923334695947538	0.1105499618416971	-0.86900519288687805
primary_cpe|histology_matched|base_refit|GATA2	TCGA-A5-A3LO	39	0.010752916940136173	0.0045850258295879517	0.096979776373618806	1.7217258505849566
primary_cpe|histology_matched|base_refit|GATA2	TCGA-AJ-A23N	44	0.014581109328852308	0.005399858058408911	0.13149210179050538	-1.6007946097893138
primary_cpe|histology_matched|base_refit|GATA2	TCGA-AJ-A2QL	47	0.010806519474023134	0.0052536612699466707	0.11512495330916166	-1.8391371161731571
primary_cpe|histology_matched|base_refit|GATA2	TCGA-AJ-A3BK	56	0.016174758104491229	0.0068705037749556752	0.15501945905213205	-1.7136661245007077
primary_cpe|histology_matched|base_refit|GATA2	TCGA-AJ-A3EK	58	0.025537667946386504	0.0063755873423756455	0.15270314633935839	-1.3058953570908098
primary_cpe|histology_matched|base_refit|GATA2	TCGA-AJ-A3EL	59	0.022536174866412274	0.0035522125260498264	0.12308531531807763	-1.0385873612430303
primary_cpe|histology_matched|base_refit|GATA2	TCGA-AJ-A3EM	60	0.010737937287836737	0.0094961016101825415	0.12803397136529382	2.4875241866246411
primary_cpe|histology_matched|base_refit|GATA2	TCGA-AJ-A3I9	61	0.016824674605367452	0.0039545195374871113	0.10202251622264083	-1.2726472588267523
primary_cpe|histology_matched|base_refit|GATA2	TCGA-AJ-A3NG	64	0.017898880186320128	0.0078451603947611546	0.16989240509535036	1.739388116668207
primary_cpe|histology_matched|base_refit|GATA2	TCGA-AJ-A3OL	67	0.016801432069014417	0.019506154680998217	0.19998276104439394	2.8468080735698424
primary_cpe|histology_matched|base_refit|GATA2	TCGA-AJ-A5DW	71	0.024032461500985161	0.0076445618564643736	0.18832312764508705	1.4759003917115388
primary_cpe|histology_matched|base_refit|GATA2	TCGA-AP-A051	76	0.021112610727167361	0.0051605949206372272	0.15968030796821145	1.2950584696452492
primary_cpe|histology_matched|base_refit|GATA2	TCGA-AP-A056	79	0.041372858933435022	0.0095927070332034025	0.16861684739861552	-1.2480434613055236
primary_cpe|histology_matched|base_refit|GATA2	TCGA-AP-A059	80	0.024086039157788133	0.0027319976073498981	0.10192272330602709	0.88006328799016487
primary_cpe|histology_matched|base_refit|GATA2	TCGA-AP-A0LF	91	0.025583997746499901	0.0051154319355413485	0.15841371048399655	-1.168253769293
primary_cpe|histology_matched|base_refit|GATA2	TCGA-AP-A0LG	92	0.010370848930890703	0.0065166322883869719	0.091407978220032396	2.0934356532125893
primary_cpe|histology_matched|base_refit|GATA2	TCGA-AP-A0LL	96	0.016408480380632626	0.0069491536826203088	0.15512668969151228	-1.7109089608301282
primary_cpe|histology_matched|base_refit|GATA2	TCGA-AP-A0LS	101	0.032965133090780009	0.0037474043744124179	0.13723644783496225	-0.87701550077371448
primary_cpe|histology_matched|base_refit|GATA2	TCGA-AP-A1DQ	109	0.010260095221652665	0.0031385985921965967	0.089264612190040074	1.4574422919194641
primary_cpe|histology_matched|base_refit|GATA2	TCGA-AP-A1E0	112	0.022625588052887075	0.010853217116037607	0.22953590758690573	1.8157584709099985
primary_cpe|histology_matched|base_refit|GATA2	TCGA-AX-A05Z	123	0.024087799417202779	0.0020278682507838645	0.09028769907951574	0.75803653352561629
primary_cpe|histology_matched|base_refit|GATA2	TCGA-AX-A06F	129	0.026327307922736243	0.0066596016360210659	0.16271882278400207	-1.3139928405950345
primary_cpe|histology_matched|base_refit|GATA2	TCGA-AX-A06J	131	0.014103220840187621	0.0025840463180887559	0.093374080638251047	-1.1247896807531004
primary_cpe|histology_matched|base_refit|GATA2	TCGA-AX-A1CN	150	0.017706139841012134	0.0021426372114946263	0.091745528669564119	-0.91202922717781243
primary_cpe|histology_matched|base_refit|GATA2	TCGA-AX-A2IN	162	0.016176649741909577	0.0029510272325570619	0.10511856056794459	1.121145347681284
primary_cpe|histology_matched|base_refit|GATA2	TCGA-AX-A3FT	165	0.010624394577372541	0.0048172028287770483	0.095765300846213375	-1.7758736898259244
primary_cpe|histology_matched|base_refit|GATA2	TCGA-B5-A0JY	185	0.022093969508198242	0.0027747355237043542	0.11628448783676769	0.92706505310917475
primary_cpe|histology_matched|base_refit|GATA2	TCGA-B5-A0K7	193	0.012616283366870751	0.0075237457115267491	0.12990355038113705	-2.0366274943484148
primary_cpe|histology_matched|base_refit|GATA2	TCGA-B5-A1MR	214	0.038685914971145159	0.010758467386265335	0.17038279223327746	-1.3691829805770022
primary_cpe|histology_matched|base_refit|GATA2	TCGA-B5-A3FC	226	0.021646206054527158	0.0043002452855905723	0.13969574957740552	-1.1668372407153216
primary_cpe|histology_matched|base_refit|GATA2	TCGA-BG-A0LW	233	0.02189710301295952	0.0018999636541938633	0.091653658032534141	0.77044798854092811
primary_cpe|histology_matched|base_refit|GATA2	TCGA-BG-A0MO	247	0.022820517630342062	0.0022743231312726902	0.09501125749147854	0.82539247766882229
primary_cpe|histology_matched|base_refit|GATA2	TCGA-BG-A0MT	249	0.01045274795970836	0.0051134720658674226	0.10570306382137652	-1.8452538725569951
primary_cpe|histology_matched|base_refit|GATA2	TCGA-BG-A0VX	255	0.022838955037865462	0.0064701063444130144	0.17670999821931535	1.3933486318273138
primary_cpe|histology_matched|base_refit|GATA2	TCGA-BK-A6W3	281	0.021090553101866971	0.0055559514471168643	0.16216787891899123	1.3446448106330955
primary_cpe|histology_matched|base_refit|GATA2	TCGA-BS-A0TA	284	0.013145268781289583	0.0078600366185265693	0.11489346596213913	-2.0388031227451915
primary_cpe|histology_matched|base_refit|GATA2	TCGA-BS-A0TC	285	0.033555349170749232	0.011855402701433497	0.24798215771749771	1.5481856149183604
primary_cpe|histology_matched|base_refit|GATA2	TCGA-BS-A0TE	287	0.0098492181169084793	0.0040409185968001606	0.091009318728535973	1.6894521003357166
primary_cpe|histology_matched|base_refit|GATA2	TCGA-BS-A0UF	295	0.026410358041088891	0.0070120802169354604	0.16605099643832141	-1.3462547099558442
primary_cpe|histology_matched|base_refit|GATA2	TCGA-BS-A0UJ	296	0.031420215379723157	0.013205536659254245	0.26867629136496796	-1.6912187544717674
primary_cpe|histology_matched|base_refit|GATA2	TCGA-BS-A0V4	300	0.022608389841111427	0.004548021028300848	0.14539368138447487	1.1736111350699356
primary_cpe|histology_matched|base_refit|GATA2	TCGA-BS-A0V7	302	0.037323017697312846	0.047057041054069	0.46227852307970779	-2.9370640813810485
primary_cpe|histology_matched|base_refit|GATA2	TCGA-BS-A0WQ	305	0.017426935948292619	0.0040721680417518009	0.11431992274652006	-1.268525579415025
primary_cpe|histology_matched|base_refit|GATA2	TCGA-D1-A103	317	0.021753657681684892	0.0057722907645355601	0.17307432047546029	1.3490820329298643
primary_cpe|histology_matched|base_refit|GATA2	TCGA-D1-A15X	320	0.01486900420900528	0.0049938293900497095	0.12307238456925292	-1.5238691481698463
primary_cpe|histology_matched|base_refit|GATA2	TCGA-D1-A16X	341	0.022544052892720549	0.0029867259787578907	0.12177635370286623	0.95200329795272609
primary_cpe|histology_matched|base_refit|GATA2	TCGA-D1-A16Y	342	0.028529525026317913	0.023536790879828261	0.33658218152729474	2.3796542359721964
primary_cpe|histology_matched|base_refit|GATA2	TCGA-D1-A17A	346	0.021891418180430024	0.0027070448741492491	0.11284156899477783	0.91999686037681705
primary_cpe|histology_matched|base_refit|GATA2	TCGA-D1-A17H	351	0.032079027878329391	0.004851784790537569	0.14648092333295176	1.0123249696342416
primary_cpe|histology_matched|base_refit|GATA2	TCGA-D1-A17L	353	0.017771315338930206	0.012153136345867989	0.22863201492499372	-2.1765228300378765
primary_cpe|histology_matched|base_refit|GATA2	TCGA-D1-A17Q	356	0.024754823920584208	0.01758821965478672	0.29517361131449427	2.2109340019647683
primary_cpe|histology_matched|base_refit|GATA2	TCGA-D1-A17S	358	0.016806020722464794	0.0027461776520418986	0.10336327608478674	-1.0606081059927137
primary_cpe|histology_matched|base_refit|GATA2	TCGA-D1-A1NS	361	0.012239243886401345	0.0043338546273829119	0.11303692870336172	1.5669982103427145
primary_cpe|histology_matched|base_refit|GATA2	TCGA-D1-A1O8	370	0.02493052830247024	0.016562631457139165	0.17212422619284512	-2.137054187246044
primary_cpe|histology_matched|base_refit|GATA2	TCGA-DF-A2KR	380	0.014226028401378977	0.0022514997289613415	0.093039596351732784	-1.0451341827551419
primary_cpe|histology_matched|base_refit|GATA2	TCGA-DF-A2KU	382	0.021519682990276089	0.0058181053526135942	0.16333192205947308	-1.36197899699035
primary_cpe|histology_matched|base_refit|GATA2	TCGA-E6-A2P8	398	0.012934985294374188	0.0052322708115464453	0.11650038080341645	-1.6748259529247909
primary_cpe|histology_matched|base_refit|GATA2	TCGA-EO-A22T	409	0.016585951076374179	0.0042205812479772578	0.12639897379388326	1.3245301749350029
primary_cpe|histology_matched|base_refit|GATA2	TCGA-EO-A22X	411	0.024211876996395532	0.0030330662322853499	0.11126056090140037	-0.92489078208943354
primary_cpe|histology_matched|base_refit|GATA2	TCGA-EO-A3AV	417	0.025303751061655916	0.006819463690033503	0.15372191247682729	1.3571664534434633
primary_cpe|histology_matched|base_refit|GATA2	TCGA-EO-A3AY	418	0.021682983495653098	0.0025301459766029115	0.11045489885999178	-0.8937464652443522
primary_cpe|histology_matched|base_refit|GATA2	TCGA-EO-A3AZ	419	0.019384512552833896	0.0096288619991116622	0.16234162963842036	-1.851031597791023
primary_cpe|histology_matched|base_refit|GATA2	TCGA-EO-A3B0	420	0.026193734687450516	0.0039369526878707808	0.11684804655831564	-1.0122258282325205
primary_cpe|histology_matched|base_refit|GATA2	TCGA-EO-A3L0	425	0.014972095005662909	0.0028534815080459137	0.091854953387700583	-1.1467185125983199
primary_cpe|histology_matched|base_refit|GATA2	TCGA-EY-A1GD	427	0.022165072502774861	0.015106739304906917	0.28572177203280341	2.1679031505004445
primary_cpe|histology_matched|base_refit|GATA2	TCGA-EY-A1GH	430	0.015000800647319394	0.0029870228578635187	0.10591992941685155	-1.1721738420054113
primary_cpe|histology_matched|base_refit|GATA2	TCGA-EY-A1GI	431	0.022602754838407301	0.0062349843985316424	0.17394858016107093	1.3750218512887458
primary_cpe|histology_matched|base_refit|GATA2	TCGA-EY-A1GU	441	0.016124171190029526	0.0038008195321488324	0.11366645931250632	1.2749456018240659
primary_cpe|histology_matched|base_refit|GATA2	TCGA-EY-A1GV	442	0.033392269302036037	0.0085732347159874229	0.21526957642419639	-1.3190032654455146
primary_cpe|histology_matched|base_refit|GATA2	TCGA-EY-A1GW	443	0.030740844624387937	0.0027094675684459285	0.11479262165598558	-0.77299643374515792
primary_cpe|histology_matched|base_refit|GATA2	TCGA-EY-A2OO	452	0.018134437342011651	0.0083191381503971585	0.18737723545425988	1.7795282395375662
primary_cpe|histology_matched|base_refit|GATA2	TCGA-FI-A2CY	465	0.018681111178094817	0.0032295386921314469	0.11921475477534178	1.0899459065730157
primary_cpe|histology_matched|base_refit|GATA2	TCGA-FI-A2D5	469	0.022212984712478567	0.0022033714371247314	0.10234967736862244	-0.82370426558297638
primary_cpe|histology_matched|base_refit|GATA2	TCGA-FI-A2D6	470	0.019963437484336349	0.0048735532497519198	0.13993384943168544	-1.2950017804800982
primary_cpe|histology_matched|base_refit|GATA2	TCGA-KP-A3W0	484	0.0096019112270881203	0.0040147536726396083	0.09251592791604242	-1.7058298255820448
primary_cpe|histology_matched|base_refit|GATA2	TCGA-KP-A3W1	485	0.022809855532967625	0.0096938734277569119	0.13399560091543689	-1.7082868029280285
primary_cpe|histology_matched|base_refit|GATA2	TCGA-PG-A6IB	489	0.015495045867535386	0.0072467648818642563	0.14280047235395571	-1.799314546032196
primary_cpe|histology_matched|base_refit|GATA2	TCGA-QS-A5YQ	497	0.029180028102214674	0.0043525255481326316	0.14641131407319305	-1.0068207350431955
primary_cpe|histology_matched|base_plus_binary_histology|GATA2	TCGA-A5-A0G1	4	0.039917956018736378	0.011227775751079423	0.22557953084186008	-1.4715345945946079
primary_cpe|histology_matched|base_plus_binary_histology|GATA2	TCGA-A5-A0G2	5	0.03840031382330835	0.00639368957881754	0.17968227869563017	-1.1320706480737595
primary_cpe|histology_matched|base_plus_binary_histology|GATA2	TCGA-A5-A0G5	6	0.020542330204221786	0.0097055714996569023	0.13614210199310547	-1.9293442886105305
primary_cpe|histology_matched|base_plus_binary_histology|GATA2	TCGA-A5-A0GJ	13	0.020482736645361287	0.0066483894987503277	0.13410362914399246	-1.5973205080831037
primary_cpe|histology_matched|base_plus_binary_histology|GATA2	TCGA-A5-A0GW	20	0.040805063360178896	0.0080590245481121977	0.201432248100885	1.2317099769617104
primary_cpe|histology_matched|base_plus_binary_histology|GATA2	TCGA-A5-A0R6	22	0.013411312025139704	0.0042895911386827143	0.10660086681384616	1.5913064127454488
primary_cpe|histology_matched|base_plus_binary_histology|GATA2	TCGA-A5-A0VQ	28	0.014531782073444341	0.0025111433960940239	0.10112435443365408	1.1676194269050011
primary_cpe|histology_matched|base_plus_binary_histology|GATA2	TCGA-A5-A1OF	29	0.035624506820430363	0.0068260735268176158	0.19327309124360195	-1.21643419396652
primary_cpe|histology_matched|base_plus_binary_histology|GATA2	TCGA-A5-A1OH	31	0.013056457858491556	0.00958923068824186	0.13888268718640293	2.4198112404170287
primary_cpe|histology_matched|base_plus_binary_histology|GATA2	TCGA-A5-A2K5	37	0.020934601015478706	0.0020924921527059903	0.11204885747406083	-0.88461722261782127
primary_cpe|histology_matched|base_plus_binary_histology|GATA2	TCGA-A5-A3LO	39	0.019817448840172992	0.0065165042447392664	0.154419148283652	1.6083260686392677
primary_cpe|histology_matched|base_plus_binary_histology|GATA2	TCGA-AJ-A23N	44	0.016214953034072513	0.004943877180412776	0.12544741942262588	-1.5512603989106994
primary_cpe|histology_matched|base_plus_binary_histology|GATA2	TCGA-AJ-A2QK	46	0.022528474363795414	0.005432134216165025	0.13169789571580831	-1.3743724261302486
primary_cpe|histology_matched|base_plus_binary_histology|GATA2	TCGA-AJ-A2QL	47	0.010913747132687779	0.0047160268368365539	0.11672721717681611	-1.8536382526019581
primary_cpe|histology_matched|base_plus_binary_histology|GATA2	TCGA-AJ-A3BK	56	0.016409143481061872	0.0062490933711911879	0.15788601761235357	-1.7345773672886677
primary_cpe|histology_matched|base_plus_binary_histology|GATA2	TCGA-AJ-A3EK	58	0.039371238056961314	0.006934825459415879	0.18194600341028067	-1.1638738057784443
primary_cpe|histology_matched|base_plus_binary_histology|GATA2	TCGA-AJ-A3EL	59	0.022873417810796777	0.0033050833033160566	0.12488853776801406	-1.0629254118165088
primary_cpe|histology_matched|base_plus_binary_histology|GATA2	TCGA-AJ-A3EM	60	0.018740842948554472	0.013433173832096136	0.21422176785169347	2.3832342238857089
primary_cpe|histology_matched|base_plus_binary_histology|GATA2	TCGA-AJ-A3I9	61	0.01690302404300234	0.0035430370655811249	0.1035936353523728	-1.2847923094581126
primary_cpe|histology_matched|base_plus_binary_histology|GATA2	TCGA-AJ-A3NF	63	0.018625029244159638	0.0025630849589196444	0.091187553872786764	1.0395148798141718
primary_cpe|histology_matched|base_plus_binary_histology|GATA2	TCGA-AJ-A3NG	64	0.033220443925231699	0.015664801604454021	0.24041207298889133	1.9148308328604544
primary_cpe|histology_matched|base_plus_binary_histology|GATA2	TCGA-AJ-A3OL	67	0.016801440134024282	0.017089747553011705	0.20001501838456684	2.8487007952072285
primary_cpe|histology_matched|base_plus_binary_histology|GATA2	TCGA-AJ-A5DW	71	0.024195087538150591	0.0065962117953994983	0.18282969748047662	1.4605105306104393
primary_cpe|histology_matched|base_plus_binary_histology|GATA2	TCGA-AJ-A6NU	72	0.019468538124666569	0.0035488470295770812	0.10980558223479894	1.1963025245427126
primary_cpe|histology_matched|base_plus_binary_histology|GATA2	TCGA-AP-A051	76	0.021322865930550671	0.0044381809970478392	0.15676702662019415	1.2773804226863028
primary_cpe|histology_matched|base_plus_binary_histology|GATA2	TCGA-AP-A056	79	0.042102723138683483	0.0090502856930913915	0.17526310327474914	-1.2842928529815902
primary_cpe|histology_matched|base_plus_binary_histology|GATA2	TCGA-AP-A059	80	0.02446171123610031	0.0022975292172511038	0.099603605794045244	0.85592832825061305
primary_cpe|histology_matched|base_plus_binary_histology|GATA2	TCGA-AP-A0LF	91	0.035185558488145557	0.0077088132072085005	0.18420070535497632	-1.3013112344963444
primary_cpe|histology_matched|base_plus_binary_histology|GATA2	TCGA-AP-A0LG	92	0.01042827771246856	0.0056883394562511425	0.091655748868625972	2.0850318882312102
primary_cpe|histology_matched|base_plus_binary_histology|GATA2	TCGA-AP-A0LL	96	0.016419791856647277	0.0060616145003103451	0.15477570041600899	-1.7076377619549037
primary_cpe|histology_matched|base_plus_binary_histology|GATA2	TCGA-AP-A0LS	101	0.033286416433337233	0.0034935106388226198	0.14166380871026452	-0.90075977985816214
primary_cpe|histology_matched|base_plus_binary_histology|GATA2	TCGA-AP-A1DQ	109	0.018450365898165191	0.0042650597987614145	0.12307056419944658	1.3483988662455957
primary_cpe|histology_matched|base_plus_binary_histology|GATA2	TCGA-AP-A1E0	112	0.022867419822630689	0.0094046076138829243	0.21745924011511208	1.797030070427772
primary_cpe|histology_matched|base_plus_binary_histology|GATA2	TCGA-AX-A06F	129	0.026513982881057926	0.0060353825651537941	0.16548897383728742	-1.332488113562216
primary_cpe|histology_matched|base_plus_binary_histology|GATA2	TCGA-AX-A06J	131	0.014114240638144385	0.0022826196066477876	0.093546604157145274	-1.1297099797299941
primary_cpe|histology_matched|base_plus_binary_histology|GATA2	TCGA-AX-A1CN	150	0.017881092239103807	0.0019670102381796179	0.094222053736961256	-0.92955249090866443
primary_cpe|histology_matched|base_plus_binary_histology|GATA2	TCGA-AX-A2IN	162	0.01634813572031088	0.0025363733545449622	0.104148086780988	1.1051847999549609
primary_cpe|histology_matched|base_plus_binary_histology|GATA2	TCGA-AX-A3FT	165	0.010741491908522319	0.0043340726005228316	0.097153694350306907	-1.7909274820554995
primary_cpe|histology_matched|base_plus_binary_histology|GATA2	TCGA-AX-A3FX	168	0.015747755567251501	0.0020627685189509508	0.090236534123750906	-1.0156120934396202
primary_cpe|histology_matched|base_plus_binary_histology|GATA2	TCGA-B5-A0JY	185	0.037375252280149485	0.0058120340470153653	0.18056573457127884	1.0945409490842624
primary_cpe|histology_matched|base_plus_binary_histology|GATA2	TCGA-B5-A0K7	193	0.012620806196787737	0.0066111672845617217	0.12971278328146738	-2.0406126157596391
primary_cpe|histology_matched|base_plus_binary_histology|GATA2	TCGA-B5-A1MR	214	0.039285606567467782	0.010030090213377498	0.17619896788168099	-1.4021662584012109
primary_cpe|histology_matched|base_plus_binary_histology|GATA2	TCGA-B5-A1MS	215	0.011643756221081457	0.0062203925043971412	0.10813043077129959	2.0619597036810324
primary_cpe|histology_matched|base_plus_binary_histology|GATA2	TCGA-B5-A3FC	226	0.02191830958803067	0.0039558037202590841	0.14286641547264958	-1.1888496297877871
primary_cpe|histology_matched|base_plus_binary_histology|GATA2	TCGA-BG-A0LW	233	0.021926263761115755	0.0016967395675766426	0.092564405789888393	0.77782773616111012
primary_cpe|histology_matched|base_plus_binary_histology|GATA2	TCGA-BG-A0MO	247	0.022900028937098499	0.0019448789774711406	0.094027388390188898	0.81450858089777078
primary_cpe|histology_matched|base_plus_binary_histology|GATA2	TCGA-BG-A0MT	249	0.010528270629691014	0.004566972848039857	0.10698544645823975	-1.8575926354421368
primary_cpe|histology_matched|base_plus_binary_histology|GATA2	TCGA-BG-A0VX	255	0.023004096680951665	0.0055771100955325573	0.17472482989692384	1.3777979074079845
primary_cpe|histology_matched|base_plus_binary_histology|GATA2	TCGA-BG-A18C	265	0.015124058392772026	0.0039046300944636145	0.12925566000255426	1.42772562439974
primary_cpe|histology_matched|base_plus_binary_histology|GATA2	TCGA-BG-A2AE	267	0.024607647345738962	0.0017481507191460083	0.093488689323401195	0.74420748930665126
primary_cpe|histology_matched|base_plus_binary_histology|GATA2	TCGA-BK-A0CA	272	0.025440653808417597	0.005924406095191158	0.1699297201631644	1.3485428975526534
primary_cpe|histology_matched|base_plus_binary_histology|GATA2	TCGA-BK-A139	275	0.020259679459172258	0.0049489909183983343	0.12945330090491705	-1.3849794195063121
primary_cpe|histology_matched|base_plus_binary_histology|GATA2	TCGA-BK-A6W3	281	0.021340263919837121	0.004780571241772045	0.1604242428223886	1.3253517590893911
primary_cpe|histology_matched|base_plus_binary_histology|GATA2	TCGA-BS-A0TA	284	0.013324613294679002	0.0070997489779104101	0.1167775835287521	-2.0574741735962436
primary_cpe|histology_matched|base_plus_binary_histology|GATA2	TCGA-BS-A0TC	285	0.033562575243732795	0.010341948225800261	0.24756972488887732	1.5456510402147201
primary_cpe|histology_matched|base_plus_binary_histology|GATA2	TCGA-BS-A0TE	287	0.0099666072479937598	0.0035248805002102541	0.091535712515832007	1.6767117833737128
primary_cpe|histology_matched|base_plus_binary_histology|GATA2	TCGA-BS-A0UF	295	0.026607089993177055	0.0063575691902205802	0.16890132563889554	-1.3652527873245461
primary_cpe|histology_matched|base_plus_binary_histology|GATA2	TCGA-BS-A0UJ	296	0.031492989738487617	0.011447294334908268	0.2673975039987016	-1.6812701200184657
primary_cpe|histology_matched|base_plus_binary_histology|GATA2	TCGA-BS-A0V4	300	0.022652006133237673	0.0040499678496661359	0.14668252001804039	1.1828136820783277
primary_cpe|histology_matched|base_plus_binary_histology|GATA2	TCGA-BS-A0V7	302	0.037355869629513927	0.041054754308451395	0.46121333675098736	-2.9313832361347343
primary_cpe|histology_matched|base_plus_binary_histology|GATA2	TCGA-BS-A0V8	303	0.016934295774952795	0.003767404070368414	0.11964252615159472	-1.3237386011654042
primary_cpe|histology_matched|base_plus_binary_histology|GATA2	TCGA-BS-A0WQ	305	0.017438234720876758	0.0035457347473243105	0.11396437491801881	-1.2649951783315165
primary_cpe|histology_matched|base_plus_binary_histology|GATA2	TCGA-D1-A103	317	0.021885881766542433	0.0049786524097462171	0.17128432112591266	1.335227903533633
primary_cpe|histology_matched|base_plus_binary_histology|GATA2	TCGA-D1-A15X	320	0.029012862148045708	0.0071260639372108595	0.16670879270772981	-1.382544616926727
primary_cpe|histology_matched|base_plus_binary_histology|GATA2	TCGA-D1-A16X	341	0.022680209611004285	0.0025512472342634675	0.11993656714624826	0.93769873508806589
primary_cpe|histology_matched|base_plus_binary_histology|GATA2	TCGA-D1-A16Y	342	0.028548171474402237	0.02053736198238167	0.3247610800513363	2.3755163655016776
primary_cpe|histology_matched|base_plus_binary_histology|GATA2	TCGA-D1-A17A	346	0.021899452300912378	0.002391118135343494	0.11318128938185645	0.92418067597922693
primary_cpe|histology_matched|base_plus_binary_histology|GATA2	TCGA-D1-A17H	351	0.032218203464440626	0.0041432519169945139	0.14483815002032419	0.99781912659073091
primary_cpe|histology_matched|base_plus_binary_histology|GATA2	TCGA-D1-A17L	353	0.01777300343046942	0.010631540515223747	0.22803760313159682	-2.1761795358247049
primary_cpe|histology_matched|base_plus_binary_histology|GATA2	TCGA-D1-A17Q	356	0.024854406849797145	0.01529446684670966	0.28323345553081064	2.1994569583122372
primary_cpe|histology_matched|base_plus_binary_histology|GATA2	TCGA-D1-A17S	358	0.016807063205331735	0.0024118468193745886	0.10341908403968751	-1.062550728950765
primary_cpe|histology_matched|base_plus_binary_histology|GATA2	TCGA-D1-A1NS	361	0.012251534503137887	0.0037789649856309303	0.11246116119447147	1.5634699859677379
primary_cpe|histology_matched|base_plus_binary_histology|GATA2	TCGA-D1-A1O8	370	0.025481070961496315	0.015268324010170298	0.17773832295817302	-2.1694034007690406
primary_cpe|histology_matched|base_plus_binary_histology|GATA2	TCGA-DF-A2KR	380	0.020560618980641737	0.0034743779263054489	0.094713312383631509	-1.1510551450043993
primary_cpe|histology_matched|base_plus_binary_histology|GATA2	TCGA-DF-A2KS	381	0.022947776470396409	0.0026472022108641985	0.093211714364499557	-0.94947623053109675
primary_cpe|histology_matched|base_plus_binary_histology|GATA2	TCGA-DF-A2KU	382	0.021783474405959419	0.0053207539376637853	0.16656309462903504	-1.3838369304538152
primary_cpe|histology_matched|base_plus_binary_histology|GATA2	TCGA-DF-A2L0	385	0.015510699920342534	0.003845304512256043	0.121909184608746	-1.3986774893586837
primary_cpe|histology_matched|base_plus_binary_histology|GATA2	TCGA-E6-A2P8	398	0.028376943221178508	0.0085092790231361647	0.19246854030671204	-1.5287656035251751
primary_cpe|histology_matched|base_plus_binary_histology|GATA2	TCGA-EO-A22T	409	0.01676740635057429	0.0036429509032073213	0.12548420307310645	1.3082099466242707
primary_cpe|histology_matched|base_plus_binary_histology|GATA2	TCGA-EO-A22X	411	0.024502841152788321	0.0028190318117630462	0.11313711751103614	-0.94744725924230688
primary_cpe|histology_matched|base_plus_binary_histology|GATA2	TCGA-EO-A3AV	417	0.025751287718865638	0.0058449402145787019	0.15158902544607875	1.3310900136528718
primary_cpe|histology_matched|base_plus_binary_histology|GATA2	TCGA-EO-A3AY	418	0.021871742927734816	0.0023253503057142138	0.11303689642099907	-0.91195168195921494
primary_cpe|histology_matched|base_plus_binary_histology|GATA2	TCGA-EO-A3AZ	419	0.034451140954629061	0.012952254513095864	0.21287463297922513	-1.707411483274458
primary_cpe|histology_matched|base_plus_binary_histology|GATA2	TCGA-EO-A3B0	420	0.026692275668298102	0.0037196836647666954	0.11688354303266325	-1.0417596478022422
primary_cpe|histology_matched|base_plus_binary_histology|GATA2	TCGA-EO-A3L0	425	0.015216540517163098	0.0026308704976230743	0.094734810667217798	-1.1675237657864856
primary_cpe|histology_matched|base_plus_binary_histology|GATA2	TCGA-EY-A1GC	426	0.018986867337416058	0.0057083143704627012	0.13989668217173146	-1.5381747860170245
primary_cpe|histology_matched|base_plus_binary_histology|GATA2	TCGA-EY-A1GD	427	0.022262963670836224	0.013140231346925367	0.27767054731320806	2.1565286218885586
primary_cpe|histology_matched|base_plus_binary_histology|GATA2	TCGA-EY-A1GH	430	0.015199784735963687	0.0027344661719342139	0.10866430413305692	-1.1910209634693398
primary_cpe|histology_matched|base_plus_binary_histology|GATA2	TCGA-EY-A1GI	431	0.022775451923962454	0.0053720797689290568	0.16936586818341068	1.3590946893465923
primary_cpe|histology_matched|base_plus_binary_histology|GATA2	TCGA-EY-A1GP	436	0.018731086860158754	0.0034473733349097151	0.1029029425534258	1.2025315983307059
primary_cpe|histology_matched|base_plus_binary_histology|GATA2	TCGA-EY-A1GR	438	0.018728063794030095	0.0043844207916716857	0.12516709555695632	-1.3568019347087832
primary_cpe|histology_matched|base_plus_binary_histology|GATA2	TCGA-EY-A1GU	441	0.016149897811446781	0.0033690915932422841	0.11446275387677932	1.2822190052894817
primary_cpe|histology_matched|base_plus_binary_histology|GATA2	TCGA-EY-A1GV	442	0.04835397316733743	0.0087043790709549658	0.18425534319205122	-1.1711102487100202
primary_cpe|histology_matched|base_plus_binary_histology|GATA2	TCGA-EY-A1GW	443	0.035797455425612745	0.0034910480923582908	0.12340735265732673	-0.86710667647234418
primary_cpe|histology_matched|base_plus_binary_histology|GATA2	TCGA-EY-A2OO	452	0.021640348436567869	0.0095198614736538029	0.20472717698107559	1.8601573942725758
primary_cpe|histology_matched|base_plus_binary_histology|GATA2	TCGA-EY-A54A	461	0.020895675503872779	0.0030619499946463692	0.10177352799866747	1.0715070348393045
primary_cpe|histology_matched|base_plus_binary_histology|GATA2	TCGA-FI-A2CY	465	0.020607694701264695	0.0034634016708809299	0.1234542715480957	1.1478861113923207
primary_cpe|histology_matched|base_plus_binary_histology|GATA2	TCGA-FI-A2D5	469	0.022394342038006394	0.0020288761139968569	0.10463898216462768	-0.8415073229645097
primary_cpe|histology_matched|base_plus_binary_histology|GATA2	TCGA-FI-A2D6	470	0.020026582719929992	0.0043509105832836301	0.14143567768041271	-1.3060111762497846
primary_cpe|histology_matched|base_plus_binary_histology|GATA2	TCGA-KP-A3W0	484	0.02515841952001921	0.0078252990671884484	0.19674778454080111	-1.5597172945221514
primary_cpe|histology_matched|base_plus_binary_histology|GATA2	TCGA-KP-A3W1	485	0.02400715733162748	0.0085013643277032213	0.12732512459178266	-1.6657749029951694
primary_cpe|histology_matched|base_plus_binary_histology|GATA2	TCGA-PG-A5BC	488	0.0099471111630251921	0.0041114694798162861	0.090177288254341015	1.8135184569006293
primary_cpe|histology_matched|base_plus_binary_histology|GATA2	TCGA-PG-A6IB	489	0.030195416023326996	0.010651437197944333	0.20367734513396443	-1.6572285324127203
primary_cpe|histology_matched|base_plus_binary_histology|GATA2	TCGA-PG-A7D5	490	0.008841674410612687	0.0039139542873086481	0.091676791925274309	1.8782734120368585
primary_cpe|histology_matched|base_plus_binary_histology|GATA2	TCGA-QS-A5YQ	497	0.029196123871713574	0.0038543353813534418	0.14724162631331433	-1.012590777495223
primary_cpe|histology_matched|base_plus_binary_histology|GATA2	TCGA-SL-A6J9	503	0.01891229064788209	0.0065205661602564099	0.15723360222475766	-1.6478500771282703
primary_cpe|histology_matched|base_refit|SOX9	TCGA-A5-A0G1	4	0.025756993767610713	0.0024541638585447571	0.098688700395083109	-0.80581231822974619
primary_cpe|histology_matched|base_refit|SOX9	TCGA-A5-A0GP	16	0.024375592907580665	0.011505965641312144	0.23803847919203444	1.799484130377748
primary_cpe|histology_matched|base_refit|SOX9	TCGA-A5-A0GQ	17	0.018592603145454595	0.0027076323378327398	0.10672530640149187	-1.0002271251203425
primary_cpe|histology_matched|base_refit|SOX9	TCGA-A5-A0GW	20	0.040282070314228063	0.02029271428637924	0.29900551073874299	1.8440778549254919
primary_cpe|histology_matched|base_refit|SOX9	TCGA-A5-A0R6	22	0.011611793166897696	0.0043873920666574785	0.11238186159067275	1.6194695108519737
primary_cpe|histology_matched|base_refit|SOX9	TCGA-A5-A0VQ	28	0.014531525101265168	0.0030434524109576731	0.10445006930420482	1.2025204138266608
primary_cpe|histology_matched|base_refit|SOX9	TCGA-A5-A1OH	31	0.011044036522881322	0.0087666527301746289	0.13171955742349334	2.3548509723422635
primary_cpe|histology_matched|base_refit|SOX9	TCGA-A5-A2K3	35	0.031359338865318651	0.0048417835629850272	0.12275502223962644	-1.0232225218569637
primary_cpe|histology_matched|base_refit|SOX9	TCGA-AJ-A23N	44	0.014581109328852308	0.0045781421890935398	0.12107462531642953	1.4733935709843213
primary_cpe|histology_matched|base_refit|SOX9	TCGA-AJ-A3BK	56	0.016174758104491229	0.0037205896376790964	0.11407692652849777	-1.2593613304208686
primary_cpe|histology_matched|base_refit|SOX9	TCGA-AJ-A3NF	63	0.01702804721913511	0.005084253000674839	0.12757142828252965	1.4348679819114769
primary_cpe|histology_matched|base_refit|SOX9	TCGA-AJ-A3NG	64	0.017898880186320128	0.005081949719925336	0.13673768813006668	1.3984459194918397
primary_cpe|histology_matched|base_refit|SOX9	TCGA-AJ-A3OL	67	0.016801432069014417	0.0089854968620880996	0.1357306024269555	1.9237204643502337
primary_cpe|histology_matched|base_refit|SOX9	TCGA-AJ-A8CT	73	0.037172796381151493	0.010007242319544665	0.22029369132227825	-1.348105587325328
primary_cpe|histology_matched|base_refit|SOX9	TCGA-AP-A054	78	0.017176172287931207	0.012438446814889575	0.16722817363982498	2.2410605843582738
primary_cpe|histology_matched|base_refit|SOX9	TCGA-AP-A05J	84	0.010179383429190014	0.0057993661183258294	0.11550132570229821	1.9927297477164116
primary_cpe|histology_matched|base_refit|SOX9	TCGA-AP-A0LL	96	0.016408480380632626	0.0031124526888163528	0.10381782979293842	-1.1431608662357409
primary_cpe|histology_matched|base_refit|SOX9	TCGA-AP-A0LM	97	0.030787474844160459	0.006738607518314621	0.15801599118905613	-1.2191820582320705
primary_cpe|histology_matched|base_refit|SOX9	TCGA-AP-A0LV	103	0.011416157149660919	0.0034821839108126747	0.08907627933042217	1.4544792121550976
primary_cpe|histology_matched|base_refit|SOX9	TCGA-AP-A1DQ	109	0.010260095221652665	0.00354381981793663	0.094852165626785279	1.5490989206460046
primary_cpe|histology_matched|base_refit|SOX9	TCGA-AP-A1E0	112	0.022625588052887075	0.01337093155557573	0.25477230813330543	2.0169451572641504
primary_cpe|histology_matched|base_refit|SOX9	TCGA-AX-A05Y	122	0.010755041595804378	0.0052393420161153739	0.10572365466135772	1.8410802798117487
primary_cpe|histology_matched|base_refit|SOX9	TCGA-AX-A06J	131	0.014103220840187621	0.0032971883399523639	0.10547464430493791	-1.2710003175397853
primary_cpe|histology_matched|base_refit|SOX9	TCGA-AX-A1C8	141	0.0088860226501156284	0.0041734487165906321	0.092959073614488061	1.8092294525472479
primary_cpe|histology_matched|base_refit|SOX9	TCGA-AX-A1CN	150	0.017706139841012134	0.002384139594857968	0.09677795173615715	-0.96214658175461232
primary_cpe|histology_matched|base_refit|SOX9	TCGA-AX-A2HJ	160	0.010695225821765374	0.0035901328028161966	0.095170628912270711	1.5267005519030863
primary_cpe|histology_matched|base_refit|SOX9	TCGA-AX-A2IN	162	0.016176649741909577	0.0024840959575904279	0.096444392249300279	-1.0284249767795832
primary_cpe|histology_matched|base_refit|SOX9	TCGA-AX-A3FZ	169	0.011027388375657261	0.0084748943562822591	0.10277232702080423	2.3166896907283503
primary_cpe|histology_matched|base_refit|SOX9	TCGA-B5-A0JU	182	0.013088499119507518	0.0065960240585025576	0.11219991631715343	1.8705582939762617
primary_cpe|histology_matched|base_refit|SOX9	TCGA-B5-A0JY	185	0.022093969508198242	0.0081029192145829678	0.19871549907341557	1.5868739647160597
primary_cpe|histology_matched|base_refit|SOX9	TCGA-B5-A0K1	188	0.16418813554113279	0.0022130654549497599	0.11933220955273954	0.28056109100454008
primary_cpe|histology_matched|base_refit|SOX9	TCGA-B5-A11E	196	0.0229342448335326	0.010824405663404238	0.23803129543949628	1.8007208238498507
primary_cpe|histology_matched|base_refit|SOX9	TCGA-B5-A11N	202	0.040093741225022322	0.0036239568335224332	0.1247953516757629	0.77901381112847101
primary_cpe|histology_matched|base_refit|SOX9	TCGA-B5-A11U	208	0.016624735645566047	0.0050293486720396673	0.13966420197393953	1.444643252264477
primary_cpe|histology_matched|base_refit|SOX9	TCGA-B5-A3FC	226	0.021646206054527158	0.0087677613161662674	0.19947153853473285	1.6685026927811153
primary_cpe|histology_matched|base_refit|SOX9	TCGA-BG-A0LW	233	0.02189710301295952	0.0082555596897698081	0.19105148483439274	-1.6092118788974843
primary_cpe|histology_matched|base_refit|SOX9	TCGA-BG-A0M0	235	0.016669682954556057	0.0079222937583707676	0.17921893636188291	1.8128220692879362
primary_cpe|histology_matched|base_refit|SOX9	TCGA-BG-A0MI	245	0.015221737169289196	0.0033304149625285277	0.10244363431492404	1.2287328919767351
primary_cpe|histology_matched|base_refit|SOX9	TCGA-BG-A0MO	247	0.022820517630342062	0.004387150072420843	0.13195936810308193	-1.1471028705148549
primary_cpe|histology_matched|base_refit|SOX9	TCGA-BG-A0VX	255	0.022838955037865462	0.010948858950221546	0.22987399499940017	1.8149993794136317
primary_cpe|histology_matched|base_refit|SOX9	TCGA-BG-A2AE	267	0.0092289561485579437	0.0036068272693176354	0.093307395850660529	-1.6491899251183004
primary_cpe|histology_matched|base_refit|SOX9	TCGA-BS-A0T9	283	0.017226176843202674	0.0036787798676862016	0.10950947152630203	1.2126580009010968
primary_cpe|histology_matched|base_refit|SOX9	TCGA-BS-A0TC	285	0.033555349170749232	0.0021159682834434668	0.10476515408891954	-0.65277096128790713
primary_cpe|histology_matched|base_refit|SOX9	TCGA-BS-A0TJ	289	0.010400162372495036	0.0035385877376474446	0.090389406380398704	1.5373311568839398
primary_cpe|histology_matched|base_refit|SOX9	TCGA-BS-A0UF	295	0.026410358041088891	0.0020312769184747722	0.089372234220944702	-0.72364674793298212
primary_cpe|histology_matched|base_refit|SOX9	TCGA-BS-A0UJ	296	0.031420215379723157	0.006160459003572369	0.18350920478222935	-1.1533539853708108
primary_cpe|histology_matched|base_refit|SOX9	TCGA-BS-A0UL	297	0.015457609313435754	0.0032605897021423065	0.1024282216786524	1.2062615345833485
primary_cpe|histology_matched|base_refit|SOX9	TCGA-BS-A0V4	300	0.022608389841111427	0.0019017328804264118	0.094017577929886978	-0.75829444325214534
primary_cpe|histology_matched|base_refit|SOX9	TCGA-BS-A0WQ	305	0.017426935948292619	0.0047382520211679399	0.12331563821466113	-1.3687070134344939
primary_cpe|histology_matched|base_refit|SOX9	TCGA-D1-A15X	320	0.01486900420900528	0.0042202930524995333	0.1131397120965099	-1.4003771894665649
primary_cpe|histology_matched|base_refit|SOX9	TCGA-D1-A16J	334	0.01386211398560524	0.0036301100699450118	0.10585917665638234	-1.3456006539740273
primary_cpe|histology_matched|base_refit|SOX9	TCGA-D1-A16S	339	0.0096436852347428839	0.0033966642657411749	0.090348220013206082	1.5648776548866423
primary_cpe|histology_matched|base_refit|SOX9	TCGA-D1-A17A	346	0.021891418180430024	0.0035242813822015371	0.12875279821113714	-1.0499909964340304
primary_cpe|histology_matched|base_refit|SOX9	TCGA-D1-A17H	351	0.032079027878329391	0.010589300805667097	0.21640333386361194	1.4973832371806166
primary_cpe|histology_matched|base_refit|SOX9	TCGA-D1-A17L	353	0.017771315338930206	0.005827275000506324	0.15831629419931451	-1.5034088943396255
primary_cpe|histology_matched|base_refit|SOX9	TCGA-D1-A17R	357	0.010460086521731724	0.0041040086654949501	0.10050964401977039	1.6514064348973743
primary_cpe|histology_matched|base_refit|SOX9	TCGA-D1-A1O8	370	0.02493052830247024	0.0046895812457325688	0.091589220715400668	-1.1334233966695293
primary_cpe|histology_matched|base_refit|SOX9	TCGA-DF-A2KR	380	0.014226028401378977	0.0022230999997650326	0.092450947691401691	-1.0385073684733224
primary_cpe|histology_matched|base_refit|SOX9	TCGA-E6-A2P8	398	0.012934985294374188	0.0034661353837718151	0.094821102102671848	-1.3618649517006489
primary_cpe|histology_matched|base_refit|SOX9	TCGA-EO-A22T	409	0.016585951076374179	0.0039914034639414158	0.12291934304035584	1.2879438248690231
primary_cpe|histology_matched|base_refit|SOX9	TCGA-EO-A3AU	416	0.014306214510482237	0.0065110024279329713	0.12325500443580027	1.7759008574327106
primary_cpe|histology_matched|base_refit|SOX9	TCGA-EO-A3AZ	419	0.019384512552833896	0.0033046109046032937	0.09510483267763245	-1.0819457763824565
primary_cpe|histology_matched|base_refit|SOX9	TCGA-EO-A3B0	420	0.026193734687450516	0.015386283480260398	0.23099800191141254	2.0071045023347853
primary_cpe|histology_matched|base_refit|SOX9	TCGA-EO-A3L0	425	0.014972095005662909	0.0031051987958103109	0.095820791616632817	1.1963677145307334
primary_cpe|histology_matched|base_refit|SOX9	TCGA-EY-A1GE	428	0.035928672496899711	0.01984006123328437	0.33193506029934944	-1.9357491745043156
primary_cpe|histology_matched|base_refit|SOX9	TCGA-EY-A1GH	430	0.015000800647319394	0.0022600238739217396	0.092132938562203295	-1.019255834146287
primary_cpe|histology_matched|base_refit|SOX9	TCGA-EY-A1GM	434	0.010464002970594421	0.0071344778180010837	0.11978579571774918	2.1813714973230196
primary_cpe|histology_matched|base_refit|SOX9	TCGA-EY-A1GU	441	0.016124171190029526	0.0023996785949055507	0.090317154461126453	-1.0124367878021556
primary_cpe|histology_matched|base_refit|SOX9	TCGA-EY-A1GV	442	0.033392269302036037	0.0030259641438978371	0.12789164930195862	-0.78273385458055977
primary_cpe|histology_matched|base_refit|SOX9	TCGA-EY-A1GW	443	0.030740844624387937	0.0046797599872393453	0.15086336343600024	-1.0163358146135977
primary_cpe|histology_matched|base_refit|SOX9	TCGA-EY-A1H0	445	0.012611270940197525	0.0049567515243590385	0.10167563451677625	1.6510626537948194
primary_cpe|histology_matched|base_refit|SOX9	TCGA-EY-A2OO	452	0.018134437342011651	0.0032371485208842008	0.11688505125075851	1.1079073978526703
primary_cpe|histology_matched|base_refit|SOX9	TCGA-FI-A2CX	464	0.078633430759320624	0.01732721361735539	0.30651258027210443	-1.1926420025331965
primary_cpe|histology_matched|base_refit|SOX9	TCGA-FI-A2CY	465	0.018681111178094817	0.0033894624756067369	0.12213079352463022	-1.1166724924638485
primary_cpe|histology_matched|base_refit|SOX9	TCGA-FI-A2D0	466	0.039588821582547964	0.027033632882120674	0.2923803705109958	2.1503943416429783
primary_cpe|histology_matched|base_refit|SOX9	TCGA-FI-A2D4	468	0.013820699292945281	0.0038392678374092777	0.097442049310099241	1.3860773607013899
primary_cpe|histology_matched|base_refit|SOX9	TCGA-FI-A2F9	477	0.011093821497470294	0.0042876949849448053	0.09522160143884098	1.6384424247378078
primary_cpe|histology_matched|base_refit|SOX9	TCGA-PG-A6IB	489	0.015495045867535386	0.0032357603332269663	0.095421388510860003	-1.2001669418246694
primary_cpe|histology_matched|base_refit|SOX9	TCGA-QS-A5YQ	497	0.029180028102214674	0.0030428910287899286	0.12241853387591348	-0.84157236103371569
primary_cpe|histology_matched|base_plus_binary_histology|SOX9	TCGA-A5-A0G1	4	0.039917956018736378	0.0030324508357225111	0.11723295399411787	-0.76353619234442927
primary_cpe|histology_matched|base_plus_binary_histology|SOX9	TCGA-A5-A0GP	16	0.024507242482620678	0.010056500597363729	0.22733815782991684	1.7934924692133745
primary_cpe|histology_matched|base_plus_binary_histology|SOX9	TCGA-A5-A0GQ	17	0.018801780825429257	0.0024201810689486293	0.10791552876132025	-1.0051997258481273
primary_cpe|histology_matched|base_plus_binary_histology|SOX9	TCGA-A5-A0GW	20	0.040805063360178896	0.01779761668669156	0.29934270918968803	1.8338011424252423
primary_cpe|histology_matched|base_plus_binary_histology|SOX9	TCGA-A5-A0R6	22	0.013411312025139704	0.004534729815451605	0.10960452759974865	1.6363829090940445
primary_cpe|histology_matched|base_plus_binary_histology|SOX9	TCGA-A5-A0VQ	28	0.014531782073444341	0.0026594226155496983	0.10406715556768668	1.2016956279538378
primary_cpe|histology_matched|base_plus_binary_histology|SOX9	TCGA-A5-A1OH	31	0.013056457858491556	0.009227491194298755	0.13623793344976298	2.3732022038545248
primary_cpe|histology_matched|base_plus_binary_histology|SOX9	TCGA-A5-A2K3	35	0.04472882343251211	0.0056577834427242535	0.11631393501846507	-0.98315764246859427
primary_cpe|histology_matched|base_plus_binary_histology|SOX9	TCGA-AJ-A23N	44	0.016214953034072513	0.0045590631590823666	0.12046633551894304	1.4893840099881679
primary_cpe|histology_matched|base_plus_binary_histology|SOX9	TCGA-AJ-A3BK	56	0.016409143481061872	0.0033303708259850378	0.11526075510845893	-1.2644949743851177
primary_cpe|histology_matched|base_plus_binary_histology|SOX9	TCGA-AJ-A3I9	61	0.01690302404300234	0.0026446083929980093	0.089500592804099929	-1.109539052356096
primary_cpe|histology_matched|base_plus_binary_histology|SOX9	TCGA-AJ-A3IA	62	0.023685151350788261	0.0043170876210376205	0.11643927985374188	-1.1936660164995168
primary_cpe|histology_matched|base_plus_binary_histology|SOX9	TCGA-AJ-A3NF	63	0.018625029244159638	0.0049813090466982778	0.12712349024853278	1.4506670737220266
primary_cpe|histology_matched|base_plus_binary_histology|SOX9	TCGA-AJ-A3NG	64	0.033220443925231699	0.0091074237822525543	0.18331229578258015	1.4577895070639613
primary_cpe|histology_matched|base_plus_binary_histology|SOX9	TCGA-AJ-A3OL	67	0.016801440134024282	0.00784922793728169	0.13555272519470316	1.9221174974805935
primary_cpe|histology_matched|base_plus_binary_histology|SOX9	TCGA-AJ-A6NU	72	0.019468538124666569	0.0025004811892969962	0.092170634055465508	-1.0037467802506987
primary_cpe|histology_matched|base_plus_binary_histology|SOX9	TCGA-AJ-A8CT	73	0.037176938705236223	0.0087319598500534903	0.21944297925702805	-1.3461449316106875
primary_cpe|histology_matched|base_plus_binary_histology|SOX9	TCGA-AP-A054	78	0.017248335275341357	0.01087962320585309	0.16785670716353926	2.2358385819863309
primary_cpe|histology_matched|base_plus_binary_histology|SOX9	TCGA-AP-A05J	84	0.012657775297303227	0.0064562265541228975	0.12001350770859544	2.0133515655074903
primary_cpe|histology_matched|base_plus_binary_histology|SOX9	TCGA-AP-A0LL	96	0.016419791856647277	0.0027143865965382178	0.10357250316840749	-1.1408633580950407
primary_cpe|histology_matched|base_plus_binary_histology|SOX9	TCGA-AP-A0LM	97	0.030908215319870098	0.0059532426800045718	0.15844029217748173	-1.2225970176415442
primary_cpe|histology_matched|base_plus_binary_histology|SOX9	TCGA-AP-A1DQ	109	0.018450365898165191	0.0054025123937689965	0.13851267455349345	1.5183297103533679
primary_cpe|histology_matched|base_plus_binary_histology|SOX9	TCGA-AP-A1E0	112	0.022867419822630689	0.01173816441013952	0.24294480681885566	2.0092602066835616
primary_cpe|histology_matched|base_plus_binary_histology|SOX9	TCGA-AP-A1E3	114	0.014978748635137575	0.0028779087563363327	0.089072265882335883	1.2311010420965911
primary_cpe|histology_matched|base_plus_binary_histology|SOX9	TCGA-AX-A05Y	122	0.01076044655622653	0.0045744167155944548	0.10538860185297708	1.8385947272664815
primary_cpe|histology_matched|base_plus_binary_histology|SOX9	TCGA-AX-A06B	128	0.020910143985426087	0.0025475748060650636	0.089321884613850225	0.97683502081045959
primary_cpe|histology_matched|base_plus_binary_histology|SOX9	TCGA-AX-A06J	131	0.014114240638144385	0.0028883856282700721	0.10522982370249642	-1.2712357871065105
primary_cpe|histology_matched|base_plus_binary_histology|SOX9	TCGA-AX-A1C8	141	0.01123777832831524	0.0047306608579544161	0.096903528128105418	1.8290854781855832
primary_cpe|histology_matched|base_plus_binary_histology|SOX9	TCGA-AX-A1CC	144	0.034715303563338018	0.0043486059748835118	0.11655727267688136	0.98349679043047711
primary_cpe|histology_matched|base_plus_binary_histology|SOX9	TCGA-AX-A1CN	150	0.017881092239103807	0.002126793494108365	0.097974243227951563	-0.96663830576099896
primary_cpe|histology_matched|base_plus_binary_histology|SOX9	TCGA-AX-A2HJ	160	0.010765172137100668	0.0031433700897869079	0.095337452691960908	1.52214697458448
primary_cpe|histology_matched|base_plus_binary_histology|SOX9	TCGA-AX-A2HK	161	0.017221227410538432	0.0071401615590037295	0.15427794937748138	1.8096160329290645
primary_cpe|histology_matched|base_plus_binary_histology|SOX9	TCGA-AX-A2IN	162	0.01634813572031088	0.0022157439983345518	0.097342948327931986	-1.032810193756555
primary_cpe|histology_matched|base_plus_binary_histology|SOX9	TCGA-AX-A3FX	168	0.015747755567251501	0.0022772288466124269	0.094811386386737306	1.0672174270652677
primary_cpe|histology_matched|base_plus_binary_histology|SOX9	TCGA-AX-A3FZ	169	0.018736579985355738	0.012396892212997734	0.20200432380829209	2.2887215381259356
primary_cpe|histology_matched|base_plus_binary_histology|SOX9	TCGA-B5-A0JU	182	0.013089897395562641	0.00575945841265972	0.11194686320852691	1.868496348420714
primary_cpe|histology_matched|base_plus_binary_histology|SOX9	TCGA-B5-A0JY	185	0.037375252280149485	0.013131185528593261	0.27140836754484671	1.6477123963141092
primary_cpe|histology_matched|base_plus_binary_histology|SOX9	TCGA-B5-A0K1	188	0.16496970627720339	0.0017837113832652983	0.11453849805649427	0.26850384226692442
primary_cpe|histology_matched|base_plus_binary_histology|SOX9	TCGA-B5-A11E	196	0.023052377772884061	0.0094607783897673031	0.22894524151362217	1.7949601724188478
primary_cpe|histology_matched|base_plus_binary_histology|SOX9	TCGA-B5-A11N	202	0.040146193865750884	0.0031465724614872779	0.12422191887559289	0.77547889065602615
primary_cpe|histology_matched|base_plus_binary_histology|SOX9	TCGA-B5-A11U	208	0.016694154256846241	0.0043920842042269436	0.13955460953047508	1.4401614833423253
primary_cpe|histology_matched|base_plus_binary_histology|SOX9	TCGA-B5-A3F9	223	0.017049732179944703	0.0030278614608909727	0.10356002522855373	1.1822073091087713
primary_cpe|histology_matched|base_plus_binary_histology|SOX9	TCGA-B5-A3FC	226	0.02191830958803067	0.0076986581520435303	0.19930596600564501	1.6607464193349897
primary_cpe|histology_matched|base_plus_binary_histology|SOX9	TCGA-BG-A0LW	233	0.021926263761115755	0.0072021705010129854	0.19070765369038914	-1.605715783001205
primary_cpe|histology_matched|base_plus_binary_histology|SOX9	TCGA-BG-A0M0	235	0.016670571125791511	0.0069177503179799022	0.17888139138277204	1.8109035963793105
primary_cpe|histology_matched|base_plus_binary_histology|SOX9	TCGA-BG-A0M6	239	0.011603053214827967	0.0047888272276661757	0.089980567606869011	1.8106409444779155
primary_cpe|histology_matched|base_plus_binary_histology|SOX9	TCGA-BG-A0MI	245	0.015294710175661655	0.0029075238318847065	0.10243083227772033	1.2243541995282803
primary_cpe|histology_matched|base_plus_binary_histology|SOX9	TCGA-BG-A0MO	247	0.022900028937098499	0.0038699122970916357	0.13263515344779303	-1.1497081399796578
primary_cpe|histology_matched|base_plus_binary_histology|SOX9	TCGA-BG-A0VX	255	0.023004096680951665	0.0095823124101672413	0.22902620689705364	1.8084801155099841
primary_cpe|histology_matched|base_plus_binary_histology|SOX9	TCGA-BG-A2AE	267	0.024607647345738962	0.0081620013377987563	0.20200771928973418	-1.6113666458275597
primary_cpe|histology_matched|base_plus_binary_histology|SOX9	TCGA-BK-A0CA	272	0.025440653808417597	0.0024863925924375739	0.11008592192505831	-0.87270140276142816
primary_cpe|histology_matched|base_plus_binary_histology|SOX9	TCGA-BK-A139	275	0.020259679459172258	0.0028821800722813487	0.098790539244317493	-1.0560758801139085
primary_cpe|histology_matched|base_plus_binary_histology|SOX9	TCGA-BS-A0T9	283	0.01725131310339266	0.0032078119493327679	0.10889555618552627	1.2096560897054114
primary_cpe|histology_matched|base_plus_binary_histology|SOX9	TCGA-BS-A0TC	285	0.033562575243732795	0.0018548088771783028	0.10484456866137047	-0.65328579534283626
primary_cpe|histology_matched|base_plus_binary_histology|SOX9	TCGA-BS-A0TI	288	0.018581290822118183	0.0030902177754285986	0.10705152441934193	1.1430432335427048
primary_cpe|histology_matched|base_plus_binary_histology|SOX9	TCGA-BS-A0TJ	289	0.010490061060999187	0.003103153110031029	0.090625998638106789	1.5323425651896414
primary_cpe|histology_matched|base_plus_binary_histology|SOX9	TCGA-BS-A0UF	295	0.026607089993177055	0.0018158610222765981	0.090266959416261422	-0.72866291095586733
primary_cpe|histology_matched|base_plus_binary_histology|SOX9	TCGA-BS-A0UJ	296	0.031492989738487617	0.0053628205307326366	0.18302168774991248	-1.1490156267554137
primary_cpe|histology_matched|base_plus_binary_histology|SOX9	TCGA-BS-A0UL	297	0.015518437455844483	0.0028451555755739156	0.10233777762395201	1.2021876256307904
primary_cpe|histology_matched|base_plus_binary_histology|SOX9	TCGA-BS-A0V4	300	0.022652006133237673	0.0016530901078565107	0.093713215195050117	-0.75505158659580107
primary_cpe|histology_matched|base_plus_binary_histology|SOX9	TCGA-BS-A0WQ	305	0.017438234720876758	0.004133664201064275	0.12305055814857331	-1.3662165432881623
primary_cpe|histology_matched|base_plus_binary_histology|SOX9	TCGA-D1-A15X	320	0.029012862148045708	0.0069163873345940863	0.16423786941124602	-1.3619756107422991
primary_cpe|histology_matched|base_plus_binary_histology|SOX9	TCGA-D1-A165	325	0.012109443155263959	0.0032579574031755079	0.08929086148236752	1.459834646507437
primary_cpe|histology_matched|base_plus_binary_histology|SOX9	TCGA-D1-A169	328	0.022605770066170358	0.0037286863393011611	0.10443043020111495	-1.1359913605353937
primary_cpe|histology_matched|base_plus_binary_histology|SOX9	TCGA-D1-A16J	334	0.014067612047169886	0.0032463925602142798	0.10748841901998163	-1.3502626718145858
primary_cpe|histology_matched|base_plus_binary_histology|SOX9	TCGA-D1-A16S	339	0.012292547208698296	0.003901399887967148	0.094988018349572864	1.5860233456224011
primary_cpe|histology_matched|base_plus_binary_histology|SOX9	TCGA-D1-A16V	340	0.016483663263153141	0.002858069002371955	0.10452737635902418	1.1684356302469134
primary_cpe|histology_matched|base_plus_binary_histology|SOX9	TCGA-D1-A17A	346	0.021899452300912378	0.0030731061375770534	0.12831070774794595	-1.0479771737635475
primary_cpe|histology_matched|base_plus_binary_histology|SOX9	TCGA-D1-A17H	351	0.032218203464440626	0.0092344718938275026	0.21623118629887106	1.4915007223658119
primary_cpe|histology_matched|base_plus_binary_histology|SOX9	TCGA-D1-A17L	353	0.01777300343046942	0.0050872152585135933	0.15774239323677405	-1.5016134224398514
primary_cpe|histology_matched|base_plus_binary_histology|SOX9	TCGA-D1-A17R	357	0.010463572388362236	0.0035829246042630774	0.10005345686096863	1.6492631592654108
primary_cpe|histology_matched|base_plus_binary_histology|SOX9	TCGA-D1-A1O0	367	0.017030276309194667	0.005519819266053199	0.13839437030411098	1.598990046464696
primary_cpe|histology_matched|base_plus_binary_histology|SOX9	TCGA-D1-A1O8	370	0.025481070961496315	0.0042606528962368948	0.093890893444939436	-1.1420952369844437
primary_cpe|histology_matched|base_plus_binary_histology|SOX9	TCGA-D1-A2G0	371	0.027507420180220885	0.0027972882138300697	0.11562998705094163	-0.88928385527833409
primary_cpe|histology_matched|base_plus_binary_histology|SOX9	TCGA-DF-A2KS	381	0.022947776470396409	0.0024750901819047817	0.090130639175223973	-0.91803744004049004
primary_cpe|histology_matched|base_plus_binary_histology|SOX9	TCGA-E6-A2P8	398	0.028376943221178508	0.0063708767785467081	0.16653785741577196	-1.3220173237816981
primary_cpe|histology_matched|base_plus_binary_histology|SOX9	TCGA-EO-A22T	409	0.01676740635057429	0.003496925723699897	0.12294350823040985	1.2816338240097911
primary_cpe|histology_matched|base_plus_binary_histology|SOX9	TCGA-EO-A3AS	415	0.019344288769821083	0.003200710845326464	0.095348802418180695	1.139674019300293
primary_cpe|histology_matched|base_plus_binary_histology|SOX9	TCGA-EO-A3AU	416	0.014527951154017456	0.0057399843800296979	0.12405017682378004	1.7686755976401629
primary_cpe|histology_matched|base_plus_binary_histology|SOX9	TCGA-EO-A3AZ	419	0.034451140954629061	0.0048278173190069709	0.12996506893940935	-1.0404993990955809
primary_cpe|histology_matched|base_plus_binary_histology|SOX9	TCGA-EO-A3B0	420	0.026692275668298102	0.013588906418515413	0.22340486063090337	1.9969678639420891
primary_cpe|histology_matched|base_plus_binary_histology|SOX9	TCGA-EO-A3L0	425	0.015216540517163098	0.0027297262293223511	0.096498242226324207	1.1893179278372104
primary_cpe|histology_matched|base_plus_binary_histology|SOX9	TCGA-EY-A1GE	428	0.035954497276467295	0.017307542272660736	0.33099343355295063	-1.9320824041218942
primary_cpe|histology_matched|base_plus_binary_histology|SOX9	TCGA-EY-A1GH	430	0.015199784735963687	0.0020230462847533035	0.09346597380216165	-1.0240579328144317
primary_cpe|histology_matched|base_plus_binary_histology|SOX9	TCGA-EY-A1GM	434	0.013323131314742921	0.0081361128766232263	0.12493882315555722	2.2040264009329404
primary_cpe|histology_matched|base_plus_binary_histology|SOX9	TCGA-EY-A1GP	436	0.018731086860158754	0.0038506695245594646	0.10875563253711922	1.2711433724919559
primary_cpe|histology_matched|base_plus_binary_histology|SOX9	TCGA-EY-A1GU	441	0.016149897811446781	0.002091311727880333	0.090181440449121311	-1.009583799043682
primary_cpe|histology_matched|base_plus_binary_histology|SOX9	TCGA-EY-A1GV	442	0.04835397316733743	0.0034731866187595697	0.11638988854091371	-0.73914967284264643
primary_cpe|histology_matched|base_plus_binary_histology|SOX9	TCGA-EY-A1GW	443	0.035797455425612745	0.0050814996203704952	0.14888778494160251	-1.046503240004339
primary_cpe|histology_matched|base_plus_binary_histology|SOX9	TCGA-EY-A1GX	444	0.032741953058621487	0.0023658157616420167	0.089955978304768355	-0.74741431376518608
primary_cpe|histology_matched|base_plus_binary_histology|SOX9	TCGA-EY-A1H0	445	0.012612093140802076	0.0043319444822513568	0.1016068460044461	1.6500156404025517
primary_cpe|histology_matched|base_plus_binary_histology|SOX9	TCGA-EY-A214	448	0.018793057240535586	0.0032717562578910239	0.10694720455408856	-1.1694390666968983
primary_cpe|histology_matched|base_plus_binary_histology|SOX9	TCGA-EY-A2OO	452	0.021640348436567869	0.0035435534571913478	0.12490495805606824	1.132413303240742
primary_cpe|histology_matched|base_plus_binary_histology|SOX9	TCGA-EY-A2OQ	454	0.01768602725278233	0.0022199457899325669	0.089323509731862039	-0.99316233160944256
primary_cpe|histology_matched|base_plus_binary_histology|SOX9	TCGA-FI-A2CX	464	0.079520002339471513	0.015649474149860915	0.31126355934331329	-1.2043718615525141
primary_cpe|histology_matched|base_plus_binary_histology|SOX9	TCGA-FI-A2CY	465	0.020607694701264695	0.0031779047513805052	0.11825652917488147	-1.099436780058729
primary_cpe|histology_matched|base_plus_binary_histology|SOX9	TCGA-FI-A2D0	466	0.040060271086216556	0.023725748067690313	0.29326729375951688	2.1403212706013348
primary_cpe|histology_matched|base_plus_binary_histology|SOX9	TCGA-FI-A2D4	468	0.013839036405399033	0.0033500418953485607	0.096761643050735827	1.3832152001188838
primary_cpe|histology_matched|base_plus_binary_histology|SOX9	TCGA-FI-A2F9	477	0.017778123848042865	0.0058470720006876496	0.13261702885110824	1.6101665032292909
primary_cpe|histology_matched|base_plus_binary_histology|SOX9	TCGA-KP-A3W0	484	0.02515841952001921	0.0059595174617908834	0.17169787762756164	-1.3603390847307344
primary_cpe|histology_matched|base_plus_binary_histology|SOX9	TCGA-PG-A6IB	489	0.030195416023326996	0.0052328658831251994	0.14276061886592892	-1.1599447209426674
primary_cpe|histology_matched|base_plus_binary_histology|SOX9	TCGA-QS-A5YQ	497	0.029196123871713574	0.002669629020014178	0.12254096954398536	-0.84245505868575454
primary_cpe|histology_matched|base_plus_binary_histology|SOX9	TCGA-SL-A6J9	503	0.01891229064788209	0.0036807568425719249	0.11813301151579474	-1.2365921460350604
primary_cpe|histology_matched|base_refit|HOXA9	TCGA-A5-A0G1	4	0.025756993767610713	0.0058682026216456172	0.15260480292510897	1.2471816156668805
primary_cpe|histology_matched|base_refit|HOXA9	TCGA-A5-A0G2	5	0.0250105725589072	0.0068061508625163018	0.16282826456296023	-1.3639951363541263
primary_cpe|histology_matched|base_refit|HOXA9	TCGA-A5-A0GH	11	0.017564304231712936	0.0094102201592963872	0.15196278384184742	1.9246933926278504
primary_cpe|histology_matched|base_refit|HOXA9	TCGA-A5-A0GN	15	0.023451403230727759	0.0043025267988023577	0.11465890192163375	-1.1201711730073833
primary_cpe|histology_matched|base_refit|HOXA9	TCGA-A5-A0GP	16	0.024375592907580665	0.0036229044760414499	0.13357158275258346	1.0075062903219374
primary_cpe|histology_matched|base_refit|HOXA9	TCGA-A5-A0GQ	17	0.018592603145454595	0.0021153287071037671	0.094332532907655253	0.8838877485403035
primary_cpe|histology_matched|base_refit|HOXA9	TCGA-A5-A0GW	20	0.040282070314228063	0.0093965526011308004	0.20346672597071383	1.252555927355063
primary_cpe|histology_matched|base_refit|HOXA9	TCGA-A5-A1OF	29	0.021383486933902636	0.007163428589406968	0.180716300629676	-1.5168511699316516
primary_cpe|histology_matched|base_refit|HOXA9	TCGA-A5-A1OH	31	0.011044036522881322	0.0047845335459848976	0.097309034406326531	1.735276035371448
primary_cpe|histology_matched|base_refit|HOXA9	TCGA-A5-A1OJ	32	0.028714831415159427	0.016042074677640756	0.25164559717419643	-1.9544548603277221
primary_cpe|histology_matched|base_refit|HOXA9	TCGA-A5-A2K3	35	0.031359338865318651	0.024084269095834041	0.27378100850549764	-2.2917107054656807
primary_cpe|histology_matched|base_refit|HOXA9	TCGA-A5-A2K5	37	0.020796511051206484	0.0014911036888984246	0.089160731234473017	-0.70068384140031292
primary_cpe|histology_matched|base_refit|HOXA9	TCGA-A5-A2K7	38	0.01399308644193456	0.005751662796727351	0.13488685826117236	-1.6874582919957466
primary_cpe|histology_matched|base_refit|HOXA9	TCGA-A5-AB3J	42	0.019351306748220838	0.0032523408047983337	0.10118059077992994	1.0742757980194499
primary_cpe|histology_matched|base_refit|HOXA9	TCGA-AJ-A3I9	61	0.016824674605367452	0.0048350401755705022	0.11281041874195508	-1.4077283257878654
primary_cpe|histology_matched|base_refit|HOXA9	TCGA-AJ-A3NF	63	0.01702804721913511	0.0038828907020668295	0.11148525307503301	1.2533244186106105
primary_cpe|histology_matched|base_refit|HOXA9	TCGA-AJ-A5DW	71	0.024032461500985161	0.002620860250358971	0.1102679474856294	0.86293511705016601
primary_cpe|histology_matched|base_refit|HOXA9	TCGA-AJ-A6NU	72	0.011200453493910349	0.0040228834123427169	0.10277764899336657	-1.579080666316772
primary_cpe|histology_matched|base_refit|HOXA9	TCGA-AJ-A8CT	73	0.037172796381151493	0.0087903259394137168	0.20646542832837936	1.2632015578398403
primary_cpe|histology_matched|base_refit|HOXA9	TCGA-AP-A051	76	0.021112610727167361	0.0029147520041290691	0.12000581232539376	0.97257170084070232
primary_cpe|histology_matched|base_refit|HOXA9	TCGA-AP-A054	78	0.017176172287931207	0.0054981351812525723	0.11118189621916094	1.4857894881438956
primary_cpe|histology_matched|base_refit|HOXA9	TCGA-AP-A056	79	0.041372858933435022	0.0081070256565843393	0.15501051112716716	-1.1470557274198958
primary_cpe|histology_matched|base_refit|HOXA9	TCGA-AP-A0LF	91	0.025583997746499901	0.0023705559712802627	0.10783921509331244	-0.79469669271756405
primary_cpe|histology_matched|base_refit|HOXA9	TCGA-AP-A0LL	96	0.016408480380632626	0.0025993233391759392	0.094874766490014459	-1.0444604783454556
primary_cpe|histology_matched|base_refit|HOXA9	TCGA-AP-A0LS	101	0.032965133090780009	0.013801514934203923	0.26337076704473406	1.6865874746150402
primary_cpe|histology_matched|base_refit|HOXA9	TCGA-AP-A1DP	108	0.037310070132493475	0.0040588553159244109	0.1253296231859595	0.8559815512505049
primary_cpe|histology_matched|base_refit|HOXA9	TCGA-AP-A1DQ	109	0.010260095221652665	0.003767700873188408	0.097802429375302619	1.5975254673462145
primary_cpe|histology_matched|base_refit|HOXA9	TCGA-AP-A1E0	112	0.022625588052887075	0.0037564252527348225	0.13503886047409261	1.0659241901847636
primary_cpe|histology_matched|base_refit|HOXA9	TCGA-AP-A1E3	114	0.014687850421983993	0.007071661429664919	0.13035769040078166	-1.8265597873801485
primary_cpe|histology_matched|base_refit|HOXA9	TCGA-AP-A1E4	115	0.017094198797874681	0.010501286590242478	0.20521622750389643	2.0626058842137889
primary_cpe|histology_matched|base_refit|HOXA9	TCGA-AX-A05T	119	0.010385654736633668	0.0040507451728701589	0.092723106781090844	-1.646559330148559
primary_cpe|histology_matched|base_refit|HOXA9	TCGA-AX-A05W	121	0.0082550056525395044	0.0063390846786005491	0.12053372412267435	-2.319018355130722
primary_cpe|histology_matched|base_refit|HOXA9	TCGA-AX-A05Y	122	0.010755041595804378	0.0059300769742177614	0.11247706054530378	1.9595657893794793
primary_cpe|histology_matched|base_refit|HOXA9	TCGA-AX-A05Z	123	0.024087799417202779	0.0048886048193517084	0.14018488295718953	-1.1779238024372307
primary_cpe|histology_matched|base_refit|HOXA9	TCGA-AX-A062	125	0.014267304853870566	0.0042740355592237062	0.098434204462889405	-1.4392737785444829
primary_cpe|histology_matched|base_refit|HOXA9	TCGA-AX-A06F	129	0.026327307922736243	0.013192524320019473	0.22902221976095696	-1.8525677880604539
primary_cpe|histology_matched|base_refit|HOXA9	TCGA-AX-A0J0	136	0.025260838481800774	0.0062567533783631788	0.17396321559718383	1.3009048956326157
primary_cpe|histology_matched|base_refit|HOXA9	TCGA-AX-A1CE	145	0.011376593405002348	0.0039845811572805411	0.10618448196879086	1.5590953073602767
primary_cpe|histology_matched|base_refit|HOXA9	TCGA-AX-A3FT	165	0.010624394577372541	0.0097156839567813288	0.13600265936313555	-2.5302125126236628
primary_cpe|histology_matched|base_refit|HOXA9	TCGA-AX-A3FV	166	0.024713446845781275	0.0042502070581782259	0.11910434538615576	1.0837512318261311
primary_cpe|histology_matched|base_refit|HOXA9	TCGA-AX-A3GB	176	0.027798978622153643	0.0034927357590381356	0.13416415498758605	0.92455378279308587
primary_cpe|histology_matched|base_refit|HOXA9	TCGA-B5-A0K1	188	0.16418813554113279	0.0061526736027718593	0.19897224074162009	0.46786814990576525
primary_cpe|histology_matched|base_refit|HOXA9	TCGA-B5-A0K2	189	0.014125198142006933	0.0057240458873844451	0.10105767158733171	-1.6753307587834425
primary_cpe|histology_matched|base_refit|HOXA9	TCGA-B5-A11E	196	0.0229342448335326	0.0070738625963558399	0.19242448821092967	1.4540600239316017
primary_cpe|histology_matched|base_refit|HOXA9	TCGA-B5-A11L	201	0.010681609476687538	0.0074655654741240217	0.124792164310746	-2.2085864958661823
primary_cpe|histology_matched|base_refit|HOXA9	TCGA-B5-A11N	202	0.040093741225022322	0.0087413934595786218	0.19381939589872446	-1.2109291274183307
primary_cpe|histology_matched|base_refit|HOXA9	TCGA-B5-A11Z	212	0.020195147192153567	0.0057272931775440251	0.13401797400730855	1.3959932802963546
primary_cpe|histology_matched|base_refit|HOXA9	TCGA-B5-A1MR	214	0.038685914971145159	0.0094536803078898134	0.1597169408323334	-1.2831795512066835
primary_cpe|histology_matched|base_refit|HOXA9	TCGA-BG-A0LW	233	0.02189710301295952	0.0068940784921195522	0.17458835310901832	1.4699127953575446
primary_cpe|histology_matched|base_refit|HOXA9	TCGA-BG-A0M0	235	0.016669682954556057	0.015654141434829027	0.25192603484172643	2.5565259607569053
primary_cpe|histology_matched|base_refit|HOXA9	TCGA-BG-A0M4	238	0.014869827924876539	0.0033948885166153872	0.098257073868917008	-1.2554711030417214
primary_cpe|histology_matched|base_refit|HOXA9	TCGA-BG-A0MG	244	0.014329535487419397	0.0062428158707498529	0.14412287575287525	-1.7372698898814296
primary_cpe|histology_matched|base_refit|HOXA9	TCGA-BG-A0MK	246	0.018403968486818904	0.0025833738238886456	0.099420377395499152	0.98205949318817831
primary_cpe|histology_matched|base_refit|HOXA9	TCGA-BG-A0MO	247	0.022820517630342062	0.0048264590246343926	0.13840866942615193	1.2033251944772425
primary_cpe|histology_matched|base_refit|HOXA9	TCGA-BG-A0MT	249	0.01045274795970836	0.0086235566200082107	0.13726911739016887	-2.4019557504339941
primary_cpe|histology_matched|base_refit|HOXA9	TCGA-BG-A0VX	255	0.022838955037865462	0.0056852202254488726	0.1656452776769172	1.3057945667420041
primary_cpe|histology_matched|base_refit|HOXA9	TCGA-BK-A6W3	281	0.021090553101866971	0.0027643160587034758	0.11438773585060508	0.94760128382869424
primary_cpe|histology_matched|base_refit|HOXA9	TCGA-BS-A0T9	283	0.017226176843202674	0.0033435891921925029	0.10440137991562021	-1.1559375156241094
primary_cpe|histology_matched|base_refit|HOXA9	TCGA-BS-A0U7	291	0.011506229450841871	0.0074571612418190538	0.12746617212814124	-2.1251227904334993
primary_cpe|histology_matched|base_refit|HOXA9	TCGA-BS-A0UJ	296	0.031420215379723157	0.0029332474817555941	0.12662681128262074	-0.79529121682703485
primary_cpe|histology_matched|base_refit|HOXA9	TCGA-BS-A0UV	299	0.022912680570119595	0.0031606204465043381	0.12607038456179068	-0.97126834171349441
primary_cpe|histology_matched|base_refit|HOXA9	TCGA-BS-A0V4	300	0.022608389841111427	0.0025816775355640095	0.10954316858626446	-0.88369817355031532
primary_cpe|histology_matched|base_refit|HOXA9	TCGA-BS-A0V7	302	0.037323017697312846	0.018595922413571851	0.29060311968415409	-1.8367172028328858
primary_cpe|histology_matched|base_refit|HOXA9	TCGA-BS-A0VI	304	0.012858427421947975	0.0030812780370257573	0.090266126056915807	-1.2876475211753768
primary_cpe|histology_matched|base_refit|HOXA9	TCGA-D1-A0ZR	310	0.010797954551565306	0.0042661842461156618	0.099284376449899417	1.6569152551865143
primary_cpe|histology_matched|base_refit|HOXA9	TCGA-D1-A103	317	0.021753657681684892	0.003080874341118269	0.12644321446710757	0.9847608966611775
primary_cpe|histology_matched|base_refit|HOXA9	TCGA-D1-A165	325	0.011950399417095948	0.0054013042237866914	0.10717774508109766	1.7718517879020219
primary_cpe|histology_matched|base_refit|HOXA9	TCGA-D1-A16O	336	0.015021979357351157	0.0035434739401020566	0.094673933804027971	-1.2761072808459812
primary_cpe|histology_matched|base_refit|HOXA9	TCGA-D1-A16X	341	0.022544052892720549	0.0027292068350585224	0.11640818057763312	0.90996533646164601
primary_cpe|histology_matched|base_refit|HOXA9	TCGA-D1-A17A	346	0.021891418180430024	0.0045273511945173976	0.14592962988855632	1.1904455076263216
primary_cpe|histology_matched|base_refit|HOXA9	TCGA-D1-A17H	351	0.032079027878329391	0.0063955228531611076	0.16817767029415176	1.1626519508392783
primary_cpe|histology_matched|base_refit|HOXA9	TCGA-D1-A17L	353	0.017771315338930206	0.003479853360709999	0.12234136741996565	1.1607197712928192
primary_cpe|histology_matched|base_refit|HOXA9	TCGA-D1-A1NS	361	0.012239243886401345	0.0036658236502319168	0.10396064457523836	1.4406278554133718
primary_cpe|histology_matched|base_refit|HOXA9	TCGA-D1-A1O8	370	0.02493052830247024	0.015847203707548742	0.16836571228418104	-2.089974613493625
primary_cpe|histology_matched|base_refit|HOXA9	TCGA-D1-A2G5	372	0.015186173247191171	0.0064803927976198701	0.092712905525533795	1.7185122032658435
primary_cpe|histology_matched|base_refit|HOXA9	TCGA-DF-A2KV	383	0.021249215856060481	0.0031788867540878032	0.12869401271334957	-1.0124231256360219
primary_cpe|histology_matched|base_refit|HOXA9	TCGA-DF-A2KZ	384	0.015179237684540804	0.002772301222649663	0.094267023032085367	-1.1223700302308661
primary_cpe|histology_matched|base_refit|HOXA9	TCGA-E6-A1M0	397	0.022294826321326355	0.0025850096108375269	0.1119927652718876	0.89061872169622858
primary_cpe|histology_matched|base_refit|HOXA9	TCGA-EO-A22U	410	0.025643301197723106	0.0023169970359482412	0.10624584880993421	-0.78472264399563263
primary_cpe|histology_matched|base_refit|HOXA9	TCGA-EO-A22X	411	0.024211876996395532	0.011352642073266915	0.2152527808654397	-1.7935999361035881
primary_cpe|histology_matched|base_refit|HOXA9	TCGA-EO-A3AV	417	0.025303751061655916	0.0025816641343629834	0.094582445529554776	0.83408124160985031
primary_cpe|histology_matched|base_refit|HOXA9	TCGA-EO-A3AY	418	0.021682983495653098	0.0062749200995232558	0.17394673971296917	-1.4091681106562961
primary_cpe|histology_matched|base_refit|HOXA9	TCGA-EO-A3AZ	419	0.019384512552833896	0.008119482467521753	0.14907560969278907	-1.6988537244621809
primary_cpe|histology_matched|base_refit|HOXA9	TCGA-EO-A3B0	420	0.026193734687450516	0.0047209122119295406	0.12795413368514938	-1.1086627099279402
primary_cpe|histology_matched|base_refit|HOXA9	TCGA-EY-A1GD	427	0.022165072502774861	0.0053671373132856909	0.17030575376336998	1.2882673588703937
primary_cpe|histology_matched|base_refit|HOXA9	TCGA-EY-A1GE	428	0.035928672496899711	0.0053549156933985634	0.17244791249033409	-1.0029098066763877
primary_cpe|histology_matched|base_refit|HOXA9	TCGA-EY-A1GI	431	0.022602754838407301	0.003730117956316181	0.13454404656662255	-1.0627266749227899
primary_cpe|histology_matched|base_refit|HOXA9	TCGA-EY-A1GL	433	0.016782406163481582	0.0024109775280938485	0.097604442113677553	-0.99434797350093684
primary_cpe|histology_matched|base_refit|HOXA9	TCGA-EY-A1GO	435	0.013224794005212964	0.011222181564243582	0.14035410958531547	2.4329703762265344
primary_cpe|histology_matched|base_refit|HOXA9	TCGA-EY-A1GR	438	0.010362966165099324	0.0041932448115358694	0.10651907826666566	-1.6772944060511805
primary_cpe|histology_matched|base_refit|HOXA9	TCGA-EY-A1GV	442	0.033392269302036037	0.012782916810122913	0.26286047032019139	-1.6119889536943639
primary_cpe|histology_matched|base_refit|HOXA9	TCGA-EY-A1GX	444	0.027105119867847451	0.003439726690954938	0.11385486779998008	0.92952050649339835
primary_cpe|histology_matched|base_refit|HOXA9	TCGA-EY-A2OO	452	0.018134437342011651	0.012214468006520741	0.22704656565399289	2.1594930529290277
primary_cpe|histology_matched|base_refit|HOXA9	TCGA-FI-A2CX	464	0.078633430759320624	0.053258769874739882	0.53737753259494259	-2.0971711802266588
primary_cpe|histology_matched|base_refit|HOXA9	TCGA-FI-A2CY	465	0.018681111178094817	0.0085492463696365296	0.19396513813755553	-1.7768684693832959
primary_cpe|histology_matched|base_refit|HOXA9	TCGA-FI-A2D4	468	0.013820699292945281	0.0051343003179948445	0.11268415121033877	-1.603936705091614
primary_cpe|histology_matched|base_refit|HOXA9	TCGA-FI-A2D5	469	0.022212984712478567	0.0031561510080232594	0.12249588717865492	0.98613090502865819
primary_cpe|histology_matched|base_refit|HOXA9	TCGA-PG-A6IB	489	0.015495045867535386	0.013857439304840338	0.19746905644389326	-2.4955755120605012
primary_cpe|histology_matched|base_refit|HOXA9	TCGA-QF-A5YS	495	0.027630205051254339	0.0020838216843577632	0.10189807047959118	-0.71612765824485869
primary_cpe|histology_matched|base_refit|HOXA9	TCGA-QS-A5YQ	497	0.029180028102214674	0.0050581339887049359	0.15783348240326103	1.0855465795153256
primary_cpe|histology_matched|base_plus_binary_histology|HOXA9	TCGA-2E-A9G8	0	0.014114440136972812	0.0026741829264158236	0.10740480813035215	1.2230338980037938
primary_cpe|histology_matched|base_plus_binary_histology|HOXA9	TCGA-A5-A0G1	4	0.039917956018736378	0.010932639238971153	0.22259496302241447	1.4519818973817413
primary_cpe|histology_matched|base_plus_binary_histology|HOXA9	TCGA-A5-A0G2	5	0.03840031382330835	0.0070335803352349225	0.18845935447945095	-1.1875233103918328
primary_cpe|histology_matched|base_plus_binary_histology|HOXA9	TCGA-A5-A0GH	11	0.017656048358591244	0.0081717667542663651	0.15032154308372234	1.912254440984926
primary_cpe|histology_matched|base_plus_binary_histology|HOXA9	TCGA-A5-A0GJ	13	0.020482736645361287	0.004677549355299588	0.11248419196626605	-1.3387890664714981
primary_cpe|histology_matched|base_plus_binary_histology|HOXA9	TCGA-A5-A0GN	15	0.029896571302840055	0.0060645938052745702	0.11992586328266187	-1.2554393995952706
primary_cpe|histology_matched|base_plus_binary_histology|HOXA9	TCGA-A5-A0GP	16	0.024507242482620678	0.0030819362526881638	0.12585217350572583	0.99063455839108294
primary_cpe|histology_matched|base_plus_binary_histology|HOXA9	TCGA-A5-A0GQ	17	0.018801780825429257	0.0017812075871237363	0.092580022383308466	0.86212242036341435
primary_cpe|histology_matched|base_plus_binary_histology|HOXA9	TCGA-A5-A0GW	20	0.040805063360178896	0.0078761565218725873	0.19913377625625078	1.2176131183901484
primary_cpe|histology_matched|base_plus_binary_histology|HOXA9	TCGA-A5-A1OF	29	0.035624506820430363	0.0082348040673731263	0.21228169520588352	-1.3364832109598999
primary_cpe|histology_matched|base_plus_binary_histology|HOXA9	TCGA-A5-A1OH	31	0.013056457858491556	0.0054048221455725784	0.10426701277751731	1.8120265343186575
primary_cpe|histology_matched|base_plus_binary_histology|HOXA9	TCGA-A5-A1OJ	32	0.028715595344622591	0.014100383023138516	0.2511913086270956	-1.9588936800606902
primary_cpe|histology_matched|base_plus_binary_histology|HOXA9	TCGA-A5-A2K3	35	0.04472882343251211	0.026146603182655527	0.25004387824926455	-2.1210237513375145
primary_cpe|histology_matched|base_plus_binary_histology|HOXA9	TCGA-A5-A2K5	37	0.020934601015478706	0.0013894773237825432	0.091306405341501862	-0.72066616294555674
primary_cpe|histology_matched|base_plus_binary_histology|HOXA9	TCGA-A5-A2K7	38	0.014058727517637495	0.0051506219259597101	0.13659502795073619	-1.7031630897228116
primary_cpe|histology_matched|base_plus_binary_histology|HOXA9	TCGA-A5-A3LO	39	0.019817448840172992	0.0040162831363764698	0.12122884636056266	1.2613768618743029
primary_cpe|histology_matched|base_plus_binary_histology|HOXA9	TCGA-A5-AB3J	42	0.019358733841464373	0.0028324765324621109	0.10032813704551344	1.0715427558681088
primary_cpe|histology_matched|base_plus_binary_histology|HOXA9	TCGA-AJ-A2QM	48	0.01157490060771197	0.0057673748391428503	0.10204178564243158	1.990848793699229
primary_cpe|histology_matched|base_plus_binary_histology|HOXA9	TCGA-AJ-A3EK	58	0.039371238056961314	0.0033569184116339934	0.12658876006161826	0.80919420809968046
primary_cpe|histology_matched|base_plus_binary_histology|HOXA9	TCGA-AJ-A3I9	61	0.01690302404300234	0.0043502556132571542	0.1147896188779048	-1.4241875272668398
primary_cpe|histology_matched|base_plus_binary_histology|HOXA9	TCGA-AJ-A3NF	63	0.018625029244159638	0.0041308795920204843	0.11576448202513481	1.320565797320816
primary_cpe|histology_matched|base_plus_binary_histology|HOXA9	TCGA-AJ-A3NG	64	0.033220443925231699	0.0052392877996978006	0.13903686010775032	1.1046847993978048
primary_cpe|histology_matched|base_plus_binary_histology|HOXA9	TCGA-AJ-A5DW	71	0.024195087538150591	0.0022080604476310928	0.10578033156445167	0.84380580583815179
primary_cpe|histology_matched|base_plus_binary_histology|HOXA9	TCGA-AJ-A6NU	72	0.019468538124666569	0.0074413243187807822	0.15900321133029693	-1.7350452349403211
primary_cpe|histology_matched|base_plus_binary_histology|HOXA9	TCGA-AJ-A8CT	73	0.037176938705236223	0.0077561843611699318	0.20681873978889706	1.268444243737858
primary_cpe|histology_matched|base_plus_binary_histology|HOXA9	TCGA-AP-A051	76	0.021322865930550671	0.0024627800659583867	0.11677907509936662	0.95085182654096068
primary_cpe|histology_matched|base_plus_binary_histology|HOXA9	TCGA-AP-A054	78	0.017248335275341357	0.0047582280020293903	0.11100803017538687	1.4744438791607268
primary_cpe|histology_matched|base_plus_binary_histology|HOXA9	TCGA-AP-A056	79	0.042102723138683483	0.0078156275387056325	0.16287006885747154	-1.1932085584629488
primary_cpe|histology_matched|base_plus_binary_histology|HOXA9	TCGA-AP-A0LF	91	0.035185558488145557	0.0041883072944572976	0.1357740575189888	-0.95844760735519197
primary_cpe|histology_matched|base_plus_binary_histology|HOXA9	TCGA-AP-A0LL	96	0.016419791856647277	0.002259535444780747	0.094497039054822027	-1.0406672691126004
primary_cpe|histology_matched|base_plus_binary_histology|HOXA9	TCGA-AP-A0LS	101	0.033286416433337233	0.011822868695966212	0.26060894131139217	1.6603053050190011
primary_cpe|histology_matched|base_plus_binary_histology|HOXA9	TCGA-AP-A1DP	108	0.059341864173873438	0.0097240315014219484	0.17130424069320799	1.1107225082472347
primary_cpe|histology_matched|base_plus_binary_histology|HOXA9	TCGA-AP-A1DQ	109	0.018450365898165191	0.0050023952570643739	0.13328480201487847	1.4607721211624838
primary_cpe|histology_matched|base_plus_binary_histology|HOXA9	TCGA-AP-A1E0	112	0.022867419822630689	0.0031796309275738577	0.126443317599893	1.0426524712605767
primary_cpe|histology_matched|base_plus_binary_histology|HOXA9	TCGA-AP-A1E3	114	0.014978748635137575	0.0065239871402746419	0.13410980721561633	-1.8571800345747598
primary_cpe|histology_matched|base_plus_binary_histology|HOXA9	TCGA-AP-A1E4	115	0.017115238941739233	0.0091626939010275542	0.20438802810496587	2.0583825180716104
primary_cpe|histology_matched|base_plus_binary_histology|HOXA9	TCGA-AX-A05T	119	0.010469536140202421	0.0036484764341663247	0.094247686300318601	-1.6638836290758594
primary_cpe|histology_matched|base_plus_binary_histology|HOXA9	TCGA-AX-A05W	121	0.0083707404072454333	0.0057269618396976734	0.12167552740779562	-2.34016734990242
primary_cpe|histology_matched|base_plus_binary_histology|HOXA9	TCGA-AX-A05Y	122	0.01076044655622653	0.0051876007935293964	0.11223002365492561	1.9588441925615772
primary_cpe|histology_matched|base_plus_binary_histology|HOXA9	TCGA-AX-A05Z	123	0.024383191155856118	0.0045517874720755504	0.14428783953168589	-1.2076206035351733
primary_cpe|histology_matched|base_plus_binary_histology|HOXA9	TCGA-AX-A062	125	0.014340534087066821	0.0038430224238264242	0.10022623168773587	-1.4552918828314931
primary_cpe|histology_matched|base_plus_binary_histology|HOXA9	TCGA-AX-A06F	129	0.026513982881057926	0.011943998372000103	0.23280458470563248	-1.8777948268091094
primary_cpe|histology_matched|base_plus_binary_histology|HOXA9	TCGA-AX-A0J0	136	0.025409582083146115	0.0053601952629792433	0.16162121611339972	1.2833054883867716
primary_cpe|histology_matched|base_plus_binary_histology|HOXA9	TCGA-AX-A1CE	145	0.011391497228520869	0.0034742069990814262	0.10567820176250821	1.5552982558840505
primary_cpe|histology_matched|base_plus_binary_histology|HOXA9	TCGA-AX-A1CF	146	0.015314927633914576	0.0040840433305501375	0.13274749070853667	1.4509878717990745
primary_cpe|histology_matched|base_plus_binary_histology|HOXA9	TCGA-AX-A3FT	165	0.010741491908522319	0.0087417839410040762	0.13797845030323067	-2.5518945107048037
primary_cpe|histology_matched|base_plus_binary_histology|HOXA9	TCGA-AX-A3FV	166	0.024878138822893262	0.0036149509813216906	0.11778382622277497	1.0648174758014854
primary_cpe|histology_matched|base_plus_binary_histology|HOXA9	TCGA-AX-A3G1	170	0.018843396965962197	0.0023945692318656031	0.093227959161589352	0.99872782178802
primary_cpe|histology_matched|base_plus_binary_histology|HOXA9	TCGA-AX-A3GB	176	0.027817411464625935	0.0031135885184268896	0.13524249018665851	0.93289870190927993
primary_cpe|histology_matched|base_plus_binary_histology|HOXA9	TCGA-B5-A0JY	185	0.037375252280149485	0.0019731293361790994	0.10520806691093514	0.63723491266912091
primary_cpe|histology_matched|base_plus_binary_histology|HOXA9	TCGA-B5-A0K1	188	0.16496970627720339	0.0043686853422603813	0.17925223307342533	0.42025156687890186
primary_cpe|histology_matched|base_plus_binary_histology|HOXA9	TCGA-B5-A0K2	189	0.014142097244114585	0.0050695698903711704	0.10178234134954013	-1.6845435235133859
primary_cpe|histology_matched|base_plus_binary_histology|HOXA9	TCGA-B5-A11E	196	0.023052377772884061	0.006093101885564901	0.1837331017168915	1.4388286823269125
primary_cpe|histology_matched|base_plus_binary_histology|HOXA9	TCGA-B5-A11L	201	0.010827971332300193	0.006761020103829187	0.12690250632583133	-2.2317512216006987
primary_cpe|histology_matched|base_plus_binary_histology|HOXA9	TCGA-B5-A11N	202	0.040146193865750884	0.007832422321940315	0.19598706675845068	-1.2245924679340516
primary_cpe|histology_matched|base_plus_binary_histology|HOXA9	TCGA-B5-A11Z	212	0.020231906434474645	0.0051065716793824703	0.13540985138380929	1.4079320621612186
primary_cpe|histology_matched|base_plus_binary_histology|HOXA9	TCGA-B5-A1MR	214	0.039285606567467782	0.0089653312493493224	0.16658431630296544	-1.3253754102918367
primary_cpe|histology_matched|base_plus_binary_histology|HOXA9	TCGA-B5-A3F9	223	0.017049732179944703	0.0029230999154593994	0.10175270834354699	1.1615189534955479
primary_cpe|histology_matched|base_plus_binary_histology|HOXA9	TCGA-B5-A3FA	224	0.023308181116882896	0.0013903211335319343	0.090431196972291295	-0.68232850199159645
primary_cpe|histology_matched|base_plus_binary_histology|HOXA9	TCGA-BG-A0LW	233	0.021926263761115755	0.0061308014820341252	0.1759523414975811	1.4809068950280344
primary_cpe|histology_matched|base_plus_binary_histology|HOXA9	TCGA-BG-A0M0	235	0.016670571125791511	0.013723668079576175	0.25195200897081116	2.5589694177411793
primary_cpe|histology_matched|base_plus_binary_histology|HOXA9	TCGA-BG-A0M4	238	0.014882084130309628	0.0030087615460319423	0.098579115461035358	-1.2630222964742643
primary_cpe|histology_matched|base_plus_binary_histology|HOXA9	TCGA-BG-A0MG	244	0.014514517204284955	0.0056919002892705517	0.14767626521129071	-1.7620373986709039
primary_cpe|histology_matched|base_plus_binary_histology|HOXA9	TCGA-BG-A0MK	246	0.018412935965968977	0.0022906864292121546	0.099959968130901869	0.98837239004007327
primary_cpe|histology_matched|base_plus_binary_histology|HOXA9	TCGA-BG-A0MO	247	0.022900028937098499	0.0041510137046452712	0.13736787068079551	1.1908475495411603
primary_cpe|histology_matched|base_plus_binary_histology|HOXA9	TCGA-BG-A0MT	249	0.010528270629691014	0.0077130860131337086	0.13903513912384177	-2.4198783848153234
primary_cpe|histology_matched|base_plus_binary_histology|HOXA9	TCGA-BG-A0VX	255	0.023004096680951665	0.0048699953030242448	0.1632729684199849	1.2871816410745149
primary_cpe|histology_matched|base_plus_binary_histology|HOXA9	TCGA-BG-A2AE	267	0.024607647345738962	0.0020555880313868828	0.1013765890589477	0.80707758549927222
primary_cpe|histology_matched|base_plus_binary_histology|HOXA9	TCGA-BK-A0CA	272	0.025440653808417597	0.0024316299356553946	0.10886685396160281	-0.86302270072357135
primary_cpe|histology_matched|base_plus_binary_histology|HOXA9	TCGA-BK-A6W3	281	0.021340263919837121	0.0023266646319235768	0.11191724089570257	0.92376982543096686
primary_cpe|histology_matched|base_plus_binary_histology|HOXA9	TCGA-BS-A0T9	283	0.01725131310339266	0.0029799242082003416	0.10495625261546714	-1.1657745484973374
primary_cpe|histology_matched|base_plus_binary_histology|HOXA9	TCGA-BS-A0U7	291	0.011710024090531922	0.0068076119321920084	0.12911859615383256	-2.1517206526852148
primary_cpe|histology_matched|base_plus_binary_histology|HOXA9	TCGA-BS-A0UJ	296	0.031492989738487617	0.0024924057845713576	0.12477147222311663	-0.78276163298140899
primary_cpe|histology_matched|base_plus_binary_histology|HOXA9	TCGA-BS-A0UV	299	0.023140421543341266	0.0029442683746144531	0.12154061651932277	-0.99715263798326004
primary_cpe|histology_matched|base_plus_binary_histology|HOXA9	TCGA-BS-A0V4	300	0.022652006133237673	0.0022163644352925908	0.10851084890936852	-0.87444804080848482
primary_cpe|histology_matched|base_plus_binary_histology|HOXA9	TCGA-BS-A0V7	302	0.037355869629513927	0.016171889070982649	0.28946796319318607	-1.8302188802014845
primary_cpe|histology_matched|base_plus_binary_histology|HOXA9	TCGA-BS-A0V8	303	0.016934295774952795	0.0022721290124291141	0.092913959215817132	-1.0272907103015005
primary_cpe|histology_matched|base_plus_binary_histology|HOXA9	TCGA-BS-A0VI	304	0.012865753533412405	0.002687799135315065	0.090079560901370745	-1.2852823844052508
primary_cpe|histology_matched|base_plus_binary_histology|HOXA9	TCGA-D1-A0ZR	310	0.010808726962028621	0.0037244543796614419	0.098895250719985728	1.6541942567258308
primary_cpe|histology_matched|base_plus_binary_histology|HOXA9	TCGA-D1-A103	317	0.021885881766542433	0.0026202745634768404	0.1242610754164072	0.96783980783877277
primary_cpe|histology_matched|base_plus_binary_histology|HOXA9	TCGA-D1-A165	325	0.012109443155263959	0.0046965136643856691	0.10720674428950799	1.7544100972731809
primary_cpe|histology_matched|base_plus_binary_histology|HOXA9	TCGA-D1-A16O	336	0.015031924629826922	0.0030875925116255784	0.094453431972936208	-1.2730038573945881
primary_cpe|histology_matched|base_plus_binary_histology|HOXA9	TCGA-D1-A16X	341	0.022680209611004285	0.0023124041502556648	0.11418451480504165	0.89265345835278143
primary_cpe|histology_matched|base_plus_binary_histology|HOXA9	TCGA-D1-A17A	346	0.021899452300912378	0.0040054590862619362	0.14648739990422352	1.1968373026978845
primary_cpe|histology_matched|base_plus_binary_histology|HOXA9	TCGA-D1-A17H	351	0.032218203464440626	0.0054562017148942644	0.16621013717975672	1.145419403109462
primary_cpe|histology_matched|base_plus_binary_histology|HOXA9	TCGA-D1-A17L	353	0.01777300343046942	0.0030654181991938705	0.12244843363941191	1.1645844279595159
primary_cpe|histology_matched|base_plus_binary_histology|HOXA9	TCGA-D1-A1NS	361	0.012251534503137887	0.003195719781390687	0.10341903353529695	1.4372170251995915
primary_cpe|histology_matched|base_plus_binary_histology|HOXA9	TCGA-D1-A1O0	367	0.017030276309194667	0.0037593522545500127	0.11421220223785307	1.3185091136053628
primary_cpe|histology_matched|base_plus_binary_histology|HOXA9	TCGA-D1-A1O8	370	0.025481070961496315	0.014751201515677905	0.17470248892506818	-2.1320066653398357
primary_cpe|histology_matched|base_plus_binary_histology|HOXA9	TCGA-D1-A2G0	371	0.027507420180220885	0.0048842528213155541	0.15279211313676588	1.175788819062902
primary_cpe|histology_matched|base_plus_binary_histology|HOXA9	TCGA-D1-A2G5	372	0.01520729128794468	0.005744664498626431	0.09346275268802684	1.7285847092529361
primary_cpe|histology_matched|base_plus_binary_histology|HOXA9	TCGA-D1-A2G7	374	0.010288362712322807	0.0047254990443763535	0.099015695662743916	1.9120860331427025
primary_cpe|histology_matched|base_plus_binary_histology|HOXA9	TCGA-D1-A3DG	376	0.017543170684955124	0.004353077089338772	0.12069239302899364	1.3978555157523094
primary_cpe|histology_matched|base_plus_binary_histology|HOXA9	TCGA-DF-A2KS	381	0.022947776470396409	0.0027471723531046787	0.094955448811465004	0.96727151245481469
primary_cpe|histology_matched|base_plus_binary_histology|HOXA9	TCGA-DF-A2KV	383	0.021389016751454992	0.0029152926574776217	0.13075887275008621	-1.0330588649145123
primary_cpe|histology_matched|base_plus_binary_histology|HOXA9	TCGA-DF-A2KZ	384	0.015180896161775558	0.0024423732997939209	0.094133923569801506	-1.1261537874081797
primary_cpe|histology_matched|base_plus_binary_histology|HOXA9	TCGA-DF-A2L0	385	0.015510699920342534	0.0038645394926585886	0.12221371129063202	-1.4021851897131485
primary_cpe|histology_matched|base_plus_binary_histology|HOXA9	TCGA-E6-A1M0	397	0.022573505328839494	0.002162431285733196	0.10357812377103105	0.86526446997883111
primary_cpe|histology_matched|base_plus_binary_histology|HOXA9	TCGA-EO-A22U	410	0.025751014692675465	0.002130203797311546	0.10326732031374387	-0.80267161247236996
primary_cpe|histology_matched|base_plus_binary_histology|HOXA9	TCGA-EO-A22X	411	0.024502841152788321	0.010400642644842691	0.21731275050113372	-1.8242932387007307
primary_cpe|histology_matched|base_plus_binary_histology|HOXA9	TCGA-EO-A3AV	417	0.025751287718865638	0.0021239498603554401	0.09137972660690763	0.80148659370752517
primary_cpe|histology_matched|base_plus_binary_histology|HOXA9	TCGA-EO-A3AY	418	0.021871742927734816	0.0057326028691498058	0.17748103786078107	-1.4336321021608256
primary_cpe|histology_matched|base_plus_binary_histology|HOXA9	TCGA-EO-A3AZ	419	0.034451140954629061	0.010211413187433021	0.18901407796578679	-1.5150903382120053
primary_cpe|histology_matched|base_plus_binary_histology|HOXA9	TCGA-EO-A3B0	420	0.026692275668298102	0.0045045477787171839	0.12862517030749548	-1.1466751534582249
primary_cpe|histology_matched|base_plus_binary_histology|HOXA9	TCGA-EY-A1GC	426	0.018986867337416058	0.0032184842792245595	0.10504591527608634	-1.1537882517719984
primary_cpe|histology_matched|base_plus_binary_histology|HOXA9	TCGA-EY-A1GD	427	0.022262963670836224	0.0046164540086623155	0.16458208778206199	1.2743574239901194
primary_cpe|histology_matched|base_plus_binary_histology|HOXA9	TCGA-EY-A1GE	428	0.035954497276467295	0.0046268485051503645	0.17113715874473506	-0.99622284168429043
primary_cpe|histology_matched|base_plus_binary_histology|HOXA9	TCGA-EY-A1GI	431	0.022775451923962454	0.0034321671808665312	0.13537512897138923	-1.085602620273409
primary_cpe|histology_matched|base_plus_binary_histology|HOXA9	TCGA-EY-A1GL	433	0.016788654784415782	0.0020998803708012111	0.097231190664753747	-0.9918606890056153
primary_cpe|histology_matched|base_plus_binary_histology|HOXA9	TCGA-EY-A1GO	435	0.013235938418324666	0.0098145753494363348	0.13992549700161341	2.4313382436949547
primary_cpe|histology_matched|base_plus_binary_histology|HOXA9	TCGA-EY-A1GP	436	0.018731086860158754	0.0029230576562932478	0.094755041380406399	1.1070691852668308
primary_cpe|histology_matched|base_plus_binary_histology|HOXA9	TCGA-EY-A1GR	438	0.018728063794030095	0.0079938987950739747	0.16901038197859009	-1.834865240677483
primary_cpe|histology_matched|base_plus_binary_histology|HOXA9	TCGA-EY-A1GV	442	0.04835397316733743	0.012904954016249559	0.2243517303310241	-1.4269115990664505
primary_cpe|histology_matched|base_plus_binary_histology|HOXA9	TCGA-EY-A1GX	444	0.032741953058621487	0.0027938788852877247	0.09775598551670335	0.81230475140449998
primary_cpe|histology_matched|base_plus_binary_histology|HOXA9	TCGA-EY-A214	448	0.018793057240535586	0.0025390825635529541	0.094214419785646528	1.0298915668542163
primary_cpe|histology_matched|base_plus_binary_histology|HOXA9	TCGA-EY-A2OO	452	0.021640348436567869	0.014044088612635102	0.24866059241305069	2.2630923554529456
primary_cpe|histology_matched|base_plus_binary_histology|HOXA9	TCGA-EY-A2OQ	454	0.01768602725278233	0.0065132376472035848	0.15300057281967586	-1.7044500194450873
primary_cpe|histology_matched|base_plus_binary_histology|HOXA9	TCGA-EY-A3L3	455	0.017404787295577259	0.006034277702880406	0.13864981887318506	1.6537401424381988
primary_cpe|histology_matched|base_plus_binary_histology|HOXA9	TCGA-FI-A2CX	464	0.079520002339471513	0.049616492178142658	0.55423179076435491	-2.1513272180985927
primary_cpe|histology_matched|base_plus_binary_histology|HOXA9	TCGA-FI-A2CY	465	0.020607694701264695	0.0076645385033486061	0.18365285972556222	-1.7103746108391935
primary_cpe|histology_matched|base_plus_binary_histology|HOXA9	TCGA-FI-A2D4	468	0.013839036405399033	0.0045509761475681053	0.11277955969911672	-1.6133084087212781
primary_cpe|histology_matched|base_plus_binary_histology|HOXA9	TCGA-FI-A2D5	469	0.022394342038006394	0.0026727403404963679	0.12010030941599886	0.96606628601346101
primary_cpe|histology_matched|base_plus_binary_histology|HOXA9	TCGA-H5-A2HR	480	0.014820644030815976	0.0035928172755734385	0.12372282756833228	-1.3835208326126265
primary_cpe|histology_matched|base_plus_binary_histology|HOXA9	TCGA-PG-A6IB	489	0.030195416023326996	0.020762116271747701	0.28436387871031465	-2.3198421838831229
primary_cpe|histology_matched|base_plus_binary_histology|HOXA9	TCGA-QF-A5YS	495	0.027643541635430355	0.0018599516121571126	0.10288569441090249	-0.72310800146775811
primary_cpe|histology_matched|base_plus_binary_histology|HOXA9	TCGA-QS-A5YQ	497	0.029196123871713574	0.0043893010591826804	0.1571279844818568	1.0807349956953629
primary_cpe|histology_matched|base_plus_binary_histology|HOXA9	TCGA-SL-A6J9	503	0.01891229064788209	0.0064795874418436374	0.156738753582496	-1.6426356738708132
primary_cpe|histology_matched|base_refit|WT1	TCGA-A5-A0G1	4	0.025756993767610713	0.0074931303280954872	0.17244368506349816	-1.4099284053309189
primary_cpe|histology_matched|base_refit|WT1	TCGA-A5-A0G2	5	0.0250105725589072	0.0031802326816026028	0.11130340657951029	-0.93144853407087635
primary_cpe|histology_matched|base_refit|WT1	TCGA-A5-A0G5	6	0.019045368032776788	0.0070417663766817844	0.11472269425523235	-1.5958534226831769
primary_cpe|histology_matched|base_refit|WT1	TCGA-A5-A0GH	11	0.017564304231712936	0.007608479511699952	0.13664265332069137	1.729421794372608
primary_cpe|histology_matched|base_refit|WT1	TCGA-A5-A0GN	15	0.023451403230727759	0.0030018761955121569	0.095772841926318283	-0.93530513947791261
primary_cpe|histology_matched|base_refit|WT1	TCGA-A5-A0VQ	28	0.014531525101265168	0.0045874664103040634	0.12823657893848434	1.4774623228329662
primary_cpe|histology_matched|base_refit|WT1	TCGA-A5-A1OF	29	0.021383486933902636	0.0032739619340858579	0.12217255956396575	-1.0241750132020515
primary_cpe|histology_matched|base_refit|WT1	TCGA-A5-A2K3	35	0.031359338865318651	0.014884425035352431	0.21522990550138812	-1.7979778140222407
primary_cpe|histology_matched|base_refit|WT1	TCGA-A5-A2K7	38	0.01399308644193456	0.0028251595761427275	0.094535390556825152	1.1809342775850866
primary_cpe|histology_matched|base_refit|WT1	TCGA-AJ-A2QL	47	0.010806519474023134	0.0033710496735741835	0.092219127504666626	-1.4714202343729108
primary_cpe|histology_matched|base_refit|WT1	TCGA-AJ-A3EL	59	0.022536174866412274	0.0031529013245272398	0.11596100253087359	-0.97835344911216771
primary_cpe|histology_matched|base_refit|WT1	TCGA-AJ-A3I9	61	0.016824674605367452	0.0040895639215163876	0.10374989554271641	-1.2942669190830791
primary_cpe|histology_matched|base_refit|WT1	TCGA-AJ-A3NG	64	0.017898880186320128	0.0037287664414063304	0.11712662831681717	-1.1972523164783146
primary_cpe|histology_matched|base_refit|WT1	TCGA-AJ-A3OK	66	0.032824800385207152	0.013567707517125764	0.19991028584642806	-1.675872420466421
primary_cpe|histology_matched|base_refit|WT1	TCGA-AJ-A3OL	67	0.016801432069014417	0.0075020567676369696	0.12402147761165369	1.7566867109560362
primary_cpe|histology_matched|base_refit|WT1	TCGA-AJ-A5DW	71	0.024032461500985161	0.0022401213182514663	0.10194434227389854	-0.7977094203279993
primary_cpe|histology_matched|base_refit|WT1	TCGA-AJ-A8CT	73	0.037172796381151493	0.0046855032487038628	0.15073807811987461	-0.92155862371745467
primary_cpe|histology_matched|base_refit|WT1	TCGA-AP-A051	76	0.021112610727167361	0.0029358092636360632	0.1204385156830087	-0.97608520002427812
primary_cpe|histology_matched|base_refit|WT1	TCGA-AP-A056	79	0.041372858933435022	0.005232437239908105	0.12453240877333707	0.92108989434175859
primary_cpe|histology_matched|base_refit|WT1	TCGA-AP-A05A	81	0.010959405759317337	0.0040487851015801662	0.10762555408604209	1.6017937396663415
primary_cpe|histology_matched|base_refit|WT1	TCGA-AP-A0LF	91	0.025583997746499901	0.0037419897577595481	0.13548864779992015	0.99882013492565747
primary_cpe|histology_matched|base_refit|WT1	TCGA-AP-A0LL	96	0.016408480380632626	0.0028878439506619166	0.100001710306963	-1.1010362826526743
primary_cpe|histology_matched|base_refit|WT1	TCGA-AP-A0LM	97	0.030787474844160459	0.0033821022695347718	0.11194619238206759	0.86308507551250557
primary_cpe|histology_matched|base_refit|WT1	TCGA-AP-A0LS	101	0.032965133090780009	0.0076983618258234	0.19669954184810584	-1.2580437640212307
primary_cpe|histology_matched|base_refit|WT1	TCGA-AP-A1E0	112	0.022625588052887075	0.0049204503286272971	0.15455171007525528	1.2203804786814771
primary_cpe|histology_matched|base_refit|WT1	TCGA-AX-A05Z	123	0.024087799417202779	0.0039675927550782159	0.12629095921912381	-1.0608991317234866
primary_cpe|histology_matched|base_refit|WT1	TCGA-AX-A06F	129	0.026327307922736243	0.0042304652253281859	0.1296903710199683	1.0466174003819828
primary_cpe|histology_matched|base_refit|WT1	TCGA-AX-A06J	131	0.014103220840187621	0.0026847847973915221	0.095176763349194685	1.1465617960765782
primary_cpe|histology_matched|base_refit|WT1	TCGA-AX-A1C5	139	0.017292581839694898	0.0062918953516074693	0.14214422889304873	1.5844538701606821
primary_cpe|histology_matched|base_refit|WT1	TCGA-AX-A1CN	150	0.017706139841012134	0.0020904077773444803	0.090620424505937741	0.90082635170866054
primary_cpe|histology_matched|base_refit|WT1	TCGA-AX-A2HH	159	0.022446796402899961	0.0081399815068157449	0.13308578944804464	1.5776184903902595
primary_cpe|histology_matched|base_refit|WT1	TCGA-AX-A3FS	164	0.013846236211859271	0.0026194111365630121	0.091601949792851675	-1.1431178460603828
primary_cpe|histology_matched|base_refit|WT1	TCGA-AX-A3FV	166	0.024713446845781275	0.0034577761667762188	0.10742886829328743	-0.97729874748105416
primary_cpe|histology_matched|base_refit|WT1	TCGA-AX-A3GB	176	0.027798978622153643	0.0027452801383814002	0.11894521300800638	0.81952600377969542
primary_cpe|histology_matched|base_refit|WT1	TCGA-B5-A0JX	184	0.016689694905817683	0.0059236794510044025	0.14409920952978048	-1.5652989664119898
primary_cpe|histology_matched|base_refit|WT1	TCGA-B5-A0JY	185	0.022093969508198242	0.0035436807498193507	0.13141298551655892	1.0479264315925807
primary_cpe|histology_matched|base_refit|WT1	TCGA-B5-A0K1	188	0.16418813554113279	0.033491983145888062	0.46422762916899057	1.0926658548089694
primary_cpe|histology_matched|base_refit|WT1	TCGA-B5-A11N	202	0.040093741225022322	0.0061095135554472494	0.16203551642573649	-1.0119030349034626
primary_cpe|histology_matched|base_refit|WT1	TCGA-B5-A11U	208	0.016624735645566047	0.0025420625202117538	0.099293848875929888	1.026000015172787
primary_cpe|histology_matched|base_refit|WT1	TCGA-B5-A11Z	212	0.020195147192153567	0.0035755005190754477	0.10589044257905073	1.1021923119767458
primary_cpe|histology_matched|base_refit|WT1	TCGA-B5-A1MR	214	0.038685914971145159	0.011962558803539582	0.17966462288664123	-1.4440759027204986
primary_cpe|histology_matched|base_refit|WT1	TCGA-B5-A3FA	224	0.023249365208449918	0.0077079526849231084	0.19971522318956494	1.5075059156022597
primary_cpe|histology_matched|base_refit|WT1	TCGA-B5-A3FC	226	0.021646206054527158	0.0045198584474229649	0.14321845852456586	-1.1963450751885598
primary_cpe|histology_matched|base_refit|WT1	TCGA-B5-A5OC	230	0.016119320079531856	0.0049894536598073698	0.09530978305400184	-1.461734305266926
primary_cpe|histology_matched|base_refit|WT1	TCGA-BG-A0LW	233	0.02189710301295952	0.0056153912084215508	0.15756768896408277	1.3260760907456708
primary_cpe|histology_matched|base_refit|WT1	TCGA-BG-A0MK	246	0.018403968486818904	0.0023949775089698801	0.095726570390577664	0.94550572515453812
primary_cpe|histology_matched|base_refit|WT1	TCGA-BG-A0MO	247	0.022820517630342062	0.0067745463941090173	0.16397932430962062	-1.4264754889089315
primary_cpe|histology_matched|base_refit|WT1	TCGA-BG-A0MT	249	0.01045274795970836	0.0038098280939182316	0.091239379209155702	-1.5913727905496724
primary_cpe|histology_matched|base_refit|WT1	TCGA-BG-A0VX	255	0.022838955037865462	0.0055920741394728316	0.164282715683151	1.2950169892084205
primary_cpe|histology_matched|base_refit|WT1	TCGA-BK-A6W3	281	0.021090553101866971	0.0042221050398085699	0.14136768049359974	1.1716645917099573
primary_cpe|histology_matched|base_refit|WT1	TCGA-BS-A0UF	295	0.026410358041088891	0.0045680270218036376	0.13402393977907626	-1.0859061700156354
primary_cpe|histology_matched|base_refit|WT1	TCGA-BS-A0UJ	296	0.031420215379723157	0.0016907272116338692	0.096136451678940207	-0.60363105751035595
primary_cpe|histology_matched|base_refit|WT1	TCGA-BS-A0V7	302	0.037323017697312846	0.01180773302243269	0.23156593501457806	-1.4617709057857451
primary_cpe|histology_matched|base_refit|WT1	TCGA-BS-A0WQ	305	0.017426935948292619	0.0040387684329137525	0.11385013587072156	1.2632959201621614
primary_cpe|histology_matched|base_refit|WT1	TCGA-D1-A0ZQ	309	0.0096014085194698513	0.0036614799798742404	0.091534199653627954	-1.6286744399190913
primary_cpe|histology_matched|base_refit|WT1	TCGA-D1-A103	317	0.021753657681684892	0.0042007569845737853	0.14764621379938808	1.1503014028962959
primary_cpe|histology_matched|base_refit|WT1	TCGA-D1-A16G	332	0.029098001380677009	0.0093095757192153961	0.22381703187632659	1.4763312227410581
primary_cpe|histology_matched|base_refit|WT1	TCGA-D1-A16X	341	0.022544052892720549	0.0033528467148962598	0.12902448245570736	1.0087792917194638
primary_cpe|histology_matched|base_refit|WT1	TCGA-D1-A16Y	342	0.028529525026317913	0.017020154704062984	0.28621951944252089	2.020403193382073
primary_cpe|histology_matched|base_refit|WT1	TCGA-D1-A17A	346	0.021891418180430024	0.0061904577425788256	0.17064075747719035	1.392760311742145
primary_cpe|histology_matched|base_refit|WT1	TCGA-D1-A17H	351	0.032079027878329391	0.0066888874909022634	0.17199160528807383	-1.1890927619523401
primary_cpe|histology_matched|base_refit|WT1	TCGA-D1-A17L	353	0.017771315338930206	0.0046856614719704452	0.14196402790545229	-1.3475237623946767
primary_cpe|histology_matched|base_refit|WT1	TCGA-D1-A17R	357	0.010460086521731724	0.003316451575476876	0.090352553415092268	1.4837411243707721
primary_cpe|histology_matched|base_refit|WT1	TCGA-D1-A17S	358	0.016806020722464794	0.003458870954283154	0.11600297604799824	-1.1906535064331345
primary_cpe|histology_matched|base_refit|WT1	TCGA-DF-A2KU	382	0.021519682990276089	0.0046003670647389947	0.14523675100593855	-1.2106156825798293
primary_cpe|histology_matched|base_refit|WT1	TCGA-DF-A2KV	383	0.021249215856060481	0.0019470510118859228	0.10071855332706352	-0.79202651806419022
primary_cpe|histology_matched|base_refit|WT1	TCGA-DF-A2KZ	384	0.015179237684540804	0.0027381606804204603	0.093684781632388456	1.1154202901813877
primary_cpe|histology_matched|base_refit|WT1	TCGA-E6-A1M0	397	0.022294826321326355	0.0022017937151043794	0.10335873871136014	-0.82185969524703328
primary_cpe|histology_matched|base_refit|WT1	TCGA-EC-A1NJ	401	0.011478636391272834	0.0040970666909402945	0.10470749297645876	-1.5738979152625696
primary_cpe|histology_matched|base_refit|WT1	TCGA-EO-A22R	407	0.020645136043645311	0.00458961578678262	0.15303227423412075	1.2351719936563941
primary_cpe|histology_matched|base_refit|WT1	TCGA-EO-A22S	408	0.014022476425263164	0.0046794975921606646	0.092709255148587896	1.5196372734545096
primary_cpe|histology_matched|base_refit|WT1	TCGA-EO-A22U	410	0.025643301197723106	0.0074651315508576788	0.19070758389149109	1.4104925644123318
primary_cpe|histology_matched|base_refit|WT1	TCGA-EO-A22X	411	0.024211876996395532	0.0029610205895387091	0.10993121087385545	0.91382143347449563
primary_cpe|histology_matched|base_refit|WT1	TCGA-EO-A3AV	417	0.025303751061655916	0.0072002866511688404	0.15795579420968986	-1.3946905036282724
primary_cpe|histology_matched|base_refit|WT1	TCGA-EO-A3AY	418	0.021682983495653098	0.0025792533648486826	0.11152165247509538	-0.90239218321024883
primary_cpe|histology_matched|base_refit|WT1	TCGA-EO-A3L0	425	0.014972095005662909	0.0031458264674998067	0.096445602596009872	-1.204191460790988
primary_cpe|histology_matched|base_refit|WT1	TCGA-EY-A1GD	427	0.022165072502774861	0.007372986128615761	0.19960879642161847	1.5108714863368489
primary_cpe|histology_matched|base_refit|WT1	TCGA-EY-A1GE	428	0.035928672496899711	0.0058433775672679777	0.18014142634095767	-1.0477498899658533
primary_cpe|histology_matched|base_refit|WT1	TCGA-EY-A1GH	430	0.015000800647319394	0.0038024883004360772	0.11950672717628413	-1.323032907205419
primary_cpe|histology_matched|base_refit|WT1	TCGA-EY-A1GI	431	0.022602754838407301	0.0018393776290713108	0.094479732013387482	-0.7458401727517483
primary_cpe|histology_matched|base_refit|WT1	TCGA-EY-A1GL	433	0.016782406163481582	0.0056721683941339399	0.14970887954766976	1.5272195912973716
primary_cpe|histology_matched|base_refit|WT1	TCGA-EY-A1GU	441	0.016124171190029526	0.0072419207183219581	0.1568991498595981	1.7624786029100619
primary_cpe|histology_matched|base_refit|WT1	TCGA-EY-A1GV	442	0.033392269302036037	0.0018402728158587657	0.099735875594860399	0.61026501017491219
primary_cpe|histology_matched|base_refit|WT1	TCGA-EY-A1GW	443	0.030740844624387937	0.0019764241829275638	0.098041980483003624	-0.66009276295260033
primary_cpe|histology_matched|base_refit|WT1	TCGA-EY-A1H0	445	0.012611270940197525	0.0051204548920973682	0.10334098322033926	1.6782574781573631
primary_cpe|histology_matched|base_refit|WT1	TCGA-EY-A2OO	452	0.018134437342011651	0.0082655212192390519	0.18677243528593002	1.7737480113842676
primary_cpe|histology_matched|base_refit|WT1	TCGA-FI-A2CY	465	0.018681111178094817	0.0050034757382910683	0.14838693448555751	-1.3575501765234224
primary_cpe|histology_matched|base_refit|WT1	TCGA-FI-A2D0	466	0.039588821582547964	0.014036757652690548	0.2106829579449418	1.546073496785743
primary_cpe|histology_matched|base_refit|WT1	TCGA-FI-A2D5	469	0.022212984712478567	0.0025652352614251024	0.11043486913920551	-0.88887306999751714
primary_cpe|histology_matched|base_refit|WT1	TCGA-FI-A2D6	470	0.019963437484336349	0.0029768651316419911	0.10936528852464111	-1.0114446328428766
primary_cpe|histology_matched|base_refit|WT1	TCGA-PG-A6IB	489	0.015495045867535386	0.0052807922600537826	0.12190095277738192	-1.5346210050769562
primary_cpe|histology_matched|base_refit|WT1	TCGA-QF-A5YS	495	0.027630205051254339	0.012028890245878903	0.24482088584399869	1.7248246849460174
primary_cpe|histology_matched|base_refit|WT1	TCGA-QS-A5YQ	497	0.029180028102214674	0.0023671153828436807	0.10797263195168383	-0.74214585564281788
primary_cpe|histology_matched|base_refit|WT1	TCGA-QS-A744	499	0.015779889108203455	0.0042329740778248017	0.095143823854043991	1.3606199843615645
primary_cpe|histology_matched|base_plus_binary_histology|WT1	TCGA-5B-A90C	2	0.017599063564775707	0.0033617442200267584	0.11531594887266297	1.2258758481077041
primary_cpe|histology_matched|base_plus_binary_histology|WT1	TCGA-A5-A0G1	4	0.039917956018736378	0.010682738354474043	0.22003619177047268	-1.4352213697967655
primary_cpe|histology_matched|base_plus_binary_histology|WT1	TCGA-A5-A0G2	5	0.03840031382330835	0.0045322135315958006	0.15128109337163775	-0.95277345172401606
primary_cpe|histology_matched|base_plus_binary_histology|WT1	TCGA-A5-A0G5	6	0.020542330204221786	0.0066966845546968003	0.11308677422307614	-1.6007535337662979
primary_cpe|histology_matched|base_plus_binary_histology|WT1	TCGA-A5-A0GH	11	0.017656048358591244	0.0066902412340334033	0.13601416290612472	1.7290937453490589
primary_cpe|histology_matched|base_plus_binary_histology|WT1	TCGA-A5-A0VQ	28	0.014531782073444341	0.0040058189012908288	0.12772198548521058	1.4759334166404194
primary_cpe|histology_matched|base_plus_binary_histology|WT1	TCGA-A5-A1OF	29	0.035624506820430363	0.005060478291970978	0.16641087149631761	-1.0469632233798976
primary_cpe|histology_matched|base_plus_binary_histology|WT1	TCGA-A5-A2K3	35	0.04472882343251211	0.019397366355329182	0.21536740369987536	-1.8247420287342788
primary_cpe|histology_matched|base_plus_binary_histology|WT1	TCGA-A5-A2K7	38	0.014058727517637495	0.0024836236425845874	0.094852317840648293	1.1808988713642377
primary_cpe|histology_matched|base_plus_binary_histology|WT1	TCGA-A5-A3LO	39	0.019817448840172992	0.0034047420117522512	0.11161843173493054	1.1610977062557486
primary_cpe|histology_matched|base_plus_binary_histology|WT1	TCGA-AJ-A2QK	46	0.022528474363795414	0.0034125342477327341	0.10438355874762253	-1.0885552153010001
primary_cpe|histology_matched|base_plus_binary_histology|WT1	TCGA-AJ-A2QL	47	0.010913747132687779	0.0029680790832679982	0.092602291174752757	-1.4686481399953568
primary_cpe|histology_matched|base_plus_binary_histology|WT1	TCGA-AJ-A3BI	55	0.014342241061376252	0.0020014576533117388	0.09338701226478939	-1.0490995810993438
primary_cpe|histology_matched|base_plus_binary_histology|WT1	TCGA-AJ-A3EK	58	0.039371238056961314	0.0027678355766784556	0.11494627359423069	0.73468676569821956
primary_cpe|histology_matched|base_plus_binary_histology|WT1	TCGA-AJ-A3EL	59	0.022873417810796777	0.0027823097887257542	0.11458667500033118	-0.97507069532402491
primary_cpe|histology_matched|base_plus_binary_histology|WT1	TCGA-AJ-A3EM	60	0.018740842948554472	0.0060252417297043956	0.14347013905167827	1.5911007631773966
primary_cpe|histology_matched|base_plus_binary_histology|WT1	TCGA-AJ-A3I9	61	0.01690302404300234	0.0035818980723477853	0.10416020777669714	-1.2918426501187157
primary_cpe|histology_matched|base_plus_binary_histology|WT1	TCGA-AJ-A3NG	64	0.033220443925231699	0.0064118345747035503	0.15381014384060721	-1.2223990501262472
primary_cpe|histology_matched|base_plus_binary_histology|WT1	TCGA-AJ-A3OK	66	0.051730722189608724	0.019860800083142071	0.24097279853401765	-1.7099123513170023
primary_cpe|histology_matched|base_plus_binary_histology|WT1	TCGA-AJ-A3OL	67	0.016801440134024282	0.0065512660178685348	0.12383898961603242	1.7549380013558464
primary_cpe|histology_matched|base_plus_binary_histology|WT1	TCGA-AJ-A5DW	71	0.024195087538150591	0.0019616272497606571	0.099702876379113153	-0.79526246760058339
primary_cpe|histology_matched|base_plus_binary_histology|WT1	TCGA-AJ-A6NU	72	0.019468538124666569	0.0041142434368668908	0.11822947788597643	-1.2883747816086439
primary_cpe|histology_matched|base_plus_binary_histology|WT1	TCGA-AJ-A8CT	73	0.037176938705236223	0.0040946820140294257	0.15027125593610544	-0.92092685638351179
primary_cpe|histology_matched|base_plus_binary_histology|WT1	TCGA-AP-A051	76	0.021322865930550671	0.0025800282463267097	0.11952656720223651	-0.97326499962786872
primary_cpe|histology_matched|base_plus_binary_histology|WT1	TCGA-AP-A056	79	0.042102723138683483	0.0046944010177741042	0.12622618191940752	0.9242208126269571
primary_cpe|histology_matched|base_plus_binary_histology|WT1	TCGA-AP-A05A	81	0.013346399872353448	0.0042912015323727714	0.10980712286212135	1.5955449953663656
primary_cpe|histology_matched|base_plus_binary_histology|WT1	TCGA-AP-A05H	83	0.010916155475620588	0.0045056823637066147	0.093814940352058881	1.8113454759559282
primary_cpe|histology_matched|base_plus_binary_histology|WT1	TCGA-AP-A0LF	91	0.035185558488145557	0.0047066167526943602	0.14393020562892817	1.016139424162084
primary_cpe|histology_matched|base_plus_binary_histology|WT1	TCGA-AP-A0LL	96	0.016419791856647277	0.0025257544603659162	0.099908901922923524	-1.1004080269444967
primary_cpe|histology_matched|base_plus_binary_histology|WT1	TCGA-AP-A0LM	97	0.030908215319870098	0.002976080404106368	0.11202402466481028	0.86377744345464802
primary_cpe|histology_matched|base_plus_binary_histology|WT1	TCGA-AP-A0LS	101	0.033286416433337233	0.0067665247397955298	0.19715632568474495	-1.2545669373599004
primary_cpe|histology_matched|base_plus_binary_histology|WT1	TCGA-AP-A1E0	112	0.022867419822630689	0.0043599661774501907	0.14806386644187983	1.2214326638276825
primary_cpe|histology_matched|base_plus_binary_histology|WT1	TCGA-AX-A05Z	123	0.024383191155856118	0.0034940453343849055	0.12641628114737441	-1.0576828911654004
primary_cpe|histology_matched|base_plus_binary_histology|WT1	TCGA-AX-A06F	129	0.026513982881057926	0.0037351501918658678	0.13018792224068168	1.0475359179170536
primary_cpe|histology_matched|base_plus_binary_histology|WT1	TCGA-AX-A06J	131	0.014114240638144385	0.0023482672759907466	0.094882259461950141	1.1458823403170344
primary_cpe|histology_matched|base_plus_binary_histology|WT1	TCGA-AX-A1C5	139	0.017388692210527405	0.0055354046826008533	0.14278576362201109	1.5842942221065852
primary_cpe|histology_matched|base_plus_binary_histology|WT1	TCGA-AX-A1C8	141	0.01123777832831524	0.0041365728287017763	0.090614775672397257	1.709659298175326
primary_cpe|histology_matched|base_plus_binary_histology|WT1	TCGA-AX-A1CN	150	0.017881092239103807	0.0018515008751445834	0.091413685127324951	0.90180026071291042
primary_cpe|histology_matched|base_plus_binary_histology|WT1	TCGA-AX-A2HH	159	0.022470581418775764	0.0071222711727297501	0.13269389472659276	1.576740948208543
primary_cpe|histology_matched|base_plus_binary_histology|WT1	TCGA-AX-A2HK	161	0.017221227410538432	0.0052632264949777187	0.13245729086550839	1.5523223369799122
primary_cpe|histology_matched|base_plus_binary_histology|WT1	TCGA-AX-A3FS	164	0.013950899800236963	0.0022996942894923105	0.091817633935937365	-1.1406692519041779
primary_cpe|histology_matched|base_plus_binary_histology|WT1	TCGA-AX-A3FV	166	0.024878138822893262	0.0030299418978035585	0.10783297876588364	-0.97467717973051327
primary_cpe|histology_matched|base_plus_binary_histology|WT1	TCGA-AX-A3G1	170	0.018843396965962197	0.0038797789932947459	0.11866864184924306	-1.2720610681179891
primary_cpe|histology_matched|base_plus_binary_histology|WT1	TCGA-AX-A3GB	176	0.027817411464625935	0.0023956591245295287	0.11863014510263173	0.81814174983248045
primary_cpe|histology_matched|base_plus_binary_histology|WT1	TCGA-B5-A0JX	184	0.016945867928146688	0.0052406437567342574	0.1453927577647893	-1.5617877539453455
primary_cpe|histology_matched|base_plus_binary_histology|WT1	TCGA-B5-A0JY	185	0.037375252280149485	0.0052316466266483751	0.1713130570299341	1.0383284914438822
primary_cpe|histology_matched|base_plus_binary_histology|WT1	TCGA-B5-A0K1	188	0.16496970627720339	0.029662596771482367	0.46708269353458554	1.0961921135611961
primary_cpe|histology_matched|base_plus_binary_histology|WT1	TCGA-B5-A11N	202	0.040146193865750884	0.0053324193656388297	0.16171172631408973	-1.0099415250553778
primary_cpe|histology_matched|base_plus_binary_histology|WT1	TCGA-B5-A11U	208	0.016694154256846241	0.0022343840576757087	0.099537738440235807	1.0261459835348943
primary_cpe|histology_matched|base_plus_binary_histology|WT1	TCGA-B5-A11Z	212	0.020231906434474645	0.0031236656828561226	0.10590533015580471	1.1003035994349244
primary_cpe|histology_matched|base_plus_binary_histology|WT1	TCGA-B5-A1MR	214	0.039285606567467782	0.010572690405438559	0.18090213737119668	-1.4397477837620931
primary_cpe|histology_matched|base_plus_binary_histology|WT1	TCGA-B5-A3F9	223	0.017049732179944703	0.0028484542594452802	0.10044510391815079	1.1465526786871594
primary_cpe|histology_matched|base_plus_binary_histology|WT1	TCGA-B5-A3FA	224	0.023308181116882896	0.0067582969104765462	0.19937897132743321	1.507103152892487
primary_cpe|histology_matched|base_plus_binary_histology|WT1	TCGA-B5-A3FC	226	0.02191830958803067	0.0039840273563856105	0.1433751670892254	-1.1930952874327634
primary_cpe|histology_matched|base_plus_binary_histology|WT1	TCGA-B5-A5OC	230	0.016228301592172725	0.0043791441626986781	0.09557956488630906	-1.4589579269949124
primary_cpe|histology_matched|base_plus_binary_histology|WT1	TCGA-BG-A0LW	233	0.021926263761115755	0.0049051939363061658	0.15738542643654155	1.3240529884443994
primary_cpe|histology_matched|base_plus_binary_histology|WT1	TCGA-BG-A0MK	246	0.018412935965968977	0.0020907425520417665	0.095497843961931964	0.94417117175175314
primary_cpe|histology_matched|base_plus_binary_histology|WT1	TCGA-BG-A0MO	247	0.022900028937098499	0.0059275759745446438	0.16415217720924991	-1.4239132228653488
primary_cpe|histology_matched|base_plus_binary_histology|WT1	TCGA-BG-A0MT	249	0.010528270629691014	0.0033466520592166939	0.091583190657996708	-1.5886866955225822
primary_cpe|histology_matched|base_plus_binary_histology|WT1	TCGA-BG-A0VX	255	0.023004096680951665	0.004933605477780858	0.16433581623720298	1.295588991078011
primary_cpe|histology_matched|base_plus_binary_histology|WT1	TCGA-BG-A18C	265	0.015124058392772026	0.001905425272071317	0.090293311599378964	0.99630962706006121
primary_cpe|histology_matched|base_plus_binary_histology|WT1	TCGA-BK-A0CA	272	0.025440653808417597	0.0019305233625402272	0.097002843018862986	0.76885390244001817
primary_cpe|histology_matched|base_plus_binary_histology|WT1	TCGA-BK-A139	275	0.020259679459172258	0.0037545674420030608	0.11275472637279621	-1.2057641454738772
primary_cpe|histology_matched|base_plus_binary_histology|WT1	TCGA-BK-A6W3	281	0.021340263919837121	0.0037462290319059859	0.14201272582470176	1.1727949866937959
primary_cpe|histology_matched|base_plus_binary_histology|WT1	TCGA-BS-A0UF	295	0.026607089993177055	0.0040064255897406826	0.13408063283236996	-1.0830400000283291
primary_cpe|histology_matched|base_plus_binary_histology|WT1	TCGA-BS-A0UJ	296	0.031492989738487617	0.0014857924146277574	0.096335197628661079	-0.60421418103778546
primary_cpe|histology_matched|base_plus_binary_histology|WT1	TCGA-BS-A0V7	302	0.037355869629513927	0.01033220821421495	0.23137514459389899	-1.4611349314220723
primary_cpe|histology_matched|base_plus_binary_histology|WT1	TCGA-BS-A0V8	303	0.016934295774952795	0.002098407457928502	0.089291348830125974	-0.98715751456998313
primary_cpe|histology_matched|base_plus_binary_histology|WT1	TCGA-BS-A0WQ	305	0.017438234720876758	0.0035267877018732752	0.11365947611985674	1.2615999519798913
primary_cpe|histology_matched|base_plus_binary_histology|WT1	TCGA-D1-A0ZQ	309	0.0097480701840083131	0.0032407881162097329	0.091404026267503338	-1.6255496923259258
primary_cpe|histology_matched|base_plus_binary_histology|WT1	TCGA-D1-A103	317	0.021885881766542433	0.0037016894648227131	0.14769360763066791	1.1507987634335073
primary_cpe|histology_matched|base_plus_binary_histology|WT1	TCGA-D1-A16G	332	0.030868452546804967	0.0085891485715937788	0.21930930601494492	1.4704871576008953
primary_cpe|histology_matched|base_plus_binary_histology|WT1	TCGA-D1-A16X	341	0.022680209611004285	0.002955678917010587	0.12909337872466362	1.0094311789399002
primary_cpe|histology_matched|base_plus_binary_histology|WT1	TCGA-D1-A16Y	342	0.028548171474402237	0.014882195505614319	0.27645544676348616	2.0190170257467308
primary_cpe|histology_matched|base_plus_binary_histology|WT1	TCGA-D1-A17A	346	0.021899452300912378	0.005405064010659274	0.17016668609408517	1.3910047889612054
primary_cpe|histology_matched|base_plus_binary_histology|WT1	TCGA-D1-A17H	351	0.032218203464440626	0.0058524530085821789	0.17213978916313966	-1.186396925229211
primary_cpe|histology_matched|base_plus_binary_histology|WT1	TCGA-D1-A17L	353	0.01777300343046942	0.0040933352672455981	0.14149693314508779	-1.34636858092075
primary_cpe|histology_matched|base_plus_binary_histology|WT1	TCGA-D1-A17R	357	0.010463572388362236	0.0028981380648228057	0.089985554880429391	1.4825289374674526
primary_cpe|histology_matched|base_plus_binary_histology|WT1	TCGA-D1-A17S	358	0.016807063205331735	0.0030200384295184591	0.11572629808309076	-1.1893391767668882
primary_cpe|histology_matched|base_plus_binary_histology|WT1	TCGA-D1-A2G0	371	0.027507420180220885	0.0021672673415643697	0.10177898431901207	-0.7826184456722528
primary_cpe|histology_matched|base_plus_binary_histology|WT1	TCGA-D1-A3DG	376	0.017543170684955124	0.006383064816289058	0.1461491677074355	1.6942520790208193
primary_cpe|histology_matched|base_plus_binary_histology|WT1	TCGA-D1-A3DH	377	0.017731849802564682	0.0087184921305408242	0.16522272518834455	1.9713378492646441
primary_cpe|histology_matched|base_plus_binary_histology|WT1	TCGA-DF-A2KS	381	0.022947776470396409	0.0036193219644739785	0.10899097720127661	-1.1105781665398964
primary_cpe|histology_matched|base_plus_binary_histology|WT1	TCGA-DF-A2KU	382	0.021783474405959419	0.0040540807108655668	0.14539128966522	-1.2073829205729105
primary_cpe|histology_matched|base_plus_binary_histology|WT1	TCGA-DF-A2KV	383	0.021389016751454992	0.0017050911065553407	0.10000089413149724	-0.78970323445107038
primary_cpe|histology_matched|base_plus_binary_histology|WT1	TCGA-DF-A2KZ	384	0.015180896161775558	0.0023921783622028563	0.093161595531813995	1.114492238579126
primary_cpe|histology_matched|base_plus_binary_histology|WT1	TCGA-DF-A2L0	385	0.015510699920342534	0.0027768093631450191	0.10359626317562093	-1.1879205473303887
primary_cpe|histology_matched|base_plus_binary_histology|WT1	TCGA-E6-A1M0	397	0.022573505328839494	0.0019372389821305774	0.098036654297351963	-0.81890812801466029
primary_cpe|histology_matched|base_plus_binary_histology|WT1	TCGA-E6-A2P8	398	0.028376943221178508	0.0019844706101219186	0.092947070448512192	0.73694267111617384
primary_cpe|histology_matched|base_plus_binary_histology|WT1	TCGA-EC-A1NJ	401	0.011540816504741695	0.0035928466170964089	0.10488703672512396	-1.5713261786833383
primary_cpe|histology_matched|base_plus_binary_histology|WT1	TCGA-EO-A22R	407	0.020860264966792781	0.0040645467112104226	0.1514099598702261	1.236072644713732
primary_cpe|histology_matched|base_plus_binary_histology|WT1	TCGA-EO-A22S	408	0.014083284193807718	0.0041103900996827484	0.093357832468886764	1.519236645803691
primary_cpe|histology_matched|base_plus_binary_histology|WT1	TCGA-EO-A22U	410	0.025751014692675465	0.0065610014678637767	0.18123304938422183	1.4105870055194489
primary_cpe|histology_matched|base_plus_binary_histology|WT1	TCGA-EO-A22X	411	0.024502841152788321	0.0026316558438899689	0.10931246004217587	0.91536327104584003
primary_cpe|histology_matched|base_plus_binary_histology|WT1	TCGA-EO-A3AS	415	0.019344288769821083	0.0044217495469454976	0.11206992775275493	1.3402059271975855
primary_cpe|histology_matched|base_plus_binary_histology|WT1	TCGA-EO-A3AV	417	0.025751287718865638	0.0063786205144888012	0.15835840064694065	-1.3907581321916276
primary_cpe|histology_matched|base_plus_binary_histology|WT1	TCGA-EO-A3AY	418	0.021871742927734816	0.0022635424907520999	0.11152451853953513	-0.89973016949559903
primary_cpe|histology_matched|base_plus_binary_histology|WT1	TCGA-EO-A3AZ	419	0.034451140954629061	0.0023815274532957564	0.091280712939922654	0.7303889284671885
primary_cpe|histology_matched|base_plus_binary_histology|WT1	TCGA-EO-A3L0	425	0.015216540517163098	0.0027836464476364855	0.097446645442054267	-1.2010406006650169
primary_cpe|histology_matched|base_plus_binary_histology|WT1	TCGA-EY-A1GC	426	0.018986867337416058	0.0033375592690367	0.10697147070254256	-1.1749962299078907
primary_cpe|histology_matched|base_plus_binary_histology|WT1	TCGA-EY-A1GD	427	0.022262963670836224	0.00647983720355677	0.1949891104743488	1.5107973422078533
primary_cpe|histology_matched|base_plus_binary_histology|WT1	TCGA-EY-A1GE	428	0.035954497276467295	0.0051135570409729797	0.17991328360425962	-1.0474206167715434
primary_cpe|histology_matched|base_plus_binary_histology|WT1	TCGA-EY-A1GH	430	0.015199784735963687	0.003356358927330951	0.12038845045518806	-1.31995343927533
primary_cpe|histology_matched|base_plus_binary_histology|WT1	TCGA-EY-A1GI	431	0.022775451923962454	0.0016114273079424679	0.092759847474127244	-0.74339303142528301
primary_cpe|histology_matched|base_plus_binary_histology|WT1	TCGA-EY-A1GL	433	0.016788654784415782	0.0049530774828861583	0.14932959526845418	1.5253761834756938
primary_cpe|histology_matched|base_plus_binary_histology|WT1	TCGA-EY-A1GP	436	0.018731086860158754	0.002907460905796242	0.094501907918332601	1.104104425520364
primary_cpe|histology_matched|base_plus_binary_histology|WT1	TCGA-EY-A1GR	438	0.018728063794030095	0.0036237924118052173	0.11379304425991331	-1.2331111411775322
primary_cpe|histology_matched|base_plus_binary_histology|WT1	TCGA-EY-A1GU	441	0.016149897811446781	0.0063296839250771252	0.15689127537113898	1.7600712098925233
primary_cpe|histology_matched|base_plus_binary_histology|WT1	TCGA-EY-A1GV	442	0.04835397316733743	0.0022719319215362922	0.094134506361929174	0.59770002713020765
primary_cpe|histology_matched|base_plus_binary_histology|WT1	TCGA-EY-A1GW	443	0.035797455425612745	0.0019720804790545957	0.092752460058707617	-0.65149900449898168
primary_cpe|histology_matched|base_plus_binary_histology|WT1	TCGA-EY-A1H0	445	0.012612093140802076	0.0044712095872555509	0.10322717528032711	1.6764764440662037
primary_cpe|histology_matched|base_plus_binary_histology|WT1	TCGA-EY-A2OO	452	0.021640348436567869	0.0085972772911631929	0.19455421790713801	1.7671283246085996
primary_cpe|histology_matched|base_plus_binary_histology|WT1	TCGA-EY-A2OQ	454	0.01768602725278233	0.0033569241583539938	0.10984122287268881	1.221915293696306
primary_cpe|histology_matched|base_plus_binary_histology|WT1	TCGA-EY-A3L3	455	0.017404787295577259	0.0066077350191606956	0.14508849288989353	1.7309907442731742
primary_cpe|histology_matched|base_plus_binary_histology|WT1	TCGA-EY-A72D	463	0.014306083991556884	0.0033004181442104121	0.11933685756646434	1.3498921399756676
primary_cpe|histology_matched|base_plus_binary_histology|WT1	TCGA-FI-A2CY	465	0.020607694701264695	0.004881340207832343	0.14656296042145889	-1.3634939250257234
primary_cpe|histology_matched|base_plus_binary_histology|WT1	TCGA-FI-A2D0	466	0.040060271086216556	0.012463762240419105	0.21255839014639133	1.5479028277410802
primary_cpe|histology_matched|base_plus_binary_histology|WT1	TCGA-FI-A2D5	469	0.022394342038006394	0.002250042487706719	0.11019480011498858	-0.88625621169116064
primary_cpe|histology_matched|base_plus_binary_histology|WT1	TCGA-FI-A2D6	470	0.020026582719929992	0.00260264992117511	0.10938978644748963	-1.0094036020479435
primary_cpe|histology_matched|base_plus_binary_histology|WT1	TCGA-PG-A6IB	489	0.030195416023326996	0.0094595426946509631	0.19194362422736974	-1.5612730531453349
primary_cpe|histology_matched|base_plus_binary_histology|WT1	TCGA-QF-A5YS	495	0.027643541635430355	0.010515922400961471	0.24464021881746473	1.7236298415419433
primary_cpe|histology_matched|base_plus_binary_histology|WT1	TCGA-QS-A5YQ	497	0.029196123871713574	0.0020653196852097708	0.10778280880339873	-0.74087442510148327
primary_cpe|histology_matched|base_plus_binary_histology|WT1	TCGA-QS-A744	499	0.015854865647096879	0.0037210531388390928	0.095796291660432215	1.3604973440480381
primary_cpe|histology_matched|base_plus_binary_histology|WT1	TCGA-SL-A6J9	503	0.01891229064788209	0.0047440816498208801	0.13411544311505821	-1.4045185599744801
primary_cpe|histology_matched|base_refit|PAX8	TCGA-A5-A0G1	4	0.025756993767610713	0.0038237058154326526	0.1231850169524749	1.0061963512694978
primary_cpe|histology_matched|base_refit|PAX8	TCGA-A5-A0G2	5	0.0250105725589072	0.004108976629036894	0.12651611404994273	-1.0590268728364083
primary_cpe|histology_matched|base_refit|PAX8	TCGA-A5-A0G5	6	0.019045368032776788	0.014500826842192373	0.16462845970680348	-2.2963095985470101
primary_cpe|histology_matched|base_refit|PAX8	TCGA-A5-A0GH	11	0.017564304231712936	0.011795945328647884	0.17013894061959131	2.1569434792010433
primary_cpe|histology_matched|base_refit|PAX8	TCGA-A5-A0GJ	13	0.013557053773101173	0.0045876072571888905	0.09096292430121411	-1.5306653322362846
primary_cpe|histology_matched|base_refit|PAX8	TCGA-A5-A0GQ	17	0.018592603145454595	0.0024174595921993085	0.1008444904593245	0.94501032552029685
primary_cpe|histology_matched|base_refit|PAX8	TCGA-A5-A0GW	20	0.040282070314228063	0.016468951610384266	0.26936557931820881	-1.6602075021059368
primary_cpe|histology_matched|base_refit|PAX8	TCGA-A5-A1OF	29	0.021383486933902636	0.0032068799192711962	0.12091445115604672	1.0136063493383956
primary_cpe|histology_matched|base_refit|PAX8	TCGA-A5-A1OJ	32	0.028714831415159427	0.0037953341489705872	0.12240074988712435	0.94787265251849684
primary_cpe|histology_matched|base_refit|PAX8	TCGA-A5-A2K5	37	0.020796511051206484	0.0024244557116729817	0.11369119382401188	-0.89373675619449411
primary_cpe|histology_matched|base_refit|PAX8	TCGA-A5-A3LO	39	0.010752916940136173	0.0042690366852170571	0.09357831663332028	-1.6609968496815903
primary_cpe|histology_matched|base_refit|PAX8	TCGA-AJ-A3BK	56	0.016174758104491229	0.0025287162423328563	0.094046356468171985	-1.0377019876578109
primary_cpe|histology_matched|base_refit|PAX8	TCGA-AJ-A3EK	58	0.025537667946386504	0.003179271927272458	0.10783300880148616	0.92138023233870603
primary_cpe|histology_matched|base_refit|PAX8	TCGA-AJ-A3EL	59	0.022536174866412274	0.002178422814087777	0.096389085565568439	0.81298486670429426
primary_cpe|histology_matched|base_refit|PAX8	TCGA-AJ-A3NG	64	0.017898880186320128	0.0035784545990141187	0.11474157493824796	1.1728044531109241
primary_cpe|histology_matched|base_refit|PAX8	TCGA-AJ-A5DW	71	0.024032461500985161	0.0024159288917443293	0.10586915151453208	-0.82846248277323364
primary_cpe|histology_matched|base_refit|PAX8	TCGA-AJ-A8CT	73	0.037172796381151493	0.002786565190529475	0.11624638493758659	0.71044280256590708
primary_cpe|histology_matched|base_refit|PAX8	TCGA-AJ-A8CV	74	0.013186943092346514	0.0036149801233860378	0.10417923437817465	-1.3773304415760816
primary_cpe|histology_matched|base_refit|PAX8	TCGA-AP-A051	76	0.021112610727167361	0.0049373924369524938	0.15618894808145184	1.2666499879648252
primary_cpe|histology_matched|base_refit|PAX8	TCGA-AP-A056	79	0.041372858933435022	0.014483274971944409	0.20718760138328463	-1.5347574178257255
primary_cpe|histology_matched|base_refit|PAX8	TCGA-AP-A059	80	0.024086039157788133	0.0041339745429059957	0.12537610128498686	1.0830072660727916
primary_cpe|histology_matched|base_refit|PAX8	TCGA-AP-A0LM	97	0.030787474844160459	0.0039194356072102818	0.12051128727109332	0.92923106560188695
primary_cpe|histology_matched|base_refit|PAX8	TCGA-AP-A0LS	101	0.032965133090780009	0.0068539458652834883	0.18559852639020602	-1.1868370333319842
primary_cpe|histology_matched|base_refit|PAX8	TCGA-AP-A0LT	102	0.012713891904566583	0.0071540451074324522	0.10150826089669986	1.9777571018632703
primary_cpe|histology_matched|base_refit|PAX8	TCGA-AP-A1E0	112	0.022625588052887075	0.0074298624290815487	0.18991609637490217	1.5007741015034486
primary_cpe|histology_matched|base_refit|PAX8	TCGA-AX-A05Z	123	0.024087799417202779	0.0025789310219141398	0.10181894218038286	0.854984747696519
primary_cpe|histology_matched|base_refit|PAX8	TCGA-AX-A060	124	0.011155038515344693	0.0057558620786639326	0.094230284969304676	1.8947821064483443
primary_cpe|histology_matched|base_refit|PAX8	TCGA-AX-A06B	128	0.012724443562125702	0.0041697611598264361	0.12206397728398889	-1.50680714147277
primary_cpe|histology_matched|base_refit|PAX8	TCGA-AX-A06F	129	0.026327307922736243	0.0066155636098682614	0.16217992407315271	1.3096260638684381
primary_cpe|histology_matched|base_refit|PAX8	TCGA-AX-A0J0	136	0.025260838481800774	0.0019209713994888709	0.096392525225477685	-0.71997876024868201
primary_cpe|histology_matched|base_refit|PAX8	TCGA-AX-A1CA	143	0.013894136041971546	0.0038813397797378053	0.11195104948084469	1.3899264247655998
primary_cpe|histology_matched|base_refit|PAX8	TCGA-AX-A2IN	162	0.016176649741909577	0.0026580960421835353	0.099764982578356573	1.0639130523442666
primary_cpe|histology_matched|base_refit|PAX8	TCGA-AX-A3FV	166	0.024713446845781275	0.0099217421896911559	0.18197701268008548	1.6584576488880469
primary_cpe|histology_matched|base_refit|PAX8	TCGA-AX-A3GB	176	0.027798978622153643	0.0049456809839158551	0.1596491769653606	-1.1005702831814668
primary_cpe|histology_matched|base_refit|PAX8	TCGA-B5-A0K0	187	0.016370076025388237	0.0058446542064408092	0.13172662423787956	-1.570207500269476
primary_cpe|histology_matched|base_refit|PAX8	TCGA-B5-A0K1	188	0.16418813554113279	0.015855853889390471	0.31941504634553708	-0.75134127226953118
primary_cpe|histology_matched|base_refit|PAX8	TCGA-B5-A11N	202	0.040093741225022322	0.0044750146320949617	0.13867690200018787	0.86579117758355506
primary_cpe|histology_matched|base_refit|PAX8	TCGA-B5-A11U	208	0.016624735645566047	0.0038080975654179428	0.12152993481171266	-1.2564276035545519
primary_cpe|histology_matched|base_refit|PAX8	TCGA-B5-A1MR	214	0.038685914971145159	0.0074132138313308541	0.14143398921500128	-1.1358867103037129
primary_cpe|histology_matched|base_refit|PAX8	TCGA-B5-A3FA	224	0.023249365208449918	0.0093089725100545598	0.21947877313456185	1.6574739720930525
primary_cpe|histology_matched|base_refit|PAX8	TCGA-B5-A3FC	226	0.021646206054527158	0.0043655995505584612	0.14075328067789122	-1.1756949594395132
primary_cpe|histology_matched|base_refit|PAX8	TCGA-BG-A0LW	233	0.02189710301295952	0.0049764425558793115	0.1483326153318662	-1.2481032932871197
primary_cpe|histology_matched|base_refit|PAX8	TCGA-BG-A0MG	244	0.014329535487419397	0.0035484263864111148	0.10865771211818472	1.3080566200000223
primary_cpe|histology_matched|base_refit|PAX8	TCGA-BG-A0MK	246	0.018403968486818904	0.0022637142366747401	0.093066328477367552	0.91918480779474177
primary_cpe|histology_matched|base_refit|PAX8	TCGA-BG-A0MO	247	0.022820517630342062	0.004098030820789916	0.12753711600317197	-1.108564194152029
primary_cpe|histology_matched|base_refit|PAX8	TCGA-BG-A0VX	255	0.022838955037865462	0.0033211709905137275	0.12660505054669302	-0.99732628955997249
primary_cpe|histology_matched|base_refit|PAX8	TCGA-BG-A2AE	267	0.0092289561485579437	0.0052190447811674969	0.11224032307553684	1.9862565303484654
primary_cpe|histology_matched|base_refit|PAX8	TCGA-BG-A3PP	270	0.010843116565928828	0.0049225654642430514	0.10799641155546101	-1.7768010804497019
primary_cpe|histology_matched|base_refit|PAX8	TCGA-BK-A139	275	0.011684322960289963	0.0043449154685925974	0.11157260523354671	-1.6064748582351434
primary_cpe|histology_matched|base_refit|PAX8	TCGA-BK-A4ZD	279	0.010888893811781528	0.0034916066368657957	0.093566915958933947	-1.4918532227282835
primary_cpe|histology_matched|base_refit|PAX8	TCGA-BK-A6W3	281	0.021090553101866971	0.0034199238431669664	0.12723126142555596	-1.05422443281381
primary_cpe|histology_matched|base_refit|PAX8	TCGA-BS-A0TC	285	0.033555349170749232	0.014002636264627498	0.26950522103824004	1.6832922848983625
primary_cpe|histology_matched|base_refit|PAX8	TCGA-BS-A0TE	287	0.0098492181169084793	0.0040141188339538033	0.090707025384375486	1.6838084098095543
primary_cpe|histology_matched|base_refit|PAX8	TCGA-BS-A0UF	295	0.026410358041088891	0.0037397506248200386	0.12126608864120376	-0.98232657383700328
primary_cpe|histology_matched|base_refit|PAX8	TCGA-BS-A0UV	299	0.022912680570119595	0.0018875695804625042	0.097426789125230728	-0.75030629982450436
primary_cpe|histology_matched|base_refit|PAX8	TCGA-BS-A0V4	300	0.022608389841111427	0.0081684787692250568	0.19485201145161268	1.5745743342139606
primary_cpe|histology_matched|base_refit|PAX8	TCGA-BS-A0V7	302	0.037323017697312846	0.0020890798104510125	0.097402235688545238	0.61377120265778617
primary_cpe|histology_matched|base_refit|PAX8	TCGA-D1-A0ZZ	314	0.012921860163670536	0.0032408856361024062	0.10729226654316479	1.3173907183942652
primary_cpe|histology_matched|base_refit|PAX8	TCGA-D1-A16G	332	0.029098001380677009	0.0038633148961970832	0.14418106930799909	0.94982266123067616
primary_cpe|histology_matched|base_refit|PAX8	TCGA-D1-A16J	334	0.01386211398560524	0.0040230897050988262	0.11144189110771444	1.4168432600201981
primary_cpe|histology_matched|base_refit|PAX8	TCGA-D1-A16R	338	0.012363803504588086	0.0041227161497639393	0.10256078599413988	-1.5203173208985119
primary_cpe|histology_matched|base_refit|PAX8	TCGA-D1-A16X	341	0.022544052892720549	0.0025767025050937894	0.11310906597629562	0.88413492973744279
primary_cpe|histology_matched|base_refit|PAX8	TCGA-D1-A16Y	342	0.028529525026317913	0.015009407390471212	0.26878143566551621	1.8963891761651481
primary_cpe|histology_matched|base_refit|PAX8	TCGA-D1-A177	345	0.022967215918952684	0.013833632170432585	0.22650776790315824	2.0360326537494102
primary_cpe|histology_matched|base_refit|PAX8	TCGA-D1-A17A	346	0.021891418180430024	0.0016926610656890588	0.089229075024969129	-0.72725228033111622
primary_cpe|histology_matched|base_refit|PAX8	TCGA-D1-A17H	351	0.032079027878329391	0.0032382709874064909	0.11967044305923383	0.82675518132803949
primary_cpe|histology_matched|base_refit|PAX8	TCGA-D1-A17L	353	0.017771315338930206	0.0019379608028434279	0.091298859635660631	-0.86568269957710686
primary_cpe|histology_matched|base_refit|PAX8	TCGA-D1-A1O7	369	0.013301101866418391	0.0039964755265751535	0.10343924736866526	1.4421366611181092
primary_cpe|histology_matched|base_refit|PAX8	TCGA-D1-A1O8	370	0.02493052830247024	0.0074297052726684963	0.11528243067329721	-1.4277071691538068
primary_cpe|histology_matched|base_refit|PAX8	TCGA-D1-A2G0	371	0.011072650848509148	0.0046913553569442211	0.098977592235201098	1.7159347644013221
primary_cpe|histology_matched|base_refit|PAX8	TCGA-DF-A2KR	380	0.014226028401378977	0.0035278326809563376	0.11646243271858513	-1.3090637676888586
primary_cpe|histology_matched|base_refit|PAX8	TCGA-DF-A2KS	381	0.013533119554058804	0.0059116379972640482	0.12752504283888369	-1.7403156482641562
primary_cpe|histology_matched|base_refit|PAX8	TCGA-DF-A2KU	382	0.021519682990276089	0.0035251551270081088	0.12713625043477864	1.0593746069036893
primary_cpe|histology_matched|base_refit|PAX8	TCGA-DF-A2KV	383	0.021249215856060481	0.010562314172797281	0.23458506271049617	1.8498935573797572
primary_cpe|histology_matched|base_refit|PAX8	TCGA-DI-A1NO	391	0.021542779599748124	0.0070201670873903457	0.1826856669037302	1.4958282325857759
primary_cpe|histology_matched|base_refit|PAX8	TCGA-E6-A1M0	397	0.022294826321326355	0.0032317867124384185	0.12522188372199775	-0.99602172883918905
primary_cpe|histology_matched|base_refit|PAX8	TCGA-EO-A22T	409	0.016585951076374179	0.003255734918079393	0.11101506925645784	1.1628537129482237
primary_cpe|histology_matched|base_refit|PAX8	TCGA-EO-A22X	411	0.024211876996395532	0.0054499563884404323	0.14914091785415765	-1.2406350369851022
primary_cpe|histology_matched|base_refit|PAX8	TCGA-EO-A3AV	417	0.025303751061655916	0.0028280221519441247	0.098992449741820296	0.87302945066354387
primary_cpe|histology_matched|base_refit|PAX8	TCGA-EO-A3B0	420	0.026193734687450516	0.0053074172682283666	0.13566973448348404	-1.175695409997082
primary_cpe|histology_matched|base_refit|PAX8	TCGA-EO-A3L0	425	0.014972095005662909	0.0032007474092643883	0.097283850398019331	1.2146885136037318
primary_cpe|histology_matched|base_refit|PAX8	TCGA-EY-A1GD	427	0.022165072502774861	0.0016508483055335248	0.094452085533161964	-0.71365239763966748
primary_cpe|histology_matched|base_refit|PAX8	TCGA-EY-A1GE	428	0.035928672496899711	0.0061071055052142097	0.18416170796313502	-1.0711862992496535
primary_cpe|histology_matched|base_refit|PAX8	TCGA-EY-A1GI	431	0.022602754838407301	0.0019852457597524719	0.098154528501668684	-0.77488407469285592
primary_cpe|histology_matched|base_refit|PAX8	TCGA-EY-A1GL	433	0.016782406163481582	0.0087823218504684934	0.18628491014711809	1.9027910239565242
primary_cpe|histology_matched|base_refit|PAX8	TCGA-EY-A1GR	438	0.010362966165099324	0.003711730559389561	0.10021679552277302	-1.577543372036067
primary_cpe|histology_matched|base_refit|PAX8	TCGA-EY-A1GU	441	0.016124171190029526	0.0078605297781825668	0.1634630567903001	1.8367026097928998
primary_cpe|histology_matched|base_refit|PAX8	TCGA-EY-A1GV	442	0.033392269302036037	0.0043250456492448467	0.15289935281185371	0.93603594926114275
primary_cpe|histology_matched|base_refit|PAX8	TCGA-EY-A2OO	452	0.018134437342011651	0.0033705166483498409	0.11926853842840941	1.1305570540181615
primary_cpe|histology_matched|base_refit|PAX8	TCGA-FI-A2D5	469	0.022212984712478567	0.002556582850497504	0.11024846616447111	-0.88737036240084288
primary_cpe|histology_matched|base_refit|PAX8	TCGA-KP-A3W1	485	0.022809855532967625	0.014019224851357502	0.16114018908762112	-2.0570448965993804
primary_cpe|histology_matched|base_refit|PAX8	TCGA-PG-A6IB	489	0.015495045867535386	0.0032016716383973759	0.094917426117095027	1.1938101066264095
primary_cpe|histology_matched|base_refit|PAX8	TCGA-QS-A5YQ	497	0.029180028102214674	0.0080506061763842753	0.1991215503952912	1.3704790679841294
primary_cpe|histology_matched|base_plus_binary_histology|PAX8	TCGA-2E-A9G8	0	0.014114440136972812	0.0033550784141562792	0.12030384424305456	1.3704433239655118
primary_cpe|histology_matched|base_plus_binary_histology|PAX8	TCGA-5B-A90C	2	0.017599063564775707	0.0023172216006003676	0.095739427819133111	-1.0172872884255284
primary_cpe|histology_matched|base_plus_binary_histology|PAX8	TCGA-A5-A0G2	5	0.03840031382330835	0.012958902249155775	0.25580768065947385	-1.6138336056061369
primary_cpe|histology_matched|base_plus_binary_histology|PAX8	TCGA-A5-A0G5	6	0.020542330204221786	0.016450982202162609	0.17724655842294856	-2.5184345272293855
primary_cpe|histology_matched|base_plus_binary_histology|PAX8	TCGA-A5-A0GH	11	0.017656048358591244	0.01119619364821714	0.17595371666940068	2.2413837109670252
primary_cpe|histology_matched|base_plus_binary_histology|PAX8	TCGA-A5-A0GJ	13	0.020482736645361287	0.0036924401321260466	0.099939928601330871	-1.1890346304158033
primary_cpe|histology_matched|base_plus_binary_histology|PAX8	TCGA-A5-A0GQ	17	0.018801780825429257	0.0025305517923911178	0.11034880348422885	1.0279126753582635
primary_cpe|histology_matched|base_plus_binary_histology|PAX8	TCGA-A5-A0GW	20	0.040805063360178896	0.013356343544678139	0.25931733577815635	-1.5872598446444721
primary_cpe|histology_matched|base_plus_binary_histology|PAX8	TCGA-A5-A1OJ	32	0.028715595344622591	0.0034745943261758673	0.12469275099733378	0.96958338706205438
primary_cpe|histology_matched|base_plus_binary_histology|PAX8	TCGA-A5-A2K5	37	0.020934601015478706	0.0019669326148716647	0.10863512149193247	-0.85762544123933993
primary_cpe|histology_matched|base_plus_binary_histology|PAX8	TCGA-A5-A3LO	39	0.019817448840172992	0.004069659035747266	0.1220317456424793	-1.2697580334395271
primary_cpe|histology_matched|base_plus_binary_histology|PAX8	TCGA-AJ-A2QK	46	0.022528474363795414	0.0034314830221151638	0.10467296278438762	-1.0915804813024443
primary_cpe|histology_matched|base_plus_binary_histology|PAX8	TCGA-AJ-A3BI	55	0.014342241061376252	0.001928228455772065	0.091662673948347692	-1.0296867531725875
primary_cpe|histology_matched|base_plus_binary_histology|PAX8	TCGA-AJ-A3BK	56	0.016409143481061872	0.0020375249706180822	0.090154339023999552	-0.98844089680314118
primary_cpe|histology_matched|base_plus_binary_histology|PAX8	TCGA-AJ-A3EL	59	0.022873417810796777	0.0024299024899508545	0.10708429917270103	0.91111893206395467
primary_cpe|histology_matched|base_plus_binary_histology|PAX8	TCGA-AJ-A3EM	60	0.018740842948554472	0.0048477889504176955	0.12869039497732557	1.4264804278930545
primary_cpe|histology_matched|base_plus_binary_histology|PAX8	TCGA-AJ-A5DW	71	0.024195087538150591	0.0019189176007813119	0.098611509746280759	-0.78654645556807146
primary_cpe|histology_matched|base_plus_binary_histology|PAX8	TCGA-AJ-A6NU	72	0.019468538124666569	0.0030478300125808063	0.10175977776750497	1.1084198980158146
primary_cpe|histology_matched|base_plus_binary_histology|PAX8	TCGA-AJ-A8CT	73	0.037176938705236223	0.0024664880391468426	0.1166286725625293	0.71450778191171216
primary_cpe|histology_matched|base_plus_binary_histology|PAX8	TCGA-AJ-A8CV	74	0.013328326838675582	0.0030712711857692051	0.10284851202664055	-1.3497750326927795
primary_cpe|histology_matched|base_plus_binary_histology|PAX8	TCGA-AP-A051	76	0.021322865930550671	0.0049996153212386422	0.16638742916935489	1.3560522742372292
primary_cpe|histology_matched|base_plus_binary_histology|PAX8	TCGA-AP-A056	79	0.042102723138683483	0.011378536018870039	0.19651809568573667	-1.4406615384626928
primary_cpe|histology_matched|base_plus_binary_histology|PAX8	TCGA-AP-A059	80	0.02446171123610031	0.0044430501602500429	0.13851128153317596	1.1910972146953249
primary_cpe|histology_matched|base_plus_binary_histology|PAX8	TCGA-AP-A0L9	88	0.014870537827254143	0.0031567533198567314	0.10308235706749738	-1.2943253937984505
primary_cpe|histology_matched|base_plus_binary_histology|PAX8	TCGA-AP-A0LM	97	0.030908215319870098	0.0039585848617857758	0.12919890147570698	0.99645426827124206
primary_cpe|histology_matched|base_plus_binary_histology|PAX8	TCGA-AP-A0LS	101	0.033286416433337233	0.0054727230600728986	0.17730852405865047	-1.1279270792476321
primary_cpe|histology_matched|base_plus_binary_histology|PAX8	TCGA-AP-A0LT	102	0.012748959270938519	0.0066875855143533232	0.1054213498953725	2.0419093751519655
primary_cpe|histology_matched|base_plus_binary_histology|PAX8	TCGA-AP-A1DQ	109	0.018450365898165191	0.0023608095647028645	0.091563441410621893	1.0023772293155897
primary_cpe|histology_matched|base_plus_binary_histology|PAX8	TCGA-AP-A1E0	112	0.022867419822630689	0.0074617642320841384	0.19369940526347457	1.5996092106470172
primary_cpe|histology_matched|base_plus_binary_histology|PAX8	TCGA-AX-A05Z	123	0.024383191155856118	0.0028121384685269647	0.11341149965671969	0.94866745170084299
primary_cpe|histology_matched|base_plus_binary_histology|PAX8	TCGA-AX-A060	124	0.01115545609169364	0.0052110025654869699	0.095838623454919142	1.9275657561068442
primary_cpe|histology_matched|base_plus_binary_histology|PAX8	TCGA-AX-A062	125	0.014340534087066821	0.0030476809878953203	0.089254412498654026	1.2954080598096716
primary_cpe|histology_matched|base_plus_binary_histology|PAX8	TCGA-AX-A06B	128	0.020910143985426087	0.0034243653859727628	0.10355819074352231	-1.1329001143820157
primary_cpe|histology_matched|base_plus_binary_histology|PAX8	TCGA-AX-A06F	129	0.026513982881057926	0.0066243360574385849	0.17337554498202862	1.3962332835910356
primary_cpe|histology_matched|base_plus_binary_histology|PAX8	TCGA-AX-A1CA	143	0.016246095664328067	0.0029662537757498141	0.099090049857179993	1.1992486769018547
primary_cpe|histology_matched|base_plus_binary_histology|PAX8	TCGA-AX-A1CF	146	0.015314927633914576	0.0049544331890301286	0.14621035716970598	1.598866216069605
primary_cpe|histology_matched|base_plus_binary_histology|PAX8	TCGA-AX-A2HK	161	0.017221227410538432	0.0043724886302600298	0.12072971706373221	1.4143006964769205
primary_cpe|histology_matched|base_plus_binary_histology|PAX8	TCGA-AX-A2IN	162	0.01634813572031088	0.0027117857031641571	0.10768925899291788	1.1428598629721025
primary_cpe|histology_matched|base_plus_binary_histology|PAX8	TCGA-AX-A3FV	166	0.024878138822893262	0.009705074724419312	0.19298959458790663	1.7480799452720377
primary_cpe|histology_matched|base_plus_binary_histology|PAX8	TCGA-AX-A3GB	176	0.027817411464625935	0.0046506667336276382	0.16528755662828265	-1.1406428064484253
primary_cpe|histology_matched|base_plus_binary_histology|PAX8	TCGA-B5-A0JY	185	0.037375252280149485	0.0080298269579110095	0.21223859271787146	-1.2871265912524683
primary_cpe|histology_matched|base_plus_binary_histology|PAX8	TCGA-B5-A0K0	187	0.016390287470925795	0.0051805278948086481	0.13265954645560632	-1.5794364771369722
primary_cpe|histology_matched|base_plus_binary_histology|PAX8	TCGA-B5-A0K1	188	0.16496970627720339	0.0098001385076942199	0.26847589499478114	-0.62957317648257438
primary_cpe|histology_matched|base_plus_binary_histology|PAX8	TCGA-B5-A11N	202	0.040146193865750884	0.0043782880942398071	0.14653168118397755	0.91496896305703268
primary_cpe|histology_matched|base_plus_binary_histology|PAX8	TCGA-B5-A11U	208	0.016694154256846241	0.0032727710024799111	0.12046660365687333	-1.2425171405970503
primary_cpe|histology_matched|base_plus_binary_histology|PAX8	TCGA-B5-A1MR	214	0.039285606567467782	0.0055923950963656299	0.13156787601119277	-1.0460815084753592
primary_cpe|histology_matched|base_plus_binary_histology|PAX8	TCGA-B5-A3FA	224	0.023308181116882896	0.0088260105763510125	0.22784680285398268	1.7234989234538045
primary_cpe|histology_matched|base_plus_binary_histology|PAX8	TCGA-B5-A3FC	226	0.02191830958803067	0.0035337331344987735	0.13502980966268413	-1.123467267857448
primary_cpe|histology_matched|base_plus_binary_histology|PAX8	TCGA-BG-A0LW	233	0.021926263761115755	0.0046997261390213253	0.15405390079623671	-1.2959295816059559
primary_cpe|histology_matched|base_plus_binary_histology|PAX8	TCGA-BG-A0MG	244	0.014514517204284955	0.0035706518124417152	0.11696496895535591	1.3939726539302111
primary_cpe|histology_matched|base_plus_binary_histology|PAX8	TCGA-BG-A0MK	246	0.018412935965968977	0.0019979158015679442	0.093353773698886811	0.92293628501097369
primary_cpe|histology_matched|base_plus_binary_histology|PAX8	TCGA-BG-A0MO	247	0.022900028937098499	0.0034738899115345722	0.12566551299653009	-1.0891453931281929
primary_cpe|histology_matched|base_plus_binary_histology|PAX8	TCGA-BG-A0VX	255	0.023004096680951665	0.0027024067095036677	0.12162570556526037	-0.95813854285750732
primary_cpe|histology_matched|base_plus_binary_histology|PAX8	TCGA-BG-A18C	265	0.015124058392772026	0.0023144229941836772	0.099513268015443274	-1.0982798972402481
primary_cpe|histology_matched|base_plus_binary_histology|PAX8	TCGA-BG-A2AE	267	0.024607647345738962	0.0068570116866743126	0.18515569705943358	1.4763244452557445
primary_cpe|histology_matched|base_plus_binary_histology|PAX8	TCGA-BG-A3PP	270	0.013101511184581069	0.006778082010037133	0.12248657995830801	-2.027349326528491
primary_cpe|histology_matched|base_plus_binary_histology|PAX8	TCGA-BK-A139	275	0.020259679459172258	0.0038774578534752527	0.1145851515335172	-1.2253969295076619
primary_cpe|histology_matched|base_plus_binary_histology|PAX8	TCGA-BK-A4ZD	279	0.018458272366827636	0.0030174402489936665	0.099494464910351424	-1.1333065736213945
primary_cpe|histology_matched|base_plus_binary_histology|PAX8	TCGA-BK-A6W3	281	0.021340263919837121	0.0027414187187068829	0.12148363766298131	-1.0028850851360196
primary_cpe|histology_matched|base_plus_binary_histology|PAX8	TCGA-BS-A0TC	285	0.033562575243732795	0.012899177245100207	0.27648868285421108	1.7272295148199663
primary_cpe|histology_matched|base_plus_binary_histology|PAX8	TCGA-BS-A0TE	287	0.0099666072479937598	0.0039009965871484942	0.096295535477417094	1.7644338182505321
primary_cpe|histology_matched|base_plus_binary_histology|PAX8	TCGA-BS-A0UF	295	0.026607089993177055	0.0030035222679713749	0.11609217252732677	-0.93746027781804553
primary_cpe|histology_matched|base_plus_binary_histology|PAX8	TCGA-BS-A0UJ	296	0.031492989738487617	0.0014619233358323207	0.095558257875646105	-0.59933767296441631
primary_cpe|histology_matched|base_plus_binary_histology|PAX8	TCGA-BS-A0UL	297	0.015518437455844483	0.0023065974663804821	0.092144385345652169	1.0821448910569085
primary_cpe|histology_matched|base_plus_binary_histology|PAX8	TCGA-BS-A0V4	300	0.022652006133237673	0.0071588910739568438	0.19501833847194219	1.5742877579574746
primary_cpe|histology_matched|base_plus_binary_histology|PAX8	TCGA-BS-A0V7	302	0.037355869629513927	0.0017442513119612986	0.095065876690476475	0.59927035099891779
primary_cpe|histology_matched|base_plus_binary_histology|PAX8	TCGA-D1-A0ZZ	314	0.020031855059705228	0.0076022806743896451	0.14692341124823938	1.7283385879828195
primary_cpe|histology_matched|base_plus_binary_histology|PAX8	TCGA-D1-A15X	320	0.029012862148045708	0.0095628898658819596	0.19312043283161778	-1.6026372098678936
primary_cpe|histology_matched|base_plus_binary_histology|PAX8	TCGA-D1-A16G	332	0.030868452546804967	0.0024122800454036654	0.116224012598985	0.7780729466386439
primary_cpe|histology_matched|base_plus_binary_histology|PAX8	TCGA-D1-A16J	334	0.014067612047169886	0.0040465747973985481	0.12000654820296086	1.5081980044703689
primary_cpe|histology_matched|base_plus_binary_histology|PAX8	TCGA-D1-A16R	338	0.012430026974918781	0.003588852455110252	0.10236990026607352	-1.5122802439587886
primary_cpe|histology_matched|base_plus_binary_histology|PAX8	TCGA-D1-A16V	340	0.016483663263153141	0.0033160515605096157	0.11259117000603089	-1.2588525728312969
primary_cpe|histology_matched|base_plus_binary_histology|PAX8	TCGA-D1-A16X	341	0.022680209611004285	0.0026370172748225898	0.1219359673931322	0.95335903323412718
primary_cpe|histology_matched|base_plus_binary_histology|PAX8	TCGA-D1-A16Y	342	0.028548171474402237	0.013915767161001867	0.267328477440822	1.9518399087677483
primary_cpe|histology_matched|base_plus_binary_histology|PAX8	TCGA-D1-A177	345	0.023036586741224552	0.013062220940890878	0.23425022064073442	2.1124730884749061
primary_cpe|histology_matched|base_plus_binary_histology|PAX8	TCGA-D1-A17A	346	0.021899452300912378	0.0015909378388682626	0.092321048065056754	-0.7536294738690148
primary_cpe|histology_matched|base_plus_binary_histology|PAX8	TCGA-D1-A17H	351	0.032218203464440626	0.0033400638520048936	0.13004380964807105	0.89572368144648762
primary_cpe|histology_matched|base_plus_binary_histology|PAX8	TCGA-D1-A17L	353	0.01777300343046942	0.0017832511306718507	0.093393063681328228	-0.88773666204927959
primary_cpe|histology_matched|base_plus_binary_histology|PAX8	TCGA-D1-A1O7	369	0.013357528087860837	0.003813781990495816	0.1073737351105248	1.5031049451194338
primary_cpe|histology_matched|base_plus_binary_histology|PAX8	TCGA-D1-A1O8	370	0.025481070961496315	0.0059350180044955136	0.11081445495057099	-1.3486516685881196
primary_cpe|histology_matched|base_plus_binary_histology|PAX8	TCGA-D1-A2G0	371	0.027507420180220885	0.0049303152095942345	0.15351089800231346	1.1813356467495411
primary_cpe|histology_matched|base_plus_binary_histology|PAX8	TCGA-D1-A3DG	376	0.017543170684955124	0.0073289937614869349	0.1566043766706533	1.816234368239525
primary_cpe|histology_matched|base_plus_binary_histology|PAX8	TCGA-D1-A3DH	377	0.017731849802564682	0.0061686023328185692	0.13897685454555686	1.6562913468734739
primary_cpe|histology_matched|base_plus_binary_histology|PAX8	TCGA-DF-A2KS	381	0.022947776470396409	0.0052793666330315922	0.13163393038476465	-1.3420671286057946
primary_cpe|histology_matched|base_plus_binary_histology|PAX8	TCGA-DF-A2KU	382	0.021783474405959419	0.0036957854316710375	0.13881793131073436	1.1526456364906592
primary_cpe|histology_matched|base_plus_binary_histology|PAX8	TCGA-DF-A2KV	383	0.021389016751454992	0.010210803974349387	0.24471469984977728	1.9385916521884778
primary_cpe|histology_matched|base_plus_binary_histology|PAX8	TCGA-DI-A1NO	391	0.028983970732798597	0.013714990608774137	0.22980797208473294	1.9224349139043853
primary_cpe|histology_matched|base_plus_binary_histology|PAX8	TCGA-E6-A1M0	397	0.022573505328839494	0.0025490187689560569	0.11245619852257675	-0.93955635503084445
primary_cpe|histology_matched|base_plus_binary_histology|PAX8	TCGA-EO-A22T	409	0.01676740635057429	0.0033027321887442581	0.11948106288329474	1.2454247878180922
primary_cpe|histology_matched|base_plus_binary_histology|PAX8	TCGA-EO-A22X	411	0.024502841152788321	0.0044200830994656545	0.14166753538022167	-1.186980499678066
primary_cpe|histology_matched|base_plus_binary_histology|PAX8	TCGA-EO-A3AS	415	0.019344288769821083	0.0030878386675463904	0.09365248868739777	-1.1193468361919034
primary_cpe|histology_matched|base_plus_binary_histology|PAX8	TCGA-EO-A3AV	417	0.025751287718865638	0.0032065077947294515	0.11227779480174367	0.98510760346297488
primary_cpe|histology_matched|base_plus_binary_histology|PAX8	TCGA-EO-A3B0	420	0.026692275668298102	0.0041240108765193059	0.12307228528627211	-1.0970491375248745
primary_cpe|histology_matched|base_plus_binary_histology|PAX8	TCGA-EO-A3L0	425	0.015216540517163098	0.0032997531841247145	0.10609638447560606	1.3080022761271999
primary_cpe|histology_matched|base_plus_binary_histology|PAX8	TCGA-EY-A1GE	428	0.035954497276467295	0.0057864636939208526	0.19138517510383402	-1.1143699576484438
primary_cpe|histology_matched|base_plus_binary_histology|PAX8	TCGA-EY-A1GI	431	0.022775451923962454	0.0015550824386357514	0.091123706124901699	-0.73026649445190572
primary_cpe|histology_matched|base_plus_binary_histology|PAX8	TCGA-EY-A1GL	433	0.016788654784415782	0.0078853691685646151	0.18841667795483394	1.9273221464680543
primary_cpe|histology_matched|base_plus_binary_histology|PAX8	TCGA-EY-A1GR	438	0.018728063794030095	0.0034390966462038135	0.1108552461864641	-1.2011820399001258
primary_cpe|histology_matched|base_plus_binary_histology|PAX8	TCGA-EY-A1GU	441	0.016149897811446781	0.0069761217009223879	0.16470804245335358	1.848352522237974
primary_cpe|histology_matched|base_plus_binary_histology|PAX8	TCGA-EY-A2OO	452	0.021640348436567869	0.0021757077486979663	0.097872450616779585	0.88688874736786405
primary_cpe|histology_matched|base_plus_binary_histology|PAX8	TCGA-EY-A547	458	0.017680742295703374	0.0055046870010544337	0.129816960003444	1.566468484837187
primary_cpe|histology_matched|base_plus_binary_histology|PAX8	TCGA-FI-A2D2	467	0.011977120442642653	0.0049207271622925758	0.094471725468005266	-1.8061468697496303
primary_cpe|histology_matched|base_plus_binary_histology|PAX8	TCGA-FI-A2D5	469	0.022394342038006394	0.0020379577851847965	0.10487291359218301	-0.84339129581922367
primary_cpe|histology_matched|base_plus_binary_histology|PAX8	TCGA-FI-A2F9	477	0.017778123848042865	0.0039388972339302634	0.10884723416171722	1.3204403525613246
primary_cpe|histology_matched|base_plus_binary_histology|PAX8	TCGA-H5-A2HR	480	0.014820644030815976	0.002117871585114403	0.094990917720815055	1.0613880675912242
primary_cpe|histology_matched|base_plus_binary_histology|PAX8	TCGA-KP-A3W1	485	0.02400715733162748	0.015508618832969404	0.17197145143139392	-2.2550811664021562
primary_cpe|histology_matched|base_plus_binary_histology|PAX8	TCGA-QS-A5YQ	497	0.029196123871713574	0.0075057042722126181	0.20547149429006803	1.4144272365091237
primary_cpe|histology_matched|base_refit|LHX1	TCGA-A5-A0G1	4	0.025756993767610713	0.0025227277713703224	0.10005777608772384	0.81700599680285502
primary_cpe|histology_matched|base_refit|LHX1	TCGA-A5-A0G2	5	0.0250105725589072	0.012828613370135798	0.22354701069115859	1.8757388137895354
primary_cpe|histology_matched|base_refit|LHX1	TCGA-A5-A0GJ	13	0.013557053773101173	0.0072105125224699749	0.11403925353527704	-1.9215702061028554
primary_cpe|histology_matched|base_refit|LHX1	TCGA-A5-A0GN	15	0.023451403230727759	0.0028873300738941651	0.09392781149024701	-0.91725600892368975
primary_cpe|histology_matched|base_refit|LHX1	TCGA-A5-A0GW	20	0.040282070314228063	0.014525682649644118	0.25297487967860893	-1.5586751770304408
primary_cpe|histology_matched|base_refit|LHX1	TCGA-A5-A1OH	31	0.011044036522881322	0.0050106069360604686	0.099581469039841178	1.7760537643603571
primary_cpe|histology_matched|base_refit|LHX1	TCGA-A5-A3LO	39	0.010752916940136173	0.006465112406729874	0.11515911672068317	-2.0469766090257653
primary_cpe|histology_matched|base_refit|LHX1	TCGA-AJ-A3EK	58	0.025537667946386504	0.0027599116643407667	0.10046978585361359	0.85836840536133652
primary_cpe|histology_matched|base_refit|LHX1	TCGA-AJ-A3I9	61	0.016824674605367452	0.003066688073467039	0.089842943020300506	-1.1203073120966462
primary_cpe|histology_matched|base_refit|LHX1	TCGA-AJ-A3NF	63	0.01702804721913511	0.0024806018283076319	0.089108343599421602	1.0011905201251114
primary_cpe|histology_matched|base_refit|LHX1	TCGA-AJ-A8CT	73	0.037172796381151493	0.011598812938299704	0.2371655606080075	-1.4517766134586985
primary_cpe|histology_matched|base_refit|LHX1	TCGA-AP-A056	79	0.041372858933435022	0.0095008024944802181	0.16780717243019347	-1.2420318812835105
primary_cpe|histology_matched|base_refit|LHX1	TCGA-AP-A059	80	0.024086039157788133	0.0029220339424339647	0.10540797983542066	-0.91020646423939811
primary_cpe|histology_matched|base_refit|LHX1	TCGA-AP-A0L9	88	0.012524529983725045	0.0025594999772404008	0.092788931010957781	1.1890205740199036
primary_cpe|histology_matched|base_refit|LHX1	TCGA-AP-A0LS	101	0.032965133090780009	0.0028435091902995462	0.11954502491424283	-0.76381514284299579
primary_cpe|histology_matched|base_refit|LHX1	TCGA-AP-A1E0	112	0.022625588052887075	0.0057696643991143413	0.16735807237991504	1.3218447082180584
primary_cpe|histology_matched|base_refit|LHX1	TCGA-AP-A1E3	114	0.014687850421983993	0.0066329119454972578	0.12624902806552388	-1.7686213244508986
primary_cpe|histology_matched|base_refit|LHX1	TCGA-AP-A1E4	115	0.017094198797874681	0.0053366486685157751	0.14629340573623811	1.4672936914040733
primary_cpe|histology_matched|base_refit|LHX1	TCGA-AX-A05Y	122	0.010755041595804378	0.0047598658353901263	0.10076997446468916	1.7542691258913914
primary_cpe|histology_matched|base_refit|LHX1	TCGA-AX-A05Z	123	0.024087799417202779	0.0022132938147178243	0.094325312513068027	0.79197735148570159
primary_cpe|histology_matched|base_refit|LHX1	TCGA-AX-A06J	131	0.014103220840187621	0.0036115618561895386	0.11038847166863824	-1.3304195465407493
primary_cpe|histology_matched|base_refit|LHX1	TCGA-AX-A0J0	136	0.025260838481800774	0.0017810632573460525	0.092815942811009855	-0.693238083288512
primary_cpe|histology_matched|base_refit|LHX1	TCGA-AX-A1C5	139	0.017292581839694898	0.0042400547113457124	0.1166874681568818	1.2996223713883448
primary_cpe|histology_matched|base_refit|LHX1	TCGA-AX-A1CE	145	0.011376593405002348	0.0029974578473881989	0.092097163890172737	-1.3514342482107353
primary_cpe|histology_matched|base_refit|LHX1	TCGA-AX-A1CN	150	0.017706139841012134	0.0053055687215089291	0.14436986757682632	1.4369364261131556
primary_cpe|histology_matched|base_refit|LHX1	TCGA-AX-A2IN	162	0.016176649741909577	0.0023223854241333601	0.093252384391833268	-0.99431845388653395
primary_cpe|histology_matched|base_refit|LHX1	TCGA-AX-A3G1	170	0.010294025902235424	0.0075040642003153411	0.13653179673215662	-2.2564963769735384
primary_cpe|histology_matched|base_refit|LHX1	TCGA-AX-A3G8	174	0.012812922684802122	0.0061655091037426356	0.10121173700899098	1.8277947359893862
primary_cpe|histology_matched|base_refit|LHX1	TCGA-AX-A3GI	177	0.014171175619504768	0.0043306504047332132	0.10575774833640557	1.4538125618683448
primary_cpe|histology_matched|base_refit|LHX1	TCGA-B5-A0JY	185	0.022093969508198242	0.0056938017672174147	0.16657589627654534	1.3292172962454298
primary_cpe|histology_matched|base_refit|LHX1	TCGA-B5-A0K1	188	0.16418813554113279	0.050731491001351089	0.57134622962816761	-1.3456261764423303
primary_cpe|histology_matched|base_refit|LHX1	TCGA-B5-A11U	208	0.016624735645566047	0.005272516140107362	0.14300070894093786	1.4793052257628303
primary_cpe|histology_matched|base_refit|LHX1	TCGA-B5-A1MR	214	0.038685914971145159	0.0039317179601340924	0.10300106270892039	-0.82671981959706897
primary_cpe|histology_matched|base_refit|LHX1	TCGA-BG-A0LW	233	0.02189710301295952	0.0077584412612484886	0.18520998418737714	-1.5597647020723715
primary_cpe|histology_matched|base_refit|LHX1	TCGA-BG-A0MO	247	0.022820517630342062	0.0058644861995962782	0.15256818023812899	-1.3268437688981387
primary_cpe|histology_matched|base_refit|LHX1	TCGA-BG-A0VX	255	0.022838955037865462	0.0058651479977008189	0.16824605924043626	1.3263687390359744
primary_cpe|histology_matched|base_refit|LHX1	TCGA-BG-A2AE	267	0.0092289561485579437	0.0041032952811257146	0.099522157389616991	1.7596975055258448
primary_cpe|histology_matched|base_refit|LHX1	TCGA-BK-A139	275	0.011684322960289963	0.0051158735661587917	0.12106728678441782	-1.7439873765282401
primary_cpe|histology_matched|base_refit|LHX1	TCGA-BK-A4ZD	279	0.010888893811781528	0.003821921746424671	0.097892755931734854	-1.5611561675536869
primary_cpe|histology_matched|base_refit|LHX1	TCGA-BK-A6W3	281	0.021090553101866971	0.00187257680692998	0.094146772323659436	-0.77969560849964514
primary_cpe|histology_matched|base_refit|LHX1	TCGA-BS-A0T9	283	0.017226176843202674	0.0027665152221282344	0.094965599599240544	1.051220202490653
primary_cpe|histology_matched|base_refit|LHX1	TCGA-BS-A0TC	285	0.033555349170749232	0.0017100977586349815	0.09418304950216877	-0.58678771214983039
primary_cpe|histology_matched|base_refit|LHX1	TCGA-BS-A0TE	287	0.0098492181169084793	0.0064043158620328685	0.11457297341185713	2.1304571265061334
primary_cpe|histology_matched|base_refit|LHX1	TCGA-BS-A0TJ	289	0.010400162372495036	0.0046860720901035057	0.10401764881003814	1.7704841191058238
primary_cpe|histology_matched|base_refit|LHX1	TCGA-BS-A0U9	293	0.010440643604858146	0.0047285241925492279	0.10481841889933541	-1.7750267180723038
primary_cpe|histology_matched|base_refit|LHX1	TCGA-BS-A0UJ	296	0.031420215379723157	0.0031404449500067847	0.13102281013636111	0.82293767735332657
primary_cpe|histology_matched|base_refit|LHX1	TCGA-BS-A0V4	300	0.022608389841111427	0.0039427241098288985	0.13537313775607665	1.0925243012080037
primary_cpe|histology_matched|base_refit|LHX1	TCGA-BS-A0V7	302	0.037323017697312846	0.0023910121660227278	0.10420349905676735	-0.65666470604443694
primary_cpe|histology_matched|base_refit|LHX1	TCGA-BS-A0WQ	305	0.017426935948292619	0.0079257253881753458	0.15948821118861489	-1.7724428388404168
primary_cpe|histology_matched|base_refit|LHX1	TCGA-D1-A0ZZ	314	0.012921860163670536	0.0048679726098545444	0.1314954209871948	1.615986899790264
primary_cpe|histology_matched|base_refit|LHX1	TCGA-D1-A15X	320	0.01486900420900528	0.0028945303257189229	0.093698538485487301	1.1590276101897294
primary_cpe|histology_matched|base_refit|LHX1	TCGA-D1-A16G	332	0.029098001380677009	0.0023486616232107961	0.11241866239288963	0.74031784004115098
primary_cpe|histology_matched|base_refit|LHX1	TCGA-D1-A16N	335	0.0093146266973797923	0.0048378784464296965	0.092043775287855512	1.9028362304254107
primary_cpe|histology_matched|base_refit|LHX1	TCGA-D1-A16X	341	0.022544052892720549	0.0045473185923456394	0.15025985575303835	1.1752370033616872
primary_cpe|histology_matched|base_refit|LHX1	TCGA-D1-A16Y	342	0.028529525026317913	0.020210218589827973	0.31189111428400257	2.2033137119058948
primary_cpe|histology_matched|base_refit|LHX1	TCGA-D1-A177	345	0.022967215918952684	0.015196403517750104	0.23740255957030915	2.1348409918163171
primary_cpe|histology_matched|base_refit|LHX1	TCGA-D1-A17A	346	0.021891418180430024	0.004978439273723493	0.15302697581712882	1.2485206695910798
primary_cpe|histology_matched|base_refit|LHX1	TCGA-D1-A17H	351	0.032079027878329391	0.0030842629064392912	0.1167900918171825	0.80682960180199415
primary_cpe|histology_matched|base_refit|LHX1	TCGA-D1-A17R	357	0.010460086521731724	0.0037108383727575099	0.095573968543456511	1.5698990866460363
primary_cpe|histology_matched|base_refit|LHX1	TCGA-D1-A1O8	370	0.02493052830247024	0.014318198533283508	0.16003741273400282	-1.9857511539793387
primary_cpe|histology_matched|base_refit|LHX1	TCGA-DF-A2KS	381	0.013533119554058804	0.0080745398015855882	0.14903917983039267	-2.0361871528454483
primary_cpe|histology_matched|base_refit|LHX1	TCGA-DF-A2KU	382	0.021519682990276089	0.0034035571260152245	0.1249242654265548	1.0409024984974784
primary_cpe|histology_matched|base_refit|LHX1	TCGA-E6-A1LZ	396	0.013791519311602628	0.0065676666907760655	0.15282700962637727	1.8173335114798008
primary_cpe|histology_matched|base_refit|LHX1	TCGA-E6-A2P8	398	0.012934985294374188	0.0056122897921793277	0.12065693303064196	-1.7349367638916209
primary_cpe|histology_matched|base_refit|LHX1	TCGA-EO-A22T	409	0.016585951076374179	0.003579139129932261	0.11639831833899462	1.2194066270073185
primary_cpe|histology_matched|base_refit|LHX1	TCGA-EO-A3AY	418	0.021682983495653098	0.0045006111548291511	0.14731532872638736	1.1927495586245755
primary_cpe|histology_matched|base_refit|LHX1	TCGA-EO-A3L0	425	0.014972095005662909	0.0027705390191470037	0.090510129312831866	1.1298862636031897
primary_cpe|histology_matched|base_refit|LHX1	TCGA-EY-A1GC	426	0.010849755673569364	0.00572454859047789	0.093364611851722998	-1.9164749895223685
primary_cpe|histology_matched|base_refit|LHX1	TCGA-EY-A1GE	428	0.035928672496899711	0.013621361052404347	0.27503747668883266	-1.6020470863909599
primary_cpe|histology_matched|base_refit|LHX1	TCGA-EY-A1GO	435	0.013224794005212964	0.0083670238782097839	0.12119145291981344	2.0976193323992125
primary_cpe|histology_matched|base_refit|LHX1	TCGA-EY-A1GU	441	0.016124171190029526	0.0085125676606590782	0.1701077091034276	1.9119015300098012
primary_cpe|histology_matched|base_refit|LHX1	TCGA-EY-A1GV	442	0.033392269302036037	0.01416872027528201	0.27674234235922607	1.6976005606477269
primary_cpe|histology_matched|base_refit|LHX1	TCGA-EY-A1GW	443	0.030740844624387937	0.01678633720670708	0.2857261356363075	-1.9300746085714944
primary_cpe|histology_matched|base_refit|LHX1	TCGA-EY-A1GX	444	0.027105119867847451	0.012130222011908951	0.21380802899305962	-1.7493924055956718
primary_cpe|histology_matched|base_refit|LHX1	TCGA-EY-A210	446	0.0086566142545425225	0.0066765428946845588	0.10965624494506417	-2.3236609007491742
primary_cpe|histology_matched|base_refit|LHX1	TCGA-EY-A4KR	457	0.012781019665206519	0.0085065361487726907	0.13910915532719706	-2.1524235706747321
primary_cpe|histology_matched|base_refit|LHX1	TCGA-FI-A2CY	465	0.018681111178094817	0.005228460581508494	0.15168641346033102	-1.3878518875290353
primary_cpe|histology_matched|base_refit|LHX1	TCGA-FI-A2D0	466	0.039588821582547964	0.011468670960481753	0.19043753556537352	1.3968902665481135
primary_cpe|histology_matched|base_refit|LHX1	TCGA-FI-A2D4	468	0.013820699292945281	0.0045941657548077899	0.10659222649364825	1.516811827753195
primary_cpe|histology_matched|base_refit|LHX1	TCGA-FI-A2D5	469	0.022212984712478567	0.00282191253672042	0.11582822333659233	-0.93235749549061475
primary_cpe|histology_matched|base_refit|LHX1	TCGA-FI-A2D6	470	0.019963437484336349	0.0028972478076237616	0.10789286980655113	-0.9977997755419139
primary_cpe|histology_matched|base_refit|LHX1	TCGA-FI-A2EU	471	0.014315954608866248	0.0042347591201032653	0.098924204910128974	1.4301361746303385
primary_cpe|histology_matched|base_refit|LHX1	TCGA-FI-A2EY	474	0.013473068475209418	0.0053402219483498041	0.11149901657200462	1.6573346467195507
primary_cpe|histology_matched|base_refit|LHX1	TCGA-FI-A2F9	477	0.011093821497470294	0.0039015247148801936	0.090832385640363722	1.562538810571737
primary_cpe|histology_matched|base_refit|LHX1	TCGA-KP-A3VZ	483	0.01401877118758714	0.0033503862365635161	0.096901362167455152	1.285167602833007
primary_cpe|histology_matched|base_refit|LHX1	TCGA-KP-A3W3	486	0.0095966187061631535	0.0073482394908188104	0.11924588867881859	-2.3140795595594428
primary_cpe|histology_matched|base_refit|LHX1	TCGA-PG-A6IB	489	0.015495045867535386	0.0052513849961266295	0.12156106267088099	-1.5303219101938694
primary_cpe|histology_matched|base_refit|LHX1	TCGA-QF-A5YS	495	0.027630205051254339	0.0024118443289770195	0.10962518024046305	-0.77049545564826161
primary_cpe|histology_matched|base_refit|LHX1	TCGA-SL-A6J9	503	0.0099491632516615636	0.0068538258550046201	0.10841928591113516	-2.1933418747786506
primary_cpe|histology_matched|base_plus_binary_histology|LHX1	TCGA-A5-A0G2	5	0.03840031382330835	0.010106201309626306	0.22590375275565858	1.4243534196725562
primary_cpe|histology_matched|base_plus_binary_histology|LHX1	TCGA-A5-A0GJ	13	0.020482736645361287	0.0067254122605137608	0.13487819928719866	-1.6065943561039895
primary_cpe|histology_matched|base_plus_binary_histology|LHX1	TCGA-A5-A0GW	20	0.040805063360178896	0.011725399810085331	0.24296940517540802	-1.4867345200811017
primary_cpe|histology_matched|base_plus_binary_histology|LHX1	TCGA-A5-A1OF	29	0.035624506820430363	0.0073822587155814006	0.20099281953203882	-1.265174876520583
primary_cpe|histology_matched|base_plus_binary_histology|LHX1	TCGA-A5-A1OH	31	0.013056457858491556	0.0043117330577650452	0.093128404032487899	1.6173695253550704
primary_cpe|histology_matched|base_plus_binary_histology|LHX1	TCGA-A5-A3LO	39	0.019817448840172992	0.0071539404127052321	0.16179551201489964	-1.6855833116169345
primary_cpe|histology_matched|base_plus_binary_histology|LHX1	TCGA-AJ-A2QK	46	0.022528474363795414	0.003184845742583309	0.10084115028281271	-1.0515297021757761
primary_cpe|histology_matched|base_plus_binary_histology|LHX1	TCGA-AJ-A3BI	55	0.014342241061376252	0.0033715429330566653	0.12120697861642346	-1.3626613930624232
primary_cpe|histology_matched|base_plus_binary_histology|LHX1	TCGA-AJ-A3EM	60	0.018740842948554472	0.0055668551076638135	0.13790475481894957	1.5290831503959947
primary_cpe|histology_matched|base_plus_binary_histology|LHX1	TCGA-AJ-A3IA	62	0.023685151350788261	0.005210402708044631	0.12792037519932109	1.3117532831655081
primary_cpe|histology_matched|base_plus_binary_histology|LHX1	TCGA-AJ-A3OK	66	0.051730722189608724	0.0027867107980330103	0.090264213348862699	-0.63888660362502525
primary_cpe|histology_matched|base_plus_binary_histology|LHX1	TCGA-AJ-A8CT	73	0.037176938705236223	0.010607232846687832	0.24186157517082055	-1.4842513398908073
primary_cpe|histology_matched|base_plus_binary_histology|LHX1	TCGA-AP-A056	79	0.042102723138683483	0.0072284915324184887	0.15663297294254216	-1.1473910306233046
primary_cpe|histology_matched|base_plus_binary_histology|LHX1	TCGA-AP-A059	80	0.02446171123610031	0.002230583316372753	0.098141742394162568	-0.8433478810900582
primary_cpe|histology_matched|base_plus_binary_histology|LHX1	TCGA-AP-A05A	81	0.013346399872353448	0.0034056354639111154	0.097822810599052915	-1.4206555730631452
primary_cpe|histology_matched|base_plus_binary_histology|LHX1	TCGA-AP-A0LS	101	0.033286416433337233	0.0021134486686374076	0.11018531837529831	-0.70037966146820119
primary_cpe|histology_matched|base_plus_binary_histology|LHX1	TCGA-AP-A1DP	108	0.059341864173873438	0.0028197041990224814	0.092245823271755151	-0.59758682462325396
primary_cpe|histology_matched|base_plus_binary_histology|LHX1	TCGA-AP-A1E0	112	0.022867419822630689	0.0058003942513624399	0.17077971430065811	1.409524464619708
primary_cpe|histology_matched|base_plus_binary_histology|LHX1	TCGA-AP-A1E3	114	0.014978748635137575	0.0056382166080005984	0.1246737057054574	-1.7256925194093669
primary_cpe|histology_matched|base_plus_binary_histology|LHX1	TCGA-AP-A1E4	115	0.017115238941739233	0.0049550818380425504	0.15030356458211802	1.5107401744286961
primary_cpe|histology_matched|base_plus_binary_histology|LHX1	TCGA-AP-A5FX	116	0.0088706958960930917	0.0051233687337781343	0.1043592929748077	-2.1477409107888437
primary_cpe|histology_matched|base_plus_binary_histology|LHX1	TCGA-AX-A05Y	122	0.01076044655622653	0.0043512822460114019	0.1027861046908808	1.7928939322009301
primary_cpe|histology_matched|base_plus_binary_histology|LHX1	TCGA-AX-A05Z	123	0.024383191155856118	0.0024074149712096072	0.1049335150464665	0.87763600226345773
primary_cpe|histology_matched|base_plus_binary_histology|LHX1	TCGA-AX-A06J	131	0.014114240638144385	0.0031995963463454184	0.11075385489334727	-1.3382041176233093
primary_cpe|histology_matched|base_plus_binary_histology|LHX1	TCGA-AX-A1C5	139	0.017388692210527405	0.0040985488768091839	0.12286417798998962	1.362357722667088
primary_cpe|histology_matched|base_plus_binary_histology|LHX1	TCGA-AX-A1CE	145	0.011391497228520869	0.0026490330441663375	0.092278655256054928	-1.3573071690251826
primary_cpe|histology_matched|base_plus_binary_histology|LHX1	TCGA-AX-A1CF	146	0.015314927633914576	0.0023870220129994751	0.10148675396887114	1.1083174283636994
primary_cpe|histology_matched|base_plus_binary_histology|LHX1	TCGA-AX-A1CN	150	0.017881092239103807	0.0052205560420640037	0.15349973750295196	1.5165460414529417
primary_cpe|histology_matched|base_plus_binary_histology|LHX1	TCGA-AX-A2HK	161	0.017221227410538432	0.0048161498210158461	0.1267067736803543	1.4846233186810875
primary_cpe|histology_matched|base_plus_binary_histology|LHX1	TCGA-AX-A2IN	162	0.01634813572031088	0.0018970858231003021	0.090071665754464861	-0.95551401902181554
primary_cpe|histology_matched|base_plus_binary_histology|LHX1	TCGA-AX-A3FW	167	0.017005617189072245	0.0048997386062426974	0.12383689244066333	-1.5071817947701345
primary_cpe|histology_matched|base_plus_binary_histology|LHX1	TCGA-AX-A3FZ	169	0.018736579985355738	0.0072874438894284556	0.15487876066599549	1.7509793154533053
primary_cpe|histology_matched|base_plus_binary_histology|LHX1	TCGA-AX-A3G1	170	0.018843396965962197	0.008710097645698852	0.17780500847985031	-1.9098521702999518
primary_cpe|histology_matched|base_plus_binary_histology|LHX1	TCGA-AX-A3G6	172	0.011715589098061092	0.0054007735441309766	0.089362665243626918	-1.9142243246475965
primary_cpe|histology_matched|base_plus_binary_histology|LHX1	TCGA-AX-A3G7	173	0.010170876857307536	0.0048553267812387838	0.097023116847245683	-1.9497355542118551
primary_cpe|histology_matched|base_plus_binary_histology|LHX1	TCGA-AX-A3G8	174	0.012813542411165123	0.0055526153492865341	0.1026726626087381	1.8544786968393969
primary_cpe|histology_matched|base_plus_binary_histology|LHX1	TCGA-AX-A3GI	177	0.01667857511507596	0.0034049978814746354	0.094423603819103016	1.2680522775331828
primary_cpe|histology_matched|base_plus_binary_histology|LHX1	TCGA-B5-A0JY	185	0.037375252280149485	0.0033869056854917965	0.13783922279704761	0.83512359215324816
primary_cpe|histology_matched|base_plus_binary_histology|LHX1	TCGA-B5-A0K1	188	0.16496970627720339	0.037945527223953335	0.52828646950025082	-1.2402502815746539
primary_cpe|histology_matched|base_plus_binary_histology|LHX1	TCGA-B5-A0K3	190	0.014291795477572495	0.0071138386321609034	0.17364107689838068	1.98706556634592
primary_cpe|histology_matched|base_plus_binary_histology|LHX1	TCGA-B5-A11U	208	0.016694154256846241	0.0050115113274005404	0.14907101730517924	1.5388217605686243
primary_cpe|histology_matched|base_plus_binary_histology|LHX1	TCGA-B5-A1MR	214	0.039285606567467782	0.0027733582301461691	0.092651813792314533	-0.73625494929932767
primary_cpe|histology_matched|base_plus_binary_histology|LHX1	TCGA-BG-A0LW	233	0.021926263761115755	0.0072249294367546504	0.19100873513458361	-1.6082640305138947
primary_cpe|histology_matched|base_plus_binary_histology|LHX1	TCGA-BG-A0MO	247	0.022900028937098499	0.0050267478658019126	0.1511651341690749	-1.3108519781592269
primary_cpe|histology_matched|base_plus_binary_histology|LHX1	TCGA-BG-A0VX	255	0.023004096680951665	0.0057791917609767889	0.17786216320383347	1.4026347042156047
primary_cpe|histology_matched|base_plus_binary_histology|LHX1	TCGA-BG-A2AE	267	0.024607647345738962	0.0051288621498691732	0.16013274479836562	1.2760994761560693
primary_cpe|histology_matched|base_plus_binary_histology|LHX1	TCGA-BK-A139	275	0.020259679459172258	0.0049696325872691195	0.12972298736448895	-1.3878759018241156
primary_cpe|histology_matched|base_plus_binary_histology|LHX1	TCGA-BK-A4ZD	279	0.018458272366827636	0.0035240496957229094	0.10752280691901486	-1.2250209261096454
primary_cpe|histology_matched|base_plus_binary_histology|LHX1	TCGA-BS-A0T9	283	0.01725131310339266	0.002603857586526875	0.098110236086487404	1.0895458244258935
primary_cpe|histology_matched|base_plus_binary_histology|LHX1	TCGA-BS-A0TC	285	0.033562575243732795	0.0014874007017644704	0.093888055694931929	-0.58496598844528702
primary_cpe|histology_matched|base_plus_binary_histology|LHX1	TCGA-BS-A0TE	287	0.0099666072479937598	0.0061074287661117927	0.12048904786357637	2.2116635749860629
primary_cpe|histology_matched|base_plus_binary_histology|LHX1	TCGA-BS-A0TJ	289	0.010490061060999187	0.004463651152479744	0.10869168613935259	1.8397149852546537
primary_cpe|histology_matched|base_plus_binary_histology|LHX1	TCGA-BS-A0U9	293	0.018055593233016854	0.0047661167997473993	0.12681042860200814	-1.4415690233181446
primary_cpe|histology_matched|base_plus_binary_histology|LHX1	TCGA-BS-A0UJ	296	0.031492989738487617	0.0026048021600379354	0.12755376903269972	0.80023883581687971
primary_cpe|histology_matched|base_plus_binary_histology|LHX1	TCGA-BS-A0V4	300	0.022652006133237673	0.0033936369141564482	0.13427193956544203	1.0824902702813926
primary_cpe|histology_matched|base_plus_binary_histology|LHX1	TCGA-BS-A0V7	302	0.037355869629513927	0.0023235787702386534	0.10972329179385421	-0.69175003221401155
primary_cpe|histology_matched|base_plus_binary_histology|LHX1	TCGA-BS-A0WQ	305	0.017438234720876758	0.0072809808654061654	0.16330930702677068	-1.8158081548527987
primary_cpe|histology_matched|base_plus_binary_histology|LHX1	TCGA-D1-A0ZZ	314	0.020031855059705228	0.010227268951208023	0.17041149710599834	2.0067290765641594
primary_cpe|histology_matched|base_plus_binary_histology|LHX1	TCGA-D1-A16N	335	0.0093918458709406905	0.0045790926822251426	0.096450656924694775	1.9713675333761875
primary_cpe|histology_matched|base_plus_binary_histology|LHX1	TCGA-D1-A16X	341	0.022680209611004285	0.0044835033667660418	0.15899522837296889	1.2439059684583647
primary_cpe|histology_matched|base_plus_binary_histology|LHX1	TCGA-D1-A16Y	342	0.028548171474402237	0.018578439897028402	0.30888460905670395	2.2581604659722343
primary_cpe|histology_matched|base_plus_binary_histology|LHX1	TCGA-D1-A177	345	0.023036586741224552	0.014228703245240341	0.24448609101165972	2.2056666239602598
primary_cpe|histology_matched|base_plus_binary_histology|LHX1	TCGA-D1-A17A	346	0.021899452300912378	0.0044166757434237246	0.15382321302148583	1.2569590112676392
primary_cpe|histology_matched|base_plus_binary_histology|LHX1	TCGA-D1-A17H	351	0.032218203464440626	0.0031519998670889609	0.12632967949659363	0.87010164631718023
primary_cpe|histology_matched|base_plus_binary_histology|LHX1	TCGA-D1-A17K	352	0.014796154499868352	0.0020670358700913887	0.092447339758311056	-1.0494261296021119
primary_cpe|histology_matched|base_plus_binary_histology|LHX1	TCGA-D1-A17R	357	0.010463572388362236	0.0033879006470821089	0.09729232825049966	1.6035099043302985
primary_cpe|histology_matched|base_plus_binary_histology|LHX1	TCGA-D1-A1O0	367	0.017030276309194667	0.0031962711399607601	0.10531198571430804	1.2154426285425282
primary_cpe|histology_matched|base_plus_binary_histology|LHX1	TCGA-D1-A1O8	370	0.025481070961496315	0.011969664653550437	0.15737160927373278	-1.9188496058813354
primary_cpe|histology_matched|base_plus_binary_histology|LHX1	TCGA-D1-A3DG	376	0.017543170684955124	0.0098698889477676251	0.18173469746121321	2.1101197532381128
primary_cpe|histology_matched|base_plus_binary_histology|LHX1	TCGA-DF-A2KS	381	0.022947776470396409	0.0081256915315307595	0.16330786571496159	-1.6666294131576731
primary_cpe|histology_matched|base_plus_binary_histology|LHX1	TCGA-DF-A2KU	382	0.021783474405959419	0.0035315626965422156	0.13569868964259701	1.1266786169899627
primary_cpe|histology_matched|base_plus_binary_histology|LHX1	TCGA-E6-A1LZ	396	0.015620498788363177	0.0054972584829483216	0.13625050728242855	1.6677418186861073
primary_cpe|histology_matched|base_plus_binary_histology|LHX1	TCGA-E6-A2P8	398	0.028376943221178508	0.019296403630994646	0.28983548634786899	-2.3090518179379291
primary_cpe|histology_matched|base_plus_binary_histology|LHX1	TCGA-EO-A1Y7	405	0.014860166044408752	0.0069207738193701792	0.16465288754139942	-1.9210191844698647
primary_cpe|histology_matched|base_plus_binary_histology|LHX1	TCGA-EO-A22T	409	0.01676740635057429	0.0035771801538523268	0.12434628196262887	1.2963064063190621
primary_cpe|histology_matched|base_plus_binary_histology|LHX1	TCGA-EO-A3AV	417	0.025751287718865638	0.002452924248601268	0.098201877832588713	0.86140971297043245
primary_cpe|histology_matched|base_plus_binary_histology|LHX1	TCGA-EO-A3AY	418	0.021871742927734816	0.0045060976763198419	0.15735347273085459	1.2704853438178385
primary_cpe|histology_matched|base_plus_binary_histology|LHX1	TCGA-EO-A3L0	425	0.015216540517163098	0.0028456371567296829	0.098525720070607017	1.2143796397156108
primary_cpe|histology_matched|base_plus_binary_histology|LHX1	TCGA-EY-A1GC	426	0.018986867337416058	0.0059705883357389373	0.14307443431839315	-1.5732868318627633
primary_cpe|histology_matched|base_plus_binary_histology|LHX1	TCGA-EY-A1GE	428	0.035954497276467295	0.012649185043253817	0.28296514960397406	-1.6500602251272298
primary_cpe|histology_matched|base_plus_binary_histology|LHX1	TCGA-EY-A1GO	435	0.013235938418324666	0.0076685030896159224	0.12368481955555263	2.1463461495580809
primary_cpe|histology_matched|base_plus_binary_histology|LHX1	TCGA-EY-A1GU	441	0.016149897811446781	0.0075374812327015268	0.17120675795346796	1.9218137308225933
primary_cpe|histology_matched|base_plus_binary_histology|LHX1	TCGA-EY-A1GV	442	0.04835397316733743	0.0093436460584483873	0.19090151814204429	1.2134759539719338
primary_cpe|histology_matched|base_plus_binary_histology|LHX1	TCGA-EY-A1GW	443	0.035797455425612745	0.012780275222058534	0.2361202439684236	-1.662426152526461
primary_cpe|histology_matched|base_plus_binary_histology|LHX1	TCGA-EY-A1GX	444	0.032741953058621487	0.0090346210437781543	0.17579015174646387	-1.4629059409349574
primary_cpe|histology_matched|base_plus_binary_histology|LHX1	TCGA-EY-A210	446	0.010962932296151452	0.0090463397654192423	0.12338934908463693	-2.5695587053129385
primary_cpe|histology_matched|base_plus_binary_histology|LHX1	TCGA-EY-A214	448	0.018793057240535586	0.0029640681886751005	0.10179420655005092	1.1129481276632824
primary_cpe|histology_matched|base_plus_binary_histology|LHX1	TCGA-EY-A2OQ	454	0.01768602725278233	0.0032270056201034718	0.10769473090157672	-1.1979671252041015
primary_cpe|histology_matched|base_plus_binary_histology|LHX1	TCGA-EY-A3L3	455	0.017404787295577259	0.0061863435112836096	0.14038595990756433	1.6745642394029545
primary_cpe|histology_matched|base_plus_binary_histology|LHX1	TCGA-EY-A4KR	457	0.014403430288277896	0.01009231640971354	0.14943473292163495	-2.3612777068944051
primary_cpe|histology_matched|base_plus_binary_histology|LHX1	TCGA-EY-A547	458	0.017680742295703374	0.0038737072046741267	0.10890015942711295	1.313108701262647
primary_cpe|histology_matched|base_plus_binary_histology|LHX1	TCGA-FI-A2CY	465	0.020607694701264695	0.006694700246551004	0.17164069260793932	-1.5979081336923242
primary_cpe|histology_matched|base_plus_binary_histology|LHX1	TCGA-FI-A2D0	466	0.040060271086216556	0.011910384163556444	0.20778613224198089	1.5129878230263714
primary_cpe|histology_matched|base_plus_binary_histology|LHX1	TCGA-FI-A2D4	468	0.013839036405399033	0.0042553593021102754	0.10905516343359646	1.5597652164043103
primary_cpe|histology_matched|base_plus_binary_histology|LHX1	TCGA-FI-A2D5	469	0.022394342038006394	0.0022732256458753404	0.11076103758123636	-0.89081751858927671
primary_cpe|histology_matched|base_plus_binary_histology|LHX1	TCGA-FI-A2D6	470	0.020026582719929992	0.0024565724008680533	0.10627562820776609	-0.98061091196626504
primary_cpe|histology_matched|base_plus_binary_histology|LHX1	TCGA-FI-A2EY	474	0.016577484072902701	0.0044295036778241913	0.10044258472664869	1.4514976989239328
primary_cpe|histology_matched|base_plus_binary_histology|LHX1	TCGA-FI-A2F9	477	0.017778123848042865	0.0084707871923011911	0.15962170981986373	1.9403200556862719
primary_cpe|histology_matched|base_plus_binary_histology|LHX1	TCGA-K6-A3WQ	482	0.012264458742669286	0.0047856788475631653	0.095741860500884485	-1.7596525800884129
primary_cpe|histology_matched|base_plus_binary_histology|LHX1	TCGA-KP-A3W0	484	0.02515841952001921	0.0056073381470527353	0.1665473596066287	-1.3193867864674185
primary_cpe|histology_matched|base_plus_binary_histology|LHX1	TCGA-KP-A3W3	486	0.011953746825887748	0.0098180095279324885	0.12794796389160729	-2.5621890679103529
primary_cpe|histology_matched|base_plus_binary_histology|LHX1	TCGA-PG-A6IB	489	0.030195416023326996	0.016806836489432774	0.25584775316964292	-2.0850536729590869
primary_cpe|histology_matched|base_plus_binary_histology|LHX1	TCGA-PG-A914	491	0.010381693788492602	0.005199364324020417	0.10311785940229845	-1.9972012088576563
primary_cpe|histology_matched|base_plus_binary_histology|LHX1	TCGA-QF-A5YS	495	0.027643541635430355	0.0020957579272151716	0.10921309856006763	-0.76762997899843521
primary_cpe|histology_matched|base_plus_binary_histology|LHX1	TCGA-SL-A6J9	503	0.01891229064788209	0.0080903529899634865	0.17514044413534283	-1.8367293412573162
primary_cpe|endometrioid_grade_matched|base_refit|GATA2	TCGA-A5-A0GJ	10	0.025588337611658175	0.0079547522778298622	0.13327685743421822	-1.4583694840409498
primary_cpe|endometrioid_grade_matched|base_refit|GATA2	TCGA-A5-A0GW	17	0.050242669917362225	0.0080684121042926219	0.18725529673727045	1.0333620710277993
primary_cpe|endometrioid_grade_matched|base_refit|GATA2	TCGA-A5-A0VQ	24	0.016312161593050996	0.0031210445163941986	0.10858841490118371	1.1483051065946526
primary_cpe|endometrioid_grade_matched|base_refit|GATA2	TCGA-A5-A2K5	27	0.023109664751926069	0.0030812828749017082	0.12818157269253599	-0.95474938729991821
primary_cpe|endometrioid_grade_matched|base_refit|GATA2	TCGA-A5-A3LO	29	0.024286081682843581	0.010860118443848727	0.16913637217833816	1.752472636064824
primary_cpe|endometrioid_grade_matched|base_refit|GATA2	TCGA-AJ-A2QK	32	0.027925896042221211	0.007037628163718319	0.13931691787957068	-1.3107684066551248
primary_cpe|endometrioid_grade_matched|base_refit|GATA2	TCGA-AJ-A2QL	33	0.012510521051479019	0.0064372185093930787	0.13690998677653299	-1.8924494483216932
primary_cpe|endometrioid_grade_matched|base_refit|GATA2	TCGA-AJ-A3BK	39	0.019560161412253509	0.0091849658652431252	0.18764183815724922	-1.8005841211220801
primary_cpe|endometrioid_grade_matched|base_refit|GATA2	TCGA-AJ-A3EL	40	0.025897777717886122	0.0054550714781844414	0.14765213223363322	-1.1991543352801017
primary_cpe|endometrioid_grade_matched|base_refit|GATA2	TCGA-AJ-A3EM	41	0.02388871310983429	0.023799520813260519	0.21289684223313976	2.629680742215053
primary_cpe|endometrioid_grade_matched|base_refit|GATA2	TCGA-AJ-A3I9	42	0.019059716784013955	0.0042541953848569862	0.10676209840334504	-1.2388877041679387
primary_cpe|endometrioid_grade_matched|base_refit|GATA2	TCGA-AJ-A3OL	45	0.020491646641768703	0.025820232673475559	0.2545955548862579	2.9699598221806478
primary_cpe|endometrioid_grade_matched|base_refit|GATA2	TCGA-AJ-A5DW	47	0.027005925625545064	0.0076404320428809054	0.1841163891514265	1.3898735718039072
primary_cpe|endometrioid_grade_matched|base_refit|GATA2	TCGA-AJ-A6NU	48	0.024660814151470055	0.0060211710906433137	0.13109425232006222	1.2922701520248845
primary_cpe|endometrioid_grade_matched|base_refit|GATA2	TCGA-AP-A051	52	0.02366629843987126	0.0048333486022625093	0.15304711462818657	1.1820563970393621
primary_cpe|endometrioid_grade_matched|base_refit|GATA2	TCGA-AP-A056	54	0.049852383606603635	0.016912782751330298	0.226755752140294	-1.5046787160819646
primary_cpe|endometrioid_grade_matched|base_refit|GATA2	TCGA-AP-A0LF	60	0.04255875665128233	0.0094917802454498063	0.18776726901769059	-1.2234140121047108
primary_cpe|endometrioid_grade_matched|base_refit|GATA2	TCGA-AP-A0LL	63	0.018646631239553839	0.0073991497448865412	0.16401112240703086	-1.6548637013623442
primary_cpe|endometrioid_grade_matched|base_refit|GATA2	TCGA-AP-A0LS	68	0.03915121645889081	0.0056677014573699881	0.17176895115909846	-0.9867156806751074
primary_cpe|endometrioid_grade_matched|base_refit|GATA2	TCGA-AP-A1E0	77	0.025310206776689135	0.010957831128527057	0.2199717045559223	1.723218024800008
primary_cpe|endometrioid_grade_matched|base_refit|GATA2	TCGA-AX-A06F	93	0.030214288295054591	0.009277247730166022	0.18936164793797608	-1.4458532716752981
primary_cpe|endometrioid_grade_matched|base_refit|GATA2	TCGA-AX-A2IN	117	0.019748630041939712	0.0028646883621133577	0.10850096330513434	0.99766615544000592
primary_cpe|endometrioid_grade_matched|base_refit|GATA2	TCGA-AX-A3FT	119	0.012762405811772404	0.0066986473952205094	0.12662335555464443	-1.9112881815717393
primary_cpe|endometrioid_grade_matched|base_refit|GATA2	TCGA-B5-A0K7	141	0.013973294512922799	0.0084619862028804047	0.14213506744746079	-2.0532614625894952
primary_cpe|endometrioid_grade_matched|base_refit|GATA2	TCGA-B5-A1MR	161	0.046514127862872144	0.018300713987398524	0.22578298648273115	-1.6240483458309756
primary_cpe|endometrioid_grade_matched|base_refit|GATA2	TCGA-B5-A3FC	169	0.024824559853022787	0.006467757755595817	0.16833774905681134	-1.3350004093590309
primary_cpe|endometrioid_grade_matched|base_refit|GATA2	TCGA-BG-A0LW	173	0.025167803286153447	0.0026117498203275095	0.10940783448692955	0.84117581682304443
primary_cpe|endometrioid_grade_matched|base_refit|GATA2	TCGA-BG-A0MT	188	0.011961546950335942	0.0061330650308314017	0.12534335837805358	-1.8896111781884808
primary_cpe|endometrioid_grade_matched|base_refit|GATA2	TCGA-BG-A0VX	194	0.025814086838430471	0.0059182096312054792	0.1661599684944888	1.2513127244901774
primary_cpe|endometrioid_grade_matched|base_refit|GATA2	TCGA-BG-A18C	203	0.019199231270783788	0.0071574527472945881	0.14369852621310197	1.6032046982745971
primary_cpe|endometrioid_grade_matched|base_refit|GATA2	TCGA-BK-A139	209	0.025734994997809797	0.0061907364086341617	0.12727342219467849	-1.281949515550052
primary_cpe|endometrioid_grade_matched|base_refit|GATA2	TCGA-BK-A6W3	214	0.023924568137928957	0.0050331908003990655	0.15272956961838546	1.1996258999302507
primary_cpe|endometrioid_grade_matched|base_refit|GATA2	TCGA-BS-A0TA	217	0.016463739882908716	0.011579604152950783	0.15795747844827401	-2.2119808115090294
primary_cpe|endometrioid_grade_matched|base_refit|GATA2	TCGA-BS-A0TC	218	0.038816442151006117	0.01352521067581367	0.26643582802115573	1.5339193740341328
primary_cpe|endometrioid_grade_matched|base_refit|GATA2	TCGA-BS-A0UF	228	0.030462014782643966	0.009910399946370373	0.19397614643262481	-1.488346306910852
primary_cpe|endometrioid_grade_matched|base_refit|GATA2	TCGA-BS-A0UJ	229	0.036517157301925375	0.015091125273486033	0.29136427578391444	-1.6735130102746667
primary_cpe|endometrioid_grade_matched|base_refit|GATA2	TCGA-BS-A0V4	233	0.026568183639559893	0.0057974654527985425	0.16781907707710481	1.2201812330256261
primary_cpe|endometrioid_grade_matched|base_refit|GATA2	TCGA-BS-A0V7	235	0.041964277673224193	0.054375090512781325	0.49048341848468258	-2.9787611402662915
primary_cpe|endometrioid_grade_matched|base_refit|GATA2	TCGA-BS-A0V8	236	0.021104376770065235	0.004419388698855194	0.11478367276756288	-1.1985773462038249
primary_cpe|endometrioid_grade_matched|base_refit|GATA2	TCGA-BS-A0WQ	238	0.020668693143817862	0.004220124349249163	0.11965109366774708	-1.1837320474511088
primary_cpe|endometrioid_grade_matched|base_refit|GATA2	TCGA-D1-A103	249	0.024269957080216519	0.0054817118447068195	0.16825762957000934	1.2429523023059141
primary_cpe|endometrioid_grade_matched|base_refit|GATA2	TCGA-D1-A16X	268	0.025306804506782264	0.0025211137148704009	0.11074016882602564	0.82408814193445157
primary_cpe|endometrioid_grade_matched|base_refit|GATA2	TCGA-D1-A16Y	269	0.033054663621790242	0.028112971316340149	0.35390845112328939	2.414801948282463
primary_cpe|endometrioid_grade_matched|base_refit|GATA2	TCGA-D1-A17A	273	0.024843323084103475	0.0029271900542316054	0.11898483538385832	0.89658738827957762
primary_cpe|endometrioid_grade_matched|base_refit|GATA2	TCGA-D1-A17H	278	0.03834044151162954	0.004315919744874234	0.14085471802703872	0.87021480792962158
primary_cpe|endometrioid_grade_matched|base_refit|GATA2	TCGA-D1-A17L	280	0.019837873905958148	0.013443720997829365	0.24432768771378974	-2.1669609651525641
primary_cpe|endometrioid_grade_matched|base_refit|GATA2	TCGA-D1-A17Q	283	0.028368718994277488	0.019792887487730539	0.30026868453813332	2.1894338796011175
primary_cpe|endometrioid_grade_matched|base_refit|GATA2	TCGA-D1-A17S	285	0.020230911622798928	0.0028946782388968562	0.11076635578787751	-0.99058648695587981
primary_cpe|endometrioid_grade_matched|base_refit|GATA2	TCGA-D1-A1NS	288	0.014021023933030702	0.0049057541328594309	0.12630208399476359	1.5569452472904992
primary_cpe|endometrioid_grade_matched|base_refit|GATA2	TCGA-D1-A1O8	294	0.031601920118023166	0.024921687233243041	0.21967509133745591	-2.3257321294441824
primary_cpe|endometrioid_grade_matched|base_refit|GATA2	TCGA-DF-A2KU	303	0.024526870865766499	0.0082256192040535969	0.19162984161819702	-1.5159128552392851
primary_cpe|endometrioid_grade_matched|base_refit|GATA2	TCGA-DF-A2L0	306	0.019618727752739144	0.0044683065909464862	0.11427661460847185	-1.2511560683527707
primary_cpe|endometrioid_grade_matched|base_refit|GATA2	TCGA-DI-A1NO	311	0.038898334669287271	0.0040241101592652286	0.11978880606796383	0.83392256801147024
primary_cpe|endometrioid_grade_matched|base_refit|GATA2	TCGA-EO-A22T	321	0.020090947954332992	0.0042618214817436639	0.13271912442114422	1.2069939896283572
primary_cpe|endometrioid_grade_matched|base_refit|GATA2	TCGA-EO-A22X	323	0.027898265040171847	0.0047429192531195747	0.13489610146756828	-1.075797983363417
primary_cpe|endometrioid_grade_matched|base_refit|GATA2	TCGA-EO-A3AV	327	0.029858641038181109	0.0059024129378306119	0.13770684587972004	1.1591677401099871
primary_cpe|endometrioid_grade_matched|base_refit|GATA2	TCGA-EO-A3AY	328	0.024381880582907765	0.0036828351513965994	0.13284767878038939	-1.0156987310311132
primary_cpe|endometrioid_grade_matched|base_refit|GATA2	TCGA-EO-A3B0	329	0.030440573739235869	0.0063956633009895989	0.13980258072976537	-1.1948170173991242
primary_cpe|endometrioid_grade_matched|base_refit|GATA2	TCGA-EO-A3L0	331	0.017053872202641384	0.0034746516792003965	0.10384348715555086	-1.1846573111039456
primary_cpe|endometrioid_grade_matched|base_refit|GATA2	TCGA-EY-A1GC	332	0.023477957542320529	0.0069205905616042699	0.13808269853887276	-1.4214275510229892
primary_cpe|endometrioid_grade_matched|base_refit|GATA2	TCGA-EY-A1GD	333	0.024857807262610197	0.016367895936569607	0.29162839737034846	2.1300881955288244
primary_cpe|endometrioid_grade_matched|base_refit|GATA2	TCGA-EY-A1GH	336	0.017214823999938574	0.0036507070333923917	0.12106621657924406	-1.2086027158906965
primary_cpe|endometrioid_grade_matched|base_refit|GATA2	TCGA-EY-A1GI	337	0.025312827410199235	0.0060934693317292879	0.16903933834518062	1.2826818848227786
primary_cpe|endometrioid_grade_matched|base_refit|GATA2	TCGA-EY-A1GP	341	0.023569384494041487	0.0062612648768293529	0.12452819219538593	1.3489732097980018
primary_cpe|endometrioid_grade_matched|base_refit|GATA2	TCGA-EY-A1GR	343	0.02370929532365661	0.0052266847446078629	0.11704722337799148	-1.2282543731117952
primary_cpe|endometrioid_grade_matched|base_refit|GATA2	TCGA-EY-A1GU	345	0.018272417830269748	0.0045190438650655742	0.12795224181727849	1.3049039061623471
primary_cpe|endometrioid_grade_matched|base_refit|GATA2	TCGA-EY-A54A	358	0.026553455218813991	0.0053130756185982061	0.11942722795674987	1.1682339002528841
primary_cpe|endometrioid_grade_matched|base_refit|GATA2	TCGA-FI-A2D5	364	0.024973050143184881	0.0032263458280177588	0.12328336113236438	-0.93887546250839937
primary_cpe|endometrioid_grade_matched|base_refit|GATA2	TCGA-FI-A2D6	365	0.023050599827514687	0.0061036465138205754	0.16048876035867182	-1.3471391181134096
primary_cpe|endometrioid_grade_matched|base_refit|GATA2	TCGA-QS-A5YQ	373	0.032782394157736539	0.0055444199540204062	0.16588689374112478	-1.0702951279029431
primary_cpe|endometrioid_grade_matched|base_refit|GATA2	TCGA-SL-A6J9	378	0.023633754377864885	0.0083910632900857287	0.159576638149593	-1.5607447281011755
primary_cpe|endometrioid_grade_matched|base_plus_binary_grade|GATA2	TCGA-A5-A0GJ	10	0.03133534377745175	0.012016341598413312	0.17306013709820106	-1.7284535983995466
primary_cpe|endometrioid_grade_matched|base_plus_binary_grade|GATA2	TCGA-A5-A0GW	17	0.051461230992148013	0.0091381457374822006	0.20815696249158319	1.1613549322267591
primary_cpe|endometrioid_grade_matched|base_plus_binary_grade|GATA2	TCGA-A5-A0VQ	24	0.022376081214218801	0.0057404649048500515	0.15891291583959746	1.4184116504087854
primary_cpe|endometrioid_grade_matched|base_plus_binary_grade|GATA2	TCGA-A5-A2K5	27	0.025533927681930017	0.0021421872816741925	0.1084316552739617	-0.80834332699729039
primary_cpe|endometrioid_grade_matched|base_plus_binary_grade|GATA2	TCGA-A5-A3LO	29	0.024351753582622135	0.010054490898681741	0.17071278309316243	1.8005757015459596
primary_cpe|endometrioid_grade_matched|base_plus_binary_grade|GATA2	TCGA-AJ-A2QK	32	0.028421723781042865	0.0057484600901077706	0.12905287200761034	-1.2547856128666359
primary_cpe|endometrioid_grade_matched|base_plus_binary_grade|GATA2	TCGA-AJ-A2QL	33	0.019988634890240109	0.0068385321703540881	0.14306417970038116	-1.6414864390781945
primary_cpe|endometrioid_grade_matched|base_plus_binary_grade|GATA2	TCGA-AJ-A3BK	39	0.024903231075509513	0.0080312717820755098	0.14655987782603827	-1.5893595290393812
primary_cpe|endometrioid_grade_matched|base_plus_binary_grade|GATA2	TCGA-AJ-A3EL	40	0.027140781669105669	0.0042188633258173104	0.13533752550089764	-1.1002195950146494
primary_cpe|endometrioid_grade_matched|base_plus_binary_grade|GATA2	TCGA-AJ-A3EM	41	0.023923902151175395	0.021679935161143086	0.21357049800731265	2.6821660999957433
primary_cpe|endometrioid_grade_matched|base_plus_binary_grade|GATA2	TCGA-AJ-A3OL	45	0.022779364102983736	0.028599185869350036	0.27069920363161959	3.1708020435223365
primary_cpe|endometrioid_grade_matched|base_plus_binary_grade|GATA2	TCGA-AJ-A5DV	46	0.018065251893018483	0.0044323256465469809	0.11231138781473367	1.3900281215462993
primary_cpe|endometrioid_grade_matched|base_plus_binary_grade|GATA2	TCGA-AJ-A5DW	47	0.033158720162338479	0.0057214097397968412	0.15431380853030671	1.1557693172847157
primary_cpe|endometrioid_grade_matched|base_plus_binary_grade|GATA2	TCGA-AJ-A6NU	48	0.033366378794532678	0.00440341547448477	0.11381352706984182	1.0102486105556487
primary_cpe|endometrioid_grade_matched|base_plus_binary_grade|GATA2	TCGA-AP-A051	52	0.025467173688838544	0.005812983800756847	0.17259086375322219	1.3353931701356447
primary_cpe|endometrioid_grade_matched|base_plus_binary_grade|GATA2	TCGA-AP-A056	54	0.050786510038269499	0.01350876355777508	0.21214441291979866	-1.423175005214667
primary_cpe|endometrioid_grade_matched|base_plus_binary_grade|GATA2	TCGA-AP-A0LF	60	0.042798766915909989	0.0078774720499955927	0.18118344037138889	-1.1878571283650774
primary_cpe|endometrioid_grade_matched|base_plus_binary_grade|GATA2	TCGA-AP-A0LL	63	0.018673594783090636	0.0065110573331717131	0.16090811188873325	-1.6583751528109179
primary_cpe|endometrioid_grade_matched|base_plus_binary_grade|GATA2	TCGA-AP-A0LS	68	0.04716354050958637	0.010381119183478135	0.23209110540297179	-1.296492951282685
primary_cpe|endometrioid_grade_matched|base_plus_binary_grade|GATA2	TCGA-AP-A1E0	77	0.032557033739535016	0.0090933450858377302	0.18971035215136897	1.4725773284382369
primary_cpe|endometrioid_grade_matched|base_plus_binary_grade|GATA2	TCGA-AX-A06F	93	0.03202335537994476	0.0072592601690830531	0.17356019614464219	-1.3262725914786939
primary_cpe|endometrioid_grade_matched|base_plus_binary_grade|GATA2	TCGA-AX-A2IN	117	0.020983570559493431	0.0033830257082143309	0.11344090087146182	1.1241046928430214
primary_cpe|endometrioid_grade_matched|base_plus_binary_grade|GATA2	TCGA-AX-A3FT	119	0.015051090046054982	0.0060272697139857959	0.11878811468944288	-1.7815311886658176
primary_cpe|endometrioid_grade_matched|base_plus_binary_grade|GATA2	TCGA-AX-A3GB	127	0.050968828092347013	0.0025205568297392458	0.1158293520050275	0.61223184687693499
primary_cpe|endometrioid_grade_matched|base_plus_binary_grade|GATA2	TCGA-B5-A0K7	141	0.014041766783559041	0.0078213413308415754	0.14466954759624326	-2.1057137951292857
primary_cpe|endometrioid_grade_matched|base_plus_binary_grade|GATA2	TCGA-B5-A11R	153	0.0196673373475496	0.0041589115723904462	0.11245561973192233	1.2889453780917963
primary_cpe|endometrioid_grade_matched|base_plus_binary_grade|GATA2	TCGA-B5-A11U	155	0.02276343654838639	0.0026021135498104008	0.10709208583820287	0.94520678549248893
primary_cpe|endometrioid_grade_matched|base_plus_binary_grade|GATA2	TCGA-B5-A1MR	161	0.048091376795700483	0.014434884138694232	0.20747713259530279	-1.5145009071283961
primary_cpe|endometrioid_grade_matched|base_plus_binary_grade|GATA2	TCGA-B5-A3F9	166	0.022608692072530207	0.0042231872134963176	0.10756804937596401	1.2092926674381748
primary_cpe|endometrioid_grade_matched|base_plus_binary_grade|GATA2	TCGA-B5-A3FC	169	0.026890325040259198	0.0050108735220385668	0.15182808541973686	-1.2051705845148668
primary_cpe|endometrioid_grade_matched|base_plus_binary_grade|GATA2	TCGA-B5-A3FH	171	0.018043470672203216	0.0045235830399104329	0.14102856584578172	1.4052077383893467
primary_cpe|endometrioid_grade_matched|base_plus_binary_grade|GATA2	TCGA-BG-A0LW	173	0.025339679214059455	0.0025984419647104764	0.11532746961119533	0.89394398997105773
primary_cpe|endometrioid_grade_matched|base_plus_binary_grade|GATA2	TCGA-BG-A0M4	178	0.021914626899304346	0.0036322204035954698	0.10921318448585518	1.1392689862529943
primary_cpe|endometrioid_grade_matched|base_plus_binary_grade|GATA2	TCGA-BG-A0MA	181	0.017036432099472289	0.0039620678763241457	0.115664035376112	1.3538513710217073
primary_cpe|endometrioid_grade_matched|base_plus_binary_grade|GATA2	TCGA-BG-A0MG	183	0.018535983967169475	0.0027582603872863564	0.10847610175647981	-1.0811614902861109
primary_cpe|endometrioid_grade_matched|base_plus_binary_grade|GATA2	TCGA-BG-A0MK	185	0.037158946110299851	0.0033673797040262498	0.11666244397233975	0.83514131971919958
primary_cpe|endometrioid_grade_matched|base_plus_binary_grade|GATA2	TCGA-BG-A0MT	188	0.012780800770760103	0.0064650002902503943	0.1411009383159616	-2.0068601629235152
primary_cpe|endometrioid_grade_matched|base_plus_binary_grade|GATA2	TCGA-BG-A0VX	194	0.029664710905416659	0.0043533076417763316	0.15101604219639803	1.0675224122666132
primary_cpe|endometrioid_grade_matched|base_plus_binary_grade|GATA2	TCGA-BG-A18B	202	0.01133087338501864	0.0040329770722604451	0.10274209999638134	-1.6819639730626532
primary_cpe|endometrioid_grade_matched|base_plus_binary_grade|GATA2	TCGA-BG-A18C	203	0.030117761643822336	0.0064617048031770079	0.13689553952517364	1.2913860814085374
primary_cpe|endometrioid_grade_matched|base_plus_binary_grade|GATA2	TCGA-BG-A2L7	205	0.015901380287135301	0.0050797701447434715	0.10542818571615063	-1.5891228476472563
primary_cpe|endometrioid_grade_matched|base_plus_binary_grade|GATA2	TCGA-BG-A3EW	206	0.012898055752450597	0.007688706734436679	0.11212092787639436	2.1805767915757777
primary_cpe|endometrioid_grade_matched|base_plus_binary_grade|GATA2	TCGA-BK-A0C9	207	0.012166104015983482	0.0038579696969508115	0.10336302754112077	-1.5862581228666979
primary_cpe|endometrioid_grade_matched|base_plus_binary_grade|GATA2	TCGA-BK-A139	209	0.025933722434588288	0.0052090261451102791	0.12127812702637036	-1.2520340875006679
primary_cpe|endometrioid_grade_matched|base_plus_binary_grade|GATA2	TCGA-BK-A13B	210	0.017574375464516921	0.0073181584497343261	0.1363842893705971	1.8146384978468566
primary_cpe|endometrioid_grade_matched|base_plus_binary_grade|GATA2	TCGA-BK-A6W3	214	0.029304948983526539	0.0036211813246686377	0.12596396281389488	0.97952922243610308
primary_cpe|endometrioid_grade_matched|base_plus_binary_grade|GATA2	TCGA-BS-A0T9	216	0.032987317931355981	0.0035224936042496458	0.10715227671864103	0.90867988322592608
primary_cpe|endometrioid_grade_matched|base_plus_binary_grade|GATA2	TCGA-BS-A0TA	217	0.018563812263137074	0.010251940761404317	0.15024943731454432	-2.0917361316643208
primary_cpe|endometrioid_grade_matched|base_plus_binary_grade|GATA2	TCGA-BS-A0TC	218	0.04065857534189618	0.010556812461585019	0.25259116041986773	1.4135257710529618
primary_cpe|endometrioid_grade_matched|base_plus_binary_grade|GATA2	TCGA-BS-A0UF	228	0.032316714519703083	0.0077888239381911561	0.17808885319878653	-1.3675440056195454
primary_cpe|endometrioid_grade_matched|base_plus_binary_grade|GATA2	TCGA-BS-A0UJ	229	0.03688970879244538	0.014711238384932504	0.28632184633167673	-1.7578083538466993
primary_cpe|endometrioid_grade_matched|base_plus_binary_grade|GATA2	TCGA-BS-A0V4	233	0.027482739271537077	0.0045673373709955558	0.14200394295582891	1.137540157515613
primary_cpe|endometrioid_grade_matched|base_plus_binary_grade|GATA2	TCGA-BS-A0V7	235	0.042794683595252021	0.04671437664201554	0.4867958409343594	-2.9203066944525875
primary_cpe|endometrioid_grade_matched|base_plus_binary_grade|GATA2	TCGA-BS-A0V8	236	0.029372510403270574	0.0086462379210202316	0.16120808694101169	-1.5144962576201593
primary_cpe|endometrioid_grade_matched|base_plus_binary_grade|GATA2	TCGA-BS-A0WQ	238	0.020674410800117823	0.0037358757380140254	0.11689927408933846	-1.1905061457701325
primary_cpe|endometrioid_grade_matched|base_plus_binary_grade|GATA2	TCGA-D1-A103	249	0.028259460188317764	0.0040500836309687342	0.15223144345668407	1.0556915286652779
primary_cpe|endometrioid_grade_matched|base_plus_binary_grade|GATA2	TCGA-D1-A168	257	0.018015811364656395	0.003361268270879251	0.1153747266311988	-1.2114197790438939
primary_cpe|endometrioid_grade_matched|base_plus_binary_grade|GATA2	TCGA-D1-A16Y	269	0.037153343909555228	0.023895443420029805	0.33727382608533374	2.2377363308288625
primary_cpe|endometrioid_grade_matched|base_plus_binary_grade|GATA2	TCGA-D1-A17A	273	0.032710662046291333	0.0060763558891839924	0.18242941192570153	1.1996549054943142
primary_cpe|endometrioid_grade_matched|base_plus_binary_grade|GATA2	TCGA-D1-A17H	278	0.041563009871744147	0.0026391470167470253	0.11497762763476442	0.69727636229763978
primary_cpe|endometrioid_grade_matched|base_plus_binary_grade|GATA2	TCGA-D1-A17L	280	0.019901844103834818	0.011808958479268579	0.24046247070776441	-2.1676405848228053
primary_cpe|endometrioid_grade_matched|base_plus_binary_grade|GATA2	TCGA-D1-A17Q	283	0.033244115920810419	0.016922192157625835	0.29291064613747153	1.992049413160156
primary_cpe|endometrioid_grade_matched|base_plus_binary_grade|GATA2	TCGA-D1-A17S	285	0.020296754529305044	0.0027413466466038408	0.11180967474499429	-1.0289522765884673
primary_cpe|endometrioid_grade_matched|base_plus_binary_grade|GATA2	TCGA-D1-A1O8	294	0.036254764224210069	0.021223482678676676	0.20246156200545404	-2.1346078363639531
primary_cpe|endometrioid_grade_matched|base_plus_binary_grade|GATA2	TCGA-D1-A3DA	297	0.019857932548456535	0.0070811157616124699	0.17401302655419262	1.6762049999269504
primary_cpe|endometrioid_grade_matched|base_plus_binary_grade|GATA2	TCGA-DF-A2KU	303	0.026285358580038477	0.0065917329427244526	0.17675610151803403	-1.3994664170778244
primary_cpe|endometrioid_grade_matched|base_plus_binary_grade|GATA2	TCGA-DI-A1NO	311	0.039061294046147416	0.003988957219245806	0.12715578337850339	0.88577504284502684
primary_cpe|endometrioid_grade_matched|base_plus_binary_grade|GATA2	TCGA-EO-A22T	321	0.021161573247158894	0.0047592462826695648	0.13618827008267742	1.328438828066951
primary_cpe|endometrioid_grade_matched|base_plus_binary_grade|GATA2	TCGA-EO-A22X	323	0.029179275324053455	0.0035614427929153889	0.12195601649467634	-0.97355340309082261
primary_cpe|endometrioid_grade_matched|base_plus_binary_grade|GATA2	TCGA-EO-A22Y	324	0.016664593785323232	0.003000727619107588	0.10689178729246503	1.1908462200131893
primary_cpe|endometrioid_grade_matched|base_plus_binary_grade|GATA2	TCGA-EO-A3AV	327	0.031337098353658062	0.0068153401779742105	0.15407822526689571	1.2994130281207563
primary_cpe|endometrioid_grade_matched|base_plus_binary_grade|GATA2	TCGA-EO-A3AY	328	0.026389288466893167	0.0026498083908859547	0.11552837719773415	-0.88410441681628571
primary_cpe|endometrioid_grade_matched|base_plus_binary_grade|GATA2	TCGA-EO-A3B0	329	0.031307831978152678	0.0050123819699415305	0.13024276503312013	-1.1142288479598255
primary_cpe|endometrioid_grade_matched|base_plus_binary_grade|GATA2	TCGA-EY-A1GC	332	0.02436836089402953	0.0056158597640568932	0.12470550366523218	-1.3426131663987004
primary_cpe|endometrioid_grade_matched|base_plus_binary_grade|GATA2	TCGA-EY-A1GD	333	0.029758209676564833	0.014203916528177457	0.27269762166980521	1.9318553099581179
primary_cpe|endometrioid_grade_matched|base_plus_binary_grade|GATA2	TCGA-EY-A1GH	336	0.019615028275875107	0.0047754048900590946	0.1517258395788269	-1.3835246544345587
primary_cpe|endometrioid_grade_matched|base_plus_binary_grade|GATA2	TCGA-EY-A1GI	337	0.031343212541389859	0.0044569302791946808	0.13942864509685429	1.0498706341656789
primary_cpe|endometrioid_grade_matched|base_plus_binary_grade|GATA2	TCGA-EY-A1GP	341	0.030172259158858166	0.0047530875684998796	0.11273951064236576	1.1058759109047622
primary_cpe|endometrioid_grade_matched|base_plus_binary_grade|GATA2	TCGA-EY-A1GR	343	0.023890814304720592	0.0043985921046217373	0.11155688545944628	-1.1997531693950516
primary_cpe|endometrioid_grade_matched|base_plus_binary_grade|GATA2	TCGA-EY-A54A	358	0.026726859004900544	0.0051474500634451931	0.12238523172265237	1.2253977359814607
primary_cpe|endometrioid_grade_matched|base_plus_binary_grade|GATA2	TCGA-FI-A2D5	364	0.026903306129890534	0.0022643407003539191	0.10613881059862636	-0.80907604039070358
primary_cpe|endometrioid_grade_matched|base_plus_binary_grade|GATA2	TCGA-FI-A2D6	365	0.024338733292300713	0.0048501721163894933	0.13864370871014906	-1.2481001875097437
primary_cpe|endometrioid_grade_matched|base_plus_binary_grade|GATA2	TCGA-QF-A5YS	371	0.034601620307367006	0.0022200382221198019	0.11278110230989806	-0.70345320193841943
primary_cpe|endometrioid_grade_matched|base_plus_binary_grade|GATA2	TCGA-QS-A5YQ	373	0.035072160177401751	0.0069827441529573186	0.19957751076436167	-1.2406197802454739
primary_cpe|endometrioid_grade_matched|base_plus_binary_grade|GATA2	TCGA-SL-A6J9	378	0.023864139423628201	0.0071347577578053838	0.15258746177974744	-1.5307331057475921
primary_cpe|endometrioid_grade_matched|base_refit|SOX9	TCGA-A5-A0GJ	10	0.025588337611658175	0.0050385459625994075	0.10607035597168028	1.1594504522044451
primary_cpe|endometrioid_grade_matched|base_refit|SOX9	TCGA-A5-A0GP	13	0.027269070175872018	0.013924903943165336	0.25158749379590839	1.8709280735380083
primary_cpe|endometrioid_grade_matched|base_refit|SOX9	TCGA-A5-A0GQ	14	0.021906015515135602	0.0040367961169974435	0.13335891975478256	-1.1236442533115616
primary_cpe|endometrioid_grade_matched|base_refit|SOX9	TCGA-A5-A0GW	17	0.050242669917362225	0.020149052748916013	0.29591528049294419	1.6365191920175994
primary_cpe|endometrioid_grade_matched|base_refit|SOX9	TCGA-A5-A0VQ	24	0.016312161593050996	0.0038742821231562167	0.12098433268013331	1.2799375428141215
primary_cpe|endometrioid_grade_matched|base_refit|SOX9	TCGA-AJ-A3BK	39	0.019560161412253509	0.006218610056466514	0.15439654147197479	-1.47948635044022
primary_cpe|endometrioid_grade_matched|base_refit|SOX9	TCGA-AJ-A3IA	43	0.030117343056279382	0.0065912793902928599	0.13321679825275126	-1.2197446729656503
primary_cpe|endometrioid_grade_matched|base_refit|SOX9	TCGA-AJ-A3OL	45	0.020491646641768703	0.013169808679931071	0.18182787953028193	2.108881220211472
primary_cpe|endometrioid_grade_matched|base_refit|SOX9	TCGA-AJ-A8CT	49	0.042588941733758628	0.011988876520268517	0.23910662554791531	-1.3751725873406462
primary_cpe|endometrioid_grade_matched|base_refit|SOX9	TCGA-AP-A054	53	0.019380766043537778	0.014867813988980879	0.17492063022889048	2.3080321077541606
primary_cpe|endometrioid_grade_matched|base_refit|SOX9	TCGA-AP-A0LL	63	0.018646631239553839	0.0030616850815034136	0.10550247583360076	-1.0622249259302547
primary_cpe|endometrioid_grade_matched|base_refit|SOX9	TCGA-AP-A0LM	64	0.035842344164541282	0.0096425120432365469	0.18304607898330089	-1.348952320454345
primary_cpe|endometrioid_grade_matched|base_refit|SOX9	TCGA-AP-A1E0	77	0.025310206776689135	0.015299754028271021	0.25992421614598837	2.0394265560704725
primary_cpe|endometrioid_grade_matched|base_refit|SOX9	TCGA-AX-A05Y	86	0.012487039692530823	0.006922631862361325	0.13419945506263078	1.965105542643524
primary_cpe|endometrioid_grade_matched|base_refit|SOX9	TCGA-AX-A06B	92	0.026652055814095785	0.0046099140212513059	0.10916596508676037	1.0858462910479292
primary_cpe|endometrioid_grade_matched|base_refit|SOX9	TCGA-AX-A06J	95	0.016613662986679489	0.0035532263905178494	0.11488542831514453	-1.2141313798467972
primary_cpe|endometrioid_grade_matched|base_refit|SOX9	TCGA-AX-A1CN	108	0.020132989502318954	0.0034297423442439497	0.11849443735746364	-1.0812038083909215
primary_cpe|endometrioid_grade_matched|base_refit|SOX9	TCGA-AX-A2HJ	115	0.012157950909809701	0.003647460222567228	0.10271281036590078	1.4424009333320886
primary_cpe|endometrioid_grade_matched|base_refit|SOX9	TCGA-AX-A2HK	116	0.022823204213849271	0.015198186046084661	0.16456148237257792	2.1445110411712971
primary_cpe|endometrioid_grade_matched|base_refit|SOX9	TCGA-AX-A2IN	117	0.019748630041939712	0.0046620849074244771	0.13841558466766418	-1.2738007085010821
primary_cpe|endometrioid_grade_matched|base_refit|SOX9	TCGA-AX-A3FX	122	0.020064031652339789	0.0046023941407355908	0.11546835963453619	1.2553524855004279
primary_cpe|endometrioid_grade_matched|base_refit|SOX9	TCGA-AX-A3FZ	123	0.024253485978603898	0.024041573621948573	0.20520909159855713	2.6224470067364716
primary_cpe|endometrioid_grade_matched|base_refit|SOX9	TCGA-B5-A0JU	131	0.015529939853554421	0.0091174486515771744	0.14682180974790754	2.0197019818077862
primary_cpe|endometrioid_grade_matched|base_refit|SOX9	TCGA-B5-A0K1	136	0.19934946234420961	0.0027591645963423186	0.13353147927991771	0.27817238117564513
primary_cpe|endometrioid_grade_matched|base_refit|SOX9	TCGA-B5-A11E	143	0.025592077247230654	0.013299295901603699	0.25579537454359319	1.8891716255053903
primary_cpe|endometrioid_grade_matched|base_refit|SOX9	TCGA-B5-A11N	149	0.045707220432317355	0.0043773145767588371	0.13601159867063695	0.79944965436996651
primary_cpe|endometrioid_grade_matched|base_refit|SOX9	TCGA-B5-A11U	155	0.020238604927349635	0.0050087829112230075	0.14697511818370515	1.3040445910885843
primary_cpe|endometrioid_grade_matched|base_refit|SOX9	TCGA-B5-A3F9	166	0.021335544769757336	0.0060730764580586832	0.13121750456222267	1.3982141461720725
primary_cpe|endometrioid_grade_matched|base_refit|SOX9	TCGA-B5-A3FC	169	0.024824559853022787	0.0095997896003651786	0.20508575709485921	1.6283199933021002
primary_cpe|endometrioid_grade_matched|base_refit|SOX9	TCGA-BG-A0LW	173	0.025167803286153447	0.0084474665844111903	0.19676410597389477	-1.5160345006996168
primary_cpe|endometrioid_grade_matched|base_refit|SOX9	TCGA-BG-A0M0	175	0.020608169494178583	0.011869137692461909	0.23137647703060535	1.9950102330646837
primary_cpe|endometrioid_grade_matched|base_refit|SOX9	TCGA-BG-A0MI	184	0.01754554016491975	0.0035405863920057166	0.1094144827381537	1.1786529132082015
primary_cpe|endometrioid_grade_matched|base_refit|SOX9	TCGA-BG-A0MO	186	0.026682609661075593	0.0054147013270259073	0.15096208859975438	-1.1764482195913162
primary_cpe|endometrioid_grade_matched|base_refit|SOX9	TCGA-BG-A0MT	188	0.011961546950335942	0.0044013651777543789	0.10618330614142238	-1.5985994365942562
primary_cpe|endometrioid_grade_matched|base_refit|SOX9	TCGA-BG-A0VX	194	0.025814086838430471	0.012563719940590934	0.24209752657832215	1.8275049466119784
primary_cpe|endometrioid_grade_matched|base_refit|SOX9	TCGA-BS-A0T9	216	0.019546997827957942	0.0045926198350318432	0.12245158643033346	1.270897330115268
primary_cpe|endometrioid_grade_matched|base_refit|SOX9	TCGA-BS-A0TI	221	0.023409048453399622	0.00544291246998124	0.12877712043710599	1.2617506567273744
primary_cpe|endometrioid_grade_matched|base_refit|SOX9	TCGA-BS-A0U7	224	0.014123404616743968	0.0049491910192494982	0.10630922035718146	-1.5580708706967488
primary_cpe|endometrioid_grade_matched|base_refit|SOX9	TCGA-BS-A0UF	228	0.030462014782643966	0.003139427623017135	0.10917620002836946	-0.83599174487446948
primary_cpe|endometrioid_grade_matched|base_refit|SOX9	TCGA-BS-A0UJ	229	0.036517157301925375	0.0059229735489210065	0.18253467892156583	-1.0460375090180227
primary_cpe|endometrioid_grade_matched|base_refit|SOX9	TCGA-BS-A0UL	230	0.01890202808887681	0.0031050159918102789	0.10667263409756006	1.0623258361155923
primary_cpe|endometrioid_grade_matched|base_refit|SOX9	TCGA-BS-A0WQ	238	0.020668693143817862	0.0047388693571764409	0.12679187279171389	-1.2546676913172154
primary_cpe|endometrioid_grade_matched|base_refit|SOX9	TCGA-D1-A169	258	0.02804909706986022	0.0047797550061357561	0.1125913025703827	-1.0769799528010637
primary_cpe|endometrioid_grade_matched|base_refit|SOX9	TCGA-D1-A16J	262	0.016476086378018704	0.0056885410479539213	0.13888442085270916	-1.5446147879031811
primary_cpe|endometrioid_grade_matched|base_refit|SOX9	TCGA-D1-A16V	267	0.020964604535967383	0.0055094747806710472	0.12591138847945682	1.3434702859663397
primary_cpe|endometrioid_grade_matched|base_refit|SOX9	TCGA-D1-A17A	273	0.024843323084103475	0.003813464414807669	0.13580820300435684	-1.0236915879161022
primary_cpe|endometrioid_grade_matched|base_refit|SOX9	TCGA-D1-A17H	278	0.03834044151162954	0.0118222918465299	0.23312323254196873	1.4428155187206526
primary_cpe|endometrioid_grade_matched|base_refit|SOX9	TCGA-D1-A17L	280	0.019837873905958148	0.0062439896569591547	0.16651142096510524	-1.4718360054594815
primary_cpe|endometrioid_grade_matched|base_refit|SOX9	TCGA-D1-A17R	284	0.011366073554175571	0.0045483952789251315	0.10965617192963138	1.6681148244186017
primary_cpe|endometrioid_grade_matched|base_refit|SOX9	TCGA-D1-A1O0	291	0.022233925453882853	0.011600197233553019	0.15077133631324857	1.8962563901553591
primary_cpe|endometrioid_grade_matched|base_refit|SOX9	TCGA-D1-A1O8	294	0.031601920118023166	0.0095873778041098319	0.13625172704154009	-1.4361069339562647
primary_cpe|endometrioid_grade_matched|base_refit|SOX9	TCGA-EO-A22T	321	0.020090947954332992	0.0036462465243500943	0.12276056961127953	1.1161117967141354
primary_cpe|endometrioid_grade_matched|base_refit|SOX9	TCGA-EO-A3AS	325	0.024429557130736725	0.0067933774701524471	0.12243656499126905	1.379713220180188
primary_cpe|endometrioid_grade_matched|base_refit|SOX9	TCGA-EO-A3AU	326	0.017034912519398399	0.0068144405977008816	0.1292102908245939	1.6629860915497328
primary_cpe|endometrioid_grade_matched|base_refit|SOX9	TCGA-EO-A3B0	329	0.030440573739235869	0.016926640802163891	0.22743525258009101	1.9499365612040365
primary_cpe|endometrioid_grade_matched|base_refit|SOX9	TCGA-EY-A1GE	334	0.040711587709842366	0.021582932527014802	0.34760970133488062	-1.8932993604046182
primary_cpe|endometrioid_grade_matched|base_refit|SOX9	TCGA-EY-A1GH	336	0.017214823999938574	0.0034179590416507062	0.11714342196066055	-1.1692951476275748
primary_cpe|endometrioid_grade_matched|base_refit|SOX9	TCGA-EY-A1GP	341	0.023569384494041487	0.0076025499107132506	0.13721964299331829	1.4872349948589911
primary_cpe|endometrioid_grade_matched|base_refit|SOX9	TCGA-EY-A1GW	346	0.046660956782330225	0.00286715497094465	0.10318952585829171	-0.63984882792835107
primary_cpe|endometrioid_grade_matched|base_refit|SOX9	TCGA-EY-A1H0	348	0.015197062045555168	0.0072159386126092531	0.13719721963836978	1.8147688827083384
primary_cpe|endometrioid_grade_matched|base_refit|SOX9	TCGA-EY-A214	349	0.023322847634838398	0.0039538452320441635	0.1075243542928342	-1.076803399330988
primary_cpe|endometrioid_grade_matched|base_refit|SOX9	TCGA-FI-A2CX	361	0.097810938687188612	0.036934604624731575	0.44347227686195262	-1.5471436369899385
primary_cpe|endometrioid_grade_matched|base_refit|SOX9	TCGA-FI-A2D0	362	0.046288738826090831	0.033222785890429964	0.33337532398981418	2.2002013000456033
primary_cpe|endometrioid_grade_matched|base_refit|SOX9	TCGA-FI-A2D4	363	0.015338475947650525	0.0042390465922156435	0.10574337218774615	1.3818609718676449
primary_cpe|endometrioid_grade_matched|base_refit|SOX9	TCGA-FI-A2F9	367	0.024458007311587024	0.014386243497175211	0.14898972537686495	2.0123489534508883
primary_cpe|endometrioid_grade_matched|base_refit|SOX9	TCGA-QS-A5YQ	373	0.032782394157736539	0.0030358841007478211	0.12275144406442744	-0.79143591427798976
primary_cpe|endometrioid_grade_matched|base_refit|SOX9	TCGA-SL-A6J9	378	0.023633754377864885	0.0049646408693751537	0.1227452605415395	-1.1989123745244703
primary_cpe|endometrioid_grade_matched|base_plus_binary_grade|SOX9	TCGA-A5-A0GP	13	0.033559406546690651	0.012858680947743447	0.23388280877077794	1.7257397794321656
primary_cpe|endometrioid_grade_matched|base_plus_binary_grade|SOX9	TCGA-A5-A0GQ	14	0.02264383104531191	0.0040401422539715808	0.14173194190208133	-1.1817514530445801
primary_cpe|endometrioid_grade_matched|base_plus_binary_grade|SOX9	TCGA-A5-A0GW	17	0.051461230992148013	0.019817759495724476	0.30654142973700388	1.7139089985722973
primary_cpe|endometrioid_grade_matched|base_plus_binary_grade|SOX9	TCGA-A5-A0VQ	24	0.022376081214218801	0.0059352232246197038	0.16158617182735643	1.4424050714456749
primary_cpe|endometrioid_grade_matched|base_plus_binary_grade|SOX9	TCGA-AJ-A2QL	33	0.019988634890240109	0.0037862953073475761	0.10645270549324738	-1.2194397092731788
primary_cpe|endometrioid_grade_matched|base_plus_binary_grade|SOX9	TCGA-AJ-A3BK	39	0.024903231075509513	0.0057585207000222472	0.12410189097340206	-1.3445205881773363
primary_cpe|endometrioid_grade_matched|base_plus_binary_grade|SOX9	TCGA-AJ-A3IA	43	0.0303486706674716	0.0055741680423044421	0.12730343022003451	-1.1943228679545301
primary_cpe|endometrioid_grade_matched|base_plus_binary_grade|SOX9	TCGA-AJ-A3OL	45	0.022779364102983736	0.014144855835688188	0.19037477616920187	2.2148156825380338
primary_cpe|endometrioid_grade_matched|base_plus_binary_grade|SOX9	TCGA-AJ-A6NU	48	0.033366378794532678	0.0056434074744532636	0.12884564818810143	-1.1441222063239405
primary_cpe|endometrioid_grade_matched|base_plus_binary_grade|SOX9	TCGA-AJ-A8CT	49	0.042989421704322656	0.011299568666256681	0.23082076257686113	-1.4205183371648462
primary_cpe|endometrioid_grade_matched|base_plus_binary_grade|SOX9	TCGA-AP-A054	53	0.020211078933481792	0.014369557737295754	0.15579226368005103	2.3753703585362285
primary_cpe|endometrioid_grade_matched|base_plus_binary_grade|SOX9	TCGA-AP-A0LL	63	0.018673594783090636	0.0026515510264199385	0.1026838570848696	-1.0559781602381235
primary_cpe|endometrioid_grade_matched|base_plus_binary_grade|SOX9	TCGA-AP-A0LM	64	0.040134149531117144	0.0078528976761463812	0.16634452079022738	-1.2265987529178242
primary_cpe|endometrioid_grade_matched|base_plus_binary_grade|SOX9	TCGA-AP-A0LS	68	0.04716354050958637	0.0023150880135088836	0.10960242460241397	-0.61117944423590298
primary_cpe|endometrioid_grade_matched|base_plus_binary_grade|SOX9	TCGA-AP-A1E0	77	0.032557033739535016	0.01483752727679276	0.24233154941313448	1.8845179418910507
primary_cpe|endometrioid_grade_matched|base_plus_binary_grade|SOX9	TCGA-AP-A1E3	79	0.023855123227557357	0.005111015680584652	0.10448168116864594	1.2946704942937544
primary_cpe|endometrioid_grade_matched|base_plus_binary_grade|SOX9	TCGA-AX-A05Y	86	0.017116967630286653	0.007340742447640802	0.12699199979252915	1.8422364279694974
primary_cpe|endometrioid_grade_matched|base_plus_binary_grade|SOX9	TCGA-AX-A06B	92	0.02724666715522954	0.0045333655596594153	0.1102479210482691	1.1383417009120795
primary_cpe|endometrioid_grade_matched|base_plus_binary_grade|SOX9	TCGA-AX-A06J	95	0.027950864360365618	0.0037061840654392382	0.11436250873878817	-1.0154842454788495
primary_cpe|endometrioid_grade_matched|base_plus_binary_grade|SOX9	TCGA-AX-A2HK	116	0.023138795616019746	0.014036869504788793	0.16198866397857833	2.1884004649157345
primary_cpe|endometrioid_grade_matched|base_plus_binary_grade|SOX9	TCGA-AX-A2IN	117	0.020983570559493431	0.0039183931435352211	0.12208744964728203	-1.2101109450568588
primary_cpe|endometrioid_grade_matched|base_plus_binary_grade|SOX9	TCGA-AX-A3FX	122	0.020650739403611479	0.004501700003136243	0.11561764881644888	1.3081242922446397
primary_cpe|endometrioid_grade_matched|base_plus_binary_grade|SOX9	TCGA-AX-A3FZ	123	0.024326342114372405	0.021532770329138567	0.2030704249028307	2.64969109991282
primary_cpe|endometrioid_grade_matched|base_plus_binary_grade|SOX9	TCGA-AX-A3GB	127	0.050968828092347013	0.002827454170542803	0.12267841803614228	0.64847340693606015
primary_cpe|endometrioid_grade_matched|base_plus_binary_grade|SOX9	TCGA-B5-A0JU	131	0.020484999896061194	0.0092984997516351742	0.13887603524383696	1.8925212710155264
primary_cpe|endometrioid_grade_matched|base_plus_binary_grade|SOX9	TCGA-B5-A0JV	132	0.014537363348722373	0.0042367147154566409	0.10572474735408265	1.5184401564879908
primary_cpe|endometrioid_grade_matched|base_plus_binary_grade|SOX9	TCGA-B5-A0K2	137	0.018554747374555383	0.0053343843180999762	0.10450150776147213	-1.5049767796166411
primary_cpe|endometrioid_grade_matched|base_plus_binary_grade|SOX9	TCGA-B5-A11E	143	0.027486380093245021	0.013809960452054119	0.26830633692405004	1.9849044776471154
primary_cpe|endometrioid_grade_matched|base_plus_binary_grade|SOX9	TCGA-B5-A11N	149	0.046931754453941481	0.0033142391165179655	0.12745471816589179	0.73332337589950936
primary_cpe|endometrioid_grade_matched|base_plus_binary_grade|SOX9	TCGA-B5-A11U	155	0.02276343654838639	0.0057717213342522913	0.15949494848725559	1.4097895391826758
primary_cpe|endometrioid_grade_matched|base_plus_binary_grade|SOX9	TCGA-B5-A3F9	166	0.022608692072530207	0.0062695108277297526	0.13106295472375096	1.4748342637120175
primary_cpe|endometrioid_grade_matched|base_plus_binary_grade|SOX9	TCGA-B5-A3FC	169	0.026890325040259198	0.010240651608797603	0.21704970044400265	1.7264128839383814
primary_cpe|endometrioid_grade_matched|base_plus_binary_grade|SOX9	TCGA-B5-A3FH	171	0.018043470672203216	0.0025606674797710536	0.1061066000925989	-1.0560267257243943
primary_cpe|endometrioid_grade_matched|base_plus_binary_grade|SOX9	TCGA-BG-A0LW	173	0.025339679214059455	0.0072475947382369633	0.19260750393226764	-1.4958541232614839
primary_cpe|endometrioid_grade_matched|base_plus_binary_grade|SOX9	TCGA-BG-A0M0	175	0.024412263984458685	0.011022220434993917	0.2197571337532061	1.8836097943199956
primary_cpe|endometrioid_grade_matched|base_plus_binary_grade|SOX9	TCGA-BG-A0MG	183	0.018535983967169475	0.0027427255967449006	0.10817019645294683	-1.0781030225505377
primary_cpe|endometrioid_grade_matched|base_plus_binary_grade|SOX9	TCGA-BG-A0MI	184	0.018835470840512375	0.0029717206556580575	0.10888204690452481	1.1131950053662947
primary_cpe|endometrioid_grade_matched|base_plus_binary_grade|SOX9	TCGA-BG-A0MO	186	0.026845915834073281	0.0050104964837185901	0.15535963756484222	-1.2061529622607097
primary_cpe|endometrioid_grade_matched|base_plus_binary_grade|SOX9	TCGA-BG-A0MT	188	0.012780800770760103	0.0044470798045740789	0.11702619619313222	-1.6616354896881806
primary_cpe|endometrioid_grade_matched|base_plus_binary_grade|SOX9	TCGA-BG-A0VX	194	0.029664710905416659	0.011173844077796452	0.24194391728756218	1.7144159159428316
primary_cpe|endometrioid_grade_matched|base_plus_binary_grade|SOX9	TCGA-BS-A0T9	216	0.032987317931355981	0.0097489861349490288	0.17826087046684205	1.5146820848409313
primary_cpe|endometrioid_grade_matched|base_plus_binary_grade|SOX9	TCGA-BS-A0TC	218	0.04065857534189618	0.0018921646425592257	0.10693779040444867	-0.5971164674776156
primary_cpe|endometrioid_grade_matched|base_plus_binary_grade|SOX9	TCGA-BS-A0TI	221	0.02385968740911849	0.0052223562630792858	0.12922471344953093	1.3086319225994041
primary_cpe|endometrioid_grade_matched|base_plus_binary_grade|SOX9	TCGA-BS-A0U7	224	0.015398921923984246	0.0052048279807235523	0.12015396267148835	-1.6353410829010968
primary_cpe|endometrioid_grade_matched|base_plus_binary_grade|SOX9	TCGA-BS-A0UJ	229	0.03688970879244538	0.0056688741362005655	0.1777371764927273	-1.0883949821870824
primary_cpe|endometrioid_grade_matched|base_plus_binary_grade|SOX9	TCGA-BS-A0WQ	238	0.020674410800117823	0.0041473571930473949	0.12316897393595068	-1.2546209629326093
primary_cpe|endometrioid_grade_matched|base_plus_binary_grade|SOX9	TCGA-D1-A169	258	0.03534733193248276	0.0071972310504881728	0.14372596855119904	-1.2544967641488327
primary_cpe|endometrioid_grade_matched|base_plus_binary_grade|SOX9	TCGA-D1-A16J	262	0.018422309822797578	0.0062741588363028396	0.16137226695218262	-1.6390616702803842
primary_cpe|endometrioid_grade_matched|base_plus_binary_grade|SOX9	TCGA-D1-A16V	267	0.021532713382424531	0.0053463745797954669	0.12584888296001687	1.3958907497248187
primary_cpe|endometrioid_grade_matched|base_plus_binary_grade|SOX9	TCGA-D1-A17A	273	0.032710662046291333	0.003102004390837897	0.13034502541682749	-0.85633560327494829
primary_cpe|endometrioid_grade_matched|base_plus_binary_grade|SOX9	TCGA-D1-A17H	278	0.041563009871744147	0.009675420588413669	0.22014887880829259	1.337420897067034
primary_cpe|endometrioid_grade_matched|base_plus_binary_grade|SOX9	TCGA-D1-A17L	280	0.019901844103834818	0.0054057046942360921	0.16269254986084436	-1.4615763381439075
primary_cpe|endometrioid_grade_matched|base_plus_binary_grade|SOX9	TCGA-D1-A1O0	291	0.022486492649190563	0.010689787014571439	0.1490135774542331	1.935202881989615
primary_cpe|endometrioid_grade_matched|base_plus_binary_grade|SOX9	TCGA-D1-A1O8	294	0.036254764224210069	0.0080457576559734238	0.12465730431021392	-1.309313378219616
primary_cpe|endometrioid_grade_matched|base_plus_binary_grade|SOX9	TCGA-D1-A2G6	296	0.020409674571461006	0.0046072170919565711	0.11341758477574369	1.3314324035519738
primary_cpe|endometrioid_grade_matched|base_plus_binary_grade|SOX9	TCGA-D1-A3DA	297	0.019857932548456535	0.0032192571836584419	0.1173299134317931	-1.1278701393763546
primary_cpe|endometrioid_grade_matched|base_plus_binary_grade|SOX9	TCGA-DF-A2KZ	305	0.02307974079317078	0.003888636184099166	0.12189289069661308	1.1480035733705387
primary_cpe|endometrioid_grade_matched|base_plus_binary_grade|SOX9	TCGA-E6-A1LX	312	0.052352542077886394	0.0032324811607925409	0.1088465107475155	0.68368555896587291
primary_cpe|endometrioid_grade_matched|base_plus_binary_grade|SOX9	TCGA-EO-A22T	321	0.021161573247158894	0.0037924012438630677	0.12157037429741931	1.1852770503624315
primary_cpe|endometrioid_grade_matched|base_plus_binary_grade|SOX9	TCGA-EO-A22Y	324	0.016664593785323232	0.0030214333995401948	0.1072599434915489	1.1949634861010887
primary_cpe|endometrioid_grade_matched|base_plus_binary_grade|SOX9	TCGA-EO-A3AS	325	0.026067990082638298	0.0071695031639278902	0.12200769250874091	1.4661217612373187
primary_cpe|endometrioid_grade_matched|base_plus_binary_grade|SOX9	TCGA-EO-A3AU	326	0.018632350159001953	0.007225086901810911	0.13230329396353585	1.7496390535650101
primary_cpe|endometrioid_grade_matched|base_plus_binary_grade|SOX9	TCGA-EO-A3B0	329	0.031307831978152678	0.016301491540281505	0.23487954641676678	2.0170134635328432
primary_cpe|endometrioid_grade_matched|base_plus_binary_grade|SOX9	TCGA-EO-A3L0	331	0.021901540968185095	0.0045328892631579295	0.10701312906822616	1.2736478886853944
primary_cpe|endometrioid_grade_matched|base_plus_binary_grade|SOX9	TCGA-EY-A1GE	334	0.041462180654506187	0.018309952334710115	0.34082949422877257	-1.8461560864429734
primary_cpe|endometrioid_grade_matched|base_plus_binary_grade|SOX9	TCGA-EY-A1GH	336	0.019615028275875107	0.0040366339312227998	0.13949676386601825	-1.2715054707525069
primary_cpe|endometrioid_grade_matched|base_plus_binary_grade|SOX9	TCGA-EY-A1GP	341	0.030172259158858166	0.0069342130752634915	0.13617169045136088	1.3367364851910739
primary_cpe|endometrioid_grade_matched|base_plus_binary_grade|SOX9	TCGA-EY-A1H0	348	0.0190160196554304	0.0069895757875581294	0.12972530130190663	1.7027363759998435
primary_cpe|endometrioid_grade_matched|base_plus_binary_grade|SOX9	TCGA-FI-A2CX	361	0.10376989672859227	0.028243641190644278	0.39628940551692932	-1.3987400580989073
primary_cpe|endometrioid_grade_matched|base_plus_binary_grade|SOX9	TCGA-FI-A2D0	362	0.047231144444379675	0.031625576615831964	0.3402444989503608	2.2717423110261716
primary_cpe|endometrioid_grade_matched|base_plus_binary_grade|SOX9	TCGA-FI-A2D4	363	0.017294342160718165	0.0047743213085603437	0.11613153459625787	1.4755250462768119
primary_cpe|endometrioid_grade_matched|base_plus_binary_grade|SOX9	TCGA-FI-A2F9	367	0.025420232358197833	0.014018135434373726	0.14991473269896155	2.0828063946764179
primary_cpe|endometrioid_grade_matched|base_plus_binary_grade|SOX9	TCGA-QS-A5YQ	373	0.035072160177401751	0.0036003647842120304	0.14330844685168778	-0.88994457015109529
primary_cpe|endometrioid_grade_matched|base_plus_binary_grade|SOX9	TCGA-SL-A6J9	378	0.023864139423628201	0.0042046270209235154	0.1171366962974304	-1.1735756628544172
primary_cpe|endometrioid_grade_matched|base_refit|HOXA9	TCGA-2E-A9G8	0	0.018362533262098538	0.0040934278515724308	0.1045502388867183	1.2385470464730803
primary_cpe|endometrioid_grade_matched|base_refit|HOXA9	TCGA-A5-A0GH	8	0.020238120734909826	0.009247119753887395	0.15585247222170079	1.775319471755328
primary_cpe|endometrioid_grade_matched|base_refit|HOXA9	TCGA-A5-A0GJ	10	0.025588337611658175	0.0054554094352488878	0.11037102842339142	-1.206641313491317
primary_cpe|endometrioid_grade_matched|base_refit|HOXA9	TCGA-A5-A0GN	12	0.036481153466451338	0.0065531803515793121	0.11093317792285011	-1.101018028279841
primary_cpe|endometrioid_grade_matched|base_refit|HOXA9	TCGA-A5-A0GP	13	0.027269070175872018	0.0038282849654057149	0.1319152709409378	0.97765724179984759
primary_cpe|endometrioid_grade_matched|base_refit|HOXA9	TCGA-A5-A0GW	17	0.050242669917362225	0.0098102449088875252	0.20648095476331882	1.1398114441465339
primary_cpe|endometrioid_grade_matched|base_refit|HOXA9	TCGA-A5-A1OJ	25	0.032477946131143756	0.016110098754954266	0.24337736112809968	-1.8387214697644243
primary_cpe|endometrioid_grade_matched|base_refit|HOXA9	TCGA-A5-A2K7	28	0.015779841810506703	0.0064050741619304128	0.14751690199809259	-1.6763206886925484
primary_cpe|endometrioid_grade_matched|base_refit|HOXA9	TCGA-A5-A3LO	29	0.024286081682843581	0.0056308111752894491	0.12178820011231414	1.2593833107379655
primary_cpe|endometrioid_grade_matched|base_refit|HOXA9	TCGA-A5-AB3J	30	0.021712535219789671	0.0039466884811485657	0.10685132284910855	1.1160569161215737
primary_cpe|endometrioid_grade_matched|base_refit|HOXA9	TCGA-AJ-A3I9	42	0.019059716784013955	0.0054579686990874621	0.12092717448881131	-1.4040817980997939
primary_cpe|endometrioid_grade_matched|base_refit|HOXA9	TCGA-AJ-A5DW	47	0.027005925625545064	0.0028688843275365664	0.11282101677029865	0.85029531248944779
primary_cpe|endometrioid_grade_matched|base_refit|HOXA9	TCGA-AJ-A6NU	48	0.024660814151470055	0.009259843868962581	0.16257171944712895	-1.6044996432325025
primary_cpe|endometrioid_grade_matched|base_refit|HOXA9	TCGA-AJ-A8CT	49	0.042588941733758628	0.010181869016852887	0.22035155504506318	1.2668214176898818
primary_cpe|endometrioid_grade_matched|base_refit|HOXA9	TCGA-AP-A051	52	0.02366629843987126	0.0031172295224453275	0.12290950706667182	0.94865681033049343
primary_cpe|endometrioid_grade_matched|base_refit|HOXA9	TCGA-AP-A054	53	0.019380766043537778	0.0052204958865354556	0.10365096573742175	1.3613374481724088
primary_cpe|endometrioid_grade_matched|base_refit|HOXA9	TCGA-AP-A056	54	0.049852383606603635	0.010780545691884729	0.1810385863865008	-1.1999909159651314
primary_cpe|endometrioid_grade_matched|base_refit|HOXA9	TCGA-AP-A0LF	60	0.04255875665128233	0.0054712829680290788	0.14255768708260952	-0.92805655077997373
primary_cpe|endometrioid_grade_matched|base_refit|HOXA9	TCGA-AP-A0LS	68	0.03915121645889081	0.013436677557736063	0.26447652411144423	1.5220009446873417
primary_cpe|endometrioid_grade_matched|base_refit|HOXA9	TCGA-AP-A1E0	77	0.025310206776689135	0.003877366697397691	0.13084976785141852	1.0224197152316723
primary_cpe|endometrioid_grade_matched|base_refit|HOXA9	TCGA-AP-A1E3	79	0.017486218269913652	0.0085153906156446909	0.14551091774346359	-1.8358971572328917
primary_cpe|endometrioid_grade_matched|base_refit|HOXA9	TCGA-AP-A1E4	80	0.020916955236589485	0.011596571298390788	0.225685543796495	1.9566574320266543
primary_cpe|endometrioid_grade_matched|base_refit|HOXA9	TCGA-AX-A05W	85	0.0092457108947516763	0.0068403255364630593	0.12610894074127799	-2.2778498571181456
primary_cpe|endometrioid_grade_matched|base_refit|HOXA9	TCGA-AX-A05Y	86	0.012487039692530823	0.0061831679379435282	0.12682960941622079	1.8561588140920884
primary_cpe|endometrioid_grade_matched|base_refit|HOXA9	TCGA-AX-A05Z	87	0.027860363989296949	0.0055339203853561371	0.14572748399948796	-1.1631662346226739
primary_cpe|endometrioid_grade_matched|base_refit|HOXA9	TCGA-AX-A062	89	0.016032488267154039	0.0047837524145847594	0.10522783976073463	-1.4356219400867121
primary_cpe|endometrioid_grade_matched|base_refit|HOXA9	TCGA-AX-A06F	93	0.030214288295054591	0.014249313868844931	0.23468180722564602	-1.7945956393227254
primary_cpe|endometrioid_grade_matched|base_refit|HOXA9	TCGA-AX-A0J0	98	0.028299279762916681	0.0065476914233668273	0.16790044229768358	1.2554715692900866
primary_cpe|endometrioid_grade_matched|base_refit|HOXA9	TCGA-AX-A1CE	103	0.013239120194911268	0.0040405704638485232	0.11463081408411414	1.454100968886753
primary_cpe|endometrioid_grade_matched|base_refit|HOXA9	TCGA-AX-A1CF	104	0.019303820654114633	0.0059381368006779442	0.13108123921233975	1.4553573641442101
primary_cpe|endometrioid_grade_matched|base_refit|HOXA9	TCGA-AX-A3FT	119	0.012762405811772404	0.011339732279574327	0.1647485724099739	-2.4952637540026896
primary_cpe|endometrioid_grade_matched|base_refit|HOXA9	TCGA-AX-A3FV	120	0.028306137474366007	0.0040071304846454594	0.11307176909706391	0.98122483109416703
primary_cpe|endometrioid_grade_matched|base_refit|HOXA9	TCGA-AX-A3G1	124	0.023901273956455922	0.0039418447052247708	0.1053665441258101	1.0617180196305593
primary_cpe|endometrioid_grade_matched|base_refit|HOXA9	TCGA-AX-A3GB	127	0.031261515475790029	0.0043192744329489247	0.15023302458732118	0.96786741120978448
primary_cpe|endometrioid_grade_matched|base_refit|HOXA9	TCGA-B5-A0K2	137	0.016228601217070468	0.0061086737746195293	0.1123593984619129	-1.6134681988892998
primary_cpe|endometrioid_grade_matched|base_refit|HOXA9	TCGA-B5-A11E	143	0.025592077247230654	0.0074679997862846723	0.19168163757152315	1.4126926694903799
primary_cpe|endometrioid_grade_matched|base_refit|HOXA9	TCGA-B5-A11L	148	0.013041927897639617	0.0085979189910582385	0.14945840576359343	-2.1444159916677457
primary_cpe|endometrioid_grade_matched|base_refit|HOXA9	TCGA-B5-A11N	149	0.045707220432317355	0.0087313881531413118	0.19209396181944702	-1.1300568624165883
primary_cpe|endometrioid_grade_matched|base_refit|HOXA9	TCGA-B5-A11Z	159	0.023399882803558196	0.0068184709699908256	0.14933844154130818	1.4132659394220524
primary_cpe|endometrioid_grade_matched|base_refit|HOXA9	TCGA-B5-A1MR	161	0.046514127862872144	0.012007437480100655	0.18288680099627846	-1.3138969559031259
primary_cpe|endometrioid_grade_matched|base_refit|HOXA9	TCGA-B5-A3F9	166	0.021335544769757336	0.0046060968309692002	0.11427571090250778	1.2169153344811763
primary_cpe|endometrioid_grade_matched|base_refit|HOXA9	TCGA-BG-A0LW	173	0.025167803286153447	0.0080804117937409922	0.19244178753552812	1.4825327735869647
primary_cpe|endometrioid_grade_matched|base_refit|HOXA9	TCGA-BG-A0M0	175	0.020608169494178583	0.017477795808302696	0.28077145380545987	2.4270543673412095
primary_cpe|endometrioid_grade_matched|base_refit|HOXA9	TCGA-BG-A0M4	178	0.016872660472629274	0.0039060034996469895	0.10659374431227445	-1.2632082483549838
primary_cpe|endometrioid_grade_matched|base_refit|HOXA9	TCGA-BG-A0MG	183	0.016147094605694114	0.0071419687074287747	0.15794873775147661	-1.7501431766055418
primary_cpe|endometrioid_grade_matched|base_refit|HOXA9	TCGA-BG-A0MK	185	0.020437510404170665	0.003082665820035059	0.10987073345928583	1.0170313005294167
primary_cpe|endometrioid_grade_matched|base_refit|HOXA9	TCGA-BG-A0MO	186	0.026682609661075593	0.0050778933484535681	0.14619160370175188	1.1391400046264974
primary_cpe|endometrioid_grade_matched|base_refit|HOXA9	TCGA-BG-A0MT	188	0.011961546950335942	0.0093161015954780473	0.15448262837226434	-2.3347221821034405
primary_cpe|endometrioid_grade_matched|base_refit|HOXA9	TCGA-BG-A0VX	194	0.025814086838430471	0.0063424713579622836	0.17201268950023882	1.2955837071506962
primary_cpe|endometrioid_grade_matched|base_refit|HOXA9	TCGA-BK-A6W3	214	0.023924568137928957	0.0029909877188068045	0.11773585602214272	0.92404021474807785
primary_cpe|endometrioid_grade_matched|base_refit|HOXA9	TCGA-BS-A0T9	216	0.019546997827957942	0.0036914644798935496	0.1097826005980847	-1.1389237373648056
primary_cpe|endometrioid_grade_matched|base_refit|HOXA9	TCGA-BS-A0U7	224	0.014123404616743968	0.008774361106439775	0.14155055513423095	-2.0798204573847827
primary_cpe|endometrioid_grade_matched|base_refit|HOXA9	TCGA-BS-A0UJ	229	0.036517157301925375	0.0031387963066634899	0.13287921570775987	-0.76095486671618606
primary_cpe|endometrioid_grade_matched|base_refit|HOXA9	TCGA-BS-A0UV	232	0.025564661212087204	0.0037046584351917459	0.12818241776345651	-0.9941979478030647
primary_cpe|endometrioid_grade_matched|base_refit|HOXA9	TCGA-BS-A0V4	233	0.026568183639559893	0.0029539235114824087	0.11979035900100406	-0.87011975757567883
primary_cpe|endometrioid_grade_matched|base_refit|HOXA9	TCGA-BS-A0V7	235	0.041964277673224193	0.017914799625020114	0.28153365012388898	-1.6962745890588131
primary_cpe|endometrioid_grade_matched|base_refit|HOXA9	TCGA-D1-A0ZR	242	0.012537863540594975	0.0045981643155390221	0.11229920166734428	1.5954661812575017
primary_cpe|endometrioid_grade_matched|base_refit|HOXA9	TCGA-D1-A103	249	0.024269957080216519	0.0033190939732484692	0.13092616270929205	0.96638603513445964
primary_cpe|endometrioid_grade_matched|base_refit|HOXA9	TCGA-D1-A165	255	0.013511243664405908	0.0055138808239554339	0.11332084616674974	1.6828289640544014
primary_cpe|endometrioid_grade_matched|base_refit|HOXA9	TCGA-D1-A16X	268	0.025306804506782264	0.0030707886698269258	0.12221764991439461	0.90968044925283764
primary_cpe|endometrioid_grade_matched|base_refit|HOXA9	TCGA-D1-A17A	273	0.024843323084103475	0.0050087476581621498	0.15564340735955834	1.1737231785813489
primary_cpe|endometrioid_grade_matched|base_refit|HOXA9	TCGA-D1-A17H	278	0.03834044151162954	0.0066126204333117351	0.17434982499489565	1.0777348964868136
primary_cpe|endometrioid_grade_matched|base_refit|HOXA9	TCGA-D1-A17L	280	0.019837873905958148	0.0039642878886624443	0.13267696618718627	1.1715200694522268
primary_cpe|endometrioid_grade_matched|base_refit|HOXA9	TCGA-D1-A1NS	288	0.014021023933030702	0.00373790405457659	0.1102482493893165	1.3579942608436395
primary_cpe|endometrioid_grade_matched|base_refit|HOXA9	TCGA-D1-A1O0	291	0.022233925453882853	0.0057838937537289499	0.10646239960135151	1.3357483631461269
primary_cpe|endometrioid_grade_matched|base_refit|HOXA9	TCGA-D1-A1O8	294	0.031601920118023166	0.020395751322990537	0.19872932117072456	-2.1012037945810844
primary_cpe|endometrioid_grade_matched|base_refit|HOXA9	TCGA-D1-A2G5	295	0.018571943003989913	0.0073418971446740462	0.11507496224469792	1.6518007025845793
primary_cpe|endometrioid_grade_matched|base_refit|HOXA9	TCGA-D1-A3DG	298	0.022911524515591229	0.006685120046872205	0.11186242770603791	1.4145736153249739
primary_cpe|endometrioid_grade_matched|base_refit|HOXA9	TCGA-DF-A2KV	304	0.023706452960336161	0.0035660236930305828	0.13608760570440648	-1.0139450085672042
primary_cpe|endometrioid_grade_matched|base_refit|HOXA9	TCGA-DF-A2L0	306	0.019618727752739144	0.0048331558989671277	0.11885057465977297	-1.301457620381371
primary_cpe|endometrioid_grade_matched|base_refit|HOXA9	TCGA-E6-A1M0	313	0.024940568949164577	0.0025661589929149024	0.10570311992450933	0.83768250188646542
primary_cpe|endometrioid_grade_matched|base_refit|HOXA9	TCGA-EO-A22U	322	0.028807383115750797	0.0025972339166885454	0.10717801324960505	-0.78249128255958356
primary_cpe|endometrioid_grade_matched|base_refit|HOXA9	TCGA-EO-A22X	323	0.027898265040171847	0.012605646068327259	0.21991714446299085	-1.7583821535392623
primary_cpe|endometrioid_grade_matched|base_refit|HOXA9	TCGA-EO-A3AY	328	0.024381880582907765	0.006749945947093783	0.17985105021323838	-1.3766578569255268
primary_cpe|endometrioid_grade_matched|base_refit|HOXA9	TCGA-EO-A3B0	329	0.030440573739235869	0.0058124103510943364	0.13327556308905775	-1.1388348672954598
primary_cpe|endometrioid_grade_matched|base_refit|HOXA9	TCGA-EY-A1GC	332	0.023477957542320529	0.003969872749326319	0.10458176831774527	-1.0753235751863326
primary_cpe|endometrioid_grade_matched|base_refit|HOXA9	TCGA-EY-A1GD	333	0.024857807262610197	0.0056023502259367275	0.17061551092894284	1.2412270435129125
primary_cpe|endometrioid_grade_matched|base_refit|HOXA9	TCGA-EY-A1GE	334	0.040711587709842366	0.0051359581332999261	0.16956936719133828	-0.92020824698974524
primary_cpe|endometrioid_grade_matched|base_refit|HOXA9	TCGA-EY-A1GI	337	0.025312827410199235	0.0040281197164714058	0.13743794534998344	-1.0421075790769652
primary_cpe|endometrioid_grade_matched|base_refit|HOXA9	TCGA-EY-A1GO	340	0.015373463909378847	0.011777882199716469	0.15863005591704801	2.3112429132135395
primary_cpe|endometrioid_grade_matched|base_refit|HOXA9	TCGA-EY-A1GP	341	0.023569384494041487	0.0048480873793611068	0.1095776202600213	1.1863638136240733
primary_cpe|endometrioid_grade_matched|base_refit|HOXA9	TCGA-EY-A1GR	343	0.02370929532365661	0.010232183064366358	0.16376915703491796	-1.7218856679092345
primary_cpe|endometrioid_grade_matched|base_refit|HOXA9	TCGA-EY-A1GX	347	0.046855393377995325	0.0043947817899715842	0.12044646410619805	0.79067673250005577
primary_cpe|endometrioid_grade_matched|base_refit|HOXA9	TCGA-EY-A214	349	0.023322847634838398	0.0039870345095943524	0.10797470043880736	1.0813275401108355
primary_cpe|endometrioid_grade_matched|base_refit|HOXA9	TCGA-EY-A2OQ	353	0.022492252424609359	0.0083125846077339808	0.14540644346198436	-1.5935105990903777
primary_cpe|endometrioid_grade_matched|base_refit|HOXA9	TCGA-EY-A3L3	354	0.023530393431673183	0.0093736718549538127	0.12284431503765765	1.6539665707350166
primary_cpe|endometrioid_grade_matched|base_refit|HOXA9	TCGA-FI-A2CX	361	0.097810938687188612	0.07274726294363705	0.62238350983969759	-2.1781173934671392
primary_cpe|endometrioid_grade_matched|base_refit|HOXA9	TCGA-FI-A2D4	363	0.015338475947650525	0.0056125414197024754	0.12167429557080078	-1.591371205972691
primary_cpe|endometrioid_grade_matched|base_refit|HOXA9	TCGA-FI-A2D5	364	0.024973050143184881	0.0034666369665970363	0.12779185950958508	0.97329622343086009
primary_cpe|endometrioid_grade_matched|base_refit|HOXA9	TCGA-H5-A2HR	368	0.018952031945743162	0.0046886380549882893	0.1143030406406772	-1.3046619111239797
primary_cpe|endometrioid_grade_matched|base_refit|HOXA9	TCGA-QF-A5YS	371	0.031600457768250004	0.0022545661375341212	0.10643846637987994	-0.69496015493629693
primary_cpe|endometrioid_grade_matched|base_refit|HOXA9	TCGA-QS-A5YQ	373	0.032782394157736539	0.0059388252859602676	0.17168576602806096	1.1078305472357322
primary_cpe|endometrioid_grade_matched|base_refit|HOXA9	TCGA-SL-A6J9	378	0.023633754377864885	0.0082442704557449693	0.15817466679746625	-1.5469440982292739
primary_cpe|endometrioid_grade_matched|base_plus_binary_grade|HOXA9	TCGA-2E-A9G8	0	0.028162828485930193	0.004700450394142533	0.11439213732378634	1.1395873364448728
primary_cpe|endometrioid_grade_matched|base_plus_binary_grade|HOXA9	TCGA-A5-A0GH	8	0.021281915577983188	0.008860478708651141	0.15865960079648622	1.8110221427248938
primary_cpe|endometrioid_grade_matched|base_plus_binary_grade|HOXA9	TCGA-A5-A0GJ	10	0.03133534377745175	0.0067299615013558522	0.12951414427149666	-1.2912489038772648
primary_cpe|endometrioid_grade_matched|base_plus_binary_grade|HOXA9	TCGA-A5-A0GN	12	0.040332393314253256	0.0071819187553671601	0.11738050519135292	-1.1698054055059581
primary_cpe|endometrioid_grade_matched|base_plus_binary_grade|HOXA9	TCGA-A5-A0GP	13	0.033559406546690651	0.0034903751962846439	0.12185297795165177	0.89649295158255404
primary_cpe|endometrioid_grade_matched|base_plus_binary_grade|HOXA9	TCGA-A5-A0GW	17	0.051461230992148013	0.0094055094195076086	0.21118013501930666	1.1782845638467239
primary_cpe|endometrioid_grade_matched|base_plus_binary_grade|HOXA9	TCGA-A5-A1OJ	25	0.0327745785789205	0.013954571704826663	0.24097799457783231	-1.8207307336052223
primary_cpe|endometrioid_grade_matched|base_plus_binary_grade|HOXA9	TCGA-A5-A2K7	28	0.017249729812188461	0.0058531827013029716	0.13094910293052792	-1.6370042320505223
primary_cpe|endometrioid_grade_matched|base_plus_binary_grade|HOXA9	TCGA-A5-A3LO	29	0.024351753582622135	0.0050096994987047514	0.12050132933119342	1.268198261441003
primary_cpe|endometrioid_grade_matched|base_plus_binary_grade|HOXA9	TCGA-A5-AB3J	30	0.021761059927585119	0.0035080713954226969	0.10590075281515215	1.1236080135210496
primary_cpe|endometrioid_grade_matched|base_plus_binary_grade|HOXA9	TCGA-AJ-A2QN	34	0.017197459165915894	0.0029415744901590385	0.10460740193812938	1.1602133073282761
primary_cpe|endometrioid_grade_matched|base_plus_binary_grade|HOXA9	TCGA-AJ-A3I9	42	0.024735074098578641	0.0055810768790339992	0.10592480825290816	-1.3281717115003704
primary_cpe|endometrioid_grade_matched|base_plus_binary_grade|HOXA9	TCGA-AJ-A5DW	47	0.033158720162338479	0.0025422812371546431	0.10286439132703507	0.76965736143536956
primary_cpe|endometrioid_grade_matched|base_plus_binary_grade|HOXA9	TCGA-AJ-A6NU	48	0.033366378794532678	0.012582243470287118	0.1923880498804012	-1.7120831162457664
primary_cpe|endometrioid_grade_matched|base_plus_binary_grade|HOXA9	TCGA-AJ-A8CT	49	0.042989421704322656	0.008701321845143075	0.20255200897203035	1.2457678558455412
primary_cpe|endometrioid_grade_matched|base_plus_binary_grade|HOXA9	TCGA-AP-A051	52	0.025467173688838544	0.0032319585126084236	0.12869187679652802	0.99467118892806916
primary_cpe|endometrioid_grade_matched|base_plus_binary_grade|HOXA9	TCGA-AP-A056	54	0.050786510038269499	0.0091121528221627078	0.17423455712933431	-1.1678189395227905
primary_cpe|endometrioid_grade_matched|base_plus_binary_grade|HOXA9	TCGA-AP-A0LF	60	0.042798766915909989	0.0046478103545175824	0.13917116605987151	-0.91170984030429192
primary_cpe|endometrioid_grade_matched|base_plus_binary_grade|HOXA9	TCGA-AP-A0LS	68	0.04716354050958637	0.012653827541557174	0.2562402586435627	1.4321038796367171
primary_cpe|endometrioid_grade_matched|base_plus_binary_grade|HOXA9	TCGA-AP-A0LT	69	0.020896186578648827	0.0049633586639486775	0.11309710470504468	-1.3655823897323471
primary_cpe|endometrioid_grade_matched|base_plus_binary_grade|HOXA9	TCGA-AP-A1E0	77	0.032557033739535016	0.0036844923449591343	0.12075858714181953	0.93573195833631773
primary_cpe|endometrioid_grade_matched|base_plus_binary_grade|HOXA9	TCGA-AP-A1E3	79	0.023855123227557357	0.0093754475363638026	0.14150850712301408	-1.7567977191474182
primary_cpe|endometrioid_grade_matched|base_plus_binary_grade|HOXA9	TCGA-AP-A1E4	80	0.021723436192100751	0.010235933105486036	0.22277587831682139	1.9273211829633383
primary_cpe|endometrioid_grade_matched|base_plus_binary_grade|HOXA9	TCGA-AX-A05T	83	0.012801403017262611	0.0043584933647741663	0.11258567267132547	-1.6435292480946417
primary_cpe|endometrioid_grade_matched|base_plus_binary_grade|HOXA9	TCGA-AX-A05W	85	0.010281023510338987	0.0068714402581919291	0.11464239828050743	-2.3138402365319122
primary_cpe|endometrioid_grade_matched|base_plus_binary_grade|HOXA9	TCGA-AX-A05Y	86	0.017116967630286653	0.0069203714765675188	0.12330227012474898	1.7882422537225533
primary_cpe|endometrioid_grade_matched|base_plus_binary_grade|HOXA9	TCGA-AX-A05Z	87	0.032707784032118395	0.0064950524154815618	0.1655330538503805	-1.2405205075202517
primary_cpe|endometrioid_grade_matched|base_plus_binary_grade|HOXA9	TCGA-AX-A062	89	0.017759430513115945	0.0049425869426116134	0.12107714962363228	-1.4811955212363415
primary_cpe|endometrioid_grade_matched|base_plus_binary_grade|HOXA9	TCGA-AX-A06F	93	0.03202335537994476	0.01260674577606233	0.2287206881359547	-1.7508455935608582
primary_cpe|endometrioid_grade_matched|base_plus_binary_grade|HOXA9	TCGA-AX-A0J0	98	0.035217811287911238	0.0062534524970647067	0.15788865040220532	1.1712654627798804
primary_cpe|endometrioid_grade_matched|base_plus_binary_grade|HOXA9	TCGA-AX-A1CE	103	0.015966023507927113	0.0046189379598361828	0.11879569566349515	1.5117211778796207
primary_cpe|endometrioid_grade_matched|base_plus_binary_grade|HOXA9	TCGA-AX-A1CF	104	0.019531599685216925	0.0053768065582612233	0.12890986363187379	1.4717521819939228
primary_cpe|endometrioid_grade_matched|base_plus_binary_grade|HOXA9	TCGA-AX-A3FT	119	0.015051090046054982	0.011286464107238452	0.16255174234861994	-2.4470288255045833
primary_cpe|endometrioid_grade_matched|base_plus_binary_grade|HOXA9	TCGA-AX-A3G1	124	0.024149417718524052	0.0035978426938619613	0.1042157972633362	1.0786980183516808
primary_cpe|endometrioid_grade_matched|base_plus_binary_grade|HOXA9	TCGA-AX-A3GB	127	0.050968828092347013	0.0085511128687413406	0.2133446218485556	1.1290275009661752
primary_cpe|endometrioid_grade_matched|base_plus_binary_grade|HOXA9	TCGA-B5-A0K2	137	0.018554747374555383	0.0065353783930865239	0.11566867875552646	-1.6669466090991369
primary_cpe|endometrioid_grade_matched|base_plus_binary_grade|HOXA9	TCGA-B5-A11E	143	0.027486380093245021	0.0075149010872035465	0.19792303730238942	1.4606844593692814
primary_cpe|endometrioid_grade_matched|base_plus_binary_grade|HOXA9	TCGA-B5-A11L	148	0.013770530672787565	0.0081702061978211615	0.15119412797708962	-2.1744052294720948
primary_cpe|endometrioid_grade_matched|base_plus_binary_grade|HOXA9	TCGA-B5-A11N	149	0.046931754453941481	0.0083965272967807536	0.20286814107012849	-1.1685213861822012
primary_cpe|endometrioid_grade_matched|base_plus_binary_grade|HOXA9	TCGA-B5-A11Z	159	0.023470989657180683	0.0060624820726622054	0.14825160980603394	1.4224718621946746
primary_cpe|endometrioid_grade_matched|base_plus_binary_grade|HOXA9	TCGA-B5-A1MR	161	0.048091376795700483	0.010207217550318889	0.17446859819626942	-1.2724002146920379
primary_cpe|endometrioid_grade_matched|base_plus_binary_grade|HOXA9	TCGA-B5-A3F9	166	0.022608692072530207	0.0045525010764346438	0.11168327862081105	1.2557495622314041
primary_cpe|endometrioid_grade_matched|base_plus_binary_grade|HOXA9	TCGA-BG-A0LW	173	0.025339679214059455	0.007257018302379438	0.19273268060256771	1.496832156115238
primary_cpe|endometrioid_grade_matched|base_plus_binary_grade|HOXA9	TCGA-BG-A0M0	175	0.024412263984458685	0.017289304607023496	0.2752309054218014	2.365533652452231
primary_cpe|endometrioid_grade_matched|base_plus_binary_grade|HOXA9	TCGA-BG-A0M4	178	0.021914626899304346	0.0039700670937209354	0.11417943692864072	-1.191268817504741
primary_cpe|endometrioid_grade_matched|base_plus_binary_grade|HOXA9	TCGA-BG-A0MA	181	0.017036432099472289	0.0037579553958210022	0.112645330883527	1.3183495746967169
primary_cpe|endometrioid_grade_matched|base_plus_binary_grade|HOXA9	TCGA-BG-A0MG	183	0.018535983967169475	0.0076420598895725672	0.18056004614627283	-1.8046497987467027
primary_cpe|endometrioid_grade_matched|base_plus_binary_grade|HOXA9	TCGA-BG-A0MK	185	0.037158946110299851	0.0065314241956638047	0.16247590723050556	1.1641308182918555
primary_cpe|endometrioid_grade_matched|base_plus_binary_grade|HOXA9	TCGA-BG-A0MO	186	0.026845915834073281	0.0043672789934456327	0.14504517518642543	1.1257920881455481
primary_cpe|endometrioid_grade_matched|base_plus_binary_grade|HOXA9	TCGA-BG-A0MT	188	0.012780800770760103	0.0089541480641747717	0.16605722006881599	-2.3667614144217621
primary_cpe|endometrioid_grade_matched|base_plus_binary_grade|HOXA9	TCGA-BG-A0VX	194	0.029664710905416659	0.0057939029270936476	0.17422040215003651	1.2321789051974144
primary_cpe|endometrioid_grade_matched|base_plus_binary_grade|HOXA9	TCGA-BK-A6W3	214	0.029304948983526539	0.0027208311574313275	0.10918726187877691	0.84879629007591895
primary_cpe|endometrioid_grade_matched|base_plus_binary_grade|HOXA9	TCGA-BS-A0T9	216	0.032987317931355981	0.0044653862017256917	0.12064402266397201	-1.0233983742965063
primary_cpe|endometrioid_grade_matched|base_plus_binary_grade|HOXA9	TCGA-BS-A0U7	224	0.015398921923984246	0.00870211886510747	0.15536293379281216	-2.1196882479521522
primary_cpe|endometrioid_grade_matched|base_plus_binary_grade|HOXA9	TCGA-BS-A0UJ	229	0.03688970879244538	0.0029291634218177398	0.12776199083977333	-0.78176296606965034
primary_cpe|endometrioid_grade_matched|base_plus_binary_grade|HOXA9	TCGA-BS-A0UV	232	0.02670774459092054	0.0031553474925161439	0.12351211360027202	-0.9590135487402317
primary_cpe|endometrioid_grade_matched|base_plus_binary_grade|HOXA9	TCGA-BS-A0V4	233	0.027482739271537077	0.0028800853713018041	0.11276427651016555	-0.90273080475735168
primary_cpe|endometrioid_grade_matched|base_plus_binary_grade|HOXA9	TCGA-BS-A0V7	235	0.042794683595252021	0.015440363477583569	0.27986612841872605	-1.6661560512650857
primary_cpe|endometrioid_grade_matched|base_plus_binary_grade|HOXA9	TCGA-BS-A0V8	236	0.029372510403270574	0.0041510086844951614	0.11169919783132112	-1.0476942883275888
primary_cpe|endometrioid_grade_matched|base_plus_binary_grade|HOXA9	TCGA-BS-A0VI	237	0.020094036589495427	0.0035352467494376124	0.11053416513643996	-1.1749936644438392
primary_cpe|endometrioid_grade_matched|base_plus_binary_grade|HOXA9	TCGA-D1-A0ZR	242	0.012869602139097561	0.004034821522459266	0.11118336552507149	1.5766213370084907
primary_cpe|endometrioid_grade_matched|base_plus_binary_grade|HOXA9	TCGA-D1-A103	249	0.028259460188317764	0.0029551833384911658	0.1300362942525492	0.90140711469649093
primary_cpe|endometrioid_grade_matched|base_plus_binary_grade|HOXA9	TCGA-D1-A165	255	0.014873319869691478	0.0050835343826364761	0.11378422242222136	1.6449909778772398
primary_cpe|endometrioid_grade_matched|base_plus_binary_grade|HOXA9	TCGA-D1-A167	256	0.019603994138774228	0.0068898089969701313	0.12166833135401171	1.6642079036928079
primary_cpe|endometrioid_grade_matched|base_plus_binary_grade|HOXA9	TCGA-D1-A16X	268	0.029064841933440361	0.0026829732331032836	0.12077717772332602	0.84644496520406898
primary_cpe|endometrioid_grade_matched|base_plus_binary_grade|HOXA9	TCGA-D1-A17A	273	0.032710662046291333	0.006842081736575664	0.19358307580251047	1.2733126063110287
primary_cpe|endometrioid_grade_matched|base_plus_binary_grade|HOXA9	TCGA-D1-A17H	278	0.041563009871744147	0.0056271479046228999	0.16789034315470244	1.0189191906588249
primary_cpe|endometrioid_grade_matched|base_plus_binary_grade|HOXA9	TCGA-D1-A17L	280	0.019901844103834818	0.0035316022627381915	0.13150049889648571	1.1801798485787793
primary_cpe|endometrioid_grade_matched|base_plus_binary_grade|HOXA9	TCGA-D1-A1O0	291	0.022486492649190563	0.0052520009776961226	0.10444886238119343	1.3529825592487481
primary_cpe|endometrioid_grade_matched|base_plus_binary_grade|HOXA9	TCGA-D1-A1O8	294	0.036254764224210069	0.019270334234033144	0.19292072316408782	-2.0328676361685791
primary_cpe|endometrioid_grade_matched|base_plus_binary_grade|HOXA9	TCGA-D1-A2G5	295	0.023097090293733122	0.0087748227824870854	0.12249459999899083	1.7276939610499678
primary_cpe|endometrioid_grade_matched|base_plus_binary_grade|HOXA9	TCGA-D1-A3DA	297	0.019857932548456535	0.0037497824184505881	0.12662922466098817	1.2176067084211872
primary_cpe|endometrioid_grade_matched|base_plus_binary_grade|HOXA9	TCGA-D1-A3DG	298	0.023162146603976978	0.00605894329408504	0.10965529455805842	1.4317834203415398
primary_cpe|endometrioid_grade_matched|base_plus_binary_grade|HOXA9	TCGA-DF-A2KV	304	0.026226136286823264	0.0031168629903101149	0.12899113947495336	-0.96210471361870398
primary_cpe|endometrioid_grade_matched|base_plus_binary_grade|HOXA9	TCGA-DF-A2KZ	305	0.02307974079317078	0.003012461085878874	0.10728535503811348	-1.0100237159234147
primary_cpe|endometrioid_grade_matched|base_plus_binary_grade|HOXA9	TCGA-DF-A2L0	306	0.020707042264108251	0.0042382984368793371	0.10989671328611218	-1.2673354243038142
primary_cpe|endometrioid_grade_matched|base_plus_binary_grade|HOXA9	TCGA-E6-A1M0	313	0.026035397980224886	0.0025501946403324906	0.11006111592022916	0.87333845313038005
primary_cpe|endometrioid_grade_matched|base_plus_binary_grade|HOXA9	TCGA-EO-A22X	323	0.029179275324053455	0.011074723819850408	0.21505854159231158	-1.7214195368084437
primary_cpe|endometrioid_grade_matched|base_plus_binary_grade|HOXA9	TCGA-EO-A3AY	328	0.026389288466893167	0.0059855681790208781	0.17363374343278154	-1.3305331774611504
primary_cpe|endometrioid_grade_matched|base_plus_binary_grade|HOXA9	TCGA-EO-A3B0	329	0.031307831978152678	0.004957676362366702	0.12953007421959731	-1.1081115317301697
primary_cpe|endometrioid_grade_matched|base_plus_binary_grade|HOXA9	TCGA-EY-A1GD	333	0.029758209676564833	0.0052424803995594054	0.16567069809349605	1.1699441888535245
primary_cpe|endometrioid_grade_matched|base_plus_binary_grade|HOXA9	TCGA-EY-A1GE	334	0.041462180654506187	0.0042986159804876767	0.1651421322255969	-0.89139035345151485
primary_cpe|endometrioid_grade_matched|base_plus_binary_grade|HOXA9	TCGA-EY-A1GI	337	0.031343212541389859	0.0051443903623668609	0.14979628571008941	-1.1281954870846478
primary_cpe|endometrioid_grade_matched|base_plus_binary_grade|HOXA9	TCGA-EY-A1GO	340	0.021176847531989094	0.013382948372975092	0.17128955448332547	2.2364844598757951
primary_cpe|endometrioid_grade_matched|base_plus_binary_grade|HOXA9	TCGA-EY-A1GP	341	0.030172259158858166	0.0047371678547452395	0.11255055072233054	1.1040162849350192
primary_cpe|endometrioid_grade_matched|base_plus_binary_grade|HOXA9	TCGA-EY-A1GR	343	0.023890814304720592	0.0088781564502890004	0.15848965955602642	-1.70787529067674
primary_cpe|endometrioid_grade_matched|base_plus_binary_grade|HOXA9	TCGA-EY-A1GX	347	0.053168628745527052	0.0035234753561889788	0.10860360417508945	0.70802387065320727
primary_cpe|endometrioid_grade_matched|base_plus_binary_grade|HOXA9	TCGA-EY-A214	349	0.024216356478528281	0.0038450944990047684	0.10638825020212263	1.1136817067800455
primary_cpe|endometrioid_grade_matched|base_plus_binary_grade|HOXA9	TCGA-EY-A2OQ	353	0.022793260560686174	0.0072081110114598891	0.13943147034059047	-1.5754664122653863
primary_cpe|endometrioid_grade_matched|base_plus_binary_grade|HOXA9	TCGA-EY-A3L3	354	0.023971413163578079	0.0085918787495200682	0.11938944606210937	1.6769836261788285
primary_cpe|endometrioid_grade_matched|base_plus_binary_grade|HOXA9	TCGA-FI-A2CX	361	0.10376989672859227	0.063192250818097956	0.59276701843480417	-2.0990858709808329
primary_cpe|endometrioid_grade_matched|base_plus_binary_grade|HOXA9	TCGA-FI-A2D4	363	0.017294342160718165	0.0052393827783117283	0.12165624496073299	-1.546161989534439
primary_cpe|endometrioid_grade_matched|base_plus_binary_grade|HOXA9	TCGA-FI-A2D5	364	0.026903306129890534	0.0036024008202622079	0.13387495768655897	1.0210358642113329
primary_cpe|endometrioid_grade_matched|base_plus_binary_grade|HOXA9	TCGA-H5-A2HR	368	0.019226826494731029	0.004054410126431829	0.10940845310634839	-1.2874274458583166
primary_cpe|endometrioid_grade_matched|base_plus_binary_grade|HOXA9	TCGA-QF-A5YS	371	0.034601620307367006	0.0025528631308723276	0.12093997507181506	-0.75441823382717554
primary_cpe|endometrioid_grade_matched|base_plus_binary_grade|HOXA9	TCGA-QS-A5YQ	373	0.035072160177401751	0.0050861784726357632	0.17033125031046364	1.0582222559073706
primary_cpe|endometrioid_grade_matched|base_plus_binary_grade|HOXA9	TCGA-SL-A6J9	378	0.023864139423628201	0.0071385710848628275	0.15262823318288526	-1.531144702229585
primary_cpe|endometrioid_grade_matched|base_refit|WT1	TCGA-5B-A90C	2	0.021810908149773794	0.0053074578305172711	0.11856568711061616	1.2919808398687245
primary_cpe|endometrioid_grade_matched|base_refit|WT1	TCGA-A5-A0GH	8	0.020238120734909826	0.0091768411941238956	0.15525909947243749	1.7685034105844228
primary_cpe|endometrioid_grade_matched|base_refit|WT1	TCGA-A5-A0VQ	24	0.016312161593050996	0.005190277371355345	0.14003248498005227	1.4825642052048988
primary_cpe|endometrioid_grade_matched|base_refit|WT1	TCGA-A5-A3LO	29	0.024286081682843581	0.0053239204459138425	0.1184228500353426	1.224440756959998
primary_cpe|endometrioid_grade_matched|base_refit|WT1	TCGA-AJ-A2QK	32	0.027925896042221211	0.0046707306687629431	0.11349666804008574	-1.0670092410161938
primary_cpe|endometrioid_grade_matched|base_refit|WT1	TCGA-AJ-A2QL	33	0.012510521051479019	0.0040733629529765038	0.10890869582446557	-1.5027453257764611
primary_cpe|endometrioid_grade_matched|base_refit|WT1	TCGA-AJ-A3EL	40	0.025897777717886122	0.0041004988860740988	0.12801411239390256	-1.0391658752914474
primary_cpe|endometrioid_grade_matched|base_refit|WT1	TCGA-AJ-A3EM	41	0.02388871310983429	0.0097075684829581056	0.13596913819689868	1.6703100164777838
primary_cpe|endometrioid_grade_matched|base_refit|WT1	TCGA-AJ-A3I9	42	0.019059716784013955	0.0046479298819823564	0.11159331245089565	-1.2951973484848414
primary_cpe|endometrioid_grade_matched|base_refit|WT1	TCGA-AJ-A3OL	45	0.020491646641768703	0.0096232474279872079	0.15542882619608195	1.7998040660242165
primary_cpe|endometrioid_grade_matched|base_refit|WT1	TCGA-AJ-A5DW	47	0.027005925625545064	0.0028819814034714915	0.11307824966538255	-0.85223777401617085
primary_cpe|endometrioid_grade_matched|base_refit|WT1	TCGA-AJ-A6NU	48	0.024660814151470055	0.0059628945126158272	0.13045830461216501	-1.2859733193407743
primary_cpe|endometrioid_grade_matched|base_refit|WT1	TCGA-AJ-A8CT	49	0.042588941733758628	0.0056356231024058999	0.16393562365897946	-0.9415746046542236
primary_cpe|endometrioid_grade_matched|base_refit|WT1	TCGA-AP-A051	52	0.02366629843987126	0.0036541898785056163	0.13307505114588619	-1.0273319693330545
primary_cpe|endometrioid_grade_matched|base_refit|WT1	TCGA-AP-A056	54	0.049852383606603635	0.0059859315883345815	0.13490146066198713	0.89340822593885139
primary_cpe|endometrioid_grade_matched|base_refit|WT1	TCGA-AP-A0LF	60	0.04255875665128233	0.007540876449057635	0.16736204156139753	1.0900113608671695
primary_cpe|endometrioid_grade_matched|base_refit|WT1	TCGA-AP-A0LL	63	0.018646631239553839	0.0031937189165289924	0.10775333923778302	-1.0849581330975613
primary_cpe|endometrioid_grade_matched|base_refit|WT1	TCGA-AP-A0LM	64	0.035842344164541282	0.0032342466458649783	0.10601123734753097	0.77997969813812762
primary_cpe|endometrioid_grade_matched|base_refit|WT1	TCGA-AP-A0LS	68	0.03915121645889081	0.0089243739503417959	0.21554108303873307	-1.2390939382567809
primary_cpe|endometrioid_grade_matched|base_refit|WT1	TCGA-AP-A1E0	77	0.025310206776689135	0.0051985706649107762	0.15151181279575521	1.1844337557523521
primary_cpe|endometrioid_grade_matched|base_refit|WT1	TCGA-AX-A05Z	87	0.027860363989296949	0.0050800440646107826	0.13962357480468052	-1.1142799313346139
primary_cpe|endometrioid_grade_matched|base_refit|WT1	TCGA-AX-A06F	93	0.030214288295054591	0.0042692582777459891	0.12845726233579069	0.97933918567746947
primary_cpe|endometrioid_grade_matched|base_refit|WT1	TCGA-AX-A06H	94	0.018937411382634772	0.0054473480219452333	0.11097485348378211	-1.4073423615090139
primary_cpe|endometrioid_grade_matched|base_refit|WT1	TCGA-AX-A06J	95	0.016613662986679489	0.0034624923488821109	0.11340910403441502	1.1984686651724954
primary_cpe|endometrioid_grade_matched|base_refit|WT1	TCGA-AX-A1C5	101	0.020147778087457512	0.0077000367114848072	0.1625657452206789	1.6225968347991597
primary_cpe|endometrioid_grade_matched|base_refit|WT1	TCGA-AX-A2HH	114	0.027178706074838563	0.010753257830114427	0.16380768351915037	1.6451763342329164
primary_cpe|endometrioid_grade_matched|base_refit|WT1	TCGA-AX-A2HK	116	0.022823204213849271	0.008823245978539427	0.12538526610486622	1.6297593271494635
primary_cpe|endometrioid_grade_matched|base_refit|WT1	TCGA-AX-A3FS	118	0.015757018756010068	0.003223059924464501	0.10590074885251123	-1.1877810237381348
primary_cpe|endometrioid_grade_matched|base_refit|WT1	TCGA-AX-A3FV	120	0.028306137474366007	0.0037265843642680656	0.10904177778824334	-0.94616727333941231
primary_cpe|endometrioid_grade_matched|base_refit|WT1	TCGA-AX-A3G1	124	0.023901273956455922	0.0055969573402541387	0.12555354488274334	-1.265936414940769
primary_cpe|endometrioid_grade_matched|base_refit|WT1	TCGA-AX-A3GB	127	0.031261515475790029	0.0031740020651563616	0.1287845052893955	0.82940973341226354
primary_cpe|endometrioid_grade_matched|base_refit|WT1	TCGA-B5-A0JX	133	0.020285622773535968	0.0076007071527168469	0.16943766823836698	-1.6063853676568391
primary_cpe|endometrioid_grade_matched|base_refit|WT1	TCGA-B5-A0K1	136	0.19934946234420961	0.057856561654401263	0.61146438441140916	1.2764545743674023
primary_cpe|endometrioid_grade_matched|base_refit|WT1	TCGA-B5-A11N	149	0.045707220432317355	0.0079043178070925622	0.18276972688209089	-1.0750291654708419
primary_cpe|endometrioid_grade_matched|base_refit|WT1	TCGA-B5-A11U	155	0.020238604927349635	0.002698687669113538	0.1078832511708088	0.95619245549171672
primary_cpe|endometrioid_grade_matched|base_refit|WT1	TCGA-B5-A11Z	159	0.023399882803558196	0.0043345919161090424	0.1190699648105783	1.1257195222199996
primary_cpe|endometrioid_grade_matched|base_refit|WT1	TCGA-B5-A1MR	161	0.046514127862872144	0.015452364357426794	0.2074696939998581	-1.4914988141913872
primary_cpe|endometrioid_grade_matched|base_refit|WT1	TCGA-B5-A3F9	166	0.021335544769757336	0.0044117555819112725	0.11183896049659334	1.1908665168514057
primary_cpe|endometrioid_grade_matched|base_refit|WT1	TCGA-B5-A3FA	167	0.026036769671102154	0.0084220763968320157	0.20973510200684664	1.4874455073424218
primary_cpe|endometrioid_grade_matched|base_refit|WT1	TCGA-B5-A3FC	169	0.024824559853022787	0.0057454033706406228	0.15865907040308894	-1.2579072758551084
primary_cpe|endometrioid_grade_matched|base_refit|WT1	TCGA-B5-A5OC	172	0.020012569411845135	0.0068041649196263617	0.12315710638575916	-1.529939933364918
primary_cpe|endometrioid_grade_matched|base_refit|WT1	TCGA-BG-A0LW	173	0.025167803286153447	0.0067552756984738654	0.17595603803793067	1.3548736493480293
primary_cpe|endometrioid_grade_matched|base_refit|WT1	TCGA-BG-A0MK	185	0.020437510404170665	0.0026916595029526404	0.10266652450158557	0.9501771570138462
primary_cpe|endometrioid_grade_matched|base_refit|WT1	TCGA-BG-A0MO	186	0.026682609661075593	0.0075891794420068969	0.17872201552719039	-1.3938231054039083
primary_cpe|endometrioid_grade_matched|base_refit|WT1	TCGA-BG-A0MT	188	0.011961546950335942	0.0045373814547267164	0.10781152463902446	-1.6232847325723438
primary_cpe|endometrioid_grade_matched|base_refit|WT1	TCGA-BG-A0VX	194	0.025814086838430471	0.0058918712732540495	0.16578981763646949	1.2485135094231554
primary_cpe|endometrioid_grade_matched|base_refit|WT1	TCGA-BK-A139	209	0.025734994997809797	0.0054659759472690311	0.11959153039111954	-1.2042630095977231
primary_cpe|endometrioid_grade_matched|base_refit|WT1	TCGA-BK-A6W3	214	0.023924568137928957	0.0044418027643609373	0.14347659648496577	1.1266916884941121
primary_cpe|endometrioid_grade_matched|base_refit|WT1	TCGA-BS-A0UF	228	0.030462014782643966	0.0060894940019982921	0.15205242125431437	-1.1653356824708492
primary_cpe|endometrioid_grade_matched|base_refit|WT1	TCGA-BS-A0UJ	229	0.036517157301925375	0.0019370914562753568	0.10438799413152841	-0.59761711278265928
primary_cpe|endometrioid_grade_matched|base_refit|WT1	TCGA-BS-A0V7	235	0.041964277673224193	0.013907411371987054	0.24805471361108183	-1.4932686362225114
primary_cpe|endometrioid_grade_matched|base_refit|WT1	TCGA-BS-A0WQ	238	0.020668693143817862	0.0051563876566088447	0.13225948542833818	1.3090164422431365
primary_cpe|endometrioid_grade_matched|base_refit|WT1	TCGA-D1-A103	249	0.024269957080216519	0.0044402751846464644	0.15143337728689291	1.118227172353633
primary_cpe|endometrioid_grade_matched|base_refit|WT1	TCGA-D1-A16X	268	0.025306804506782264	0.003435903330129031	0.12927943099871328	0.96236940096190748
primary_cpe|endometrioid_grade_matched|base_refit|WT1	TCGA-D1-A16Y	269	0.033054663621790242	0.019858170434264546	0.29744534427908542	2.0248859758035986
primary_cpe|endometrioid_grade_matched|base_refit|WT1	TCGA-D1-A17A	273	0.024843323084103475	0.0070702659433564581	0.18492006122570431	1.3955654578885817
primary_cpe|endometrioid_grade_matched|base_refit|WT1	TCGA-D1-A17H	278	0.03834044151162954	0.0081081670931171974	0.19306167216690259	-1.1938228560178215
primary_cpe|endometrioid_grade_matched|base_refit|WT1	TCGA-D1-A17L	280	0.019837873905958148	0.0051630634396079012	0.15141422226800899	-1.3377139839774443
primary_cpe|endometrioid_grade_matched|base_refit|WT1	TCGA-D1-A17S	285	0.020230911622798928	0.0038320691181110401	0.12744546505463836	-1.1402353095117113
primary_cpe|endometrioid_grade_matched|base_refit|WT1	TCGA-D1-A3DG	298	0.022911524515591229	0.010368499151940729	0.13931169729056989	1.7643040365627822
primary_cpe|endometrioid_grade_matched|base_refit|WT1	TCGA-D1-A3DH	299	0.024070045595119716	0.014940270680327156	0.15182700351483444	2.0682301911880989
primary_cpe|endometrioid_grade_matched|base_refit|WT1	TCGA-DF-A2KS	302	0.027910382764370845	0.0046070127966329599	0.10584795422704038	-1.0599879152663236
primary_cpe|endometrioid_grade_matched|base_refit|WT1	TCGA-DF-A2KU	303	0.024526870865766499	0.0058039947606042122	0.16096903714815058	-1.2722102498717955
primary_cpe|endometrioid_grade_matched|base_refit|WT1	TCGA-DF-A2KV	304	0.023706452960336161	0.0023110384737675496	0.10955445655719781	-0.81585838163412194
primary_cpe|endometrioid_grade_matched|base_refit|WT1	TCGA-DF-A2L0	306	0.019618727752739144	0.0037907889687656491	0.10525692735580242	-1.1520366642646394
primary_cpe|endometrioid_grade_matched|base_refit|WT1	TCGA-E6-A1M0	313	0.024940568949164577	0.0026893180092492763	0.10820992744202754	-0.85758742240312658
primary_cpe|endometrioid_grade_matched|base_refit|WT1	TCGA-EC-A1NJ	315	0.013637805434875867	0.0052738072967114715	0.12895901093734755	-1.6376992321724348
primary_cpe|endometrioid_grade_matched|base_refit|WT1	TCGA-EO-A22R	319	0.023038138926226338	0.0049144834526347178	0.15627065181702057	1.2085679351927996
primary_cpe|endometrioid_grade_matched|base_refit|WT1	TCGA-EO-A22U	322	0.028807383115750797	0.0081126546967549163	0.18942254405211026	1.3853700474301931
primary_cpe|endometrioid_grade_matched|base_refit|WT1	TCGA-EO-A22X	323	0.027898265040171847	0.0029734229077734609	0.10680826849700176	0.85130327427393881
primary_cpe|endometrioid_grade_matched|base_refit|WT1	TCGA-EO-A3AS	325	0.024429557130736725	0.0067486092543215378	0.12203247094325023	1.3751363787162796
primary_cpe|endometrioid_grade_matched|base_refit|WT1	TCGA-EO-A3AV	327	0.029858641038181109	0.0092679759853068738	0.17255724011875212	-1.4540241957664157
primary_cpe|endometrioid_grade_matched|base_refit|WT1	TCGA-EO-A3AY	328	0.024381880582907765	0.0032849411076295854	0.12546616530477889	-0.95911903866750015
primary_cpe|endometrioid_grade_matched|base_refit|WT1	TCGA-EO-A3L0	331	0.017053872202641384	0.0035526153270597992	0.10500203569602207	-1.197924856281628
primary_cpe|endometrioid_grade_matched|base_refit|WT1	TCGA-EY-A1GC	332	0.023477957542320529	0.0043957004981874295	0.11004789373869162	-1.1317156843227392
primary_cpe|endometrioid_grade_matched|base_refit|WT1	TCGA-EY-A1GD	333	0.024857807262610197	0.0081796611104020898	0.20615840192595081	1.501232215860351
primary_cpe|endometrioid_grade_matched|base_refit|WT1	TCGA-EY-A1GE	334	0.040711587709842366	0.0065818155817860859	0.19195945876761172	-1.0420473043557228
primary_cpe|endometrioid_grade_matched|base_refit|WT1	TCGA-EY-A1GH	336	0.017214823999938574	0.0044640018643984179	0.13387413043919422	-1.3370489147560993
primary_cpe|endometrioid_grade_matched|base_refit|WT1	TCGA-EY-A1GI	337	0.025312827410199235	0.0023600611549522811	0.10520032891400151	-0.79718780592951655
primary_cpe|endometrioid_grade_matched|base_refit|WT1	TCGA-EY-A1GL	339	0.018836315423863523	0.0065538152886975287	0.16431007476457199	1.5487509415162599
primary_cpe|endometrioid_grade_matched|base_refit|WT1	TCGA-EY-A1GP	341	0.023569384494041487	0.0044284494810657854	0.10472792345812279	1.1336719929241277
primary_cpe|endometrioid_grade_matched|base_refit|WT1	TCGA-EY-A1GR	343	0.02370929532365661	0.0051727197937875384	0.11644140565244722	-1.2218715441678059
primary_cpe|endometrioid_grade_matched|base_refit|WT1	TCGA-EY-A1GU	345	0.018272417830269748	0.0082386969324305462	0.17276425217354088	1.765241769257462
primary_cpe|endometrioid_grade_matched|base_refit|WT1	TCGA-EY-A1H0	348	0.015197062045555168	0.0064328045129088546	0.129538562166198	1.712641826160366
primary_cpe|endometrioid_grade_matched|base_refit|WT1	TCGA-EY-A2OQ	353	0.022492252424609359	0.005152888617907061	0.11448299703325543	1.2529957750895686
primary_cpe|endometrioid_grade_matched|base_refit|WT1	TCGA-EY-A3L3	354	0.023530393431673183	0.011336999754504116	0.13509810543482545	1.820353125671742
primary_cpe|endometrioid_grade_matched|base_refit|WT1	TCGA-EY-A72D	360	0.01852667040795266	0.0054108322336940172	0.12026069811515111	1.4184366642789028
primary_cpe|endometrioid_grade_matched|base_refit|WT1	TCGA-FI-A2D0	362	0.046288738826090831	0.016964400098243394	0.23822354351928199	1.5672387938042165
primary_cpe|endometrioid_grade_matched|base_refit|WT1	TCGA-FI-A2D5	364	0.024973050143184881	0.0032747193431136301	0.12420413376494882	-0.94590449199907622
primary_cpe|endometrioid_grade_matched|base_refit|WT1	TCGA-FI-A2D6	365	0.023050599827514687	0.0038339378948917414	0.12719571246804315	-1.0667108827745704
primary_cpe|endometrioid_grade_matched|base_refit|WT1	TCGA-QF-A5YS	371	0.031600457768250004	0.013691399277824062	0.26229561873057822	1.7182533071130393
primary_cpe|endometrioid_grade_matched|base_refit|WT1	TCGA-QS-A5YQ	373	0.032782394157736539	0.00300217529348361	0.1220680591214237	-0.78702245522682768
primary_cpe|endometrioid_grade_matched|base_refit|WT1	TCGA-SL-A6J9	378	0.023633754377864885	0.0066270171785853425	0.1418142463143052	-1.3860653377993442
primary_cpe|endometrioid_grade_matched|base_plus_binary_grade|WT1	TCGA-5B-A90C	2	0.034358118207421219	0.0079749220204034209	0.15263956359665715	1.3404983236568981
primary_cpe|endometrioid_grade_matched|base_plus_binary_grade|WT1	TCGA-A5-A0GH	8	0.021281915577983188	0.0083289647078920725	0.15382724959235713	1.7553978128225411
primary_cpe|endometrioid_grade_matched|base_plus_binary_grade|WT1	TCGA-A5-A0VQ	24	0.022376081214218801	0.0060522356615660142	0.16317122668395406	1.4566346480718908
primary_cpe|endometrioid_grade_matched|base_plus_binary_grade|WT1	TCGA-A5-A3LO	29	0.024351753582622135	0.0046380883272606945	0.1159459297530047	1.2200594858771132
primary_cpe|endometrioid_grade_matched|base_plus_binary_grade|WT1	TCGA-AJ-A2QK	32	0.028421723781042865	0.0042182004345350903	0.11054917853269988	-1.0742669002928669
primary_cpe|endometrioid_grade_matched|base_plus_binary_grade|WT1	TCGA-AJ-A2QL	33	0.019988634890240109	0.0060143286834658544	0.13416617584934856	-1.5387194335989813
primary_cpe|endometrioid_grade_matched|base_plus_binary_grade|WT1	TCGA-AJ-A3EL	40	0.027140781669105669	0.0038555923705467874	0.12937967611861345	-1.0516378432295812
primary_cpe|endometrioid_grade_matched|base_plus_binary_grade|WT1	TCGA-AJ-A3EM	41	0.023923902151175395	0.0084652249035595695	0.13345397723866018	1.6661895999218497
primary_cpe|endometrioid_grade_matched|base_plus_binary_grade|WT1	TCGA-AJ-A3I9	42	0.024735074098578641	0.0055572411179130674	0.10569837346340828	-1.3253190307205525
primary_cpe|endometrioid_grade_matched|base_plus_binary_grade|WT1	TCGA-AJ-A3OL	45	0.022779364102983736	0.0091995507135078057	0.15353007140525707	1.7820510554303388
primary_cpe|endometrioid_grade_matched|base_plus_binary_grade|WT1	TCGA-AJ-A5DW	47	0.033158720162338479	0.0029199116407333755	0.11023972450291752	-0.82493929966195378
primary_cpe|endometrioid_grade_matched|base_plus_binary_grade|WT1	TCGA-AJ-A6NU	48	0.033366378794532678	0.0067921295161908557	0.14135202335672176	-1.2556271582811946
primary_cpe|endometrioid_grade_matched|base_plus_binary_grade|WT1	TCGA-AJ-A8CT	49	0.042989421704322656	0.0048919338997220089	0.15187427884518037	-0.93322741101531226
primary_cpe|endometrioid_grade_matched|base_plus_binary_grade|WT1	TCGA-AP-A051	52	0.025467173688838544	0.0035509510824426205	0.1348933656534235	-1.042740296918174
primary_cpe|endometrioid_grade_matched|base_plus_binary_grade|WT1	TCGA-AP-A056	54	0.050786510038269499	0.0051986828434948769	0.13160441529973416	0.88139203972414326
primary_cpe|endometrioid_grade_matched|base_plus_binary_grade|WT1	TCGA-AP-A0LF	60	0.042798766915909989	0.0065535660513539795	0.16525853821700942	1.0831057486427913
primary_cpe|endometrioid_grade_matched|base_plus_binary_grade|WT1	TCGA-AP-A0LL	63	0.018673594783090636	0.0028020049872156706	0.10555690088862281	-1.0856164869596643
primary_cpe|endometrioid_grade_matched|base_plus_binary_grade|WT1	TCGA-AP-A0LM	64	0.040134149531117144	0.0029945745226975452	0.1027214387482672	0.75650358153918751
primary_cpe|endometrioid_grade_matched|base_plus_binary_grade|WT1	TCGA-AP-A0LS	68	0.04716354050958637	0.0090385942780591613	0.2165642943173744	-1.2094037811731402
primary_cpe|endometrioid_grade_matched|base_plus_binary_grade|WT1	TCGA-AP-A1DR	75	0.014442279098111334	0.0040832882965054617	0.11314302454942023	1.4955254957931976
primary_cpe|endometrioid_grade_matched|base_plus_binary_grade|WT1	TCGA-AP-A1E0	77	0.032557033739535016	0.0062432971187106889	0.1571940833992988	1.2190621265632824
primary_cpe|endometrioid_grade_matched|base_plus_binary_grade|WT1	TCGA-AX-A05Z	87	0.032707784032118395	0.0050189939994046565	0.14551298017611811	-1.0899745478215965
primary_cpe|endometrioid_grade_matched|base_plus_binary_grade|WT1	TCGA-AX-A06F	93	0.03202335537994476	0.0038387134288948885	0.12621088075398187	0.96337391073372403
primary_cpe|endometrioid_grade_matched|base_plus_binary_grade|WT1	TCGA-AX-A06H	94	0.023445204635379718	0.0057352124756941117	0.10879686230399313	-1.3841238935628144
primary_cpe|endometrioid_grade_matched|base_plus_binary_grade|WT1	TCGA-AX-A06J	95	0.027950864360365618	0.0048708683043868963	0.1311062438899758	1.1646693553494936
primary_cpe|endometrioid_grade_matched|base_plus_binary_grade|WT1	TCGA-AX-A1C5	101	0.021786144665496887	0.0071595081230785137	0.1576663214702117	1.6070714874165424
primary_cpe|endometrioid_grade_matched|base_plus_binary_grade|WT1	TCGA-AX-A2HH	114	0.0332980691129467	0.011241210672895859	0.16092793754554063	1.6193218406386607
primary_cpe|endometrioid_grade_matched|base_plus_binary_grade|WT1	TCGA-AX-A2HK	116	0.023138795616019746	0.0077512585561685093	0.12037480709818581	1.6215345168886346
primary_cpe|endometrioid_grade_matched|base_plus_binary_grade|WT1	TCGA-AX-A3G1	124	0.024149417718524052	0.0049845507229409648	0.12266636039983754	-1.2704408808519625
primary_cpe|endometrioid_grade_matched|base_plus_binary_grade|WT1	TCGA-AX-A3GB	127	0.050968828092347013	0.0041371096147754301	0.14839487210411445	0.78461559025017724
primary_cpe|endometrioid_grade_matched|base_plus_binary_grade|WT1	TCGA-B5-A0JX	133	0.025450650933504543	0.0086923940581934839	0.15337124946782343	-1.6354699945744826
primary_cpe|endometrioid_grade_matched|base_plus_binary_grade|WT1	TCGA-B5-A0K1	136	0.20265182241357349	0.05368245672498307	0.6279154801009299	1.3011099954768706
primary_cpe|endometrioid_grade_matched|base_plus_binary_grade|WT1	TCGA-B5-A11N	149	0.046931754453941481	0.0069321601094339217	0.18433096217068742	-1.0614065641351058
primary_cpe|endometrioid_grade_matched|base_plus_binary_grade|WT1	TCGA-B5-A11U	155	0.02276343654838639	0.0025616506921461554	0.10625618273158324	0.93781145206136562
primary_cpe|endometrioid_grade_matched|base_plus_binary_grade|WT1	TCGA-B5-A11Z	159	0.023470989657180683	0.0037750909075941913	0.11698707737418203	1.1213360152969305
primary_cpe|endometrioid_grade_matched|base_plus_binary_grade|WT1	TCGA-B5-A1MR	161	0.048091376795700483	0.014272311075260113	0.20630546737796154	-1.5058957876814252
primary_cpe|endometrioid_grade_matched|base_plus_binary_grade|WT1	TCGA-B5-A3F9	166	0.022608692072530207	0.0040020912059322315	0.10471445027191129	1.1770907234909544
primary_cpe|endometrioid_grade_matched|base_plus_binary_grade|WT1	TCGA-B5-A3FA	167	0.029117414676667758	0.0080480381798867812	0.20671685301962914	1.4674699900045269
primary_cpe|endometrioid_grade_matched|base_plus_binary_grade|WT1	TCGA-B5-A3FC	169	0.026890325040259198	0.0056022216653657591	0.16053714655525442	-1.2745952468485782
primary_cpe|endometrioid_grade_matched|base_plus_binary_grade|WT1	TCGA-B5-A3FH	171	0.018043470672203216	0.003786085067314952	0.1290211741195636	-1.2850087626793678
primary_cpe|endometrioid_grade_matched|base_plus_binary_grade|WT1	TCGA-B5-A5OC	172	0.023743904809966063	0.0073113949762704062	0.12591336966853908	-1.5537272853174644
primary_cpe|endometrioid_grade_matched|base_plus_binary_grade|WT1	TCGA-BG-A0LW	173	0.025339679214059455	0.0058971779558285829	0.17373942078077803	1.3485607705463967
primary_cpe|endometrioid_grade_matched|base_plus_binary_grade|WT1	TCGA-BG-A0MK	185	0.037158946110299851	0.0039908633923903189	0.12700430911273994	0.90933300684594354
primary_cpe|endometrioid_grade_matched|base_plus_binary_grade|WT1	TCGA-BG-A0MO	186	0.026845915834073281	0.0066228232432678519	0.17861560572679364	-1.3875791533191191
primary_cpe|endometrioid_grade_matched|base_plus_binary_grade|WT1	TCGA-BG-A0MT	188	0.012780800770760103	0.0041846611747922442	0.11352088737284151	-1.6115103807519009
primary_cpe|endometrioid_grade_matched|base_plus_binary_grade|WT1	TCGA-BG-A0VX	194	0.029664710905416659	0.0061779254543932564	0.17990148007901094	1.2725310900212696
primary_cpe|endometrioid_grade_matched|base_plus_binary_grade|WT1	TCGA-BG-A18C	203	0.030117761643822336	0.0045931386042540644	0.1154171952557332	1.0880660013036103
primary_cpe|endometrioid_grade_matched|base_plus_binary_grade|WT1	TCGA-BK-A139	209	0.025933722434588288	0.0048520037880380069	0.11704821047934098	-1.2081909365151471
primary_cpe|endometrioid_grade_matched|base_plus_binary_grade|WT1	TCGA-BK-A6W3	214	0.029304948983526539	0.0050352938896005917	0.14853663836946532	1.1556440530236358
primary_cpe|endometrioid_grade_matched|base_plus_binary_grade|WT1	TCGA-BS-A0T9	216	0.032987317931355981	0.0038574307867537462	0.11213091542372534	0.9510006989257106
primary_cpe|endometrioid_grade_matched|base_plus_binary_grade|WT1	TCGA-BS-A0UF	228	0.032316714519703083	0.0058168370005329696	0.15390199193152249	-1.1810597061715671
primary_cpe|endometrioid_grade_matched|base_plus_binary_grade|WT1	TCGA-BS-A0V7	235	0.042794683595252021	0.012581133386414808	0.25262798813634024	-1.5029554916179939
primary_cpe|endometrioid_grade_matched|base_plus_binary_grade|WT1	TCGA-BS-A0WQ	238	0.020674410800117823	0.0044965889116117992	0.12824994742093376	1.3066100833707979
primary_cpe|endometrioid_grade_matched|base_plus_binary_grade|WT1	TCGA-D1-A0ZQ	241	0.012367164663319982	0.00421145129410673	0.10350143934585736	-1.6440512051378406
primary_cpe|endometrioid_grade_matched|base_plus_binary_grade|WT1	TCGA-D1-A103	249	0.028259460188317764	0.0047417449674439045	0.16471815372929496	1.1425772309467652
primary_cpe|endometrioid_grade_matched|base_plus_binary_grade|WT1	TCGA-D1-A16X	268	0.029064841933440361	0.003636312787483542	0.14060712347911372	0.9857578215840116
primary_cpe|endometrioid_grade_matched|base_plus_binary_grade|WT1	TCGA-D1-A16Y	269	0.037153343909555228	0.020115297876598083	0.30944846051907188	2.0509328573020533
primary_cpe|endometrioid_grade_matched|base_plus_binary_grade|WT1	TCGA-D1-A17A	273	0.032710662046291333	0.0078768866609651971	0.20770672364427131	1.3666640743810072
primary_cpe|endometrioid_grade_matched|base_plus_binary_grade|WT1	TCGA-D1-A17H	278	0.041563009871744147	0.0074546292978884075	0.19323890929243917	-1.1732918033811397
primary_cpe|endometrioid_grade_matched|base_plus_binary_grade|WT1	TCGA-D1-A17L	280	0.019901844103834818	0.0045421919394574043	0.14913316966372542	-1.3391476065424013
primary_cpe|endometrioid_grade_matched|base_plus_binary_grade|WT1	TCGA-D1-A17S	285	0.020296754529305044	0.003339063444068981	0.12339846050484429	-1.1359540035990596
primary_cpe|endometrioid_grade_matched|base_plus_binary_grade|WT1	TCGA-D1-A2G6	296	0.020409674571461006	0.0040740519110377682	0.10665330932421234	1.25167916845101
primary_cpe|endometrioid_grade_matched|base_plus_binary_grade|WT1	TCGA-D1-A3DA	297	0.019857932548456535	0.0031921293482901677	0.11683451337909735	1.1230917278617576
primary_cpe|endometrioid_grade_matched|base_plus_binary_grade|WT1	TCGA-D1-A3DG	298	0.023162146603976978	0.0090945272196691317	0.13434491269519558	1.756592115056919
primary_cpe|endometrioid_grade_matched|base_plus_binary_grade|WT1	TCGA-D1-A3DH	299	0.024482675907982365	0.013180890505498373	0.14499863430877835	2.0586733190472382
primary_cpe|endometrioid_grade_matched|base_plus_binary_grade|WT1	TCGA-DF-A2KS	302	0.027943745615525994	0.0040430398595116632	0.10442522935727105	-1.0609029312130562
primary_cpe|endometrioid_grade_matched|base_plus_binary_grade|WT1	TCGA-DF-A2KU	303	0.026285358580038477	0.0055827273967602002	0.16266638797963709	-1.2873910702210174
primary_cpe|endometrioid_grade_matched|base_plus_binary_grade|WT1	TCGA-DF-A2KV	304	0.026226136286823264	0.0023461275257395222	0.1119120446828569	-0.83445969242352558
primary_cpe|endometrioid_grade_matched|base_plus_binary_grade|WT1	TCGA-DF-A2KZ	305	0.02307974079317078	0.0033668977468420524	0.11342131638996385	1.0679626782741312
primary_cpe|endometrioid_grade_matched|base_plus_binary_grade|WT1	TCGA-E6-A1M0	313	0.026035397980224886	0.002526503104780857	0.10954868421988269	-0.86926399029388279
primary_cpe|endometrioid_grade_matched|base_plus_binary_grade|WT1	TCGA-EC-A1NJ	315	0.017533122975832857	0.0058001793372248044	0.12685406114327555	-1.6159711078495755
primary_cpe|endometrioid_grade_matched|base_plus_binary_grade|WT1	TCGA-EO-A22R	319	0.024938449944927565	0.0045391948471961655	0.15396874863188945	1.1922341317096699
primary_cpe|endometrioid_grade_matched|base_plus_binary_grade|WT1	TCGA-EO-A22U	322	0.030460384468563886	0.0073519600410074104	0.18709593133859592	1.3698489475461721
primary_cpe|endometrioid_grade_matched|base_plus_binary_grade|WT1	TCGA-EO-A22X	323	0.029179275324053455	0.0026383295158505416	0.10496747782996339	0.83765959669651613
primary_cpe|endometrioid_grade_matched|base_plus_binary_grade|WT1	TCGA-EO-A3AS	325	0.026067990082638298	0.0061714681409430639	0.11319752434747714	1.3597049828576953
primary_cpe|endometrioid_grade_matched|base_plus_binary_grade|WT1	TCGA-EO-A3AV	327	0.031337098353658062	0.0086844899949400922	0.17392806209120637	-1.4677321773552834
primary_cpe|endometrioid_grade_matched|base_plus_binary_grade|WT1	TCGA-EO-A3AY	328	0.026389288466893167	0.0032246288085630249	0.12744456000325335	-0.97551837995894619
primary_cpe|endometrioid_grade_matched|base_plus_binary_grade|WT1	TCGA-EO-A3L0	331	0.021901540968185095	0.004195842106878055	0.10295775797808539	-1.2251825618478174
primary_cpe|endometrioid_grade_matched|base_plus_binary_grade|WT1	TCGA-EY-A1GC	332	0.02436836089402953	0.0040679067126031133	0.10613606596258278	-1.14192516041453
primary_cpe|endometrioid_grade_matched|base_plus_binary_grade|WT1	TCGA-EY-A1GD	333	0.029758209676564833	0.0089343175111951112	0.2162758292198716	1.529298775143912
primary_cpe|endometrioid_grade_matched|base_plus_binary_grade|WT1	TCGA-EY-A1GE	334	0.041462180654506187	0.0059757532488737535	0.19471073284570381	-1.0514326503129767
primary_cpe|endometrioid_grade_matched|base_plus_binary_grade|WT1	TCGA-EY-A1GH	336	0.019615028275875107	0.0043427715867659028	0.14468980898815073	-1.3190577831793422
primary_cpe|endometrioid_grade_matched|base_plus_binary_grade|WT1	TCGA-EY-A1GL	339	0.018883055102565161	0.0057173775760248832	0.16094223007698649	1.5444535381143112
primary_cpe|endometrioid_grade_matched|base_plus_binary_grade|WT1	TCGA-EY-A1GP	341	0.030172259158858166	0.0052846862890567614	0.11887700186625173	1.1662943404916062
primary_cpe|endometrioid_grade_matched|base_plus_binary_grade|WT1	TCGA-EY-A1GR	343	0.023890814304720592	0.0045888952638306595	0.11394456332152185	-1.225534626658753
primary_cpe|endometrioid_grade_matched|base_plus_binary_grade|WT1	TCGA-EY-A1GU	345	0.019668731033187836	0.0078851661066415939	0.1506003132861502	1.7783091595154819
primary_cpe|endometrioid_grade_matched|base_plus_binary_grade|WT1	TCGA-EY-A1GW	346	0.051100208869612501	0.0023666511379829805	0.10304426868581475	-0.5924227965401121
primary_cpe|endometrioid_grade_matched|base_plus_binary_grade|WT1	TCGA-EY-A1H0	348	0.0190160196554304	0.0072705584294307478	0.13230710397432488	1.736897215446001
primary_cpe|endometrioid_grade_matched|base_plus_binary_grade|WT1	TCGA-EY-A2OQ	353	0.022793260560686174	0.0045149249430698609	0.11035076324529854	1.2453216992258678
primary_cpe|endometrioid_grade_matched|base_plus_binary_grade|WT1	TCGA-EY-A3L3	354	0.023971413163578079	0.010005642542556635	0.12883811410348189	1.8108324229398822
primary_cpe|endometrioid_grade_matched|base_plus_binary_grade|WT1	TCGA-EY-A72D	360	0.018868959551861374	0.004768045659786186	0.11555657140513512	1.4102011870978324
primary_cpe|endometrioid_grade_matched|base_plus_binary_grade|WT1	TCGA-FI-A2D0	362	0.047231144444379675	0.014920274072486434	0.23370084700698135	1.5546710432148418
primary_cpe|endometrioid_grade_matched|base_plus_binary_grade|WT1	TCGA-FI-A2D5	364	0.026903306129890534	0.0031985429515235322	0.12614772528293181	-0.96195039697314288
primary_cpe|endometrioid_grade_matched|base_plus_binary_grade|WT1	TCGA-FI-A2D6	365	0.024338733292300713	0.0036315220138697121	0.11996814192374101	-1.0794095275710414
primary_cpe|endometrioid_grade_matched|base_plus_binary_grade|WT1	TCGA-QF-A5YS	371	0.034601620307367006	0.013481585778684847	0.2779243501311397	1.7394009102432746
primary_cpe|endometrioid_grade_matched|base_plus_binary_grade|WT1	TCGA-QS-A5YQ	373	0.035072160177401751	0.0026920125004845428	0.12391876393532474	-0.76932761003504369
primary_cpe|endometrioid_grade_matched|base_plus_binary_grade|WT1	TCGA-QS-A744	375	0.019878346533100971	0.0050013532307704427	0.11540056174505756	1.4063996049979681
primary_cpe|endometrioid_grade_matched|base_plus_binary_grade|WT1	TCGA-SL-A6J9	378	0.023864139423628201	0.0058915458369177198	0.1386576588303387	-1.3902267783401869
primary_cpe|endometrioid_grade_matched|base_refit|PAX8	TCGA-2E-A9G8	0	0.018362533262098538	0.0047416419953760832	0.11252417558193852	1.3334451675109686
primary_cpe|endometrioid_grade_matched|base_refit|PAX8	TCGA-A5-A0GH	8	0.020238120734909826	0.015393766379796186	0.20108649318362409	2.2970586942509028
primary_cpe|endometrioid_grade_matched|base_refit|PAX8	TCGA-A5-A0GJ	10	0.025588337611658175	0.0058902120415792137	0.11468506858474935	-1.2540005551390074
primary_cpe|endometrioid_grade_matched|base_refit|PAX8	TCGA-A5-A0GQ	14	0.021906015515135602	0.0036027815597774989	0.1259860984363857	1.0613293363875547
primary_cpe|endometrioid_grade_matched|base_refit|PAX8	TCGA-A5-A0GW	17	0.050242669917362225	0.018189733361884831	0.2811598101623547	-1.5543720712514084
primary_cpe|endometrioid_grade_matched|base_refit|PAX8	TCGA-A5-A1OJ	25	0.032477946131143756	0.004299000335181602	0.12572302328255128	0.94669153746297363
primary_cpe|endometrioid_grade_matched|base_refit|PAX8	TCGA-A5-A2K5	27	0.023109664751926069	0.002617419331091708	0.11813986314586737	-0.87979232249065964
primary_cpe|endometrioid_grade_matched|base_refit|PAX8	TCGA-A5-A3LO	29	0.024286081682843581	0.0058922150207399975	0.12458306857176901	-1.2884119068811077
primary_cpe|endometrioid_grade_matched|base_refit|PAX8	TCGA-AJ-A2QK	32	0.027925896042221211	0.0053291795014291108	0.12123300603118152	-1.1399863494767448
primary_cpe|endometrioid_grade_matched|base_refit|PAX8	TCGA-AJ-A3BK	39	0.019560161412253509	0.0028050037012051594	0.10369495433536752	-0.99204362334073282
primary_cpe|endometrioid_grade_matched|base_refit|PAX8	TCGA-AJ-A3EL	40	0.025897777717886122	0.0027883254714994817	0.10556288071636563	0.85651828827789844
primary_cpe|endometrioid_grade_matched|base_refit|PAX8	TCGA-AJ-A3EM	41	0.02388871310983429	0.0068221882158841863	0.11398480532878327	1.3986858533323301
primary_cpe|endometrioid_grade_matched|base_refit|PAX8	TCGA-AJ-A5DW	47	0.027005925625545064	0.0027455487441964055	0.11036924447959168	-0.83178235305898141
primary_cpe|endometrioid_grade_matched|base_refit|PAX8	TCGA-AJ-A6NU	48	0.024660814151470055	0.0038097232706088488	0.10427732514623596	1.0270741868536859
primary_cpe|endometrioid_grade_matched|base_refit|PAX8	TCGA-AJ-A8CT	49	0.042588941733758628	0.0032954185873672387	0.12535961806386697	0.71965486848306015
primary_cpe|endometrioid_grade_matched|base_refit|PAX8	TCGA-AJ-A8CV	50	0.015329946263802916	0.0038305909855190241	0.11137871695411891	-1.3136480009434772
primary_cpe|endometrioid_grade_matched|base_refit|PAX8	TCGA-AP-A051	52	0.02366629843987126	0.0058694193514933126	0.16865478075444687	1.3031266105209731
primary_cpe|endometrioid_grade_matched|base_refit|PAX8	TCGA-AP-A056	54	0.049852383606603635	0.015756170445494874	0.21886489725724051	-1.4520153808427412
primary_cpe|endometrioid_grade_matched|base_refit|PAX8	TCGA-AP-A059	55	0.028568382344750391	0.0052888903554274861	0.13636975183351441	1.1223951230670637
primary_cpe|endometrioid_grade_matched|base_refit|PAX8	TCGA-AP-A0LM	64	0.035842344164541282	0.0043567464472105974	0.12304004412455992	0.90552648995756191
primary_cpe|endometrioid_grade_matched|base_refit|PAX8	TCGA-AP-A0LS	68	0.03915121645889081	0.0064483579247733543	0.18321699193519331	-1.0526679694686321
primary_cpe|endometrioid_grade_matched|base_refit|PAX8	TCGA-AP-A0LT	69	0.014164802594733888	0.008718129660157059	0.10658383717678682	2.0699576341369013
primary_cpe|endometrioid_grade_matched|base_refit|PAX8	TCGA-AP-A1E0	77	0.025310206776689135	0.008925775524940241	0.19853061997747698	1.5541026567463063
primary_cpe|endometrioid_grade_matched|base_refit|PAX8	TCGA-AX-A05Z	87	0.027860363989296949	0.0033256699106191602	0.11297037853966255	0.90105227450967529
primary_cpe|endometrioid_grade_matched|base_refit|PAX8	TCGA-AX-A060	88	0.013126465256242691	0.007245643558213985	0.1209489739317082	1.9601654969954339
primary_cpe|endometrioid_grade_matched|base_refit|PAX8	TCGA-AX-A06B	92	0.026652055814095785	0.0057410632478836409	0.1218251659011136	-1.2122356441924096
primary_cpe|endometrioid_grade_matched|base_refit|PAX8	TCGA-AX-A06F	93	0.030214288295054591	0.0077410643288720292	0.1729747795642553	1.3201187996030488
primary_cpe|endometrioid_grade_matched|base_refit|PAX8	TCGA-AX-A1CF	104	0.019303820654114633	0.006835636876210421	0.14063872845691111	1.5621437262606865
primary_cpe|endometrioid_grade_matched|base_refit|PAX8	TCGA-AX-A2HK	116	0.022823204213849271	0.0063332255778136793	0.10622941530567935	1.3793822887611553
primary_cpe|endometrioid_grade_matched|base_refit|PAX8	TCGA-AX-A2IN	117	0.019748630041939712	0.0035719755347445956	0.121157175432089	1.1144081584388765
primary_cpe|endometrioid_grade_matched|base_refit|PAX8	TCGA-AX-A3FV	120	0.028306137474366007	0.013305102829578169	0.20603763797781766	1.7933659258389036
primary_cpe|endometrioid_grade_matched|base_refit|PAX8	TCGA-AX-A3GB	127	0.031261515475790029	0.0058284868254312901	0.17451707328163699	-1.1248109282551417
primary_cpe|endometrioid_grade_matched|base_refit|PAX8	TCGA-B5-A0K0	135	0.019092164353827129	0.0071342211099032198	0.15310567205859391	-1.6051836836897815
primary_cpe|endometrioid_grade_matched|base_refit|PAX8	TCGA-B5-A0K1	136	0.19934946234420961	0.0070132828020353505	0.2128901321757018	-0.44356322529408732
primary_cpe|endometrioid_grade_matched|base_refit|PAX8	TCGA-B5-A11N	149	0.045707220432317355	0.0049393440921808689	0.14447965866926077	0.84931694137136882
primary_cpe|endometrioid_grade_matched|base_refit|PAX8	TCGA-B5-A11U	155	0.020238604927349635	0.0047773799756701714	0.1435398889775589	-1.2734308739037248
primary_cpe|endometrioid_grade_matched|base_refit|PAX8	TCGA-B5-A1MR	161	0.046514127862872144	0.0078989619384539581	0.14833451193172606	-1.0648210446487532
primary_cpe|endometrioid_grade_matched|base_refit|PAX8	TCGA-B5-A3FA	167	0.026036769671102154	0.010767761755828107	0.23715061337675158	1.6832716004366641
primary_cpe|endometrioid_grade_matched|base_refit|PAX8	TCGA-B5-A3FC	169	0.024824559853022787	0.0049509712812316172	0.14728205885772228	-1.1673629136798673
primary_cpe|endometrioid_grade_matched|base_refit|PAX8	TCGA-BG-A0LW	173	0.025167803286153447	0.0058883177655540591	0.16427756419630185	-1.2645482379988111
primary_cpe|endometrioid_grade_matched|base_refit|PAX8	TCGA-BG-A0MG	183	0.016147094605694114	0.0046677596429786751	0.12769133588247364	1.4128638833917215
primary_cpe|endometrioid_grade_matched|base_refit|PAX8	TCGA-BG-A0MO	186	0.026682609661075593	0.0041408777945924711	0.13201608507216023	-1.0283519912389745
primary_cpe|endometrioid_grade_matched|base_refit|PAX8	TCGA-BG-A0VX	194	0.025814086838430471	0.0037944010123559207	0.13304631266739242	-1.0011855070396791
primary_cpe|endometrioid_grade_matched|base_refit|PAX8	TCGA-BK-A139	209	0.025734994997809797	0.0063192629897834687	0.12858780421243513	-1.2952479036403375
primary_cpe|endometrioid_grade_matched|base_refit|PAX8	TCGA-BK-A6W3	214	0.023924568137928957	0.0037895295243825827	0.1325238604192214	-1.0404214912876324
primary_cpe|endometrioid_grade_matched|base_refit|PAX8	TCGA-BS-A0TC	218	0.038816442151006117	0.016745735179942524	0.29646451253499578	1.70808668815175
primary_cpe|endometrioid_grade_matched|base_refit|PAX8	TCGA-BS-A0TE	220	0.010797808247570024	0.0048691892622207836	0.10448499965839959	1.7721260012774953
primary_cpe|endometrioid_grade_matched|base_refit|PAX8	TCGA-BS-A0UF	228	0.030462014782643966	0.0045170068342470261	0.13095681693195729	-1.0031854179206325
primary_cpe|endometrioid_grade_matched|base_refit|PAX8	TCGA-BS-A0UL	230	0.01890202808887681	0.0029846074942703358	0.10458387071909134	1.041463110300082
primary_cpe|endometrioid_grade_matched|base_refit|PAX8	TCGA-BS-A0V4	233	0.026568183639559893	0.0099457073063853336	0.2198062721254356	1.6004637281375891
primary_cpe|endometrioid_grade_matched|base_refit|PAX8	TCGA-D1-A0ZZ	246	0.027117948991484175	0.011862728824364299	0.16767497577362683	1.73061850508612
primary_cpe|endometrioid_grade_matched|base_refit|PAX8	TCGA-D1-A16J	262	0.016476086378018704	0.0053325746526036461	0.13446880829067342	1.4952061726127057
primary_cpe|endometrioid_grade_matched|base_refit|PAX8	TCGA-D1-A16R	266	0.014493917975486048	0.0048651472073518607	0.11939413731612694	-1.5244145849854998
primary_cpe|endometrioid_grade_matched|base_refit|PAX8	TCGA-D1-A16V	267	0.020964604535967383	0.0053046342633760804	0.1235485453590334	-1.3181399432124989
primary_cpe|endometrioid_grade_matched|base_refit|PAX8	TCGA-D1-A16X	268	0.025306804506782264	0.0029948944897571009	0.12069790367323251	0.89834410342174731
primary_cpe|endometrioid_grade_matched|base_refit|PAX8	TCGA-D1-A16Y	269	0.033054663621790242	0.018015038211517932	0.28330559568244695	1.9276426267091886
primary_cpe|endometrioid_grade_matched|base_refit|PAX8	TCGA-D1-A177	272	0.027423412538718883	0.019102665008463065	0.27464976549902642	2.1887327817053879
primary_cpe|endometrioid_grade_matched|base_refit|PAX8	TCGA-D1-A17H	278	0.03834044151162954	0.0049515336725331162	0.1508705893336981	0.93223363375414614
primary_cpe|endometrioid_grade_matched|base_refit|PAX8	TCGA-D1-A1O7	293	0.015303504120624929	0.0053363331468391888	0.12479823736028414	1.5532704549130969
primary_cpe|endometrioid_grade_matched|base_refit|PAX8	TCGA-D1-A1O8	294	0.031601920118023166	0.0082718081982477466	0.12655879257965699	-1.3334353157895658
primary_cpe|endometrioid_grade_matched|base_refit|PAX8	TCGA-D1-A3DG	298	0.022911524515591229	0.010468008056943206	0.13997860442354165	1.7728212249282325
primary_cpe|endometrioid_grade_matched|base_refit|PAX8	TCGA-D1-A3DH	299	0.024070045595119716	0.0093600920802284302	0.12017381501795696	1.6335374330042605
primary_cpe|endometrioid_grade_matched|base_refit|PAX8	TCGA-DF-A2KS	302	0.027910382764370845	0.0075554554315498375	0.13555111159286365	-1.3587566444785513
primary_cpe|endometrioid_grade_matched|base_refit|PAX8	TCGA-DF-A2KU	303	0.024526870865766499	0.0042999080702844448	0.13855060476016812	1.0944105521845371
primary_cpe|endometrioid_grade_matched|base_refit|PAX8	TCGA-DF-A2KV	304	0.023706452960336161	0.012516562429712778	0.25495820684218651	1.9062346122319933
primary_cpe|endometrioid_grade_matched|base_refit|PAX8	TCGA-DI-A1NO	311	0.038898334669287271	0.021906454057678212	0.27949069164439616	1.9538368415476219
primary_cpe|endometrioid_grade_matched|base_refit|PAX8	TCGA-E6-A1M0	313	0.024940568949164577	0.003376039436378596	0.12124107579616225	-0.96110476476521034
primary_cpe|endometrioid_grade_matched|base_refit|PAX8	TCGA-EO-A22T	321	0.020090947954332992	0.0043513923105551449	0.13410655331059618	1.2196619462757285
primary_cpe|endometrioid_grade_matched|base_refit|PAX8	TCGA-EO-A22X	323	0.027898265040171847	0.0062901415263289335	0.15534838463373504	-1.2395343448993583
primary_cpe|endometrioid_grade_matched|base_refit|PAX8	TCGA-EO-A3AS	325	0.024429557130736725	0.0050032049957965266	0.10507330969230592	-1.1832526345844081
primary_cpe|endometrioid_grade_matched|base_refit|PAX8	TCGA-EO-A3AV	327	0.029858641038181109	0.0038738937005513771	0.11156156189979012	0.93850361401639093
primary_cpe|endometrioid_grade_matched|base_refit|PAX8	TCGA-EO-A3B0	329	0.030440573739235869	0.0055938579627698116	0.13074590926764534	-1.1171458445412676
primary_cpe|endometrioid_grade_matched|base_refit|PAX8	TCGA-EO-A3L0	331	0.017053872202641384	0.0043941750932771553	0.11677834212862725	1.3328850093335163
primary_cpe|endometrioid_grade_matched|base_refit|PAX8	TCGA-EY-A1GE	334	0.040711587709842366	0.0072870577900970377	0.20198204681850163	-1.096626191569805
primary_cpe|endometrioid_grade_matched|base_refit|PAX8	TCGA-EY-A1GL	339	0.018836315423863523	0.010207324122923002	0.20505626727310522	1.9362987959712428
primary_cpe|endometrioid_grade_matched|base_refit|PAX8	TCGA-EY-A1GR	343	0.02370929532365661	0.005524027199236798	0.12033054036646987	-1.2628540865197249
primary_cpe|endometrioid_grade_matched|base_refit|PAX8	TCGA-EY-A1GU	345	0.018272417830269748	0.0090745823986732865	0.18131675803368588	1.8534158884569105
primary_cpe|endometrioid_grade_matched|base_refit|PAX8	TCGA-EY-A547	355	0.024286297088343685	0.0084787442557321367	0.11241201403050219	1.5470523066010637
primary_cpe|endometrioid_grade_matched|base_refit|PAX8	TCGA-FI-A2D5	364	0.024973050143184881	0.0028961835971521312	0.11680516641366058	-0.88943235963635847
primary_cpe|endometrioid_grade_matched|base_refit|PAX8	TCGA-QS-A5YQ	373	0.032782394157736539	0.0088890380590698551	0.21004454103385681	1.356458846978386
primary_cpe|endometrioid_grade_matched|base_plus_binary_grade|PAX8	TCGA-2E-A9G8	0	0.028162828485930193	0.0055376575560913402	0.12416222470585378	1.2373038160295766
primary_cpe|endometrioid_grade_matched|base_plus_binary_grade|PAX8	TCGA-5B-A90C	2	0.034358118207421219	0.0059823968461235246	0.1322030584767111	-1.1603207054648812
primary_cpe|endometrioid_grade_matched|base_plus_binary_grade|PAX8	TCGA-A5-A0GH	8	0.021281915577983188	0.014612747268473322	0.20375285396618389	2.3324425596569114
primary_cpe|endometrioid_grade_matched|base_plus_binary_grade|PAX8	TCGA-A5-A0GJ	10	0.03133534377745175	0.0072106085129073757	0.13405927579960991	-1.3367781632504407
primary_cpe|endometrioid_grade_matched|base_plus_binary_grade|PAX8	TCGA-A5-A0GQ	14	0.02264383104531191	0.0030938692743835389	0.12402818511630301	1.0336831379066482
primary_cpe|endometrioid_grade_matched|base_plus_binary_grade|PAX8	TCGA-A5-A0GW	17	0.051461230992148013	0.015585100023141034	0.27184208892063455	-1.5186174260490741
primary_cpe|endometrioid_grade_matched|base_plus_binary_grade|PAX8	TCGA-A5-A1OJ	25	0.0327745785789205	0.003943338027295607	0.12810059102577531	0.96478801885117704
primary_cpe|endometrioid_grade_matched|base_plus_binary_grade|PAX8	TCGA-A5-A2K5	27	0.025533927681930017	0.0022582340896746254	0.11132990766423348	-0.8299890021798445
primary_cpe|endometrioid_grade_matched|base_plus_binary_grade|PAX8	TCGA-A5-A3LO	29	0.024351753582622135	0.0051038878956604907	0.12162883958556772	-1.280116744131657
primary_cpe|endometrioid_grade_matched|base_plus_binary_grade|PAX8	TCGA-AJ-A2QK	32	0.028421723781042865	0.0045610750038972605	0.11495437928178093	-1.1172158996042161
primary_cpe|endometrioid_grade_matched|base_plus_binary_grade|PAX8	TCGA-AJ-A2QL	33	0.019988634890240109	0.0038176166870942268	0.10689210314264169	-1.2244934086129091
primary_cpe|endometrioid_grade_matched|base_plus_binary_grade|PAX8	TCGA-AJ-A3EL	40	0.027140781669105669	0.0027863128028928074	0.1099855013386816	0.89362670578859471
primary_cpe|endometrioid_grade_matched|base_plus_binary_grade|PAX8	TCGA-AJ-A3EM	41	0.023923902151175395	0.0060318079311044038	0.11265125200717732	1.4049547124101021
primary_cpe|endometrioid_grade_matched|base_plus_binary_grade|PAX8	TCGA-AJ-A5DW	47	0.033158720162338479	0.0035983219098320971	0.12237797739058774	-0.91596675024513907
primary_cpe|endometrioid_grade_matched|base_plus_binary_grade|PAX8	TCGA-AJ-A6NU	48	0.033366378794532678	0.0037712010041457845	0.10532680018189695	0.93473288444792191
primary_cpe|endometrioid_grade_matched|base_plus_binary_grade|PAX8	TCGA-AJ-A8CT	49	0.042989421704322656	0.0027470497706364476	0.11380915599939805	0.69896764813338419
primary_cpe|endometrioid_grade_matched|base_plus_binary_grade|PAX8	TCGA-AJ-A8CV	50	0.020386504519514858	0.005019489398699107	0.12304283849002313	-1.3908347243760015
primary_cpe|endometrioid_grade_matched|base_plus_binary_grade|PAX8	TCGA-AP-A051	52	0.025467173688838544	0.0059270880303396089	0.17427654223245742	1.3484994453742085
primary_cpe|endometrioid_grade_matched|base_plus_binary_grade|PAX8	TCGA-AP-A056	54	0.050786510038269499	0.01346024673412515	0.21176311114034302	-1.4206031075772045
primary_cpe|endometrioid_grade_matched|base_plus_binary_grade|PAX8	TCGA-AP-A059	55	0.030111388653661045	0.0052547239844941453	0.14123451656209654	1.1641871571815847
primary_cpe|endometrioid_grade_matched|base_plus_binary_grade|PAX8	TCGA-AP-A0LM	64	0.040134149531117144	0.004978727093529694	0.13245022231623171	0.97594342685097502
primary_cpe|endometrioid_grade_matched|base_plus_binary_grade|PAX8	TCGA-AP-A0LS	68	0.04716354050958637	0.0081897785034030484	0.20614484857481152	-1.1510033103437949
primary_cpe|endometrioid_grade_matched|base_plus_binary_grade|PAX8	TCGA-AP-A0LT	69	0.020896186578648827	0.010496058549113356	0.16446624602216756	1.9914220207011224
primary_cpe|endometrioid_grade_matched|base_plus_binary_grade|PAX8	TCGA-AP-A1E0	77	0.032557033739535016	0.0090749842337034901	0.18951872828969324	1.4710812172472725
primary_cpe|endometrioid_grade_matched|base_plus_binary_grade|PAX8	TCGA-AX-A05Z	87	0.032707784032118395	0.0029215697367654396	0.1110200773936741	0.83104731375891461
primary_cpe|endometrioid_grade_matched|base_plus_binary_grade|PAX8	TCGA-AX-A060	88	0.016621359802353533	0.0085963254770121417	0.12437953335835319	2.0254994230310888
primary_cpe|endometrioid_grade_matched|base_plus_binary_grade|PAX8	TCGA-AX-A062	89	0.017759430513115945	0.0036232735839772509	0.10366582145723817	1.2671945565628544
primary_cpe|endometrioid_grade_matched|base_plus_binary_grade|PAX8	TCGA-AX-A06B	92	0.02724666715522954	0.0049305973925265947	0.1149766919217397	-1.1873493381298019
primary_cpe|endometrioid_grade_matched|base_plus_binary_grade|PAX8	TCGA-AX-A06F	93	0.03202335537994476	0.007695991939052107	0.17870481470420052	1.3657803634914709
primary_cpe|endometrioid_grade_matched|base_plus_binary_grade|PAX8	TCGA-AX-A0J0	98	0.035217811287911238	0.0028826672011346213	0.10719838395164787	-0.79443849304627256
primary_cpe|endometrioid_grade_matched|base_plus_binary_grade|PAX8	TCGA-AX-A1CF	104	0.019531599685216925	0.0061765306616325434	0.13816442812234608	1.5780960471888867
primary_cpe|endometrioid_grade_matched|base_plus_binary_grade|PAX8	TCGA-AX-A2HK	116	0.023138795616019746	0.0057729984283005978	0.10388437037204507	1.3981326739693247
primary_cpe|endometrioid_grade_matched|base_plus_binary_grade|PAX8	TCGA-AX-A2IN	117	0.020983570559493431	0.0035495300919823427	0.11619901559942217	1.1515318304367124
primary_cpe|endometrioid_grade_matched|base_plus_binary_grade|PAX8	TCGA-AX-A3FV	120	0.03206048505775147	0.014248916302285775	0.17652222886639998	1.8612672075946062
primary_cpe|endometrioid_grade_matched|base_plus_binary_grade|PAX8	TCGA-AX-A3GB	127	0.050968828092347013	0.0065681781061323738	0.18697900324477423	-0.98910573255643719
primary_cpe|endometrioid_grade_matched|base_plus_binary_grade|PAX8	TCGA-B5-A0K0	135	0.019154242337878186	0.0063278131484761089	0.15381324725945161	-1.613517385325131
primary_cpe|endometrioid_grade_matched|base_plus_binary_grade|PAX8	TCGA-B5-A0K1	136	0.20265182241357349	0.0082831393193375288	0.24665077342980771	-0.51010426373807993
primary_cpe|endometrioid_grade_matched|base_plus_binary_grade|PAX8	TCGA-B5-A11N	149	0.046931754453941481	0.0040752273717338345	0.14133180967355594	0.81330195315702369
primary_cpe|endometrioid_grade_matched|base_plus_binary_grade|PAX8	TCGA-B5-A11U	155	0.02276343654838639	0.0043497707759631863	0.13846099267650591	-1.2230617555541357
primary_cpe|endometrioid_grade_matched|base_plus_binary_grade|PAX8	TCGA-B5-A1MR	161	0.048091376795700483	0.0066226454832240865	0.14053333084833738	-1.0241257269453146
primary_cpe|endometrioid_grade_matched|base_plus_binary_grade|PAX8	TCGA-B5-A3FA	167	0.029117414676667758	0.011341426370979377	0.24539443499315619	1.7441123431520547
primary_cpe|endometrioid_grade_matched|base_plus_binary_grade|PAX8	TCGA-B5-A3FC	169	0.026890325040259198	0.004341514857792053	0.14132403896808649	-1.1214990722202591
primary_cpe|endometrioid_grade_matched|base_plus_binary_grade|PAX8	TCGA-B5-A3FH	171	0.018043470672203216	0.004092233294493419	0.13413619978163638	1.3361932163654988
primary_cpe|endometrioid_grade_matched|base_plus_binary_grade|PAX8	TCGA-BG-A0LW	173	0.025339679214059455	0.0050792157955366077	0.1612406665920014	-1.251120515439768
primary_cpe|endometrioid_grade_matched|base_plus_binary_grade|PAX8	TCGA-BG-A0LX	174	0.019334252647850825	0.0035931725832832446	0.1097475904670598	-1.2082285202748646
primary_cpe|endometrioid_grade_matched|base_plus_binary_grade|PAX8	TCGA-BG-A0MG	183	0.018535983967169475	0.0043822773070630724	0.13673080370268909	1.3640367287004902
primary_cpe|endometrioid_grade_matched|base_plus_binary_grade|PAX8	TCGA-BG-A0MI	184	0.018835470840512375	0.0027929761182423464	0.1055567223226455	-1.0790889538409443
primary_cpe|endometrioid_grade_matched|base_plus_binary_grade|PAX8	TCGA-BG-A0MK	185	0.037158946110299851	0.0054700944775637923	0.14869023196117501	1.0650411819835206
primary_cpe|endometrioid_grade_matched|base_plus_binary_grade|PAX8	TCGA-BG-A0MO	186	0.026845915834073281	0.0037413546677619765	0.13424937065751988	-1.0417436732014429
primary_cpe|endometrioid_grade_matched|base_plus_binary_grade|PAX8	TCGA-BG-A0VX	194	0.029664710905416659	0.0043544387535555734	0.15103566003000607	-1.0676615154938203
primary_cpe|endometrioid_grade_matched|base_plus_binary_grade|PAX8	TCGA-BG-A18C	203	0.030117761643822336	0.0060771918036292612	0.13275999046230852	-1.2522064597204408
primary_cpe|endometrioid_grade_matched|base_plus_binary_grade|PAX8	TCGA-BG-A3EW	206	0.012898055752450597	0.0064965140722926702	0.10306239412634965	2.0024137651087814
primary_cpe|endometrioid_grade_matched|base_plus_binary_grade|PAX8	TCGA-BK-A139	209	0.025933722434588288	0.0054501483477221143	0.12405331507007882	-1.2808094445930298
primary_cpe|endometrioid_grade_matched|base_plus_binary_grade|PAX8	TCGA-BK-A6W3	214	0.029304948983526539	0.0047266690865536819	0.14391258636737023	-1.1195445252452425
primary_cpe|endometrioid_grade_matched|base_plus_binary_grade|PAX8	TCGA-BS-A0TC	218	0.04065857534189618	0.014611638302912188	0.29716742522943362	1.6647017515098983
primary_cpe|endometrioid_grade_matched|base_plus_binary_grade|PAX8	TCGA-BS-A0UF	228	0.032316714519703083	0.0038435809279660535	0.12510331236035671	-0.95944400827680554
primary_cpe|endometrioid_grade_matched|base_plus_binary_grade|PAX8	TCGA-BS-A0V4	233	0.027482739271537077	0.0086703756073536163	0.19565358642127334	1.569768472985436
primary_cpe|endometrioid_grade_matched|base_plus_binary_grade|PAX8	TCGA-D1-A0ZZ	246	0.027762551378149924	0.01096798477686396	0.17005227825941252	1.7578487162732899
primary_cpe|endometrioid_grade_matched|base_plus_binary_grade|PAX8	TCGA-D1-A16J	262	0.018422309822797578	0.0049249075532093308	0.14297173476844818	1.4510376960850602
primary_cpe|endometrioid_grade_matched|base_plus_binary_grade|PAX8	TCGA-D1-A16R	266	0.015113743547601158	0.0045957774321916077	0.12410488793402942	-1.5507794882410308
primary_cpe|endometrioid_grade_matched|base_plus_binary_grade|PAX8	TCGA-D1-A16V	267	0.021532713382424531	0.0045969617194296566	0.11669577083967643	-1.2938900650208152
primary_cpe|endometrioid_grade_matched|base_plus_binary_grade|PAX8	TCGA-D1-A16X	268	0.029064841933440361	0.0026209216915249354	0.11937234614976215	0.8365807752704324
primary_cpe|endometrioid_grade_matched|base_plus_binary_grade|PAX8	TCGA-D1-A16Y	269	0.037153343909555228	0.016656727124266382	0.28159175069577835	1.864490398479919
primary_cpe|endometrioid_grade_matched|base_plus_binary_grade|PAX8	TCGA-D1-A177	272	0.034820655693888335	0.0198280615657268	0.2666451174051368	2.1065317082464889
primary_cpe|endometrioid_grade_matched|base_plus_binary_grade|PAX8	TCGA-D1-A17H	278	0.041563009871744147	0.0041490818099283351	0.14416424128218427	0.87460513437214638
primary_cpe|endometrioid_grade_matched|base_plus_binary_grade|PAX8	TCGA-D1-A1O7	293	0.021252998549234209	0.0059102764140723778	0.11988330709299873	1.4779653950630911
primary_cpe|endometrioid_grade_matched|base_plus_binary_grade|PAX8	TCGA-D1-A1O8	294	0.036254764224210069	0.0075185156314256417	0.12050368033946367	-1.265495027442715
primary_cpe|endometrioid_grade_matched|base_plus_binary_grade|PAX8	TCGA-D1-A3DA	297	0.019857932548456535	0.01251792873949522	0.23136472817886405	2.2351611537196483
primary_cpe|endometrioid_grade_matched|base_plus_binary_grade|PAX8	TCGA-D1-A3DG	298	0.023162146603976978	0.0094374321462980647	0.13685418508612193	1.7896820911662921
primary_cpe|endometrioid_grade_matched|base_plus_binary_grade|PAX8	TCGA-D1-A3DH	299	0.024482675907982365	0.0085543418072381808	0.11681129410796229	1.6551577896282017
primary_cpe|endometrioid_grade_matched|base_plus_binary_grade|PAX8	TCGA-DF-A2KS	302	0.027943745615525994	0.006561939659472057	0.13303549888738894	-1.3528466426177241
primary_cpe|endometrioid_grade_matched|base_plus_binary_grade|PAX8	TCGA-DF-A2KU	303	0.026285358580038477	0.0043738203133635292	0.1439809653052278	1.1389582098363591
primary_cpe|endometrioid_grade_matched|base_plus_binary_grade|PAX8	TCGA-DF-A2KV	304	0.026226136286823264	0.012853537809276843	0.26194635695169566	1.961434972762176
primary_cpe|endometrioid_grade_matched|base_plus_binary_grade|PAX8	TCGA-DF-A2KZ	305	0.02307974079317078	0.0027957602596434279	0.10335456980345088	0.97292164311368101
primary_cpe|endometrioid_grade_matched|base_plus_binary_grade|PAX8	TCGA-DI-A1NO	311	0.039061294046147416	0.019520660044148229	0.2812896013785573	1.9675984970389691
primary_cpe|endometrioid_grade_matched|base_plus_binary_grade|PAX8	TCGA-E6-A1M0	313	0.026035397980224886	0.0028751234797691539	0.11686258756134808	-0.92742982144747688
primary_cpe|endometrioid_grade_matched|base_plus_binary_grade|PAX8	TCGA-EO-A22T	321	0.021161573247158894	0.0042449560201809292	0.12861961675911215	1.2542886128620589
primary_cpe|endometrioid_grade_matched|base_plus_binary_grade|PAX8	TCGA-EO-A22X	323	0.029179275324053455	0.0054325542076281465	0.15062334160703439	-1.2032073585917227
primary_cpe|endometrioid_grade_matched|base_plus_binary_grade|PAX8	TCGA-EO-A3AV	327	0.031337098353658062	0.003877860846665456	0.11622340875996397	0.97920590097331972
primary_cpe|endometrioid_grade_matched|base_plus_binary_grade|PAX8	TCGA-EO-A3B0	329	0.031307831978152678	0.0047719239015378209	0.1270803150231091	-1.0870867854221791
primary_cpe|endometrioid_grade_matched|base_plus_binary_grade|PAX8	TCGA-EO-A3L0	331	0.021901540968185095	0.0055383410802321625	0.11828763736978196	1.4085179306727098
primary_cpe|endometrioid_grade_matched|base_plus_binary_grade|PAX8	TCGA-EY-A1GD	333	0.029758209676564833	0.0022763820822867074	0.10916913616469807	-0.77013438823542713
primary_cpe|endometrioid_grade_matched|base_plus_binary_grade|PAX8	TCGA-EY-A1GE	334	0.041462180654506187	0.0061705378924615372	0.1978586652588725	-1.0684832914175215
primary_cpe|endometrioid_grade_matched|base_plus_binary_grade|PAX8	TCGA-EY-A1GI	337	0.031343212541389859	0.002962079990493765	0.11366649755345422	-0.85546055400390331
primary_cpe|endometrioid_grade_matched|base_plus_binary_grade|PAX8	TCGA-EY-A1GL	339	0.018883055102565161	0.0090208428718902087	0.20215995716062898	1.9436056606819532
primary_cpe|endometrioid_grade_matched|base_plus_binary_grade|PAX8	TCGA-EY-A1GR	343	0.023890814304720592	0.0047660658129503632	0.11612334919300768	-1.2490662509291917
primary_cpe|endometrioid_grade_matched|base_plus_binary_grade|PAX8	TCGA-EY-A1GU	345	0.019668731033187836	0.0082191260472121858	0.15375642493442324	1.8159047720236567
primary_cpe|endometrioid_grade_matched|base_plus_binary_grade|PAX8	TCGA-EY-A547	355	0.024864119716233701	0.0078516293217731955	0.10886976860650845	1.5726394298544675
primary_cpe|endometrioid_grade_matched|base_plus_binary_grade|PAX8	TCGA-FI-A2D5	364	0.026903306129890534	0.002468716395815025	0.11082530389302835	-0.84486756794792528
primary_cpe|endometrioid_grade_matched|base_plus_binary_grade|PAX8	TCGA-QS-A5YQ	373	0.035072160177401751	0.0077604504836043401	0.21039819163813464	1.3081858864992402
primary_cpe|endometrioid_grade_matched|base_refit|LHX1	TCGA-A5-A0GJ	10	0.025588337611658175	0.011368898049549842	0.1593311167126483	-1.7456088115456461
primary_cpe|endometrioid_grade_matched|base_refit|LHX1	TCGA-A5-A0GW	17	0.050242669917362225	0.017719917229536048	0.27750506831700811	-1.5340384262633266
primary_cpe|endometrioid_grade_matched|base_refit|LHX1	TCGA-A5-A3LO	29	0.024286081682843581	0.0095645540700585729	0.15872746984290534	-1.6438135982032762
primary_cpe|endometrioid_grade_matched|base_refit|LHX1	TCGA-AJ-A2QK	32	0.027925896042221211	0.0050611298700670316	0.11814475343269272	-1.1108490924297953
primary_cpe|endometrioid_grade_matched|base_refit|LHX1	TCGA-AJ-A3BI	38	0.018238115583834234	0.0051168195342398111	0.12654332020944353	-1.3902874235872822
primary_cpe|endometrioid_grade_matched|base_refit|LHX1	TCGA-AJ-A3EM	41	0.02388871310983429	0.0099802108681343506	0.13786530060780194	1.6937817794439227
primary_cpe|endometrioid_grade_matched|base_refit|LHX1	TCGA-AJ-A3IA	43	0.030117343056279382	0.006576141888221353	0.13306373777825448	1.2183376426488775
primary_cpe|endometrioid_grade_matched|base_refit|LHX1	TCGA-AJ-A8CT	49	0.042588941733758628	0.015528943481109721	0.27212805741427798	-1.5662645496104617
primary_cpe|endometrioid_grade_matched|base_refit|LHX1	TCGA-AP-A056	54	0.049852383606603635	0.0086818015396599429	0.16246346235005169	-1.0764625763121372
primary_cpe|endometrioid_grade_matched|base_refit|LHX1	TCGA-AP-A059	55	0.028568382344750391	0.0039562156085093539	0.11794397061831212	-0.97032729842128274
primary_cpe|endometrioid_grade_matched|base_refit|LHX1	TCGA-AP-A0LF	60	0.04255875665128233	0.0035841864676629852	0.1153828734342332	0.75084762778385283
primary_cpe|endometrioid_grade_matched|base_refit|LHX1	TCGA-AP-A1E0	77	0.025310206776689135	0.0080160376109385343	0.18814140878579633	1.4722885968850272
primary_cpe|endometrioid_grade_matched|base_refit|LHX1	TCGA-AP-A1E3	79	0.017486218269913652	0.0077083603398540364	0.13844405036484569	-1.7459857020317637
primary_cpe|endometrioid_grade_matched|base_refit|LHX1	TCGA-AP-A1E4	80	0.020916955236589485	0.010194612067570925	0.21160420431042889	1.8334342486059474
primary_cpe|endometrioid_grade_matched|base_refit|LHX1	TCGA-AX-A05Y	86	0.012487039692530823	0.0069430283357667438	0.13439700871372123	1.9680284510950175
primary_cpe|endometrioid_grade_matched|base_refit|LHX1	TCGA-AX-A05Z	87	0.027860363989296949	0.0033731165769183532	0.11377338746911987	0.90747120583349772
primary_cpe|endometrioid_grade_matched|base_refit|LHX1	TCGA-AX-A06J	95	0.016613662986679489	0.003327177044460007	0.11117098757731514	-1.1747283894210683
primary_cpe|endometrioid_grade_matched|base_refit|LHX1	TCGA-AX-A1C5	101	0.020147778087457512	0.0074182265153175785	0.15956318131469857	1.5924214994754105
primary_cpe|endometrioid_grade_matched|base_refit|LHX1	TCGA-AX-A1CF	104	0.019303820654114633	0.0042467937118589785	0.11085263529061563	1.2297682121702584
primary_cpe|endometrioid_grade_matched|base_refit|LHX1	TCGA-AX-A1CN	108	0.020132989502318954	0.0071198280095519616	0.17072690479802424	1.5604397059106843
primary_cpe|endometrioid_grade_matched|base_refit|LHX1	TCGA-AX-A2HK	116	0.022823204213849271	0.0087542370593753031	0.12489396806306656	1.6233281023962545
primary_cpe|endometrioid_grade_matched|base_refit|LHX1	TCGA-AX-A2IN	117	0.019748630041939712	0.0042463676079733973	0.13210026727128402	-1.2154462301888762
primary_cpe|endometrioid_grade_matched|base_refit|LHX1	TCGA-AX-A3FW	121	0.023267455126532475	0.0068703430007767156	0.10496988600440674	-1.4228108319620791
primary_cpe|endometrioid_grade_matched|base_refit|LHX1	TCGA-AX-A3FZ	123	0.024253485978603898	0.013161268878267724	0.15183225191946129	1.9322571887677491
primary_cpe|endometrioid_grade_matched|base_refit|LHX1	TCGA-AX-A3G1	124	0.023901273956455922	0.01508019600438695	0.20608978865986677	-2.0855962592434087
primary_cpe|endometrioid_grade_matched|base_refit|LHX1	TCGA-AX-A3G8	125	0.015340241786247398	0.0090717432357986776	0.1392808633543865	2.0273300141279447
primary_cpe|endometrioid_grade_matched|base_refit|LHX1	TCGA-B5-A0JZ	134	0.020108360584679089	0.0027368277727910727	0.1052982215182373	-0.9661280123350644
primary_cpe|endometrioid_grade_matched|base_refit|LHX1	TCGA-B5-A0K1	136	0.19934946234420961	0.0091298025482623637	0.24289890015378401	-0.50612782260569866
primary_cpe|endometrioid_grade_matched|base_refit|LHX1	TCGA-B5-A0K3	138	0.018646982342712837	0.012294954923013614	0.17786098521219745	2.1384096083165551
primary_cpe|endometrioid_grade_matched|base_refit|LHX1	TCGA-B5-A11U	155	0.020238604927349635	0.0049340372190897338	0.14587434672613997	1.2942337935466308
primary_cpe|endometrioid_grade_matched|base_refit|LHX1	TCGA-BG-A0LW	173	0.025167803286153447	0.0092479386384039207	0.20587570771194838	-1.5867024078549381
primary_cpe|endometrioid_grade_matched|base_refit|LHX1	TCGA-BG-A0MO	186	0.026682609661075593	0.0052602200995036036	0.14879303450662604	-1.1594832358568905
primary_cpe|endometrioid_grade_matched|base_refit|LHX1	TCGA-BG-A0VX	194	0.025814086838430471	0.0076451778323232767	0.1888534943214866	1.4230866914257514
primary_cpe|endometrioid_grade_matched|base_refit|LHX1	TCGA-BK-A139	209	0.025734994997809797	0.0092381232584906135	0.15547423966564519	-1.5677050963679582
primary_cpe|endometrioid_grade_matched|base_refit|LHX1	TCGA-BS-A0T9	216	0.019546997827957942	0.0043317320284235062	0.11892275416207522	1.2341201928063987
primary_cpe|endometrioid_grade_matched|base_refit|LHX1	TCGA-BS-A0TE	220	0.010797808247570024	0.0077674015113377223	0.1319664382822574	2.2438717045452821
primary_cpe|endometrioid_grade_matched|base_refit|LHX1	TCGA-BS-A0TJ	222	0.011681774559796035	0.0052168036232262908	0.116916779333068	1.7626594197128811
primary_cpe|endometrioid_grade_matched|base_refit|LHX1	TCGA-BS-A0UJ	229	0.036517157301925375	0.0040935461980128214	0.15174882523561919	0.86922061870752532
primary_cpe|endometrioid_grade_matched|base_refit|LHX1	TCGA-BS-A0V4	233	0.026568183639559893	0.0055629647796164054	0.16439000128137651	1.1951523261622241
primary_cpe|endometrioid_grade_matched|base_refit|LHX1	TCGA-BS-A0V7	235	0.041964277673224193	0.0044798718107548997	0.14078524050496488	-0.84579872772999432
primary_cpe|endometrioid_grade_matched|base_refit|LHX1	TCGA-BS-A0WQ	238	0.020668693143817862	0.0088873115100837931	0.17363579111227848	-1.7214026009903762
primary_cpe|endometrioid_grade_matched|base_refit|LHX1	TCGA-D1-A0ZZ	246	0.027117948991484175	0.021674838828499802	0.22664904281020373	2.3471340576412794
primary_cpe|endometrioid_grade_matched|base_refit|LHX1	TCGA-D1-A16N	263	0.010140895583952777	0.0055083260734859196	0.10420792929195528	1.9472721360680176
primary_cpe|endometrioid_grade_matched|base_refit|LHX1	TCGA-D1-A16X	268	0.025306804506782264	0.0058777580414336311	0.16908878984696513	1.2598294167869712
primary_cpe|endometrioid_grade_matched|base_refit|LHX1	TCGA-D1-A16Y	269	0.033054663621790242	0.02941644504108595	0.36202007364191763	2.4710476308502209
primary_cpe|endometrioid_grade_matched|base_refit|LHX1	TCGA-D1-A177	272	0.027423412538718883	0.02578334604261966	0.31908169568732486	2.5485641869367917
primary_cpe|endometrioid_grade_matched|base_refit|LHX1	TCGA-D1-A17A	273	0.024843323084103475	0.0062060758692542685	0.17325057869333266	1.3070793780122179
primary_cpe|endometrioid_grade_matched|base_refit|LHX1	TCGA-D1-A17H	278	0.03834044151162954	0.0054900518878951629	0.1588630670717589	0.98174410726257699
primary_cpe|endometrioid_grade_matched|base_refit|LHX1	TCGA-D1-A1O0	291	0.022233925453882853	0.0055856231801122242	0.10462173412272427	1.3125462473909737
primary_cpe|endometrioid_grade_matched|base_refit|LHX1	TCGA-D1-A1O8	294	0.031601920118023166	0.019187581995848819	0.19275347633225307	-2.0373039942252396
primary_cpe|endometrioid_grade_matched|base_refit|LHX1	TCGA-D1-A3DG	298	0.022911524515591229	0.01658207316918427	0.17617693443433011	2.2367967439690464
primary_cpe|endometrioid_grade_matched|base_refit|LHX1	TCGA-DF-A2KS	302	0.027910382764370845	0.010677451161724102	0.16114118616245232	-1.6169289055811344
primary_cpe|endometrioid_grade_matched|base_refit|LHX1	TCGA-DF-A2KU	303	0.024526870865766499	0.004461804414394005	0.14113479762357714	1.1148906578950231
primary_cpe|endometrioid_grade_matched|base_refit|LHX1	TCGA-EO-A1Y7	318	0.019760707229697059	0.010016138329290956	0.14904779445728927	-1.8711788547574504
primary_cpe|endometrioid_grade_matched|base_refit|LHX1	TCGA-EO-A22T	321	0.020090947954332992	0.003668530271043437	0.12313511897237896	1.1195285719157686
primary_cpe|endometrioid_grade_matched|base_refit|LHX1	TCGA-EO-A3AV	327	0.029858641038181109	0.003448119460364153	0.10525237101116809	0.88531281368008441
primary_cpe|endometrioid_grade_matched|base_refit|LHX1	TCGA-EO-A3AY	328	0.024381880582907765	0.0057245657824376382	0.1656281327621989	1.2672991882363385
primary_cpe|endometrioid_grade_matched|base_refit|LHX1	TCGA-EO-A3L0	331	0.017053872202641384	0.0042635669330701592	0.11502974816257724	1.3128337269503982
primary_cpe|endometrioid_grade_matched|base_refit|LHX1	TCGA-EY-A1GC	332	0.023477957542320529	0.0084308473506893612	0.15240643371560583	-1.5698071137890535
primary_cpe|endometrioid_grade_matched|base_refit|LHX1	TCGA-EY-A1GE	334	0.040711587709842366	0.016936574398193502	0.30792818993687304	-1.6754322065137044
primary_cpe|endometrioid_grade_matched|base_refit|LHX1	TCGA-EY-A1GO	340	0.015373463909378847	0.012054661509996791	0.16048312931797154	2.3386368522414012
primary_cpe|endometrioid_grade_matched|base_refit|LHX1	TCGA-EY-A1GU	345	0.018272417830269748	0.010226487796499609	0.19248100306008165	1.9686907188355998
primary_cpe|endometrioid_grade_matched|base_refit|LHX1	TCGA-EY-A1GW	346	0.046660956782330225	0.016985320909420978	0.25115793954226934	-1.5615958566304089
primary_cpe|endometrioid_grade_matched|base_refit|LHX1	TCGA-EY-A1GX	347	0.046855393377995325	0.0091124877649017069	0.1734378479461941	-1.1395696600302068
primary_cpe|endometrioid_grade_matched|base_refit|LHX1	TCGA-EY-A214	349	0.023322847634838398	0.0043988874793476516	0.11341446202147552	1.1359892182397644
primary_cpe|endometrioid_grade_matched|base_refit|LHX1	TCGA-EY-A2OQ	353	0.022492252424609359	0.0056917337878103188	0.12032002189620514	-1.3171716503209003
primary_cpe|endometrioid_grade_matched|base_refit|LHX1	TCGA-EY-A3L3	354	0.023530393431673183	0.011827570960944087	0.13799011329902225	1.8596793674550869
primary_cpe|endometrioid_grade_matched|base_refit|LHX1	TCGA-EY-A547	355	0.024286297088343685	0.0082209558610265177	0.11068993163792891	1.5232034516669979
primary_cpe|endometrioid_grade_matched|base_refit|LHX1	TCGA-FI-A2CX	361	0.097810938687188612	0.0033545127648553965	0.13364861817574666	0.46490261706135122
primary_cpe|endometrioid_grade_matched|base_refit|LHX1	TCGA-FI-A2D0	362	0.046288738826090831	0.023655720602939873	0.28130892956623116	1.8531060668508088
primary_cpe|endometrioid_grade_matched|base_refit|LHX1	TCGA-FI-A2D4	363	0.015338475947650525	0.0049561690015233247	0.11433840105196966	1.4948305272423039
primary_cpe|endometrioid_grade_matched|base_refit|LHX1	TCGA-FI-A2D5	364	0.024973050143184881	0.0034012872522378675	0.12658162405544787	-0.96405561444560306
primary_cpe|endometrioid_grade_matched|base_refit|LHX1	TCGA-FI-A2D6	365	0.023050599827514687	0.004993480445428424	0.14516155515626408	-1.2179426624251557
primary_cpe|endometrioid_grade_matched|base_refit|LHX1	TCGA-FI-A2F9	367	0.024458007311587024	0.017370259958053649	0.16371398325822864	2.2137247130272111
primary_cpe|endometrioid_grade_matched|base_refit|LHX1	TCGA-QF-A5YS	371	0.031600457768250004	0.0022176600597116508	0.10556370050981512	-0.68924129215114216
primary_cpe|endometrioid_grade_matched|base_refit|LHX1	TCGA-SL-A6J9	378	0.023633754377864885	0.012877508660855755	0.19768637525950777	-1.9368718831414335
primary_cpe|endometrioid_grade_matched|base_plus_binary_grade|LHX1	TCGA-5B-A90C	2	0.034358118207421219	0.0044806352873822449	0.11441255668410288	-1.0037198286529572
primary_cpe|endometrioid_grade_matched|base_plus_binary_grade|LHX1	TCGA-A5-A0GI	9	0.012353689389964341	0.0042080409622881863	0.11209566396590441	1.6442944401048765
primary_cpe|endometrioid_grade_matched|base_plus_binary_grade|LHX1	TCGA-A5-A0GJ	10	0.03133534377745175	0.013563117286001533	0.18386144506061217	-1.837285107548273
primary_cpe|endometrioid_grade_matched|base_plus_binary_grade|LHX1	TCGA-A5-A0GW	17	0.051461230992148013	0.015119912634228915	0.26775435463427377	-1.4956429800443907
primary_cpe|endometrioid_grade_matched|base_plus_binary_grade|LHX1	TCGA-A5-A1OK	26	0.019659066276998219	0.0040132753696322824	0.13510118127335971	1.2663497706533808
primary_cpe|endometrioid_grade_matched|base_plus_binary_grade|LHX1	TCGA-A5-A3LO	29	0.024351753582622135	0.0083052399167620125	0.15515368372512606	-1.6352251073600086
primary_cpe|endometrioid_grade_matched|base_plus_binary_grade|LHX1	TCGA-AJ-A2QK	32	0.028421723781042865	0.0043141605323641675	0.11179955230291508	-1.0864559086773131
primary_cpe|endometrioid_grade_matched|base_plus_binary_grade|LHX1	TCGA-AJ-A2QL	33	0.019988634890240109	0.0037600628631213858	0.10608329845037633	-1.2151911958007631
primary_cpe|endometrioid_grade_matched|base_plus_binary_grade|LHX1	TCGA-AJ-A3BI	38	0.01886345789493463	0.0044552513508759667	0.1190894557858589	-1.363124415682845
primary_cpe|endometrioid_grade_matched|base_plus_binary_grade|LHX1	TCGA-AJ-A3EM	41	0.023923902151175395	0.0088199580081464585	0.13622145965703894	1.7010086798994239
primary_cpe|endometrioid_grade_matched|base_plus_binary_grade|LHX1	TCGA-AJ-A3IA	43	0.0303486706674716	0.0059679319125779734	0.13172311951226687	1.2359549289802081
primary_cpe|endometrioid_grade_matched|base_plus_binary_grade|LHX1	TCGA-AJ-A8CT	49	0.042989421704322656	0.014134137847985798	0.25815384622645637	-1.5898166939800591
primary_cpe|endometrioid_grade_matched|base_plus_binary_grade|LHX1	TCGA-AP-A056	54	0.050786510038269499	0.0072682346413449278	0.15561027421791757	-1.0426007115500704
primary_cpe|endometrioid_grade_matched|base_plus_binary_grade|LHX1	TCGA-AP-A059	55	0.030111388653661045	0.0033382395796738994	0.11257051277309253	-0.92729404605754762
primary_cpe|endometrioid_grade_matched|base_plus_binary_grade|LHX1	TCGA-AP-A0LD	58	0.012480155616409605	0.0070954190028387982	0.10877611423980826	2.1293654742778108
primary_cpe|endometrioid_grade_matched|base_plus_binary_grade|LHX1	TCGA-AP-A0LF	60	0.042798766915909989	0.0033056803909715105	0.11736956561439493	0.76863902539024653
primary_cpe|endometrioid_grade_matched|base_plus_binary_grade|LHX1	TCGA-AP-A0LS	68	0.04716354050958637	0.0024851455932159822	0.11355658592331219	-0.63325257610916486
primary_cpe|endometrioid_grade_matched|base_plus_binary_grade|LHX1	TCGA-AP-A1E0	77	0.032557033739535016	0.0080164047972570776	0.17812259498965635	1.3821520729310492
primary_cpe|endometrioid_grade_matched|base_plus_binary_grade|LHX1	TCGA-AP-A1E3	79	0.023855123227557357	0.0084005483013384029	0.13394927334672935	-1.662232660234876
primary_cpe|endometrioid_grade_matched|base_plus_binary_grade|LHX1	TCGA-AP-A1E4	80	0.021723436192100751	0.0089661624998274413	0.2085008106765813	1.8027028360213815
primary_cpe|endometrioid_grade_matched|base_plus_binary_grade|LHX1	TCGA-AX-A05Y	86	0.017116967630286653	0.0077759016027580639	0.13070185365708831	1.8965685182644816
primary_cpe|endometrioid_grade_matched|base_plus_binary_grade|LHX1	TCGA-AX-A05Z	87	0.032707784032118395	0.0029268999003994613	0.1111213047433918	0.83180646955394888
primary_cpe|endometrioid_grade_matched|base_plus_binary_grade|LHX1	TCGA-AX-A06J	95	0.027950864360365618	0.0040553508533476192	0.11962842869588022	-1.0623821996773963
primary_cpe|endometrioid_grade_matched|base_plus_binary_grade|LHX1	TCGA-AX-A1C5	101	0.021786144665496887	0.007451855549122189	0.16085314473802842	1.6397874237518546
primary_cpe|endometrioid_grade_matched|base_plus_binary_grade|LHX1	TCGA-AX-A1CF	104	0.019531599685216925	0.0038673413744596519	0.10932769646938802	1.2471626943890894
primary_cpe|endometrioid_grade_matched|base_plus_binary_grade|LHX1	TCGA-AX-A1CN	108	0.024709031635836307	0.0084874408563218907	0.14724833077863597	1.6408096127947411
primary_cpe|endometrioid_grade_matched|base_plus_binary_grade|LHX1	TCGA-AX-A2HK	116	0.023138795616019746	0.0079667828165860804	0.12203684778707161	1.6440853917155305
primary_cpe|endometrioid_grade_matched|base_plus_binary_grade|LHX1	TCGA-AX-A2IN	117	0.020983570559493431	0.0037091220422385851	0.11878253220422694	-1.1772290654233053
primary_cpe|endometrioid_grade_matched|base_plus_binary_grade|LHX1	TCGA-AX-A3FZ	123	0.024326342114372405	0.011673808291383888	0.14952127852100566	1.9425767414388462
primary_cpe|endometrioid_grade_matched|base_plus_binary_grade|LHX1	TCGA-AX-A3G1	124	0.024149417718524052	0.013121638438809277	0.19902448240908571	-2.0686316077967475
primary_cpe|endometrioid_grade_matched|base_plus_binary_grade|LHX1	TCGA-AX-A3G8	125	0.018415699272948505	0.010189099854586466	0.14326777626923393	2.0938673677847137
primary_cpe|endometrioid_grade_matched|base_plus_binary_grade|LHX1	TCGA-B5-A0K1	136	0.20265182241357349	0.010643206679473839	0.27958975045403284	-0.57828392039716803
primary_cpe|endometrioid_grade_matched|base_plus_binary_grade|LHX1	TCGA-B5-A0K3	138	0.019041358254267018	0.0112304952156944	0.1733416696825546	2.1619968984662292
primary_cpe|endometrioid_grade_matched|base_plus_binary_grade|LHX1	TCGA-B5-A11R	153	0.0196673373475496	0.0065664809725901052	0.14130504416822226	-1.6217155043481419
primary_cpe|endometrioid_grade_matched|base_plus_binary_grade|LHX1	TCGA-B5-A11U	155	0.02276343654838639	0.0053157552959701383	0.15306529950011263	1.3526711143594128
primary_cpe|endometrioid_grade_matched|base_plus_binary_grade|LHX1	TCGA-B5-A3FH	171	0.018043470672203216	0.0052058740597134652	0.1512908401649288	-1.5080664159242547
primary_cpe|endometrioid_grade_matched|base_plus_binary_grade|LHX1	TCGA-BG-A0LW	173	0.025339679214059455	0.008004719369953903	0.20241808324877258	-1.5725418262361812
primary_cpe|endometrioid_grade_matched|base_plus_binary_grade|LHX1	TCGA-BG-A0MO	186	0.026845915834073281	0.0047500365049258546	0.15126773087000731	-1.1742652841024475
primary_cpe|endometrioid_grade_matched|base_plus_binary_grade|LHX1	TCGA-BG-A0VX	194	0.029664710905416659	0.0070151640384238483	0.19170450551250151	1.3564208917003129
primary_cpe|endometrioid_grade_matched|base_plus_binary_grade|LHX1	TCGA-BK-A139	209	0.025933722434588288	0.0079905377373497653	0.15020770688168561	-1.5524455427399853
primary_cpe|endometrioid_grade_matched|base_plus_binary_grade|LHX1	TCGA-BK-A6W3	214	0.029304948983526539	0.002674107265859284	0.10824568450316227	-0.84146265686478672
primary_cpe|endometrioid_grade_matched|base_plus_binary_grade|LHX1	TCGA-BS-A0T9	216	0.032987317931355981	0.0080286454443857357	0.16176979539090791	1.3738080897474783
primary_cpe|endometrioid_grade_matched|base_plus_binary_grade|LHX1	TCGA-BS-A0TE	220	0.012147147521393432	0.0079536083815328288	0.11309618365034815	2.2876695608639523
primary_cpe|endometrioid_grade_matched|base_plus_binary_grade|LHX1	TCGA-BS-A0TJ	222	0.013327958534055356	0.0054994900987270709	0.10543256956828936	1.8102388442840982
primary_cpe|endometrioid_grade_matched|base_plus_binary_grade|LHX1	TCGA-BS-A0UJ	229	0.03688970879244538	0.003444865056777048	0.13855301366947925	0.84791513183013734
primary_cpe|endometrioid_grade_matched|base_plus_binary_grade|LHX1	TCGA-BS-A0V4	233	0.027482739271537077	0.0047659818516490723	0.1450591236224934	1.1621022065501951
primary_cpe|endometrioid_grade_matched|base_plus_binary_grade|LHX1	TCGA-BS-A0V7	235	0.042794683595252021	0.0037051997719022771	0.13709682412756283	-0.81388172063264619
primary_cpe|endometrioid_grade_matched|base_plus_binary_grade|LHX1	TCGA-BS-A0VI	237	0.020094036589495427	0.0031920288557811434	0.10503162238071793	1.1162992322178689
primary_cpe|endometrioid_grade_matched|base_plus_binary_grade|LHX1	TCGA-BS-A0WQ	238	0.020674410800117823	0.0077590147962699214	0.1684685714274744	-1.7192296887931118
primary_cpe|endometrioid_grade_matched|base_plus_binary_grade|LHX1	TCGA-D1-A0ZZ	246	0.027762551378149924	0.019929456470625898	0.22922752351277115	2.377653628062022
primary_cpe|endometrioid_grade_matched|base_plus_binary_grade|LHX1	TCGA-D1-A167	256	0.019603994138774228	0.0058644865224430076	0.11225067389889372	-1.5345388201158783
primary_cpe|endometrioid_grade_matched|base_plus_binary_grade|LHX1	TCGA-D1-A16X	268	0.029064841933440361	0.0053258457076443156	0.17016529747514841	1.1937086012758515
primary_cpe|endometrioid_grade_matched|base_plus_binary_grade|LHX1	TCGA-D1-A16Y	269	0.037153343909555228	0.027512026371967563	0.36189816573955869	2.403569580768917
primary_cpe|endometrioid_grade_matched|base_plus_binary_grade|LHX1	TCGA-D1-A177	272	0.034820655693888335	0.026933456950961086	0.31077033501030515	2.4604052940004086
primary_cpe|endometrioid_grade_matched|base_plus_binary_grade|LHX1	TCGA-D1-A17A	273	0.032710662046291333	0.008415573458576164	0.21469163064689029	1.4128664526548944
primary_cpe|endometrioid_grade_matched|base_plus_binary_grade|LHX1	TCGA-D1-A17H	278	0.041563009871744147	0.0045858444467740973	0.15156230838532295	0.91958698971096253
primary_cpe|endometrioid_grade_matched|base_plus_binary_grade|LHX1	TCGA-D1-A17K	279	0.029766081275246443	0.0047549564902534397	0.11587586261987462	-1.113874160679041
primary_cpe|endometrioid_grade_matched|base_plus_binary_grade|LHX1	TCGA-D1-A1O0	291	0.022486492649190563	0.005083000915096802	0.10275463217719903	1.3309306271096026
primary_cpe|endometrioid_grade_matched|base_plus_binary_grade|LHX1	TCGA-D1-A1O8	294	0.036254764224210069	0.018020375112376141	0.18655898534466864	-1.9651221675886505
primary_cpe|endometrioid_grade_matched|base_plus_binary_grade|LHX1	TCGA-D1-A2G6	296	0.020409674571461006	0.0043898483258017198	0.11070973570557535	-1.2994979368224016
primary_cpe|endometrioid_grade_matched|base_plus_binary_grade|LHX1	TCGA-D1-A3DA	297	0.019857932548456535	0.012617136077009292	0.23227972703471925	2.2441204981656333
primary_cpe|endometrioid_grade_matched|base_plus_binary_grade|LHX1	TCGA-D1-A3DG	298	0.023162146603976978	0.014918060335791785	0.17206294087759472	2.2557792131999697
primary_cpe|endometrioid_grade_matched|base_plus_binary_grade|LHX1	TCGA-DF-A2KS	302	0.027943745615525994	0.0092852127577597171	0.15825132540094444	-1.6109178864552633
primary_cpe|endometrioid_grade_matched|base_plus_binary_grade|LHX1	TCGA-DF-A2KU	303	0.026285358580038477	0.0045618922442891017	0.14704393750579037	1.1632752357704654
primary_cpe|endometrioid_grade_matched|base_plus_binary_grade|LHX1	TCGA-EO-A1Y7	318	0.020234783180291423	0.0087560805970252776	0.14128536455786025	-1.8476343428109483
primary_cpe|endometrioid_grade_matched|base_plus_binary_grade|LHX1	TCGA-EO-A22T	321	0.021161573247158894	0.0036147790374953422	0.11868927887838979	1.1570845740493403
primary_cpe|endometrioid_grade_matched|base_plus_binary_grade|LHX1	TCGA-EO-A3AV	327	0.031337098353658062	0.0034944284060001805	0.11032795593739997	0.92941676241943638
primary_cpe|endometrioid_grade_matched|base_plus_binary_grade|LHX1	TCGA-EO-A3AY	328	0.026389288466893167	0.0058856706722516632	0.17217869680190448	1.3193308069861007
primary_cpe|endometrioid_grade_matched|base_plus_binary_grade|LHX1	TCGA-EO-A3L0	331	0.021901540968185095	0.0054299743130814468	0.1171246741971126	1.3945969108509049
primary_cpe|endometrioid_grade_matched|base_plus_binary_grade|LHX1	TCGA-EY-A1GC	332	0.02436836089402953	0.0073524780516634461	0.14269027073288446	-1.5373974388600704
primary_cpe|endometrioid_grade_matched|base_plus_binary_grade|LHX1	TCGA-EY-A1GE	334	0.041462180654506187	0.014572122270665108	0.30405697224241451	-1.6454297871536205
primary_cpe|endometrioid_grade_matched|base_plus_binary_grade|LHX1	TCGA-EY-A1GO	340	0.021176847531989094	0.013659168781393635	0.17304821115120925	2.2597612263499061
primary_cpe|endometrioid_grade_matched|base_plus_binary_grade|LHX1	TCGA-EY-A1GU	345	0.019668731033187836	0.0092595388806463678	0.16319811263035747	1.9284988308078155
primary_cpe|endometrioid_grade_matched|base_plus_binary_grade|LHX1	TCGA-EY-A1GW	346	0.051100208869612501	0.014889625296372808	0.25846313247432662	-1.4896910985170175
primary_cpe|endometrioid_grade_matched|base_plus_binary_grade|LHX1	TCGA-EY-A1GX	347	0.053168628745527052	0.01067634833310988	0.18904708558171496	-1.2341561420044627
primary_cpe|endometrioid_grade_matched|base_plus_binary_grade|LHX1	TCGA-EY-A214	349	0.024216356478528281	0.0042448739967228359	0.11178217581193697	1.1703492178420849
primary_cpe|endometrioid_grade_matched|base_plus_binary_grade|LHX1	TCGA-EY-A2OQ	353	0.022793260560686174	0.0049054623653775626	0.11502441891180308	-1.2982992073093904
primary_cpe|endometrioid_grade_matched|base_plus_binary_grade|LHX1	TCGA-EY-A3L3	354	0.023971413163578079	0.010827367463634682	0.1340242253018965	1.8844077781701751
primary_cpe|endometrioid_grade_matched|base_plus_binary_grade|LHX1	TCGA-EY-A547	355	0.024864119716233701	0.0076401378058990038	0.10739350131931218	1.5511752762303155
primary_cpe|endometrioid_grade_matched|base_plus_binary_grade|LHX1	TCGA-EY-A549	357	0.026133725266115709	0.0024517911711097271	0.10327874414741237	-0.85463032706203645
primary_cpe|endometrioid_grade_matched|base_plus_binary_grade|LHX1	TCGA-FI-A2CX	361	0.10376989672859227	0.0044902269168122164	0.15801061509066533	0.55648039613192712
primary_cpe|endometrioid_grade_matched|base_plus_binary_grade|LHX1	TCGA-FI-A2D0	362	0.047231144444379675	0.02197628024905814	0.28362791889719075	1.8897191103648803
primary_cpe|endometrioid_grade_matched|base_plus_binary_grade|LHX1	TCGA-FI-A2D4	363	0.017294342160718165	0.0052407423021762845	0.12167202772059903	1.5463638696613222
primary_cpe|endometrioid_grade_matched|base_plus_binary_grade|LHX1	TCGA-FI-A2D5	364	0.026903306129890534	0.0029013596792552753	0.12014456125478798	-0.91606661098582987
primary_cpe|endometrioid_grade_matched|base_plus_binary_grade|LHX1	TCGA-FI-A2D6	365	0.024338733292300713	0.0043288788670278813	0.13098130364443616	-1.1788556161995838
primary_cpe|endometrioid_grade_matched|base_plus_binary_grade|LHX1	TCGA-FI-A2F9	367	0.025420232358197833	0.016339251578899504	0.16185095594791285	2.2508195850369241
primary_cpe|endometrioid_grade_matched|base_plus_binary_grade|LHX1	TCGA-QF-A5YS	371	0.034601620307367006	0.0025368719309995964	0.1205605944792531	-0.75204806099209398
primary_cpe|endometrioid_grade_matched|base_plus_binary_grade|LHX1	TCGA-SL-A6J9	378	0.023864139423628201	0.011190596210247752	0.19109786953094801	-1.9205140574873973
no_purity|full_base|base|GATA2	TCGA-A5-A0G1	4	0.023318758497246322	0.011452719415027847	0.20939147965873406	-1.6996943660753523
no_purity|full_base|base|GATA2	TCGA-A5-A0G2	5	0.021849930257290269	0.0070069375703892241	0.16899146493818279	-1.3730959356997743
no_purity|full_base|base|GATA2	TCGA-A5-A0G5	6	0.017740025749634125	0.01219300982119291	0.21758572265736795	-2.0188133403323918
no_purity|full_base|base|GATA2	TCGA-A5-A0VQ	28	0.01392229574677125	0.0029175929600480841	0.094914385410331092	1.1137617987031938
no_purity|full_base|base|GATA2	TCGA-A5-A1OF	29	0.020850816758215821	0.0069317719745710339	0.16973789601834002	-1.398862317076293
no_purity|full_base|base|GATA2	TCGA-A5-A2K5	37	0.020788406192241565	0.0026451883136487694	0.11011726059698604	-0.86441442664231505
no_purity|full_base|base|GATA2	TCGA-AJ-A23N	44	0.014013118680714642	0.0056295084608374438	0.13059060709096032	-1.5437526300857964
no_purity|full_base|base|GATA2	TCGA-AJ-A2QL	47	0.009127419974859401	0.0046980415538030893	0.098292090095289358	-1.7529336807442808
no_purity|full_base|base|GATA2	TCGA-AJ-A3BK	56	0.015217010677653801	0.0069518996500282466	0.14828039950055114	-1.6457818268871616
no_purity|full_base|base|GATA2	TCGA-AJ-A3EK	58	0.024305218182385648	0.0062816349631840337	0.14096945589471249	-1.2306714016930129
no_purity|full_base|base|GATA2	TCGA-AJ-A3EL	59	0.022476454728663491	0.0039820513898288718	0.12089702618731585	-1.0194026205942148
no_purity|full_base|base|GATA2	TCGA-AJ-A3EM	60	0.01058510978153962	0.011105320709227822	0.12696606570907656	2.5087955252537766
no_purity|full_base|base|GATA2	TCGA-AJ-A3I9	61	0.014379594571760171	0.0033487917731753482	0.090159611295141717	-1.1739919116111011
no_purity|full_base|base|GATA2	TCGA-AJ-A3NF	63	0.01682254165312632	0.0028902533364003153	0.10493359599289684	1.0067452700032362
no_purity|full_base|base|GATA2	TCGA-AJ-A3NG	64	0.017417957187215005	0.0093099085334715156	0.17148713966203485	1.7789771910594614
no_purity|full_base|base|GATA2	TCGA-AJ-A3OL	67	0.016524416134131178	0.022611727253625796	0.26879921439621174	2.8619078048221112
no_purity|full_base|base|GATA2	TCGA-AJ-A5DW	71	0.021069522488575489	0.0088768125002867751	0.19605932042994045	1.5754117666136491
no_purity|full_base|base|GATA2	TCGA-AJ-A6NU	72	0.010782766050232304	0.0033008114746436159	0.089032285716772505	1.3490305997709862
no_purity|full_base|base|GATA2	TCGA-AP-A051	76	0.020690561463667257	0.0062427485345262464	0.16314753269992757	1.3325186222285821
no_purity|full_base|base|GATA2	TCGA-AP-A056	79	0.023833193281549168	0.0089162949624955919	0.1713460231478782	-1.4820289185265383
no_purity|full_base|base|GATA2	TCGA-AP-A059	80	0.024047498982887772	0.0032607573135487703	0.10326650260044119	0.89089148280206409
no_purity|full_base|base|GATA2	TCGA-AP-A0LG	92	0.01025269764061398	0.0073359092655888389	0.091732427305707312	2.0680514358198234
no_purity|full_base|base|GATA2	TCGA-AP-A0LL	96	0.015838418415261891	0.0074494923763542588	0.15406980789786118	-1.6695119688960802
no_purity|full_base|base|GATA2	TCGA-AP-A1E0	112	0.022207135938577507	0.012915210010985615	0.23245128254385267	1.8516272513594487
no_purity|full_base|base|GATA2	TCGA-AX-A06F	129	0.02155310900977777	0.0050538006915730425	0.13984087426492317	-1.1737130901393875
no_purity|full_base|base|GATA2	TCGA-AX-A2IN	162	0.014793803428589873	0.0035707194132304832	0.1062764828499821	1.1949852823224747
no_purity|full_base|base|GATA2	TCGA-AX-A3FT	165	0.010546646115866549	0.0054372214383995726	0.10481456783172168	-1.7530785483801679
no_purity|full_base|base|GATA2	TCGA-B5-A0JY	185	0.020748202920369031	0.0034999421948434298	0.12229450433700244	0.99554099749795566
no_purity|full_base|base|GATA2	TCGA-B5-A1MR	215	0.023750321415216446	0.010153982630494955	0.18779490604310295	-1.5848706221671691
no_purity|full_base|base|GATA2	TCGA-B5-A1MS	216	0.0088916200986610752	0.0059022885941030006	0.10429515053253113	1.9926902716962149
no_purity|full_base|base|GATA2	TCGA-B5-A3FC	227	0.021633055341795819	0.0050046888610709743	0.14022460523138697	-1.1657667696969689
no_purity|full_base|base|GATA2	TCGA-BG-A0LW	234	0.02151111146979065	0.0023193290861228074	0.095630862965178309	0.79532385775710246
no_purity|full_base|base|GATA2	TCGA-BG-A0VX	256	0.02282514528175341	0.0074712454003622612	0.17613778972728827	1.3865994699623398
no_purity|full_base|base|GATA2	TCGA-BK-A13B	277	0.0099463678692008044	0.0043952965291030911	0.091923749899008339	1.6228325362660507
no_purity|full_base|base|GATA2	TCGA-BK-A6W3	282	0.021022654588740308	0.0063083460707181087	0.16159019064963753	1.3286401321533106
no_purity|full_base|base|GATA2	TCGA-BS-A0TA	285	0.012905606222913705	0.0091385025038049385	0.15794991178779338	-2.0544462070835943
no_purity|full_base|base|GATA2	TCGA-BS-A0TC	286	0.033410052843291134	0.01323419731976605	0.24311287302891915	1.517648222287685
no_purity|full_base|base|GATA2	TCGA-BS-A0TE	288	0.0097344130353335008	0.0045438233793567038	0.091305278844576329	1.6683180844235315
no_purity|full_base|base|GATA2	TCGA-BS-A0UF	297	0.021822954100163033	0.0054217563196480318	0.14277018587881543	-1.2080826283184707
no_purity|full_base|base|GATA2	TCGA-BS-A0UJ	298	0.03134791922864593	0.015619907347605422	0.2706660850263734	-1.7049802765191906
no_purity|full_base|base|GATA2	TCGA-BS-A0V4	302	0.022519470625132328	0.00507893187771454	0.1421494648731812	1.1504744983319259
no_purity|full_base|base|GATA2	TCGA-BS-A0V7	304	0.035055391982652152	0.048142942242797013	0.45681342448518986	-2.839590774590989
no_purity|full_base|base|GATA2	TCGA-BS-A0WQ	307	0.017349124235178547	0.0047966404938579732	0.13101630534611935	-1.2775528319362643
no_purity|full_base|base|GATA2	TCGA-D1-A103	319	0.021722968761656268	0.0065878694384637615	0.1714693304652069	1.3352374494031651
no_purity|full_base|base|GATA2	TCGA-D1-A15X	322	0.01378014087807242	0.0057688029803161268	0.13132657166391695	-1.5762351244947657
no_purity|full_base|base|GATA2	TCGA-D1-A16X	343	0.02246611358635521	0.0035808372199867622	0.12382911264835388	0.96681093910046123
no_purity|full_base|base|GATA2	TCGA-D1-A16Y	344	0.026323183177641318	0.026894764494040321	0.34011305076023945	2.4553673510705756
no_purity|full_base|base|GATA2	TCGA-D1-A17A	348	0.021250002194405832	0.0027183873229502174	0.10487647204905852	0.86652217274484045
no_purity|full_base|base|GATA2	TCGA-D1-A17L	355	0.017639405753477853	0.014214833357200814	0.22890132668708996	-2.1876340788951256
no_purity|full_base|base|GATA2	TCGA-D1-A17Q	358	0.024001385791705569	0.018779843691189214	0.29072801510633811	2.1482721586134956
no_purity|full_base|base|GATA2	TCGA-D1-A17S	360	0.014299157922989286	0.0032372607420298005	0.097240150107878995	-1.1575214588665468
no_purity|full_base|base|GATA2	TCGA-D1-A1O8	372	0.018428756619867662	0.015983085055845343	0.24116323840054099	-2.2693956051407063
no_purity|full_base|base|GATA2	TCGA-DF-A2KR	382	0.014157594659456178	0.0025153417673094043	0.092239187474970855	-1.0251920948652489
no_purity|full_base|base|GATA2	TCGA-DF-A2KU	384	0.02134103377759906	0.0064324525059460185	0.15880886334952515	-1.3313936909121309
no_purity|full_base|base|GATA2	TCGA-DF-A2KV	385	0.02109128203390279	0.0017395371361288397	0.089208093609751224	-0.69564599462703924
no_purity|full_base|base|GATA2	TCGA-E6-A1M0	399	0.022288264810565651	0.0019000591976777166	0.089278714090683109	-0.70682105559730024
no_purity|full_base|base|GATA2	TCGA-E6-A2P8	400	0.012336767679959358	0.0054405349243158785	0.11106298972876785	-1.6192055572512216
no_purity|full_base|base|GATA2	TCGA-EO-A22T	411	0.015331688693811796	0.0050372184227741937	0.12878104625956974	1.3945371541076463
no_purity|full_base|base|GATA2	TCGA-EO-A22X	413	0.022812170479792376	0.0027976836402869806	0.10042879670118458	-0.84773217756803854
no_purity|full_base|base|GATA2	TCGA-EO-A3AV	419	0.022910924960172781	0.0062385714557192289	0.14839473735374925	1.2642213348442795
no_purity|full_base|base|GATA2	TCGA-EO-A3AY	420	0.020652619707321497	0.002418053035876389	0.1007905354602221	-0.82918966583223708
no_purity|full_base|base|GATA2	TCGA-EO-A3AZ	421	0.011774425552609716	0.0079085179128014892	0.13202337335056921	-2.0016149983161426
no_purity|full_base|base|GATA2	TCGA-EO-A3B0	422	0.022902039110552282	0.004847723794575016	0.13287516319332263	-1.1142463069283015
no_purity|full_base|base|GATA2	TCGA-EO-A3L0	427	0.013805979803216245	0.0033836807971083585	0.099755554016780823	-1.2047959611694097
no_purity|full_base|base|GATA2	TCGA-EY-A1GD	429	0.022118562096454065	0.017640587650636971	0.28591053439243724	2.1712042137675911
no_purity|full_base|base|GATA2	TCGA-EY-A1GH	432	0.014733132683675154	0.0032166709423936389	0.10174344415529334	-1.1364088503351657
no_purity|full_base|base|GATA2	TCGA-EY-A1GI	433	0.020837595931583963	0.0074598957377191091	0.18032717195027057	1.4518616310847248
no_purity|full_base|base|GATA2	TCGA-EY-A1GL	435	0.016580881824474439	0.0023695934490815243	0.090888368572449987	0.91814229023933935
no_purity|full_base|base|GATA2	TCGA-EY-A1GU	443	0.015250860140956684	0.0045068216545361261	0.12083358437325177	1.3223629967440953
no_purity|full_base|base|GATA2	TCGA-EY-A1GW	445	0.030073414348432342	0.0027139648699532845	0.10988202624899489	-0.72435203866681408
no_purity|full_base|base|GATA2	TCGA-EY-A2OO	454	0.018110493503595639	0.009761876990017012	0.18949900486788723	1.7858926170867879
no_purity|full_base|base|GATA2	TCGA-FI-A2CY	467	0.012299426831715796	0.0032294646797030031	0.095137219587873356	1.248109626212744
no_purity|full_base|base|GATA2	TCGA-FI-A2D5	471	0.020677942934095948	0.0019589796160118288	0.091138728362919572	-0.74577399571553504
no_purity|full_base|base|GATA2	TCGA-KP-A3W0	486	0.0090887831311248397	0.00418416340296253	0.089403030711623657	-1.6572963236332281
no_purity|full_base|base|GATA2	TCGA-KP-A3W1	487	0.016577743985794278	0.009380605084806223	0.18579378397588805	-1.8315403288264687
no_purity|full_base|base|GATA2	TCGA-PG-A6IB	491	0.015352729658571804	0.0080965109477898877	0.16088356085279928	-1.7688575877689445
no_purity|full_base|base|GATA2	TCGA-QS-A5YQ	499	0.026251024789193479	0.0036708453116555332	0.13130805349204949	-0.90371102024731398
no_purity|full_base|base|SOX9	TCGA-A5-A0G1	4	0.023318758497246322	0.0035212805792985591	0.11610609298819406	-0.94058852229084811
no_purity|full_base|base|SOX9	TCGA-A5-A0G5	6	0.017740025749634125	0.0039661536296939403	0.12409654756359018	-1.1482447819153965
no_purity|full_base|base|SOX9	TCGA-A5-A0GN	15	0.02114950739972948	0.0028966813613739754	0.095264582168398032	0.89670399913991905
no_purity|full_base|base|SOX9	TCGA-A5-A0GP	16	0.021960293065349391	0.013830023874436527	0.24941814850494015	1.9276143342907794
no_purity|full_base|base|SOX9	TCGA-A5-A0GW	20	0.014874731408084534	0.0046269842024418244	0.11811923026738999	1.3570951858724725
no_purity|full_base|base|SOX9	TCGA-A5-A0VQ	28	0.01392229574677125	0.0029558952162502396	0.095535373552095557	1.1210669682899899
no_purity|full_base|base|SOX9	TCGA-A5-A2K3	35	0.017342736911704904	0.0052952015734878313	0.1388385292184125	-1.3427862523404115
no_purity|full_base|base|SOX9	TCGA-AJ-A23N	44	0.014013118680714642	0.0055359965291703617	0.12950144289575527	1.5308166784970338
no_purity|full_base|base|SOX9	TCGA-AJ-A3BK	56	0.015217010677653801	0.0034947589931110111	0.10513337726940335	-1.165319289681408
no_purity|full_base|base|SOX9	TCGA-AJ-A3IA	62	0.014126896752652648	0.0032195786575177653	0.10365962132390645	-1.1614847246485709
no_purity|full_base|base|SOX9	TCGA-AJ-A3NF	63	0.01682254165312632	0.0059300476416151889	0.15030578346619319	1.4435910312954858
no_purity|full_base|base|SOX9	TCGA-AJ-A3NG	64	0.017417957187215005	0.0062060462328005096	0.14001235250561284	1.4509332403736528
no_purity|full_base|base|SOX9	TCGA-AJ-A3OL	67	0.016524416134131178	0.010607660824183495	0.18410727008396699	1.9517238191099235
no_purity|full_base|base|SOX9	TCGA-AJ-A8CT	73	0.034501160717816462	0.013221058966987812	0.23821773671363353	-1.4917574626733734
no_purity|full_base|base|SOX9	TCGA-AP-A054	78	0.017047746678658781	0.0138831021582879	0.16624261418664577	2.1999332017059294
no_purity|full_base|base|SOX9	TCGA-AP-A05J	84	0.0098308683712115333	0.0061490525356213809	0.1117126694827399	1.9329527661715911
no_purity|full_base|base|SOX9	TCGA-AP-A0LL	96	0.015838418415261891	0.0031343551000314676	0.099937458267857882	-1.0811855738413609
no_purity|full_base|base|SOX9	TCGA-AP-A0LM	97	0.02795290271024398	0.0053688144324254838	0.13734984532241137	-1.0585154991427768
no_purity|full_base|base|SOX9	TCGA-AP-A1E0	112	0.022207135938577507	0.016024265318833553	0.25892278758460685	2.0641945589533237
no_purity|full_base|base|SOX9	TCGA-AX-A05Y	122	0.010599772986524491	0.0057296046719522058	0.10991218966589102	1.7953002759474828
no_purity|full_base|base|SOX9	TCGA-AX-A06J	131	0.011309121651096463	0.003825025429099722	0.090720529108817421	-1.4179017163227463
no_purity|full_base|base|SOX9	TCGA-AX-A1CC	144	0.020811632393706987	0.0028213325015958917	0.10016490074923276	0.89226618383286693
no_purity|full_base|base|SOX9	TCGA-AX-A2H4	152	0.015219972013722084	0.0034479357879177003	0.10993319004105223	-1.1573507056720322
no_purity|full_base|base|SOX9	TCGA-AX-A3FZ	169	0.010625558785534797	0.0099072116070126042	0.1019604743962826	2.3633839237138914
no_purity|full_base|base|SOX9	TCGA-B5-A0JU	182	0.01301188352698579	0.007682416314576398	0.14228493747180268	1.8745512130957505
no_purity|full_base|base|SOX9	TCGA-B5-A0JX	184	0.015974770711733692	0.0026164978845290769	0.092859623998577209	0.98334814787903824
no_purity|full_base|base|SOX9	TCGA-B5-A0JY	185	0.020748202920369031	0.0099443398573085054	0.20614105033309182	1.681166347260304
no_purity|full_base|base|SOX9	TCGA-B5-A11E	196	0.021635319202819792	0.013116328241273978	0.24618583239597214	1.8913182346062163
no_purity|full_base|base|SOX9	TCGA-B5-A11N	203	0.039999830172288552	0.003886489633318709	0.12003374829094147	0.74777304975377468
no_purity|full_base|base|SOX9	TCGA-B5-A11U	209	0.011884470987396537	0.005313733806219658	0.11360162255901464	1.630825832030224
no_purity|full_base|base|SOX9	TCGA-B5-A1MU	217	0.016984008151667472	0.0034072667726159555	0.11383605400359008	-1.087973936442465
no_purity|full_base|base|SOX9	TCGA-B5-A3FC	227	0.021633055341795819	0.010032855116267246	0.1985399713964236	1.6528338242046765
no_purity|full_base|base|SOX9	TCGA-BG-A0LW	234	0.02151111146979065	0.0088908765707874267	0.18723592396931352	-1.5599650446944238
no_purity|full_base|base|SOX9	TCGA-BG-A0M0	236	0.013854722732626903	0.0063145381426313501	0.1368230762375284	1.6449627966620652
no_purity|full_base|base|SOX9	TCGA-BG-A0VX	256	0.02282514528175341	0.012488337265054371	0.22772376266320685	1.7950158302545669
no_purity|full_base|base|SOX9	TCGA-BG-A2AE	268	0.0091152756579749861	0.0040055638553700718	0.091192731913207301	-1.6189579956073568
no_purity|full_base|base|SOX9	TCGA-BS-A0TC	286	0.033410052843291134	0.0026998227859768337	0.10980617968786723	-0.6842190658426438
no_purity|full_base|base|SOX9	TCGA-BS-A0UJ	298	0.03134791922864593	0.0073566056366399487	0.18575193746575275	-1.1682936489964435
no_purity|full_base|base|SOX9	TCGA-BS-A0UL	299	0.014642587131553156	0.0040426474983252256	0.10628492539559195	1.2784134020898077
no_purity|full_base|base|SOX9	TCGA-BS-A0V4	302	0.022519470625132328	0.0023378196297417176	0.096441628603196189	-0.77998506685520819
no_purity|full_base|base|SOX9	TCGA-BS-A0WQ	307	0.017349124235178547	0.0055662247819363809	0.14113578193200194	-1.3765893669581744
no_purity|full_base|base|SOX9	TCGA-D1-A15X	322	0.01378014087807242	0.0051073806603159294	0.123568810854814	-1.482701006678476
no_purity|full_base|base|SOX9	TCGA-D1-A16J	336	0.013235370352002989	0.0035951529723873849	0.09906467538381758	-1.2689291043239412
no_purity|full_base|base|SOX9	TCGA-D1-A17A	348	0.021250002194405832	0.004532728764959356	0.13542606747467309	-1.1194936470490022
no_purity|full_base|base|SOX9	TCGA-D1-A17L	355	0.017639405753477853	0.0069034452970823104	0.15951824662153222	-1.5207937745996263
no_purity|full_base|base|SOX9	TCGA-D1-A1O8	372	0.018428756619867662	0.0056843903587851328	0.14382114727185108	-1.3489175530651403
no_purity|full_base|base|SOX9	TCGA-DF-A2KR	382	0.014157594659456178	0.0024327697582008177	0.090712570100645901	-1.0081897277944061
no_purity|full_base|base|SOX9	TCGA-EO-A22T	411	0.015331688693811796	0.0049589747100147559	0.12777694614476068	1.383622214144393
no_purity|full_base|base|SOX9	TCGA-EO-A3B0	422	0.022902039110552282	0.013002177040986896	0.21761203728569917	1.8286441426578626
no_purity|full_base|base|SOX9	TCGA-EO-A3B1	423	0.012612996747868543	0.0029773933572026521	0.09239916512289871	1.1830454271094051
no_purity|full_base|base|SOX9	TCGA-EO-A3L0	427	0.013805979803216245	0.0027784030860593337	0.09039408601556756	1.0914496341972708
no_purity|full_base|base|SOX9	TCGA-EY-A1GE	430	0.035584662361525132	0.023849255132851594	0.33693671246655726	-1.9750006881825637
no_purity|full_base|base|SOX9	TCGA-EY-A1GM	436	0.010448064609741282	0.0081930456596151294	0.14066669134524201	2.1656747571079111
no_purity|full_base|base|SOX9	TCGA-EY-A1GW	445	0.030073414348432342	0.0045462497840115228	0.14221689585627859	-0.93783863148853153
no_purity|full_base|base|SOX9	TCGA-EY-A1GX	446	0.026775104946088986	0.0026520348800742831	0.10323121742427029	-0.76019187667194388
no_purity|full_base|base|SOX9	TCGA-EY-A1H0	447	0.012556558749337289	0.0057410653036791062	0.12577787960791792	1.648678912796369
no_purity|full_base|base|SOX9	TCGA-EY-A2OO	454	0.018110493503595639	0.0038207095586369386	0.11855292694664757	1.1151141062179677
no_purity|full_base|base|SOX9	TCGA-FI-A2CX	466	0.017532776502349322	0.010174394312278815	0.19244349079762077	-1.8540331126278304
no_purity|full_base|base|SOX9	TCGA-FI-A2D0	468	0.021700262335568547	0.011050685586508803	0.223195540753726	1.7323646453746897
no_purity|full_base|base|SOX9	TCGA-FI-A2F9	479	0.011029716659724017	0.0048005152784338567	0.10471208446617293	1.6095979231059976
no_purity|full_base|base|SOX9	TCGA-KP-A3W1	487	0.016577743985794278	0.0038140807785391586	0.11847062968824063	-1.1655561710527673
no_purity|full_base|base|SOX9	TCGA-PG-A6IB	491	0.015352729658571804	0.0034896885345520562	0.10562240438722816	-1.1592189021970234
no_purity|full_base|base|SOX9	TCGA-QS-A5YQ	499	0.026251024789193479	0.0021059809204981416	0.099457041795804543	-0.68426228659446575
no_purity|full_base|base|HOXA9	TCGA-A5-A0G1	4	0.023318758497246322	0.0043660186376035292	0.12928480598808281	1.0475731162391819
no_purity|full_base|base|HOXA9	TCGA-A5-A0G2	5	0.021849930257290269	0.0089918723013418297	0.19143692601433451	-1.5563020949672737
no_purity|full_base|base|HOXA9	TCGA-A5-A0GH	11	0.014061760237699228	0.006695486586776306	0.092644337811939204	1.681365516730229
no_purity|full_base|base|HOXA9	TCGA-A5-A0GN	15	0.02114950739972948	0.0031569352567738366	0.099452096388661496	-0.93618776015634686
no_purity|full_base|base|HOXA9	TCGA-A5-A0GP	16	0.021960293065349391	0.0051795499626511943	0.15263797630252898	1.1769220097129205
no_purity|full_base|base|HOXA9	TCGA-A5-A1OF	29	0.020850816758215821	0.0088961530371888167	0.19229048875778298	-1.5856047071196062
no_purity|full_base|base|HOXA9	TCGA-A5-A1OJ	32	0.028534050207185538	0.018162086475864477	0.24894542620509849	-1.9313933951127027
no_purity|full_base|base|HOXA9	TCGA-A5-A2K3	35	0.017342736911704904	0.021137210195482398	0.2773911422200348	-2.6973974925335251
no_purity|full_base|base|HOXA9	TCGA-A5-A2K7	38	0.010661082117156339	0.0037934516497595424	0.090990817931687298	-1.4549509518537496
no_purity|full_base|base|HOXA9	TCGA-A5-AB3J	42	0.019192746775835271	0.0037884231983964125	0.1019356221754035	1.0779492869147265
no_purity|full_base|base|HOXA9	TCGA-AJ-A3I9	61	0.014379594571760171	0.0035413508994983065	0.092715520209092017	-1.2073687602626955
no_purity|full_base|base|HOXA9	TCGA-AJ-A3NF	63	0.01682254165312632	0.0043633107003132809	0.12893020405290839	1.2376110207356821
no_purity|full_base|base|HOXA9	TCGA-AJ-A3NG	64	0.017417957187215005	0.0027497667286851043	0.093198039319680501	0.96467109910017879
no_purity|full_base|base|HOXA9	TCGA-AJ-A5DW	71	0.021069522488575489	0.0039704337144980681	0.13112271849583113	1.052178892363733
no_purity|full_base|base|HOXA9	TCGA-AJ-A6NU	72	0.010782766050232304	0.0041079927102756928	0.099323495442226781	-1.505634768176062
no_purity|full_base|base|HOXA9	TCGA-AJ-A8CT	73	0.034501160717816462	0.0066842533428085405	0.16938206530103661	1.0595323874249103
no_purity|full_base|base|HOXA9	TCGA-AP-A051	76	0.020690561463667257	0.0037797538785144425	0.1269475577650867	1.0361272565403028
no_purity|full_base|base|HOXA9	TCGA-AP-A054	78	0.017047746678658781	0.0059153679806053291	0.10851505203538409	1.4320367592739114
no_purity|full_base|base|HOXA9	TCGA-AP-A056	79	0.023833193281549168	0.010629467023839838	0.18708439338010846	-1.6188386548841127
no_purity|full_base|base|HOXA9	TCGA-AP-A1DP	108	0.036991812934953655	0.0041964186231198946	0.1390354452613953	0.80933371910503826
no_purity|full_base|base|HOXA9	TCGA-AP-A1E0	112	0.022207135938577507	0.0048128597075792973	0.14190013599298779	1.1279044650208154
no_purity|full_base|base|HOXA9	TCGA-AP-A1E3	114	0.0095781180584841689	0.0068351379255714526	0.11822118537212048	-2.0660046295096275
no_purity|full_base|base|HOXA9	TCGA-AP-A1E4	115	0.015011989560794803	0.0088743113181532132	0.1672415755863064	1.873807555082788
no_purity|full_base|base|HOXA9	TCGA-AX-A05W	121	0.0081172598114925623	0.0069017219532192748	0.11688689721478028	-2.258656966956869
no_purity|full_base|base|HOXA9	TCGA-AX-A05Y	122	0.010599772986524491	0.0063970042993136376	0.11613733400593439	1.8976940718331687
no_purity|full_base|base|HOXA9	TCGA-AX-A05Z	123	0.022529594130998191	0.0065897513014313881	0.16037771568232609	-1.3106785370976559
no_purity|full_base|base|HOXA9	TCGA-AX-A06F	129	0.02155310900977777	0.0090452956992529247	0.18708391934506335	-1.5719448971723384
no_purity|full_base|base|HOXA9	TCGA-AX-A0J0	136	0.023229428673427439	0.0083377697542266812	0.19036182902745669	1.4519691649881843
no_purity|full_base|base|HOXA9	TCGA-AX-A2HC	156	0.030103031709070679	0.0024261796185138735	0.096426608201725383	-0.68448557937386734
no_purity|full_base|base|HOXA9	TCGA-AX-A3FT	165	0.010546646115866549	0.010794130468457721	0.14768179734063033	-2.4775686110460557
no_purity|full_base|base|HOXA9	TCGA-AX-A3FV	166	0.024650610314709609	0.0045771258434698404	0.11561154408940791	1.0424997093820838
no_purity|full_base|base|HOXA9	TCGA-AX-A3GB	176	0.027659417633629755	0.0041234069474917557	0.13566683363527685	0.93246994982121223
no_purity|full_base|base|HOXA9	TCGA-B5-A0K2	189	0.013605618040188752	0.0056839600250936286	0.090457598436776421	-1.5747358994711196
no_purity|full_base|base|HOXA9	TCGA-B5-A11E	196	0.021635319202819792	0.0090698969409288011	0.20471897302719763	1.5710171036639764
no_purity|full_base|base|HOXA9	TCGA-B5-A11L	202	0.010432282056307314	0.0080000560320979651	0.12742613239853401	-2.1414298620153471
no_purity|full_base|base|HOXA9	TCGA-B5-A11N	203	0.039999830172288552	0.010384673733149292	0.19620995555037968	-1.2234715940460619
no_purity|full_base|base|HOXA9	TCGA-B5-A11Z	213	0.017790317607496501	0.0073622489318131944	0.16133956851363118	1.5639285478216656
no_purity|full_base|base|HOXA9	TCGA-B5-A1MR	215	0.023750321415216446	0.011887239442591161	0.20319176607327119	-1.7155461298201755
no_purity|full_base|base|HOXA9	TCGA-BG-A0LW	234	0.02151111146979065	0.0084812846752997714	0.18287220771948776	1.5234377543578794
no_purity|full_base|base|HOXA9	TCGA-BG-A0M0	236	0.013854722732626903	0.012618886109823181	0.19341896965525793	2.3316976675258885
no_purity|full_base|base|HOXA9	TCGA-BG-A0M4	239	0.011396917464836863	0.0040517958094493578	0.098361712399975806	-1.4537802192520224
no_purity|full_base|base|HOXA9	TCGA-BG-A0MG	245	0.014286281040822194	0.0072562971597619191	0.14522721960193621	-1.7366849060441854
no_purity|full_base|base|HOXA9	TCGA-BG-A0MK	247	0.017349642464184915	0.0034936406593216091	0.11277717578539247	1.0898088171494251
no_purity|full_base|base|HOXA9	TCGA-BG-A0MT	250	0.0081079567010753396	0.0065114799692325386	0.11125467188648286	-2.1945204426685927
no_purity|full_base|base|HOXA9	TCGA-BG-A0VX	256	0.02282514528175341	0.0063784199578120673	0.16274685190074858	1.2808226007068038
no_purity|full_base|base|HOXA9	TCGA-BK-A0CB	274	0.010313466774795711	0.0069699968549303999	0.092794709097123604	-2.00932842692922
no_purity|full_base|base|HOXA9	TCGA-BK-A6W3	282	0.021022654588740308	0.0029385402613478699	0.11028667941195536	0.90595429248396531
no_purity|full_base|base|HOXA9	TCGA-BS-A0T9	284	0.012622104071346377	0.0040746337664221196	0.1056248264252858	-1.3841793750396152
no_purity|full_base|base|HOXA9	TCGA-BS-A0U7	293	0.011373625065264098	0.0082510068147798338	0.13440388933865585	-2.0813018082703763
no_purity|full_base|base|HOXA9	TCGA-BS-A0UJ	298	0.03134791922864593	0.0034376511459155846	0.12697713261240204	-0.79804729722190415
no_purity|full_base|base|HOXA9	TCGA-BS-A0UV	301	0.022905337494252408	0.0035851939544867557	0.12463148864595237	-0.95784702001657906
no_purity|full_base|base|HOXA9	TCGA-BS-A0V4	302	0.022519470625132328	0.0030632441775114618	0.11039511178113068	-0.89300439661159237
no_purity|full_base|base|HOXA9	TCGA-BS-A0V7	304	0.035055391982652152	0.016168201238187001	0.26473014460471811	-1.6368424285140852
no_purity|full_base|base|HOXA9	TCGA-D1-A0ZR	312	0.010255631701972336	0.0041851760441094467	0.089032592479689823	1.5589488274452425
no_purity|full_base|base|HOXA9	TCGA-D1-A103	319	0.021722968761656268	0.0033738475783763244	0.12270907702533744	0.95470966579056737
no_purity|full_base|base|HOXA9	TCGA-D1-A167	328	0.011615278868763984	0.0071536438977078017	0.11756755271559548	1.9162071286666322
no_purity|full_base|base|HOXA9	TCGA-D1-A16O	338	0.013463869833784923	0.0028122762223261846	0.089419903804690642	-1.1121896297262297
no_purity|full_base|base|HOXA9	TCGA-D1-A16X	343	0.02246611358635521	0.0033239818430244204	0.11930531526810539	0.93142838936055072
no_purity|full_base|base|HOXA9	TCGA-D1-A174	345	0.010996357570035892	0.0049118185813834501	0.10232344387124566	-1.6307572987571173
no_purity|full_base|base|HOXA9	TCGA-D1-A17A	348	0.021250002194405832	0.0042861413263085022	0.13169086338416505	1.0885425323886697
no_purity|full_base|base|HOXA9	TCGA-D1-A17L	355	0.017639405753477853	0.0038155961378231883	0.11859288211895241	1.1294571746747617
no_purity|full_base|base|HOXA9	TCGA-D1-A1O8	372	0.018428756619867662	0.017310003638564695	0.25097437496526281	-2.3627308568819028
no_purity|full_base|base|HOXA9	TCGA-D1-A2G5	374	0.014465302581091688	0.0078888909013401353	0.14742576198447671	1.7997998089876064
no_purity|full_base|base|HOXA9	TCGA-DF-A2KV	385	0.02109128203390279	0.0039204129148516275	0.13392242719374517	-1.0449631811423872
no_purity|full_base|base|HOXA9	TCGA-DF-A2KZ	386	0.01499822970627715	0.0033862568583138343	0.096166523364183965	-1.1555249626726027
no_purity|full_base|base|HOXA9	TCGA-E6-A1M0	399	0.022288264810565651	0.0028932116249311799	0.11016774527207704	0.87242771339588465
no_purity|full_base|base|HOXA9	TCGA-EO-A22X	413	0.022812170479792376	0.010376415464780872	0.19341165167274776	-1.6357998555716351
no_purity|full_base|base|HOXA9	TCGA-EO-A3AY	420	0.020652619707321497	0.0057005716625504891	0.15475548340012021	-1.2743417346129524
no_purity|full_base|base|HOXA9	TCGA-EO-A3AZ	421	0.011774425552609716	0.0078829286338033197	0.13180960888626078	-1.9983481957671847
no_purity|full_base|base|HOXA9	TCGA-EO-A3B0	422	0.022902039110552282	0.0066874423968137234	0.15606477994408974	-1.3093236694294226
no_purity|full_base|base|HOXA9	TCGA-EY-A1GD	429	0.022118562096454065	0.0063407876198574731	0.17141358443915747	1.2978015005029691
no_purity|full_base|base|HOXA9	TCGA-EY-A1GE	430	0.035584662361525132	0.0065993696241611072	0.17724016718704874	-1.0359987861951272
no_purity|full_base|base|HOXA9	TCGA-EY-A1GI	433	0.020837595931583963	0.0028418158840420918	0.11129938423739673	-0.89493365979303652
no_purity|full_base|base|HOXA9	TCGA-EY-A1GL	435	0.016580881824474439	0.0024671120764793654	0.092739730029334305	-0.93687700208535207
no_purity|full_base|base|HOXA9	TCGA-EY-A1GO	437	0.013190117972863333	0.012790656893463747	0.16657647703728287	2.4075954201818659
no_purity|full_base|base|HOXA9	TCGA-EY-A1GX	446	0.026775104946088986	0.003386891260331897	0.11666002359503884	0.85921883675220478
no_purity|full_base|base|HOXA9	TCGA-EY-A2OO	454	0.018110493503595639	0.014136102422726149	0.2280368902404363	2.1521625988516151
no_purity|full_base|base|HOXA9	TCGA-EY-A3L3	457	0.009411309299548646	0.0055310966947050132	0.10449045181631809	1.8736494492832714
no_purity|full_base|base|HOXA9	TCGA-FI-A2CX	466	0.017532776502349322	0.025272195695346816	0.30329861813878783	-2.9370499153448852
no_purity|full_base|base|HOXA9	TCGA-FI-A2CY	467	0.012299426831715796	0.0044713831289259478	0.11194536772382617	-1.4694970825283826
no_purity|full_base|base|HOXA9	TCGA-FI-A2D5	471	0.020677942934095948	0.0043956264557073257	0.13652066512088556	1.1179009296778442
no_purity|full_base|base|HOXA9	TCGA-PG-A6IB	491	0.015352729658571804	0.015255877830384741	0.2208418198835031	-2.4348231176579764
no_purity|full_base|base|HOXA9	TCGA-QS-A5YQ	499	0.026251024789193479	0.0072978641804766365	0.18514253665345265	1.2752494903402443
no_purity|full_base|base|WT1	TCGA-A5-A0G1	4	0.023318758497246322	0.0075910445002749906	0.17047294508529115	-1.3824347859256301
no_purity|full_base|base|WT1	TCGA-A5-A0G2	5	0.021849930257290269	0.0030074701749781365	0.11071368632227087	-0.89860856836498126
no_purity|full_base|base|WT1	TCGA-A5-A0G5	6	0.017740025749634125	0.0073473770378329195	0.16890445178396332	-1.564604524677724
no_purity|full_base|base|WT1	TCGA-A5-A0GH	11	0.014061760237699228	0.0073244587025421857	0.096898170338374584	1.7590338468590927
no_purity|full_base|base|WT1	TCGA-A5-A0GN	15	0.02114950739972948	0.0032851354367768233	0.10145132979847263	-0.95504144457432205
no_purity|full_base|base|WT1	TCGA-A5-A0VQ	28	0.01392229574677125	0.0051841382446600279	0.12651964827029769	1.48606282556235
no_purity|full_base|base|WT1	TCGA-A5-A1OF	29	0.020850816758215821	0.003629452606565367	0.12282230557407257	-1.0112741713452118
no_purity|full_base|base|WT1	TCGA-A5-A2K3	35	0.017342736911704904	0.0086411337967794502	0.17735936312406195	-1.7173007933440179
no_purity|full_base|base|WT1	TCGA-AJ-A3EL	59	0.022476454728663491	0.0036763565883259578	0.11616385140889615	-0.97941440336919838
no_purity|full_base|base|WT1	TCGA-AJ-A3I9	61	0.014379594571760171	0.0042360140166199378	0.10140203081783081	-1.3208648060321166
no_purity|full_base|base|WT1	TCGA-AJ-A3NG	64	0.017417957187215005	0.0043155541725005192	0.11675544293103286	-1.2091491723796248
no_purity|full_base|base|WT1	TCGA-AJ-A3OK	66	0.028977536908007785	0.014538869117111568	0.21183133005580712	-1.713016960266714
no_purity|full_base|base|WT1	TCGA-AJ-A3OL	67	0.016524416134131178	0.008503288826119294	0.16483695804947116	1.7461199491148094
no_purity|full_base|base|WT1	TCGA-AJ-A5DW	71	0.021069522488575489	0.0024409007749312001	0.10280968589625684	-0.82463266389743484
no_purity|full_base|base|WT1	TCGA-AJ-A8CT	73	0.034501160717816462	0.0048302324527585263	0.14398756547217323	-0.90040233594073593
no_purity|full_base|base|WT1	TCGA-AP-A051	76	0.020690561463667257	0.0034253041376811266	0.12084874903853339	-0.98625039379819945
no_purity|full_base|base|WT1	TCGA-AP-A056	79	0.023833193281549168	0.0039704234857951565	0.11434053795307633	0.98776674641849582
no_purity|full_base|base|WT1	TCGA-AP-A0LI	94	0.012710576874117037	0.0040102140817408318	0.10777960991183348	-1.3682854996818403
no_purity|full_base|base|WT1	TCGA-AP-A0LL	96	0.015838418415261891	0.0033844096399763082	0.10384740838260377	-1.1235906346762869
no_purity|full_base|base|WT1	TCGA-AP-A0LM	97	0.02795290271024398	0.0033423204747883265	0.108370985495644	0.83483082041522638
no_purity|full_base|base|WT1	TCGA-AP-A1E0	112	0.022207135938577507	0.0055554671468042187	0.15245494032473464	1.2120380985740453
no_purity|full_base|base|WT1	TCGA-AX-A05Z	123	0.022529594130998191	0.0041463626656923084	0.12721641527969554	-1.0390079333600206
no_purity|full_base|base|WT1	TCGA-AX-A06F	129	0.02155310900977777	0.0037512641454528744	0.12047970576897511	1.0108519943320151
no_purity|full_base|base|WT1	TCGA-AX-A06H	130	0.014521961167135902	0.0043150490037041443	0.11722739559954085	-1.3265032488657609
no_purity|full_base|base|WT1	TCGA-AX-A1CK	149	0.018773115785098701	0.0031654606149176274	0.10073988933244302	-0.99633974532345371
no_purity|full_base|base|WT1	TCGA-AX-A2HH	159	0.022413393581056526	0.0094039793445476593	0.16273096636274625	1.5710525123942318
no_purity|full_base|base|WT1	TCGA-AX-A3FV	166	0.024650610314709609	0.0040017321849134292	0.10810076943216732	-0.9746399290587473
no_purity|full_base|base|WT1	TCGA-AX-A3GB	176	0.027659417633629755	0.0030888942795215838	0.11742136158731302	0.80688854229187223
no_purity|full_base|base|WT1	TCGA-B5-A0JX	184	0.015974770711733692	0.00670094075276497	0.14860540850237278	-1.5760556532239369
no_purity|full_base|base|WT1	TCGA-B5-A0JY	185	0.020748202920369031	0.0037396604388636812	0.12641324811313695	1.0291395813150213
no_purity|full_base|base|WT1	TCGA-B5-A11N	203	0.039999830172288552	0.0071255152966937059	0.16252970592867708	-1.0129818661406167
no_purity|full_base|base|WT1	TCGA-B5-A11Z	213	0.017790317607496501	0.0034227797602450856	0.1100082155201903	1.0649604760838698
no_purity|full_base|base|WT1	TCGA-B5-A1MR	215	0.023750321415216446	0.0075548762902924501	0.1619866702757187	-1.3661872776604878
no_purity|full_base|base|WT1	TCGA-B5-A3FA	225	0.022156597296643984	0.0083317518016004493	0.19429696121322385	1.4871384714488753
no_purity|full_base|base|WT1	TCGA-B5-A3FC	227	0.021633055341795819	0.0052511570053380757	0.14363596166413567	-1.1942072412892504
no_purity|full_base|base|WT1	TCGA-B5-A5OC	231	0.01580772479943466	0.005622362204337877	0.12889714950252582	-1.4508372831715168
no_purity|full_base|base|WT1	TCGA-BG-A0LW	234	0.02151111146979065	0.0062390878812866573	0.15684744159001537	1.305834505636744
no_purity|full_base|base|WT1	TCGA-BG-A0MK	247	0.017349642464184915	0.0024903963357537601	0.095217403025841182	0.9198083876288109
no_purity|full_base|base|WT1	TCGA-BG-A0VX	256	0.02282514528175341	0.0065377569859397184	0.16476707357127243	1.2967749498867789
no_purity|full_base|base|WT1	TCGA-BK-A6W3	282	0.021022654588740308	0.0049616616316571077	0.14330812370645643	1.1778760249283393
no_purity|full_base|base|WT1	TCGA-BS-A0UF	297	0.021822954100163033	0.0046387357650051544	0.13205879954425945	-1.1172103203032475
no_purity|full_base|base|WT1	TCGA-BS-A0UJ	298	0.03134791922864593	0.0020169960716010997	0.097262883499249955	-0.61113334473209724
no_purity|full_base|base|WT1	TCGA-BS-A0V7	304	0.035055391982652152	0.013522569742424762	0.24210410816276612	-1.4962884369474758
no_purity|full_base|base|WT1	TCGA-BS-A0WQ	307	0.017349124235178547	0.0046227836214169224	0.12862001218246713	1.2541121540879501
no_purity|full_base|base|WT1	TCGA-D1-A0ZQ	311	0.009341365425032503	0.0041965085541988611	0.091521776903319044	-1.6368282539091215
no_purity|full_base|base|WT1	TCGA-D1-A103	319	0.021722968761656268	0.0049100866632728933	0.14803299949862819	1.1522149017385501
no_purity|full_base|base|WT1	TCGA-D1-A16X	343	0.02246611358635521	0.0038605645805512355	0.12857480733555982	1.0039368394202008
no_purity|full_base|base|WT1	TCGA-D1-A16Y	344	0.026323183177641318	0.017729311522848581	0.27614383990884245	1.9894731532564285
no_purity|full_base|base|WT1	TCGA-D1-A17A	348	0.021250002194405832	0.0070792085118531259	0.16924457385464503	1.4000389374349973
no_purity|full_base|base|WT1	TCGA-D1-A17L	355	0.017639405753477853	0.0054851605110005199	0.14219099517945524	-1.3549578704050489
no_purity|full_base|base|WT1	TCGA-D1-A17S	360	0.014299157922989286	0.0033304721481518394	0.098630147663275991	-1.1741129251082709
no_purity|full_base|base|WT1	TCGA-D1-A3DH	379	0.010079515268398752	0.0063985420549999925	0.11897847801826077	1.947166134747595
no_purity|full_base|base|WT1	TCGA-DF-A2KU	384	0.02134103377759906	0.0053702404107981612	0.14510531067578317	-1.2161523309607098
no_purity|full_base|base|WT1	TCGA-DF-A2KV	385	0.02109128203390279	0.0022312708930140842	0.1010330715268648	-0.78796513991058525
no_purity|full_base|base|WT1	TCGA-DF-A2KZ	386	0.01499822970627715	0.0031810138454130949	0.093206617267882791	1.1198684730260811
no_purity|full_base|base|WT1	TCGA-E6-A1M0	399	0.022288264810565651	0.0025547674811051894	0.10352376307514076	-0.81974047201303335
no_purity|full_base|base|WT1	TCGA-EC-A1NJ	403	0.010790783681492565	0.0045547165963305321	0.099095874045017809	-1.5851800141817669
no_purity|full_base|base|WT1	TCGA-EO-A22R	409	0.020464654499460548	0.0053748045459386445	0.15548613907892139	1.2430855365528124
no_purity|full_base|base|WT1	TCGA-EO-A22S	410	0.013931155813862849	0.0054688264012897978	0.09429266359127686	1.5260117436514073
no_purity|full_base|base|WT1	TCGA-EO-A22U	412	0.022736277277135002	0.0073737457752864229	0.18222068281464571	1.3802503092141614
no_purity|full_base|base|WT1	TCGA-EO-A22X	413	0.022812170479792376	0.0031373605859526758	0.10635090151554091	0.89779975341412865
no_purity|full_base|base|WT1	TCGA-EO-A3AV	419	0.022910924960172781	0.0072665732851190214	0.16015509209231177	-1.3647709650321367
no_purity|full_base|base|WT1	TCGA-EO-A3AY	420	0.020652619707321497	0.0029653640994439959	0.11161584566839355	-0.91839091646157545
no_purity|full_base|base|WT1	TCGA-EO-A3B0	422	0.022902039110552282	0.0025170539973490514	0.095746111118463442	0.80241577464842684
no_purity|full_base|base|WT1	TCGA-EO-A3L0	427	0.013805979803216245	0.0032796843582328546	0.09821061166129999	-1.1860840339211873
no_purity|full_base|base|WT1	TCGA-EY-A1GD	429	0.022118562096454065	0.0085297874716198686	0.19881206592976525	1.5061160790224131
no_purity|full_base|base|WT1	TCGA-EY-A1GE	430	0.035584662361525132	0.0068248386015560018	0.18024246449807066	-1.0535863573064346
no_purity|full_base|base|WT1	TCGA-EY-A1GH	432	0.014733132683675154	0.0044058350296461391	0.11907407948585569	-1.3306163234624482
no_purity|full_base|base|WT1	TCGA-EY-A1GI	433	0.020837595931583963	0.0020876335436244629	0.095394190305538654	-0.76688054002452244
no_purity|full_base|base|WT1	TCGA-EY-A1GL	435	0.016580881824474439	0.0064106201168861376	0.14949318981191498	1.5123361493865219
no_purity|full_base|base|WT1	TCGA-EY-A1GU	443	0.015250860140956684	0.00779505645224963	0.15891397998116608	1.7413253783452354
no_purity|full_base|base|WT1	TCGA-EY-A1GW	445	0.030073414348432342	0.0023696022947863695	0.10267442498026828	-0.67679383738054333
no_purity|full_base|base|WT1	TCGA-EY-A1H0	447	0.012556558749337289	0.0059095699760421281	0.12761036925037958	1.6728323947390094
no_purity|full_base|base|WT1	TCGA-EY-A2OO	454	0.018110493503595639	0.0096215254410565443	0.18813181031174225	1.772926488873285
no_purity|full_base|base|WT1	TCGA-EY-A3L3	457	0.009411309299548646	0.0045813231573666909	0.095096918677406272	1.7041842037726296
no_purity|full_base|base|WT1	TCGA-FI-A2CY	467	0.012299426831715796	0.0039559172223760219	0.10529525072547864	-1.3818576189707834
no_purity|full_base|base|WT1	TCGA-FI-A2D0	468	0.021700262335568547	0.0094835953662984022	0.20676518301130309	1.6041554798253181
no_purity|full_base|base|WT1	TCGA-FI-A2D5	471	0.020677942934095948	0.002904459949016024	0.11097386253221134	-0.90832566212178378
no_purity|full_base|base|WT1	TCGA-PG-A6IB	491	0.015352729658571804	0.0060979520733882957	0.13962227805765484	-1.5339131027406039
no_purity|full_base|base|WT1	TCGA-QF-A5YS	497	0.026169980527420686	0.012877113504196628	0.24086919500035897	1.6987936653426259
no_purity|full_base|base|WT1	TCGA-QS-A5YQ	499	0.026251024789193479	0.0026999686305498836	0.11261278023534908	-0.77487581735391731
no_purity|full_base|base|WT1	TCGA-QS-A744	501	0.015481597301064	0.0047669484571036692	0.093122892800619861	1.3497576822515731
no_purity|full_base|base|PAX8	TCGA-A5-A0G1	4	0.023318758497246322	0.0044934606005710065	0.13115811441373101	1.0627862650831683
no_purity|full_base|base|PAX8	TCGA-A5-A0G2	5	0.021849930257290269	0.003661668157974422	0.12216312632986753	-0.9917122545979189
no_purity|full_base|base|PAX8	TCGA-A5-A0G5	6	0.017740025749634125	0.015339498470781181	0.24405095601317814	-2.2667495041996246
no_purity|full_base|base|PAX8	TCGA-A5-A0GH	11	0.014061760237699228	0.011725023508206181	0.1225983627433926	2.2297293545917096
no_purity|full_base|base|PAX8	TCGA-A5-A0GJ	13	0.01189865462609237	0.0050209913156295327	0.099278524290050005	-1.5840736159509541
no_purity|full_base|base|PAX8	TCGA-A5-A0GW	20	0.014874731408084534	0.0053132108599284449	0.12657563815826708	-1.4546499095811345
no_purity|full_base|base|PAX8	TCGA-A5-A1OF	29	0.020850816758215821	0.0038441232150172046	0.12640240305172798	1.0408143499370535
no_purity|full_base|base|PAX8	TCGA-A5-A1OJ	32	0.028534050207185538	0.0043628591096783118	0.12201321652517497	0.94394363962299299
no_purity|full_base|base|PAX8	TCGA-A5-A2K5	37	0.020788406192241565	0.0028457169545041791	0.11421494944438984	-0.89663184966532683
no_purity|full_base|base|PAX8	TCGA-AJ-A2QK	46	0.010789914945042469	0.0037132248950075188	0.094766344740465955	-1.430670940920558
no_purity|full_base|base|PAX8	TCGA-AJ-A3BK	56	0.015217010677653801	0.0030008554728115761	0.097421438938955093	-1.0796314491110468
no_purity|full_base|base|PAX8	TCGA-AJ-A3EK	58	0.024305218182385648	0.0031950281330175127	0.10053702253382071	0.87704149272761134
no_purity|full_base|base|PAX8	TCGA-AJ-A3EL	59	0.022476454728663491	0.0024759233270824333	0.095330261387938861	0.80350813741186933
no_purity|full_base|base|PAX8	TCGA-AJ-A3NG	64	0.017417957187215005	0.0038771512786060719	0.11066625736895103	1.1459178285984615
no_purity|full_base|base|PAX8	TCGA-AJ-A3QS	68	0.0095479635945841523	0.0046986856804409685	0.092047710716645789	-1.713415053251842
no_purity|full_base|base|PAX8	TCGA-AJ-A3TW	69	0.0094655816989191871	0.0044593723498167473	0.093197760964277968	-1.6763192605247395
no_purity|full_base|base|PAX8	TCGA-AJ-A5DW	71	0.021069522488575489	0.0028633709380416622	0.11135193697915338	-0.89325488187505409
no_purity|full_base|base|PAX8	TCGA-AJ-A8CT	73	0.034501160717816462	0.0035405418171477253	0.12327523443556385	0.77071439664105978
no_purity|full_base|base|PAX8	TCGA-AP-A051	76	0.020690561463667257	0.0054318282122289121	0.15218281136133149	1.2426769240183722
no_purity|full_base|base|PAX8	TCGA-AP-A056	79	0.023833193281549168	0.0075863160651303109	0.15805101232979854	-1.3665882827811378
no_purity|full_base|base|PAX8	TCGA-AP-A059	80	0.024047498982887772	0.0047556992622286845	0.1247117638829307	1.0762938226411243
no_purity|full_base|base|PAX8	TCGA-AP-A0LM	97	0.02795290271024398	0.003562081138323959	0.11187701796305337	0.86187887379243699
no_purity|full_base|base|PAX8	TCGA-AP-A0LT	102	0.012606465000232329	0.0082216720689689583	0.10014207632853878	1.9712942832916931
no_purity|full_base|base|PAX8	TCGA-AP-A1E0	112	0.022207135938577507	0.0082478312131134841	0.18575952542568999	1.4778667411947126
no_purity|full_base|base|PAX8	TCGA-AX-A05Z	123	0.022529594130998191	0.0031137989372737817	0.11024395728272293	0.90014771086398881
no_purity|full_base|base|PAX8	TCGA-AX-A060	124	0.011059967053285703	0.0066305860596915364	0.12285048514242319	1.8909198133179685
no_purity|full_base|base|PAX8	TCGA-AX-A06B	128	0.010757516178391432	0.0044295977693399298	0.10624209143589299	-1.565601352304631
no_purity|full_base|base|PAX8	TCGA-AX-A06F	129	0.02155310900977777	0.0054903288597039565	0.1457552660431061	1.2234993867066941
no_purity|full_base|base|PAX8	TCGA-AX-A0J0	136	0.023229428673427439	0.0023648231658867074	0.101380459538343	-0.77210589506345229
no_purity|full_base|base|PAX8	TCGA-AX-A1CC	144	0.020811632393706987	0.0022322296735637313	0.089095930436620133	0.79353219756417703
no_purity|full_base|base|PAX8	TCGA-AX-A1CI	147	0.013014017210037906	0.0046260810293285168	0.11489150211430865	1.45248781841532
no_purity|full_base|base|PAX8	TCGA-AX-A2IN	162	0.014793803428589873	0.0025870800654436187	0.090461596007592127	1.0167609448512944
no_purity|full_base|base|PAX8	TCGA-AX-A3FV	166	0.024650610314709609	0.011703699377937256	0.18486996288169552	1.6698491289939985
no_purity|full_base|base|PAX8	TCGA-AX-A3GB	176	0.027659417633629755	0.0058176510885961114	0.16114596123553981	-1.1079898823304459
no_purity|full_base|base|PAX8	TCGA-AX-A3GI	177	0.013981246861223096	0.0034901467043875387	0.096306231796048303	1.2158340190609358
no_purity|full_base|base|PAX8	TCGA-B5-A0JX	184	0.015974770711733692	0.0026430487986318298	0.093329581334301345	-0.9883345155101867
no_purity|full_base|base|PAX8	TCGA-B5-A0JY	185	0.020748202920369031	0.0019959443906506732	0.092352939673921983	-0.75148107203836823
no_purity|full_base|base|PAX8	TCGA-B5-A0K0	187	0.011471993678302386	0.0052909413597828237	0.089037040139068449	-1.6568079174319164
no_purity|full_base|base|PAX8	TCGA-B5-A11N	203	0.039999830172288552	0.0053049060934103713	0.14023727409967388	0.87381309384576822
no_purity|full_base|base|PAX8	TCGA-B5-A11U	209	0.011884470987396537	0.0035978513661705782	0.09347731859253762	-1.3407772496743766
no_purity|full_base|base|PAX8	TCGA-B5-A1MR	215	0.023750321415216446	0.0039365856634629636	0.116929866266166	-0.98530011922063165
no_purity|full_base|base|PAX8	TCGA-B5-A3FA	225	0.022156597296643984	0.0098895946651981152	0.21168354128430181	1.6208848155239193
no_purity|full_base|base|PAX8	TCGA-B5-A3FC	227	0.021633055341795819	0.0050967299091658896	0.14150816341951522	-1.1764671222306471
no_purity|full_base|base|PAX8	TCGA-BG-A0LW	234	0.02151111146979065	0.0059024624162887802	0.15255747879547585	-1.2700015508454972
no_purity|full_base|base|PAX8	TCGA-BG-A0MG	245	0.014286281040822194	0.0041572650994816922	0.10992446299486053	1.3128305059138023
no_purity|full_base|base|PAX8	TCGA-BG-A0MK	247	0.017349642464184915	0.0022835182937384771	0.091176799933747985	0.88071391496210283
no_purity|full_base|base|PAX8	TCGA-BG-A0VX	256	0.02282514528175341	0.0038676572845425046	0.1267301746997293	-0.9967268342844654
no_purity|full_base|base|PAX8	TCGA-BG-A2AE	268	0.0091152756579749861	0.0059449318483867581	0.11109687338849181	1.974826832259531
no_purity|full_base|base|PAX8	TCGA-BK-A139	276	0.010169850518495897	0.0046936433212373787	0.095839504906163817	-1.658483453663113
no_purity|full_base|base|PAX8	TCGA-BK-A6W3	282	0.021022654588740308	0.0039242769271295806	0.12744918471007019	-1.0472247357637614
no_purity|full_base|base|PAX8	TCGA-BS-A0TC	286	0.033410052843291134	0.016606024833476181	0.27232781053442806	1.7010229048766343
no_purity|full_base|base|PAX8	TCGA-BS-A0TE	288	0.0097344130353335008	0.0047035770160964606	0.092896488092499521	1.697558575440302
no_purity|full_base|base|PAX8	TCGA-BS-A0UF	297	0.021822954100163033	0.0042092562964248939	0.1257969793387804	-1.0641126959479059
no_purity|full_base|base|PAX8	TCGA-BS-A0UV	301	0.022905337494252408	0.0022020130678148913	0.09767454587306354	-0.75040565922357938
no_purity|full_base|base|PAX8	TCGA-BS-A0V4	302	0.022519470625132328	0.0096515266106387936	0.19595531222621751	1.5878407676385007
no_purity|full_base|base|PAX8	TCGA-BS-A0V7	304	0.035055391982652152	0.001864219119220409	0.089891995781894135	0.55449484172195151
no_purity|full_base|base|PAX8	TCGA-D1-A0ZZ	316	0.011116374397564417	0.0035049890672486446	0.09524282882915705	1.3689527818728497
no_purity|full_base|base|PAX8	TCGA-D1-A16J	336	0.013235370352002989	0.0042765284309215544	0.10804528402680805	1.3843851369546682
no_purity|full_base|base|PAX8	TCGA-D1-A16X	343	0.02246611358635521	0.0029264327948186528	0.11194372360236318	0.87386504779554153
no_purity|full_base|base|PAX8	TCGA-D1-A16Y	344	0.026323183177641318	0.015256542407406282	0.25616363914342349	1.8445082137186237
no_purity|full_base|base|PAX8	TCGA-D1-A177	347	0.016761603012107509	0.012812829029511755	0.17129670481794315	2.131078079750405
no_purity|full_base|base|PAX8	TCGA-D1-A17L	355	0.017639405753477853	0.0022190150862678895	0.090439374677813017	-0.86086886015574893
no_purity|full_base|base|PAX8	TCGA-D1-A1O8	372	0.018428756619867662	0.0055817962523108978	0.14251736746904106	-1.3366453346011404
no_purity|full_base|base|PAX8	TCGA-D1-A2G0	373	0.01090872573843962	0.005316099319074865	0.096960291312765859	1.7038313704455517
no_purity|full_base|base|PAX8	TCGA-DF-A2KR	382	0.014157594659456178	0.0041750061704979875	0.11883531680980947	-1.32171157041631
no_purity|full_base|base|PAX8	TCGA-DF-A2KU	384	0.02134103377759906	0.0039537945726994851	0.12450692109714138	1.0431068759646176
no_purity|full_base|base|PAX8	TCGA-DF-A2KV	385	0.02109128203390279	0.012469701717714112	0.2388446065453067	1.8680983551477848
no_purity|full_base|base|PAX8	TCGA-DI-A1NO	393	0.017141159194364361	0.0071975022800495926	0.16092025561886114	1.5759196124852961
no_purity|full_base|base|PAX8	TCGA-E6-A1M0	399	0.022288264810565651	0.003758128935016525	0.12555967947206337	-0.9945440670373582
no_purity|full_base|base|PAX8	TCGA-EO-A22T	411	0.015331688693811796	0.0032427594268362547	0.10332702441207883	1.1181276718430653
no_purity|full_base|base|PAX8	TCGA-EO-A22X	413	0.022812170479792376	0.0064442873213492475	0.15242156105713117	-1.2878165608914409
no_purity|full_base|base|PAX8	TCGA-EO-A3AV	419	0.022910924960172781	0.0033699074651979107	0.10906487611926211	0.92847579903002742
no_purity|full_base|base|PAX8	TCGA-EO-A3B0	422	0.022902039110552282	0.004793744653583446	0.13213331343780998	-1.108010087446891
no_purity|full_base|base|PAX8	TCGA-EO-A3L0	427	0.013805979803216245	0.0036567558956475694	0.10370277471469794	1.2526151950390787
no_purity|full_base|base|PAX8	TCGA-EY-A1GD	429	0.022118562096454065	0.0019514230693164886	0.095093175538118621	-0.7191286898598086
no_purity|full_base|base|PAX8	TCGA-EY-A1GE	430	0.035584662361525132	0.0068794466138310043	0.18096212051809538	-1.0578024181506622
no_purity|full_base|base|PAX8	TCGA-EY-A1GI	433	0.020837595931583963	0.0024176347140200433	0.10265737014243022	-0.82534648001342614
no_purity|full_base|base|PAX8	TCGA-EY-A1GL	435	0.016580881824474439	0.0099917486353498543	0.18663459027359425	1.8904911758084884
no_purity|full_base|base|PAX8	TCGA-EY-A1GM	436	0.010448064609741282	0.0034437496675258626	0.09119780213762653	1.4002603504629119
no_purity|full_base|base|PAX8	TCGA-EY-A1GU	443	0.015250860140956684	0.0083704106175063967	0.16467431056704895	1.8048491081037077
no_purity|full_base|base|PAX8	TCGA-EY-A2OO	454	0.018110493503595639	0.0038929993518330088	0.11966921274032453	1.1256404236258557
no_purity|full_base|base|PAX8	TCGA-FI-A2D5	471	0.020677942934095948	0.0030783687838420266	0.11424792719475485	-0.93517021689550417
no_purity|full_base|base|PAX8	TCGA-KP-A3W1	487	0.016577743985794278	0.010823759116086256	0.19957439097357685	-1.9684045666374801
no_purity|full_base|base|PAX8	TCGA-PG-A6IB	491	0.015352729658571804	0.0036090007563135676	0.10741284081399861	1.1789233283298046
no_purity|full_base|base|PAX8	TCGA-QS-A5YQ	499	0.026251024789193479	0.0076532665556503562	0.18959712228271863	1.3060358198381548
no_purity|full_base|base|LHX1	TCGA-A5-A0G1	4	0.023318758497246322	0.0030263336747362655	0.10763737566749092	0.87187407678571416
no_purity|full_base|base|LHX1	TCGA-A5-A0G2	5	0.021849930257290269	0.013851601846904061	0.23760230338742702	1.9341408021384807
no_purity|full_base|base|LHX1	TCGA-A5-A0GJ	13	0.01189865462609237	0.0075629358099555382	0.12184445931433383	-1.946606842421359
no_purity|full_base|base|LHX1	TCGA-A5-A0GN	15	0.02114950739972948	0.0032842494339962677	0.10143764813702726	-0.95491241339234945
no_purity|full_base|base|LHX1	TCGA-A5-A0GW	20	0.014874731408084534	0.0045356671199212528	0.11694783506220682	-1.3435879596179776
no_purity|full_base|base|LHX1	TCGA-AJ-A3EK	58	0.024305218182385648	0.0028301614624241839	0.09462247039638616	0.82537299966320632
no_purity|full_base|base|LHX1	TCGA-AJ-A3I9	61	0.014379594571760171	0.0033302805841040309	0.089910077357236412	-1.170733745509341
no_purity|full_base|base|LHX1	TCGA-AJ-A3NF	63	0.01682254165312632	0.0029754136288771106	0.10646828891426226	1.0214998005102192
no_purity|full_base|base|LHX1	TCGA-AJ-A8CT	73	0.034501160717816462	0.011565289430249506	0.22280207229543289	-1.3948334335497978
no_purity|full_base|base|LHX1	TCGA-AP-A056	79	0.023833193281549168	0.0046650699186649019	0.12393982945289296	-1.0708760642485913
no_purity|full_base|base|LHX1	TCGA-AP-A059	80	0.024047498982887772	0.0033533895724884881	0.10472303858448336	-0.90347755018868914
no_purity|full_base|base|LHX1	TCGA-AP-A1E0	112	0.022207135938577507	0.0063595845423468503	0.16311563194776585	1.2970679172736099
no_purity|full_base|base|LHX1	TCGA-AP-A1E3	114	0.0095781180584841689	0.0045026468600490397	0.095952349131845804	-1.6744027402568367
no_purity|full_base|base|LHX1	TCGA-AP-A1E4	115	0.015011989560794803	0.0057060647371202228	0.13410509176028293	1.5006599205209437
no_purity|full_base|base|LHX1	TCGA-AX-A05Y	122	0.010599772986524491	0.0054761801613919378	0.10745395249700587	1.7548973908656376
no_purity|full_base|base|LHX1	TCGA-AX-A05Z	123	0.022529594130998191	0.0026900103221112661	0.10246758114310359	0.83656094195959974
no_purity|full_base|base|LHX1	TCGA-AX-A0J0	136	0.023229428673427439	0.0021856559287669552	0.097464356012323172	-0.74224762369943398
no_purity|full_base|base|LHX1	TCGA-AX-A1CN	150	0.017161037600304786	0.0057796610433235645	0.13980518986460252	1.4106682254529745
no_purity|full_base|base|LHX1	TCGA-AX-A2HH	159	0.022413393581056526	0.0033841026460406458	0.097619399985078084	-0.94096079346556161
no_purity|full_base|base|LHX1	TCGA-AX-A2IN	162	0.014793803428589873	0.0026022399214189747	0.090726253763760534	-1.0197417954091044
no_purity|full_base|base|LHX1	TCGA-AX-A3FW	167	0.0094725071139283787	0.005361095983983784	0.10496371677786234	-1.8383667355632873
no_purity|full_base|base|LHX1	TCGA-AX-A3G1	170	0.0095080801515119856	0.0080841882949959972	0.12359656536463502	-2.2570451007309327
no_purity|full_base|base|LHX1	TCGA-AX-A3G8	174	0.012549753392320763	0.0068047423522604421	0.13708167383275155	1.7963232534742524
no_purity|full_base|base|LHX1	TCGA-AX-A3GI	177	0.013981246861223096	0.005090603475959684	0.11631003436996076	1.4693717335633585
no_purity|full_base|base|LHX1	TCGA-B5-A0JY	185	0.020748202920369031	0.0058255087612962466	0.15777690598238436	1.285232902115258
no_purity|full_base|base|LHX1	TCGA-B5-A0K4	191	0.0098167139579146585	0.0056867257666551371	0.10233812747954632	1.8597067834789742
no_purity|full_base|base|LHX1	TCGA-B5-A11I	200	0.010992518131391203	0.0082469354120561864	0.13710202358761481	-2.1172759222016451
no_purity|full_base|base|LHX1	TCGA-B5-A11U	209	0.011884470987396537	0.00394985105344897	0.097943359549161904	1.4050823525403702
no_purity|full_base|base|LHX1	TCGA-BG-A0LW	234	0.02151111146979065	0.0092187629023534005	0.19065719987232893	-1.5886121441177805
no_purity|full_base|base|LHX1	TCGA-BG-A0VX	256	0.02282514528175341	0.0068386437012469279	0.16851595664480548	1.3263826382935391
no_purity|full_base|base|LHX1	TCGA-BG-A0W1	258	0.013694666161264402	0.0035369026819512552	0.10206473755936886	-1.2369346192564228
no_purity|full_base|base|LHX1	TCGA-BG-A2AE	268	0.0091152756579749861	0.0046806322482919683	0.098578148463768181	1.7508459521477961
no_purity|full_base|base|LHX1	TCGA-BK-A139	276	0.010169850518495897	0.0052667941504482181	0.10152259075413594	-1.7574184937892916
no_purity|full_base|base|LHX1	TCGA-BK-A6W3	282	0.021022654588740308	0.0021009103418675908	0.093252610370970906	-0.76584810488497324
no_purity|full_base|base|LHX1	TCGA-BS-A0TC	286	0.033410052843291134	0.0019874194218707959	0.094211499821924574	-0.58697372948894311
no_purity|full_base|base|LHX1	TCGA-BS-A0TE	288	0.0097344130353335008	0.0074543600404606012	0.11694734017735464	2.1406663143604328
no_purity|full_base|base|LHX1	TCGA-BS-A0TJ	291	0.0096113885728144645	0.0048767677688901197	0.090894840297663912	1.7399162020658037
no_purity|full_base|base|LHX1	TCGA-BS-A0U9	295	0.0098838374323430081	0.0049946639928774624	0.096776642509769917	-1.7361221065330985
no_purity|full_base|base|LHX1	TCGA-BS-A0UJ	298	0.03134791922864593	0.0035594830580958068	0.12920760594546477	0.81208408218393247
no_purity|full_base|base|LHX1	TCGA-BS-A0V4	302	0.022519470625132328	0.0045083229553280731	0.13392650790439342	1.0837615548136128
no_purity|full_base|base|LHX1	TCGA-BS-A0V7	304	0.035055391982652152	0.0030915097621978618	0.1157598232458599	-0.71420398445260214
no_purity|full_base|base|LHX1	TCGA-BS-A0WQ	307	0.017349124235178547	0.0092784475562175308	0.18221932020825654	-1.7795543644728753
no_purity|full_base|base|LHX1	TCGA-D1-A0ZZ	316	0.011116374397564417	0.0051501255421455413	0.11545104281711384	1.6608728685793204
no_purity|full_base|base|LHX1	TCGA-D1-A15X	322	0.01378014087807242	0.0033384171931491397	0.099903351444790692	1.1978276700039201
no_purity|full_base|base|LHX1	TCGA-D1-A167	328	0.011615278868763984	0.0042911016632182176	0.0910559272234545	-1.4819243117837684
no_purity|full_base|base|LHX1	TCGA-D1-A16X	343	0.02246611358635521	0.0051695431041206491	0.1487841100947371	1.1621321782831997
no_purity|full_base|base|LHX1	TCGA-D1-A16Y	344	0.026323183177641318	0.020321695881013142	0.29564422355414749	2.1311970708055297
no_purity|full_base|base|LHX1	TCGA-D1-A177	347	0.016761603012107509	0.013696867107891577	0.17710756583583653	2.204060922620386
no_purity|full_base|base|LHX1	TCGA-D1-A17A	348	0.021250002194405832	0.0057739371668001126	0.15284753116696925	1.263941252642715
no_purity|full_base|base|LHX1	TCGA-D1-A1O8	372	0.018428756619867662	0.010894239734990881	0.19910367020704559	-1.8705417097991992
no_purity|full_base|base|LHX1	TCGA-DF-A2KU	384	0.02134103377759906	0.0038373399694092173	0.12265961066360835	1.0275973569585797
no_purity|full_base|base|LHX1	TCGA-DI-A1NN	392	0.010278172717377659	0.0047713684339568572	0.100276952180263	-1.6632594284751845
no_purity|full_base|base|LHX1	TCGA-E6-A2P8	400	0.012336767679959358	0.006317810743395531	0.11968283414040647	-1.7456138234433483
no_purity|full_base|base|LHX1	TCGA-EO-A22T	411	0.015331688693811796	0.0036614528916198868	0.10979518201982925	1.1883130652016498
no_purity|full_base|base|LHX1	TCGA-EO-A3AV	419	0.022910924960172781	0.002615238294781433	0.096079681793016	0.81777420510733456
no_purity|full_base|base|LHX1	TCGA-EO-A3AY	420	0.020652619707321497	0.0046870953066772882	0.14032618993137325	1.1551895283621967
no_purity|full_base|base|LHX1	TCGA-EO-A3L0	427	0.013805979803216245	0.0031776495978225287	0.09667081818675706	1.1674369406003042
no_purity|full_base|base|LHX1	TCGA-EY-A1GE	430	0.035584662361525132	0.015590787343125891	0.27242373832077765	-1.5946965490834575
no_purity|full_base|base|LHX1	TCGA-EY-A1GM	436	0.010448064609741282	0.0034655571161472305	0.091486100215929109	1.4047043498309095
no_purity|full_base|base|LHX1	TCGA-EY-A1GO	437	0.013190117972863333	0.0096235580525248342	0.14448909918251665	2.085366915361671
no_purity|full_base|base|LHX1	TCGA-EY-A1GU	443	0.015250860140956684	0.0089190929789428643	0.16998586828202622	1.8634623276511166
no_purity|full_base|base|LHX1	TCGA-EY-A1GW	445	0.030073414348432342	0.019690959897509217	0.2959770193402767	-1.9575421868397347
no_purity|full_base|base|LHX1	TCGA-EY-A1GX	446	0.026775104946088986	0.013707783236454541	0.23469565387744085	-1.7324711511530628
no_purity|full_base|base|LHX1	TCGA-EY-A210	448	0.0076136930631951448	0.0069053303217647176	0.10300138483719794	-2.3341569549822405
no_purity|full_base|base|LHX1	TCGA-EY-A4KR	459	0.012627102227574585	0.0095117222514783193	0.16568357042473195	-2.119839484543526
no_purity|full_base|base|LHX1	TCGA-EY-A549	462	0.016519832625840541	0.0025491156225342071	0.093365026075718491	-0.95413873537115157
no_purity|full_base|base|LHX1	TCGA-FI-A2CY	467	0.012299426831715796	0.0043162071854098974	0.10998572629924795	-1.4436648546380864
no_purity|full_base|base|LHX1	TCGA-FI-A2D0	468	0.021700262335568547	0.0086202469818643622	0.19712910803233538	1.5290373355926743
no_purity|full_base|base|LHX1	TCGA-FI-A2D5	471	0.020677942934095948	0.0033162496447336396	0.11858004598041297	-0.97069614262011028
no_purity|full_base|base|LHX1	TCGA-FI-A2EU	473	0.014224662154052187	0.0048414979944330317	0.12588198915588211	1.4202798674288903
no_purity|full_base|base|LHX1	TCGA-FI-A2EW	474	0.011813597390298438	0.0040138009708162326	0.1058544490893279	1.4207672191672762
no_purity|full_base|base|LHX1	TCGA-FI-A2EY	476	0.013431772004593001	0.0061459065997907123	0.13910620472890586	1.6485752620064433
no_purity|full_base|base|LHX1	TCGA-FI-A2F9	479	0.011029716659724017	0.0045670892927888876	0.10213453789127354	1.569779023384251
no_purity|full_base|base|LHX1	TCGA-KP-A3W3	488	0.0085767176649685188	0.0077210952724851203	0.10559837160917725	-2.324254952832808
no_purity|full_base|base|LHX1	TCGA-PG-A6IB	491	0.015352729658571804	0.0060232710619373365	0.13876467415755422	-1.5244473992827681
no_purity|full_base|base|LHX1	TCGA-QF-A5YS	497	0.026169980527420686	0.0030175284532818944	0.11659976799007031	-0.82053958615065814
no_purity|full_base|base|LHX1	TCGA-SL-A6J9	505	0.0092984488411346732	0.007108436014914953	0.1175507344127299	-2.1393090661956542
no_purity|histology_matched|base_refit|GATA2	TCGA-A5-A0G1	4	0.023321846456511627	0.011491581900130067	0.20969365137162771	-1.7024827819976325
no_purity|histology_matched|base_refit|GATA2	TCGA-A5-A0G2	5	0.021852108781423428	0.0070311286384568848	0.16896540473614383	-1.3754052071648275
no_purity|histology_matched|base_refit|GATA2	TCGA-A5-A0G5	6	0.017904837875881444	0.012507660065080138	0.22060131831679014	-2.0352399553894225
no_purity|histology_matched|base_refit|GATA2	TCGA-A5-A0VQ	28	0.013931971133598	0.0029413651797762621	0.095331463854670784	1.1179070059193714
no_purity|histology_matched|base_refit|GATA2	TCGA-A5-A1OF	29	0.02085270123414527	0.0069540762921602144	0.16997643526419862	-1.4010576713728531
no_purity|histology_matched|base_refit|GATA2	TCGA-A5-A2K5	37	0.02079025214260203	0.0026375935041184984	0.10987804260413161	-0.86313110539112636
no_purity|histology_matched|base_refit|GATA2	TCGA-AJ-A23N	44	0.014166347540738845	0.0058064048523567809	0.13288841453320901	-1.559275628270226
no_purity|histology_matched|base_refit|GATA2	TCGA-AJ-A2QK	46	0.010889821197362811	0.0032865816296227925	0.089431500101151903	-1.3393816035770327
no_purity|histology_matched|base_refit|GATA2	TCGA-AJ-A2QL	47	0.0091358179554439402	0.0047245926878993205	0.098601279852304019	-1.7570973088691755
no_purity|histology_matched|base_refit|GATA2	TCGA-AJ-A3BK	56	0.01524260432280419	0.0070204593316814858	0.14912040417809611	-1.652508870025529
no_purity|histology_matched|base_refit|GATA2	TCGA-AJ-A3EK	58	0.024323682438866321	0.0063441136452734451	0.14155655603914841	-1.2363137881770054
no_purity|histology_matched|base_refit|GATA2	TCGA-AJ-A3EL	59	0.022484673869075305	0.0040134611631504422	0.12105503441795436	-1.0232318768096311
no_purity|histology_matched|base_refit|GATA2	TCGA-AJ-A3EM	60	0.010615185678600352	0.011088257327884342	0.12711309377377669	2.5032325978603449
no_purity|histology_matched|base_refit|GATA2	TCGA-AJ-A3I9	61	0.014379727653579498	0.0033539090700126549	0.090181194048110855	-1.1748863960970442
no_purity|histology_matched|base_refit|GATA2	TCGA-AJ-A3NF	63	0.016990221763645917	0.0028336454373708978	0.10400929118192601	0.99179216746007859
no_purity|histology_matched|base_refit|GATA2	TCGA-AJ-A3NG	64	0.017419715859912463	0.009301592144428085	0.17137090816029779	1.7780931755573437
no_purity|histology_matched|base_refit|GATA2	TCGA-AJ-A3OL	67	0.016552284510735218	0.022769032732762217	0.269921661941049	2.8695506584426451
no_purity|histology_matched|base_refit|GATA2	TCGA-AJ-A5DW	71	0.021069917298111588	0.0088754536956640612	0.19575264178361773	1.575280102687705
no_purity|histology_matched|base_refit|GATA2	TCGA-AJ-A6NU	72	0.010881952641538066	0.0032762975817348201	0.088978032753338959	1.3377673766764671
no_purity|histology_matched|base_refit|GATA2	TCGA-AP-A051	76	0.020691456595487445	0.0062373254215606156	0.16281017839748507	1.3319101964569695
no_purity|histology_matched|base_refit|GATA2	TCGA-AP-A056	79	0.023850014282202372	0.0089889880465833516	0.1719149062691302	-1.4875482299663014
no_purity|histology_matched|base_refit|GATA2	TCGA-AP-A059	80	0.02406521302678076	0.0032291139814383122	0.10268517980905055	0.88621608448805422
no_purity|histology_matched|base_refit|GATA2	TCGA-AP-A0LG	92	0.010253143945827959	0.0073475948514050314	0.091687630302814294	2.0696796996421343
no_purity|histology_matched|base_refit|GATA2	TCGA-AP-A0LL	96	0.015862523594011201	0.0074148266232730029	0.15379402774452616	-1.6643136994434458
no_purity|histology_matched|base_refit|GATA2	TCGA-AP-A1E0	112	0.022207736275111436	0.012912721385611467	0.23206910402264883	1.8514308459247266
no_purity|histology_matched|base_refit|GATA2	TCGA-AX-A06F	129	0.021558249259799808	0.0050823270378208794	0.13991284470851054	-1.1768871991458887
no_purity|histology_matched|base_refit|GATA2	TCGA-AX-A2IN	162	0.014827559244924265	0.0035406402390927021	0.10593471932887893	1.1885486293606917
no_purity|histology_matched|base_refit|GATA2	TCGA-AX-A3FT	165	0.01056494478558085	0.0054827395157987418	0.10542933688182995	-1.7589028937150819
no_purity|histology_matched|base_refit|GATA2	TCGA-B5-A0JY	185	0.020748953080424605	0.0034955465814987801	0.12220138898865819	0.99489598462525253
no_purity|histology_matched|base_refit|GATA2	TCGA-B5-A1MR	214	0.023762800359827311	0.010221726662600534	0.1883073275031529	-1.5897502904553056
no_purity|histology_matched|base_refit|GATA2	TCGA-B5-A1MS	215	0.0088985922079585118	0.0058930147096176149	0.10361183418268387	1.9903301128215296
no_purity|histology_matched|base_refit|GATA2	TCGA-B5-A3FC	226	0.021637934818900129	0.0050324300782216272	0.14056513526437842	-1.1688678174564573
no_purity|histology_matched|base_refit|GATA2	TCGA-BG-A0LW	233	0.021545477654681518	0.0023660175646257014	0.096621934838060419	0.80264278268379918
no_purity|histology_matched|base_refit|GATA2	TCGA-BG-A0VX	255	0.022825487986858538	0.0074696541452901272	0.17607292544936626	1.3864430975862601
no_purity|histology_matched|base_refit|GATA2	TCGA-BK-A13B	276	0.0099504257926871613	0.0044135272269379992	0.092153887480129162	1.6258810003083961
no_purity|histology_matched|base_refit|GATA2	TCGA-BK-A6W3	281	0.021024743027271517	0.0062975530599001491	0.16141767936648682	1.3274334810230981
no_purity|histology_matched|base_refit|GATA2	TCGA-BS-A0TA	284	0.012934940057506835	0.0092245796468247484	0.15890487549526031	-2.0618018725440241
no_purity|histology_matched|base_refit|GATA2	TCGA-BS-A0TC	285	0.033449173491517256	0.013392647333303935	0.2445576891706609	1.5258243220731407
no_purity|histology_matched|base_refit|GATA2	TCGA-BS-A0TE	287	0.009738334804149467	0.0045364269043271475	0.091272576131959798	1.6666171826720875
no_purity|histology_matched|base_refit|GATA2	TCGA-BS-A0UF	296	0.021829774786803133	0.0054557739232070981	0.14315748674861853	-1.2116847242915749
no_purity|histology_matched|base_refit|GATA2	TCGA-BS-A0UJ	297	0.03138892613284662	0.015513074938816269	0.26978641720367241	-1.697959493837071
no_purity|histology_matched|base_refit|GATA2	TCGA-BS-A0V4	301	0.022558864606835594	0.0051586757016793185	0.14331065020254521	1.1584569881494382
no_purity|histology_matched|base_refit|GATA2	TCGA-BS-A0V7	303	0.035062908492604461	0.048079170437094414	0.45643698585408093	-2.8373988409579569
no_purity|histology_matched|base_refit|GATA2	TCGA-BS-A0WQ	306	0.017389481386038384	0.0047551675979316593	0.13055093565916459	-1.2704936209893218
no_purity|histology_matched|base_refit|GATA2	TCGA-D1-A103	318	0.021723795048503886	0.0066039793093763885	0.17166917638906803	1.3368508874585761
no_purity|histology_matched|base_refit|GATA2	TCGA-D1-A15X	321	0.013793998799028219	0.0058117649673525692	0.13187759546161157	-1.5813175333330658
no_purity|histology_matched|base_refit|GATA2	TCGA-D1-A16X	342	0.022466123131638066	0.0035827672450755481	0.12383979868757254	0.96707160469516606
no_purity|histology_matched|base_refit|GATA2	TCGA-D1-A16Y	343	0.026351463976691331	0.02708653505035416	0.341375778475284	2.4628616468569886
no_purity|histology_matched|base_refit|GATA2	TCGA-D1-A17A	347	0.021263827310365802	0.0027502550981531948	0.10550387076335485	0.87130378300717115
no_purity|histology_matched|base_refit|GATA2	TCGA-D1-A17L	354	0.017654333399700226	0.014178410530548895	0.2286685392230649	-2.1838698113098904
no_purity|histology_matched|base_refit|GATA2	TCGA-D1-A17Q	357	0.024018511484089313	0.018895430378098058	0.29160500260754707	2.154155433666971
no_purity|histology_matched|base_refit|GATA2	TCGA-D1-A17S	359	0.01433351003057234	0.0032088479647761196	0.096930652986631005	-1.1510122344232978
no_purity|histology_matched|base_refit|GATA2	TCGA-D1-A1O8	371	0.018479041828290466	0.016160824695785607	0.24271011814200344	-2.2789304893905595
no_purity|histology_matched|base_refit|GATA2	TCGA-DF-A2KR	381	0.014163587423231564	0.0025326988560396067	0.092377985373699928	-1.0285095075177306
no_purity|histology_matched|base_refit|GATA2	TCGA-DF-A2KU	383	0.021345603342781003	0.0064635859516181341	0.15914048020347987	-1.3344788497482902
no_purity|histology_matched|base_refit|GATA2	TCGA-DF-A2KV	384	0.021094485451540933	0.0017305164315221271	0.088922805973307151	-0.69378361395223143
no_purity|histology_matched|base_refit|GATA2	TCGA-E6-A1M0	398	0.022288709285552263	0.0019058570054017469	0.089280652589780768	-0.70789177126893477
no_purity|histology_matched|base_refit|GATA2	TCGA-E6-A2P8	399	0.012363901807690238	0.0054988451346420159	0.11184527535047037	-1.6260914164954579
no_purity|histology_matched|base_refit|GATA2	TCGA-EO-A22T	410	0.015364579864309093	0.0050030075905626642	0.12845577320050044	1.38826035852472
no_purity|histology_matched|base_refit|GATA2	TCGA-EO-A22X	412	0.022821425017096091	0.0028250709163865038	0.10064518372502869	-0.85169990277918617
no_purity|histology_matched|base_refit|GATA2	TCGA-EO-A3AV	418	0.02292290731167199	0.0062061013907940043	0.14791992441659121	1.2605796748235059
no_purity|histology_matched|base_refit|GATA2	TCGA-EO-A3AY	419	0.020653787945173786	0.0024275995868360536	0.10084741545114173	-0.83080260174495435
no_purity|histology_matched|base_refit|GATA2	TCGA-EO-A3AZ	420	0.011787259167858909	0.0079572846128051107	0.13254664668785954	-2.0067233258712038
no_purity|histology_matched|base_refit|GATA2	TCGA-EO-A3B0	421	0.022910433389769363	0.0048835176604081444	0.13301467006322301	-1.1181529245492634
no_purity|histology_matched|base_refit|GATA2	TCGA-EO-A3L0	426	0.013810663634769691	0.0034019679176418324	0.10003627440377165	-1.2078494771561021
no_purity|histology_matched|base_refit|GATA2	TCGA-EY-A1GD	428	0.022126632409426299	0.01771641264794355	0.28642907576171756	2.1755161462210704
no_purity|histology_matched|base_refit|GATA2	TCGA-EY-A1GH	431	0.014742183941403945	0.0032415082136690683	0.10216195211243149	-1.1404433955218032
no_purity|histology_matched|base_refit|GATA2	TCGA-EY-A1GI	432	0.020837911481130473	0.0074589416649929819	0.18005242298644902	1.4517603374158277
no_purity|histology_matched|base_refit|GATA2	TCGA-EY-A1GL	434	0.016600078632629758	0.0024012872011551605	0.091529913867975946	0.92372768082074608
no_purity|histology_matched|base_refit|GATA2	TCGA-EY-A1GU	442	0.015269757495714631	0.0045514635466303525	0.12148786616263235	1.3280829169427051
no_purity|histology_matched|base_refit|GATA2	TCGA-EY-A1GW	444	0.030077276546788247	0.0026988456403410346	0.1094526368534959	-0.72228090544333734
no_purity|histology_matched|base_refit|GATA2	TCGA-EY-A2OO	453	0.018110710573379468	0.0097635331656187509	0.18921193436458744	1.7860419242444407
no_purity|histology_matched|base_refit|GATA2	TCGA-FI-A2CY	466	0.012431046694740502	0.003196541939229758	0.094842198391979313	1.2350191649880169
no_purity|histology_matched|base_refit|GATA2	TCGA-FI-A2D5	470	0.020678972068826754	0.0019669645944159417	0.091172094338987944	-0.74727439594547784
no_purity|histology_matched|base_refit|GATA2	TCGA-KP-A3W0	485	0.0090991787629659746	0.0042116754083334753	0.089728794829933831	-1.6618077420963711
no_purity|histology_matched|base_refit|GATA2	TCGA-KP-A3W1	486	0.016750843413374003	0.0096524136414161653	0.18868170498313747	-1.8482202857179426
no_purity|histology_matched|base_refit|GATA2	TCGA-PG-A6IB	490	0.015390745202998116	0.0081910723600793767	0.16199142656401194	-1.7769826438345306
no_purity|histology_matched|base_refit|GATA2	TCGA-QS-A5YQ	498	0.026260089382360938	0.0036458563979732093	0.13086617031031952	-0.90046455371493617
no_purity|histology_matched|base_plus_binary_histology|GATA2	TCGA-A5-A0G1	4	0.038102055295492987	0.01350277950270783	0.2429114386060123	-1.5468783896537937
no_purity|histology_matched|base_plus_binary_histology|GATA2	TCGA-A5-A0G2	5	0.035928474845564322	0.0079320815043741784	0.19897502517110829	-1.2212133949923405
no_purity|histology_matched|base_plus_binary_histology|GATA2	TCGA-A5-A0G5	6	0.019547474386680187	0.011126630068075401	0.2083982675038398	-1.9823023720151789
no_purity|histology_matched|base_plus_binary_histology|GATA2	TCGA-A5-A0GJ	13	0.019212014021568437	0.0065206346547813177	0.13144563404028506	-1.5285366719492215
no_purity|histology_matched|base_plus_binary_histology|GATA2	TCGA-A5-A0VQ	28	0.013935495091932381	0.0025378136909240323	0.095452018675995357	1.1214565383257515
no_purity|histology_matched|base_plus_binary_histology|GATA2	TCGA-A5-A1OF	29	0.035357086996343344	0.008105946819485654	0.20000869530554821	-1.2449016966628088
no_purity|histology_matched|base_plus_binary_histology|GATA2	TCGA-A5-A1OH	31	0.010281799627341465	0.0078886528146090706	0.11084167473657139	2.315589506074077
no_purity|histology_matched|base_plus_binary_histology|GATA2	TCGA-A5-A2K5	37	0.020931212816101243	0.0023678622975192433	0.11170668788831482	-0.88031620042124614
no_purity|histology_matched|base_plus_binary_histology|GATA2	TCGA-A5-A3LO	39	0.016055167099137478	0.0051673604630531533	0.13800281504162276	1.4907079627840494
no_purity|histology_matched|base_plus_binary_histology|GATA2	TCGA-AJ-A23N	44	0.015709132194967081	0.0051685083127810116	0.12375626529647768	-1.5075453532281902
no_purity|histology_matched|base_plus_binary_histology|GATA2	TCGA-AJ-A2QK	46	0.019315021557518838	0.0060931118851627808	0.136398978134253	-1.4733115283634566
no_purity|histology_matched|base_plus_binary_histology|GATA2	TCGA-AJ-A2QL	47	0.0092921650886440381	0.0042082860142190473	0.099699705948726153	-1.7760346806903349
no_purity|histology_matched|base_plus_binary_histology|GATA2	TCGA-AJ-A3BK	56	0.015527214971732234	0.0063176995450824917	0.15335904780453688	-1.6775349992158832
no_purity|histology_matched|base_plus_binary_histology|GATA2	TCGA-AJ-A3EK	58	0.037667440325654639	0.0065792075254255062	0.16644765048179672	-1.084906643214486
no_purity|histology_matched|base_plus_binary_histology|GATA2	TCGA-AJ-A3EL	59	0.022835329269077342	0.0036811339921548228	0.12325648376420284	-1.0501826496958484
no_purity|histology_matched|base_plus_binary_histology|GATA2	TCGA-AJ-A3EM	60	0.01870330534833152	0.015407082059653264	0.21596024919466847	2.3899622703797814
no_purity|histology_matched|base_plus_binary_histology|GATA2	TCGA-AJ-A3I9	61	0.014513101669744545	0.0029861996957369855	0.092350884110615622	-1.191891458702564
no_purity|histology_matched|base_plus_binary_histology|GATA2	TCGA-AJ-A3NF	63	0.018573020159452492	0.0029704850272936215	0.10653796591449759	1.0483191044953861
no_purity|histology_matched|base_plus_binary_histology|GATA2	TCGA-AJ-A3NG	64	0.032403107176019311	0.018362386917028191	0.24379529475721104	1.9647560036913272
no_purity|histology_matched|base_plus_binary_histology|GATA2	TCGA-AJ-A3OL	67	0.016552890527649744	0.019535908872642008	0.26912010140755988	2.8710020787788744
no_purity|histology_matched|base_plus_binary_histology|GATA2	TCGA-AJ-A5DW	71	0.021318299942891316	0.0075029729145700422	0.18847295351092747	1.5549854829882397
no_purity|histology_matched|base_plus_binary_histology|GATA2	TCGA-AJ-A6NU	72	0.019293311440096654	0.0041646150756868552	0.11273691475769103	1.2179034005830141
no_purity|histology_matched|base_plus_binary_histology|GATA2	TCGA-AP-A051	76	0.020935308674530938	0.0052475615214383209	0.1594054672662221	1.311617008139593
no_purity|histology_matched|base_plus_binary_histology|GATA2	TCGA-AP-A056	79	0.024234410489117949	0.0081368704620692241	0.17618033374404163	-1.5163481311032212
no_purity|histology_matched|base_plus_binary_histology|GATA2	TCGA-AP-A059	80	0.024446934589902922	0.0026500040961743828	0.10020816550460396	0.86014624817203211
no_purity|histology_matched|base_plus_binary_histology|GATA2	TCGA-AP-A0LF	91	0.015817995027967137	0.0054390670727024679	0.14021911626058761	-1.5412423513537339
no_purity|histology_matched|base_plus_binary_histology|GATA2	TCGA-AP-A0LG	92	0.010302375484927745	0.0062807656015136364	0.092261602861598471	2.0618071578937891
no_purity|histology_matched|base_plus_binary_histology|GATA2	TCGA-AP-A0LL	96	0.015867313388089783	0.0063454491577082011	0.15337922539557119	-1.662730648214924
no_purity|histology_matched|base_plus_binary_histology|GATA2	TCGA-AP-A1DP	108	0.059290885884604849	0.0028718862688292672	0.10588943930345091	0.5643773639946309
no_purity|histology_matched|base_plus_binary_histology|GATA2	TCGA-AP-A1DQ	109	0.014101162846728462	0.0030545746045866481	0.10708701671419801	1.2232888731925977
no_purity|histology_matched|base_plus_binary_histology|GATA2	TCGA-AP-A1E0	112	0.022485675733555935	0.010954586462471147	0.21929069375101842	1.830102991002166
no_purity|histology_matched|base_plus_binary_histology|GATA2	TCGA-AX-A06F	129	0.021863340883243501	0.0046112306095954722	0.14313925341493577	-1.2022441650617228
no_purity|histology_matched|base_plus_binary_histology|GATA2	TCGA-AX-A2IN	162	0.015055464466996182	0.0029814254293859272	0.10539074707385135	1.1689048572107268
no_purity|histology_matched|base_plus_binary_histology|GATA2	TCGA-AX-A3FT	165	0.010689934682814595	0.0048479473374641053	0.10764986124008293	-1.7759962851954627
no_purity|histology_matched|base_plus_binary_histology|GATA2	TCGA-B5-A0JY	185	0.035486218251955026	0.007217989747581385	0.18971362113310433	1.1723150502793331
no_purity|histology_matched|base_plus_binary_histology|GATA2	TCGA-B5-A1MR	214	0.024074035505389432	0.0091719221218360195	0.19228466719868792	-1.6158950820558236
no_purity|histology_matched|base_plus_binary_histology|GATA2	TCGA-B5-A1MS	215	0.011613761043190144	0.0071257716976766148	0.11553395381777543	2.0670999450813965
no_purity|histology_matched|base_plus_binary_histology|GATA2	TCGA-B5-A3FC	226	0.021904675882025389	0.0045467043464506255	0.14401817427742739	-1.1926232380191786
no_purity|histology_matched|base_plus_binary_histology|GATA2	TCGA-BG-A0LW	233	0.021565847237001178	0.0020651101154112055	0.097404958052155544	0.80956767093271087
no_purity|histology_matched|base_plus_binary_histology|GATA2	TCGA-BG-A0MT	249	0.0082402296716545653	0.0036835335044887061	0.089746401432242676	-1.7653629147046619
no_purity|histology_matched|base_plus_binary_histology|GATA2	TCGA-BG-A0VX	255	0.022985772460943014	0.0062989861816814601	0.17400513957888125	1.3702087920917232
no_purity|histology_matched|base_plus_binary_histology|GATA2	TCGA-BG-A18C	265	0.015037080613179703	0.0045310102689877247	0.13157101343706104	1.4429293855257208
no_purity|histology_matched|base_plus_binary_histology|GATA2	TCGA-BG-A2AE	267	0.024367129024580939	0.0021184511351765062	0.09631788342163379	0.7702331469859125
no_purity|histology_matched|base_plus_binary_histology|GATA2	TCGA-BK-A0CA	272	0.02540753127216943	0.0066693869090904421	0.16940638864461152	1.3392675813205952
no_purity|histology_matched|base_plus_binary_histology|GATA2	TCGA-BK-A139	275	0.019214584011520652	0.0048909354931518352	0.12615524694684346	-1.3229477907273346
no_purity|histology_matched|base_plus_binary_histology|GATA2	TCGA-BK-A13B	276	0.009950841558498574	0.0037855631364762232	0.091737029701630987	1.6264004542828698
no_purity|histology_matched|base_plus_binary_histology|GATA2	TCGA-BK-A6W3	281	0.0212594685827278	0.0052975652025603649	0.15961965592248195	1.3075350951263993
no_purity|histology_matched|base_plus_binary_histology|GATA2	TCGA-BS-A0TA	284	0.013092630972720738	0.0081544294973949476	0.16191650536893104	-2.0812078000646985
no_purity|histology_matched|base_plus_binary_histology|GATA2	TCGA-BS-A0TC	285	0.033453639521207279	0.011456615550941383	0.24429297545469675	1.5241997631457647
no_purity|histology_matched|base_plus_binary_histology|GATA2	TCGA-BS-A0TE	287	0.0098433136405543624	0.0038717491629534531	0.09173075325233665	1.6540093201746631
no_purity|histology_matched|base_plus_binary_histology|GATA2	TCGA-BS-A0UF	296	0.02214479766047088	0.0049489812108586238	0.14688816679616523	-1.2374835889340474
no_purity|histology_matched|base_plus_binary_histology|GATA2	TCGA-BS-A0UJ	297	0.03146672303621588	0.013163203713655541	0.26838662363096027	-1.6871878109937151
no_purity|histology_matched|base_plus_binary_histology|GATA2	TCGA-BS-A0V4	301	0.02260770614228071	0.0045134893616895133	0.14480169725548839	1.1691521906270415
no_purity|histology_matched|base_plus_binary_histology|GATA2	TCGA-BS-A0V7	303	0.035073808050037354	0.041161186127990385	0.45516960448386273	-2.835241752930437
no_purity|histology_matched|base_plus_binary_histology|GATA2	TCGA-BS-A0V8	304	0.015599906655628885	0.0043490640030073649	0.1226138429020097	-1.3873107045148416
no_purity|histology_matched|base_plus_binary_histology|GATA2	TCGA-BS-A0WQ	306	0.017402048374773535	0.0040546206297335354	0.13003080862240052	-1.2667029677068602
no_purity|histology_matched|base_plus_binary_histology|GATA2	TCGA-D1-A103	318	0.021848637859476789	0.0055736425799986942	0.16983508741587397	1.3226205368127211
no_purity|histology_matched|base_plus_binary_histology|GATA2	TCGA-D1-A15X	321	0.028334551715899062	0.0084627440058792514	0.17435600501737561	-1.4267735659098668
no_purity|histology_matched|base_plus_binary_histology|GATA2	TCGA-D1-A16X	342	0.02261267057042339	0.0029913024459169131	0.12180824526373052	0.95125118355258642
no_purity|histology_matched|base_plus_binary_histology|GATA2	TCGA-D1-A16Y	343	0.026399442276311108	0.023120045924291271	0.32742948275617656	2.4553521096380417
no_purity|histology_matched|base_plus_binary_histology|GATA2	TCGA-D1-A17A	347	0.021281788398575655	0.0023952515628768946	0.10622477820215795	0.87790912868881721
no_purity|histology_matched|base_plus_binary_histology|GATA2	TCGA-D1-A17L	354	0.017657318136908032	0.012149370664358315	0.22807029576099069	-2.1833743800154437
no_purity|histology_matched|base_plus_binary_histology|GATA2	TCGA-D1-A17Q	357	0.024090592988868627	0.016097940806591923	0.2813972362841245	2.1442489716252147
no_purity|histology_matched|base_plus_binary_histology|GATA2	TCGA-D1-A17S	359	0.014336648348405128	0.0027441558753747426	0.096590059561503933	-1.1495655949606998
no_purity|histology_matched|base_plus_binary_histology|GATA2	TCGA-D1-A1O8	371	0.01883675012927407	0.014481125750119868	0.24877742928421825	-2.3077680212397862
no_purity|histology_matched|base_plus_binary_histology|GATA2	TCGA-DF-A2KR	381	0.020545111310214428	0.0039130721594509586	0.094508875390207678	-1.1430870894234975
no_purity|histology_matched|base_plus_binary_histology|GATA2	TCGA-DF-A2KS	382	0.016831130594379896	0.00289431986645944	0.10184301676099444	-1.0880772115580772
no_purity|histology_matched|base_plus_binary_histology|GATA2	TCGA-DF-A2KU	383	0.021632419065272163	0.0058261744272223	0.16280538315672788	-1.3592764455309785
no_purity|histology_matched|base_plus_binary_histology|GATA2	TCGA-DF-A2KV	384	0.021218193053280994	0.0015616301388590645	0.090851787985428201	-0.70975882684902125
no_purity|histology_matched|base_plus_binary_histology|GATA2	TCGA-DF-A2L0	386	0.015498438921220801	0.0044000389458329061	0.12203150496706784	-1.4000997724152158
no_purity|histology_matched|base_plus_binary_histology|GATA2	TCGA-E6-A2P8	399	0.027437040579287829	0.0086805955929649906	0.18270776201695682	-1.469324587237407
no_purity|histology_matched|base_plus_binary_histology|GATA2	TCGA-EO-A22T	410	0.015601047818240323	0.0042320324110055969	0.12804818882139254	1.3683952313694585
no_purity|histology_matched|base_plus_binary_histology|GATA2	TCGA-EO-A22X	412	0.023186022968961016	0.0026209466477606562	0.10275209415914459	-0.87896569326495433
no_purity|histology_matched|base_plus_binary_histology|GATA2	TCGA-EO-A3AV	418	0.023261295046259674	0.0051954793087048423	0.14581428116495573	1.2364143657445963
no_purity|histology_matched|base_plus_binary_histology|GATA2	TCGA-EO-A3AY	419	0.020893830647798962	0.0022193029711546496	0.10394301050209759	-0.85299130048307104
no_purity|histology_matched|base_plus_binary_histology|GATA2	TCGA-EO-A3AZ	420	0.028023857394010983	0.013987620122373243	0.23817956598666531	-1.8472771422099292
no_purity|histology_matched|base_plus_binary_histology|GATA2	TCGA-EO-A3B0	421	0.023275610333047425	0.0044663196147777164	0.13382227774973651	-1.1457647674036961
no_purity|histology_matched|base_plus_binary_histology|GATA2	TCGA-EO-A3L0	426	0.013998174957864391	0.0030546498846749691	0.10279032551893459	-1.2278737082327302
no_purity|histology_matched|base_plus_binary_histology|GATA2	TCGA-EY-A1GC	427	0.016111475063026449	0.0062071675702704745	0.14343438193636632	-1.6316356847636633
no_purity|histology_matched|base_plus_binary_histology|GATA2	TCGA-EY-A1GD	428	0.022231146844411125	0.015088689455326744	0.27844034628526076	2.1632530814793496
no_purity|histology_matched|base_plus_binary_histology|GATA2	TCGA-EY-A1GH	431	0.014963869189777384	0.0029285554812781391	0.10523151664203097	-1.16207004933341
no_purity|histology_matched|base_plus_binary_histology|GATA2	TCGA-EY-A1GI	432	0.021076844132790703	0.0062921448550123061	0.174216228368749	1.431780111696261
no_purity|histology_matched|base_plus_binary_histology|GATA2	TCGA-EY-A1GL	434	0.016603939440762487	0.0020743462479487257	0.091684752194096789	0.92722955989310551
no_purity|histology_matched|base_plus_binary_histology|GATA2	TCGA-EY-A1GP	437	0.017522161470659305	0.0040660047782789298	0.11065363133428392	1.2640390424930557
no_purity|histology_matched|base_plus_binary_histology|GATA2	TCGA-EY-A1GR	439	0.017535902711262333	0.0042424034948044739	0.12167848695876908	-1.2907404423288051
no_purity|histology_matched|base_plus_binary_histology|GATA2	TCGA-EY-A1GU	442	0.015281655643407152	0.0039390577524172988	0.12196476326818101	1.3339973640277998
no_purity|histology_matched|base_plus_binary_histology|GATA2	TCGA-EY-A1GV	443	0.024743990577038001	0.0074667452827667279	0.19054308137483272	-1.4368183019204819
no_purity|histology_matched|base_plus_binary_histology|GATA2	TCGA-EY-A1GW	444	0.035322534543320919	0.0035667121649849234	0.11930679175004935	-0.82548562117534652
no_purity|histology_matched|base_plus_binary_histology|GATA2	TCGA-EY-A2OO	453	0.021573982276380133	0.010990891789809189	0.20791103573968958	1.8726320085160324
no_purity|histology_matched|base_plus_binary_histology|GATA2	TCGA-EY-A54A	462	0.020500617843288209	0.0036571922151478115	0.10638354801648309	1.1062132332206307
no_purity|histology_matched|base_plus_binary_histology|GATA2	TCGA-FI-A2CY	466	0.013987709722552373	0.003375486215807869	0.094124721715481349	1.2914436714738984
no_purity|histology_matched|base_plus_binary_histology|GATA2	TCGA-FI-A2D5	470	0.020922882991093322	0.0018093811605336715	0.09363695979049555	-0.76954532878120785
no_purity|histology_matched|base_plus_binary_histology|GATA2	TCGA-KP-A3W0	485	0.024336454718730589	0.0080479078455097976	0.18780862284992555	-1.5047396278341265
no_purity|histology_matched|base_plus_binary_histology|GATA2	TCGA-KP-A3W1	486	0.018264377825724695	0.0085465273502930064	0.17784035446124258	-1.797243780664624
no_purity|histology_matched|base_plus_binary_histology|GATA2	TCGA-PG-A5BC	489	0.0084418030852488907	0.0042805520881436954	0.089505545959608523	1.8807964488025513
no_purity|histology_matched|base_plus_binary_histology|GATA2	TCGA-PG-A6IB	490	0.029914818321849536	0.011576871189000313	0.19835614031969451	-1.6237432975612396
no_purity|histology_matched|base_plus_binary_histology|GATA2	TCGA-PG-A7D5	491	0.0087992336883966783	0.0044936231585957758	0.091561492464930089	1.8871984206414467
no_purity|histology_matched|base_plus_binary_histology|GATA2	TCGA-QS-A5YQ	498	0.026308981509668469	0.003204127311712246	0.1323786889167296	-0.91093710233708869
no_purity|histology_matched|base_plus_binary_histology|GATA2	TCGA-SL-A6J9	504	0.018087109103382952	0.0075492221683212488	0.15931728142090845	-1.6969476222385649
no_purity|histology_matched|base_refit|SOX9	TCGA-A5-A0G1	4	0.023321846456511627	0.0035339871108046365	0.11628611311358969	-0.94222285906363024
no_purity|histology_matched|base_refit|SOX9	TCGA-A5-A0G5	6	0.017904837875881444	0.0040908501532750299	0.12616150310819205	-1.1607127595798432
no_purity|histology_matched|base_refit|SOX9	TCGA-A5-A0GN	15	0.021185218698558227	0.0028639566200998612	0.094377942600393672	0.89084669512091519
no_purity|histology_matched|base_refit|SOX9	TCGA-A5-A0GP	16	0.021961063560673063	0.013840572966316149	0.24928743783308252	1.9283304594704338
no_purity|histology_matched|base_refit|SOX9	TCGA-A5-A0GW	20	0.014914215010935629	0.0045974386887628017	0.11789220478802089	1.35091620441567
no_purity|histology_matched|base_refit|SOX9	TCGA-A5-A0VQ	28	0.013931971133598	0.0029734139864489241	0.095849417603230194	1.1239961406304291
no_purity|histology_matched|base_refit|SOX9	TCGA-A5-A2K3	35	0.017390004307542242	0.0053620782278820788	0.13983525633827429	-1.3493951594224443
no_purity|histology_matched|base_refit|SOX9	TCGA-AJ-A23N	44	0.014166347540738845	0.0055101540156028651	0.12945395763375225	1.5187878959526828
no_purity|histology_matched|base_refit|SOX9	TCGA-AJ-A3BK	56	0.01524260432280419	0.003529708580694318	0.105736208539745	-1.1701469081006632
no_purity|histology_matched|base_refit|SOX9	TCGA-AJ-A3IA	62	0.014276538473747873	0.0033207314549960347	0.10543890294564238	-1.1733352922600933
no_purity|histology_matched|base_refit|SOX9	TCGA-AJ-A3NF	63	0.016990221763645917	0.0058866192155877057	0.14991060424376629	1.4310096583290226
no_purity|histology_matched|base_refit|SOX9	TCGA-AJ-A3NG	64	0.017419715859912463	0.0061947189126125663	0.1398521844600164	1.4495313439134379
no_purity|histology_matched|base_refit|SOX9	TCGA-AJ-A3OL	67	0.016552284510735218	0.010680276648005312	0.18486585326844679	1.9567649866178161
no_purity|histology_matched|base_refit|SOX9	TCGA-AJ-A8CT	73	0.034507879588858495	0.013176833449613548	0.23777640278964274	-1.4891020506875157
no_purity|histology_matched|base_refit|SOX9	TCGA-AP-A054	78	0.017049245492479874	0.013897157412054061	0.16610219530660914	2.2009748508293034
no_purity|histology_matched|base_refit|SOX9	TCGA-AP-A05J	84	0.0098394375476181795	0.0061355332571535557	0.11093931226981611	1.9299657276976607
no_purity|histology_matched|base_refit|SOX9	TCGA-AP-A0LL	96	0.015862523594011201	0.0031112700944364892	0.099622589885518587	-1.0763538489510707
no_purity|histology_matched|base_refit|SOX9	TCGA-AP-A0LM	97	0.027958577440112695	0.0053926497341202483	0.13757012795485321	-1.0607571111190925
no_purity|histology_matched|base_refit|SOX9	TCGA-AP-A1E0	112	0.022207736275111436	0.016010454773317122	0.25841056722153433	2.0632819510167382
no_purity|histology_matched|base_refit|SOX9	TCGA-AX-A05Y	122	0.010613318339799272	0.0057589201561850569	0.11032152324219845	1.798756184394614
no_purity|histology_matched|base_refit|SOX9	TCGA-AX-A06J	131	0.011330349566246765	0.0038077481263555828	0.090661220966149036	-1.4133394063667646
no_purity|histology_matched|base_refit|SOX9	TCGA-AX-A1CC	144	0.020880371534987528	0.0027798439583350235	0.099533491107638455	0.88417820532150104
no_purity|histology_matched|base_refit|SOX9	TCGA-AX-A2H4	152	0.015362309577315471	0.0035503647812671663	0.11171344268807445	-1.168910153740812
no_purity|histology_matched|base_refit|SOX9	TCGA-AX-A3FZ	169	0.010647789114690102	0.009888465798620176	0.10144535841925391	2.3586232176236845
no_purity|histology_matched|base_refit|SOX9	TCGA-B5-A0JU	182	0.013030390379621587	0.007726616110749404	0.14281836719692148	1.8786207944420021
no_purity|histology_matched|base_refit|SOX9	TCGA-B5-A0JX	184	0.016003131988966676	0.0025934977492066968	0.092516969935803578	0.97812449173602245
no_purity|histology_matched|base_refit|SOX9	TCGA-B5-A0JY	185	0.020748953080424605	0.0099331795313699952	0.20599787379176976	1.680192317655822
no_purity|histology_matched|base_refit|SOX9	TCGA-B5-A11E	196	0.021637662559933553	0.01313636709236846	0.24620303554450551	1.8926770463855942
no_purity|histology_matched|base_refit|SOX9	TCGA-B5-A11N	202	0.040000655941586249	0.0038952036186094127	0.12015948168735281	0.74860310194825619
no_purity|histology_matched|base_refit|SOX9	TCGA-B5-A11U	208	0.011909215272438739	0.0052928653548139628	0.11354884469289921	1.6258875172289424
no_purity|histology_matched|base_refit|SOX9	TCGA-B5-A1MU	216	0.017156948868078552	0.0035236264671264905	0.11588277833151207	-1.1007393779564263
no_purity|histology_matched|base_refit|SOX9	TCGA-B5-A3FC	226	0.021637934818900129	0.010007578677010201	0.19822263578636742	1.650553506339502
no_purity|histology_matched|base_refit|SOX9	TCGA-BG-A0LW	233	0.021545477654681518	0.0088394125055554218	0.18675767061436968	-1.5541517136088363
no_purity|histology_matched|base_refit|SOX9	TCGA-BG-A0M0	235	0.013888284064154585	0.0063724632191854902	0.1376173980200778	1.6505001149460208
no_purity|histology_matched|base_refit|SOX9	TCGA-BG-A0VX	255	0.022825487986858538	0.012478619330003963	0.22757555019073195	1.7943068814722427
no_purity|histology_matched|base_refit|SOX9	TCGA-BG-A2AE	267	0.0091230309965955811	0.0040217152544045837	0.091405339879179121	-1.6215414842216265
no_purity|histology_matched|base_refit|SOX9	TCGA-BS-A0TC	285	0.033449173491517256	0.0026548001711771203	0.10888398929544116	-0.67807300724084052
no_purity|histology_matched|base_refit|SOX9	TCGA-BS-A0UJ	297	0.03138892613284662	0.0072871607322183745	0.18490570456665964	-1.1619656957356741
no_purity|histology_matched|base_refit|SOX9	TCGA-BS-A0UL	298	0.014662913765594768	0.0040202205375423437	0.10606827180101461	1.2739524428345461
no_purity|histology_matched|base_refit|SOX9	TCGA-BS-A0V4	301	0.022558864606835594	0.0023053160483384786	0.09580200310026174	-0.77384370698501015
no_purity|histology_matched|base_refit|SOX9	TCGA-BS-A0WQ	306	0.017389481386038384	0.0055289820897672136	0.14077309730110785	-1.3703342181360634
no_purity|histology_matched|base_refit|SOX9	TCGA-D1-A15X	321	0.013793998799028219	0.0051366972418080657	0.12398209858176715	-1.4862117511828139
no_purity|histology_matched|base_refit|SOX9	TCGA-D1-A16J	335	0.013253490972036933	0.003623005629013386	0.099527180278162042	-1.2729667914937755
no_purity|histology_matched|base_refit|SOX9	TCGA-D1-A17A	347	0.021263827310365802	0.0045059121677482735	0.13504336938331363	-1.115797709783662
no_purity|histology_matched|base_refit|SOX9	TCGA-D1-A17L	354	0.017654333399700226	0.0068744192894745126	0.15922477820779174	-1.5169261924664579
no_purity|histology_matched|base_refit|SOX9	TCGA-D1-A1O8	371	0.018479041828290466	0.0057577886226913982	0.14487184151376176	-1.3557424628891226
no_purity|histology_matched|base_refit|SOX9	TCGA-DF-A2KR	381	0.014163587423231564	0.0024448706505972783	0.090762124527186239	-1.0104818435138208
no_purity|histology_matched|base_refit|SOX9	TCGA-EO-A22T	410	0.015364579864309093	0.0049293739998967304	0.1275069718082924	1.377967211003027
no_purity|histology_matched|base_refit|SOX9	TCGA-EO-A3B0	421	0.022910433389769363	0.012965035280233992	0.21673048940593428	1.8256768399626444
no_purity|histology_matched|base_refit|SOX9	TCGA-EO-A3B1	422	0.012751551009241146	0.0029528893253100703	0.092223948104097328	1.1716361112624092
no_purity|histology_matched|base_refit|SOX9	TCGA-EO-A3L0	426	0.013810663634769691	0.0027682913039754828	0.09023983583578947	1.0892695942654951
no_purity|histology_matched|base_refit|SOX9	TCGA-EY-A1GE	429	0.035608578598385926	0.023747032322073196	0.33623175999265109	-1.9700502364086334
no_purity|histology_matched|base_refit|SOX9	TCGA-EY-A1GM	435	0.010450896456623514	0.0081816844363967103	0.1400178110068227	2.1638754373660638
no_purity|histology_matched|base_refit|SOX9	TCGA-EY-A1GW	444	0.030077276546788247	0.0045276074058869078	0.14176583707923118	-0.93584813157106506
no_purity|histology_matched|base_refit|SOX9	TCGA-EY-A1GX	445	0.026790304371587477	0.0026268154419384067	0.10268780807738689	-0.75634312105837054
no_purity|histology_matched|base_refit|SOX9	TCGA-EY-A1H0	446	0.012582418587576812	0.0057866352042856301	0.12642851822674317	1.6535177340939409
no_purity|histology_matched|base_refit|SOX9	TCGA-EY-A2OO	453	0.018110710573379468	0.0038170564619490598	0.11830669299150502	1.1145732767320187
no_purity|histology_matched|base_refit|SOX9	TCGA-FI-A2CX	465	0.017581154834549001	0.010276235241228955	0.19357609626513447	-1.8607329035909106
no_purity|histology_matched|base_refit|SOX9	TCGA-FI-A2D0	467	0.021700804894067761	0.011058341419508773	0.22306004419834743	1.73295289452491
no_purity|histology_matched|base_refit|SOX9	TCGA-FI-A2F9	478	0.011031319037415735	0.0047931695848462911	0.10427163360020576	1.6082459530593713
no_purity|histology_matched|base_refit|SOX9	TCGA-KP-A3W1	486	0.016750843413374003	0.0039393122111181659	0.12053745864563117	-1.1783326787017021
no_purity|histology_matched|base_refit|SOX9	TCGA-PG-A6IB	490	0.015390745202998116	0.0035341166898785509	0.1064050135227577	-1.1651273973014447
no_purity|histology_matched|base_refit|SOX9	TCGA-QS-A5YQ	498	0.026260089382360938	0.0020884401769051498	0.099046386007010795	-0.68128242714808196
no_purity|histology_matched|base_plus_binary_histology|SOX9	TCGA-A5-A0G1	4	0.038102055295492987	0.0043896522157674664	0.13850052982545485	-0.8805552357678752
no_purity|histology_matched|base_plus_binary_histology|SOX9	TCGA-A5-A0G5	6	0.019547474386680187	0.0036883496376843559	0.11998537724315451	-1.138312971340367
no_purity|histology_matched|base_plus_binary_histology|SOX9	TCGA-A5-A0GP	16	0.022162722371065285	0.011862476952560479	0.23644372928682827	1.9192123736438305
no_purity|histology_matched|base_plus_binary_histology|SOX9	TCGA-A5-A0GW	20	0.015109083649572329	0.0039425778677727652	0.11824460964257881	1.3423409294505486
no_purity|histology_matched|base_plus_binary_histology|SOX9	TCGA-A5-A0VQ	28	0.013935495091932381	0.0025504576528801609	0.095689505016771995	1.1242538152360813
no_purity|histology_matched|base_plus_binary_histology|SOX9	TCGA-A5-A1OF	29	0.035357086996343344	0.0017028659773210178	0.091672111796680264	-0.56988899553266537
no_purity|histology_matched|base_plus_binary_histology|SOX9	TCGA-A5-A1OH	31	0.010281799627341465	0.0071727569815030192	0.10569263273451918	2.2069431085220312
no_purity|histology_matched|base_plus_binary_histology|SOX9	TCGA-A5-A2K3	35	0.032284999224261569	0.0079249088800971163	0.15998009422457607	-1.2903534947847908
no_purity|histology_matched|base_plus_binary_histology|SOX9	TCGA-AJ-A23N	44	0.015709132194967081	0.0053980251434766289	0.12647422789935606	1.5408105349449028
no_purity|histology_matched|base_plus_binary_histology|SOX9	TCGA-AJ-A3BK	56	0.015527214971732234	0.0031288582914321501	0.10792520105346204	-1.1788717917842484
no_purity|histology_matched|base_plus_binary_histology|SOX9	TCGA-AJ-A3IA	62	0.023435526032180048	0.00519322797606911	0.11980495811489962	-1.2314177802451063
no_purity|histology_matched|base_plus_binary_histology|SOX9	TCGA-AJ-A3NF	63	0.018573020159452492	0.0056977318371747793	0.14755085132163173	1.4533533679404838
no_purity|histology_matched|base_plus_binary_histology|SOX9	TCGA-AJ-A3NG	64	0.032403107176019311	0.011147405258457893	0.18995365189168825	1.5285180855731286
no_purity|histology_matched|base_plus_binary_histology|SOX9	TCGA-AJ-A3OL	67	0.016552890527649744	0.0091380447515894397	0.18405853783645096	1.9549640187524147
no_purity|histology_matched|base_plus_binary_histology|SOX9	TCGA-AJ-A6NU	72	0.019293311440096654	0.0026200214644031797	0.089419273405996341	-0.96546845578985763
no_purity|histology_matched|base_plus_binary_histology|SOX9	TCGA-AJ-A8CT	73	0.03453221988160618	0.011245313918506628	0.23691697014272003	-1.4853051540556148
no_purity|histology_matched|base_plus_binary_histology|SOX9	TCGA-AP-A054	78	0.017112885085127399	0.011893016458569838	0.16656621642057956	2.1950298805435917
no_purity|histology_matched|base_plus_binary_histology|SOX9	TCGA-AP-A05J	84	0.012407456637355992	0.0068519651763631791	0.11993744251710196	1.9594593192640828
no_purity|histology_matched|base_plus_binary_histology|SOX9	TCGA-AP-A0LL	96	0.015867313388089783	0.0026579071735140631	0.099267083060054731	-1.0743881090062517
no_purity|histology_matched|base_plus_binary_histology|SOX9	TCGA-AP-A0LM	97	0.02815078581893889	0.0047174383937056653	0.13848002076678087	-1.0678675369914474
no_purity|histology_matched|base_plus_binary_histology|SOX9	TCGA-AP-A1DQ	109	0.014101162846728462	0.0035462359378816153	0.11538391349029235	1.3183858167539846
no_purity|histology_matched|base_plus_binary_histology|SOX9	TCGA-AP-A1E0	112	0.022485675733555935	0.013758589040770965	0.24575884491043087	2.0527621203306836
no_purity|histology_matched|base_plus_binary_histology|SOX9	TCGA-AX-A05Y	122	0.010616285614270526	0.004925502583765019	0.1096413037079591	1.796542843183333
no_purity|histology_matched|base_plus_binary_histology|SOX9	TCGA-AX-A06B	128	0.019454730078667715	0.0032704362914736497	0.10053761442620532	1.0743361208687023
no_purity|histology_matched|base_plus_binary_histology|SOX9	TCGA-AX-A06J	131	0.011330478267780705	0.0032601820837406671	0.090183066950059398	-1.4125508419234063
no_purity|histology_matched|base_plus_binary_histology|SOX9	TCGA-AX-A1CC	144	0.034575204789685142	0.0046705597913036974	0.11379665121260646	0.9553716591583219
no_purity|histology_matched|base_plus_binary_histology|SOX9	TCGA-AX-A1CN	150	0.017374325461281918	0.0020462472757754664	0.090113385523292275	-0.89988158520895911
no_purity|histology_matched|base_plus_binary_histology|SOX9	TCGA-AX-A2H4	152	0.017101913193790064	0.0032620303925440857	0.10568809915392385	-1.1459380950611875
no_purity|histology_matched|base_plus_binary_histology|SOX9	TCGA-AX-A2HK	161	0.016059175459049689	0.0083308248416460434	0.16532182337623749	1.8951374835118717
no_purity|histology_matched|base_plus_binary_histology|SOX9	TCGA-AX-A3FX	168	0.015001653751919562	0.0028038610828696139	0.10269238256132263	1.1355372046474494
no_purity|histology_matched|base_plus_binary_histology|SOX9	TCGA-AX-A3FZ	169	0.018525916769341226	0.014344736617983599	0.20664122221308553	2.3165232310512827
no_purity|histology_matched|base_plus_binary_histology|SOX9	TCGA-B5-A0JU	182	0.01303282133521437	0.0066087430303250656	0.14202894427224064	1.8764408931491803
no_purity|histology_matched|base_plus_binary_histology|SOX9	TCGA-B5-A0JX	184	0.016302956279522079	0.0022186659233251059	0.092736041333376928	0.96797703003577462
no_purity|histology_matched|base_plus_binary_histology|SOX9	TCGA-B5-A0JY	185	0.035486218251955026	0.016219078377198104	0.28438289400606087	1.760345363752617
no_purity|histology_matched|base_plus_binary_histology|SOX9	TCGA-B5-A11E	196	0.021803203753227848	0.011248148690887038	0.23569641019301804	1.8842980603317601
no_purity|histology_matched|base_plus_binary_histology|SOX9	TCGA-B5-A11N	202	0.040046265493813696	0.0033044969305869505	0.11946526593030547	0.74430624457877226
no_purity|histology_matched|base_plus_binary_histology|SOX9	TCGA-B5-A11U	208	0.012055551722085067	0.0045496841603446612	0.11417658669529457	1.6181377121916452
no_purity|histology_matched|base_plus_binary_histology|SOX9	TCGA-B5-A1MS	215	0.011613761043190144	0.0044989934850293879	0.091801835843652299	1.6399004122736107
no_purity|histology_matched|base_plus_binary_histology|SOX9	TCGA-B5-A1MU	216	0.018697406011584282	0.0031679878203156519	0.1101546400373184	-1.0790039374755582
no_purity|histology_matched|base_plus_binary_histology|SOX9	TCGA-B5-A3F9	223	0.016954611477353592	0.0032405903239528227	0.10003746066092228	1.1472061160539071
no_purity|histology_matched|base_plus_binary_histology|SOX9	TCGA-B5-A3FC	226	0.021904675882025389	0.0085809081236802118	0.1978497790853313	1.6404859891635042
no_purity|histology_matched|base_plus_binary_histology|SOX9	TCGA-BG-A0LW	233	0.021565847237001178	0.0075490604539316291	0.18623268653194402	-1.5505587478326293
no_purity|histology_matched|base_plus_binary_histology|SOX9	TCGA-BG-A0M0	235	0.013892056034085096	0.0054631354434145152	0.13746454544775535	1.6504328897474683
no_purity|histology_matched|base_plus_binary_histology|SOX9	TCGA-BG-A0M6	239	0.011512791255398796	0.0052285691836116369	0.09460547709386305	1.7765272635917582
no_purity|histology_matched|base_plus_binary_histology|SOX9	TCGA-BG-A0VX	255	0.022985772460943014	0.010675068421549579	0.22652288388824343	1.7861019359673762
no_purity|histology_matched|base_plus_binary_histology|SOX9	TCGA-BG-A2AE	267	0.024367129024580939	0.0087015730934011971	0.19520754124767409	-1.563929679285988
no_purity|histology_matched|base_plus_binary_histology|SOX9	TCGA-BK-A0CA	272	0.02540753127216943	0.0028973380877032559	0.11165711846286683	-0.8818243823960572
no_purity|histology_matched|base_plus_binary_histology|SOX9	TCGA-BK-A139	275	0.019214584011520652	0.0025794447222534217	0.091616239837555097	-0.95995191493545107
no_purity|histology_matched|base_plus_binary_histology|SOX9	TCGA-BS-A0TC	285	0.033453639521207279	0.0022806180108409621	0.10899562955851817	-0.67878175681833708
no_purity|histology_matched|base_plus_binary_histology|SOX9	TCGA-BS-A0TI	289	0.018445616111294534	0.0032632176282750927	0.10272869618207894	1.1027489147996725
no_purity|histology_matched|base_plus_binary_histology|SOX9	TCGA-BS-A0UJ	297	0.03146672303621588	0.0062009219519713063	0.18420787734862742	-1.1562593036297224
no_purity|histology_matched|base_plus_binary_histology|SOX9	TCGA-BS-A0UL	298	0.014748941910687999	0.0034339971606770691	0.10616697586006475	1.267962207459175
no_purity|histology_matched|base_plus_binary_histology|SOX9	TCGA-BS-A0V4	301	0.02260770614228071	0.0019578836974776552	0.095369803075266588	-0.76943345031302268
no_purity|histology_matched|base_plus_binary_histology|SOX9	TCGA-BS-A0WQ	306	0.017402048374773535	0.0047224561965166891	0.14033148455043695	-1.3674105063212521
no_purity|histology_matched|base_plus_binary_histology|SOX9	TCGA-D1-A15X	321	0.028334551715899062	0.0084855046296595064	0.17459031357718044	-1.4286987910929998
no_purity|histology_matched|base_plus_binary_histology|SOX9	TCGA-D1-A169	329	0.021732280413585145	0.004671789408557672	0.10965496867424142	-1.2138717560687564
no_purity|histology_matched|base_plus_binary_histology|SOX9	TCGA-D1-A16J	335	0.013495830188170584	0.003202305859065798	0.10157279963563887	-1.2808807446524482
no_purity|histology_matched|base_plus_binary_histology|SOX9	TCGA-D1-A16V	341	0.01564297286222982	0.0034898257564076138	0.11305721435018418	1.240514778863139
no_purity|histology_matched|base_plus_binary_histology|SOX9	TCGA-D1-A17A	347	0.021281788398575655	0.0038439305054350382	0.13456683270924916	-1.1126667612838128
no_purity|histology_matched|base_plus_binary_histology|SOX9	TCGA-D1-A17L	354	0.017657318136908032	0.0058777189658083913	0.15863398831767153	-1.5149048137829837
no_purity|histology_matched|base_plus_binary_histology|SOX9	TCGA-D1-A1O0	368	0.015695783386654255	0.0064996852043287014	0.15003900961633695	1.6923022939496684
no_purity|histology_matched|base_plus_binary_histology|SOX9	TCGA-D1-A1O8	371	0.01883675012927407	0.0051056548649345366	0.14771872151214097	-1.3655839641439238
no_purity|histology_matched|base_plus_binary_histology|SOX9	TCGA-D1-A2G0	372	0.027107976508854041	0.002716111524209731	0.10659098660074731	-0.82578716934807128
no_purity|histology_matched|base_plus_binary_histology|SOX9	TCGA-DF-A2KS	382	0.016831130594379896	0.0031253470418988729	0.10582959082979945	-1.1307765309996169
no_purity|histology_matched|base_plus_binary_histology|SOX9	TCGA-E6-A2P8	399	0.027437040579287829	0.0060609284696352085	0.15266933547810163	-1.2269550663017985
no_purity|histology_matched|base_plus_binary_histology|SOX9	TCGA-EO-A22T	410	0.015601047818240323	0.0042333702898202825	0.12806842725593537	1.3686123241208794
no_purity|histology_matched|base_plus_binary_histology|SOX9	TCGA-EO-A3AS	416	0.017008245526626366	0.0039529666112725834	0.10925137535709452	1.2653690798068626
no_purity|histology_matched|base_plus_binary_histology|SOX9	TCGA-EO-A3AZ	420	0.028023857394010983	0.0065302192233836443	0.16274080708980604	-1.2598886875865001
no_purity|histology_matched|base_plus_binary_histology|SOX9	TCGA-EO-A3B0	421	0.023275610333047425	0.011151358050869836	0.21145472725684883	1.814023548725888
no_purity|histology_matched|base_plus_binary_histology|SOX9	TCGA-EO-A3B1	422	0.014376160109480734	0.0029688878449286946	0.090161223853232067	1.1941678708447412
no_purity|histology_matched|base_plus_binary_histology|SOX9	TCGA-EO-A3L0	426	0.013998174957864391	0.0023692508827907678	0.090526774595058354	1.0810133275154372
no_purity|histology_matched|base_plus_binary_histology|SOX9	TCGA-EY-A1GC	427	0.016111475063026449	0.0024334183817247322	0.089807979056261061	-1.0199532040484245
no_purity|histology_matched|base_plus_binary_histology|SOX9	TCGA-EY-A1GE	429	0.03564396108985541	0.020278923386290851	0.3351912028645388	-1.9653473982152925
no_purity|histology_matched|base_plus_binary_histology|SOX9	TCGA-EY-A1GM	435	0.013308947086013909	0.0092176109397749308	0.15069428502062221	2.1954979851509449
no_purity|histology_matched|base_plus_binary_histology|SOX9	TCGA-EY-A1GP	437	0.017522161470659305	0.0046889585124045927	0.11882831081677787	1.3577553066502828
no_purity|histology_matched|base_plus_binary_histology|SOX9	TCGA-EY-A1GV	443	0.024743990577038001	0.0049058678588330719	0.15444912032923916	-1.163819394837714
no_purity|histology_matched|base_plus_binary_histology|SOX9	TCGA-EY-A1GW	444	0.035322534543320919	0.0050070531771023077	0.14135860079372795	-0.97833278030230542
no_purity|histology_matched|base_plus_binary_histology|SOX9	TCGA-EY-A1GX	445	0.032277565803596475	0.003046954644257696	0.10399623050627486	-0.79937374450884102
no_purity|histology_matched|base_plus_binary_histology|SOX9	TCGA-EY-A1H0	446	0.012582855755789282	0.0049554221064767763	0.1260933593651912	1.6527313393570107
no_purity|histology_matched|base_plus_binary_histology|SOX9	TCGA-EY-A214	449	0.017544195042271594	0.0040649931139835173	0.11305939331443886	-1.2630706253346624
no_purity|histology_matched|base_plus_binary_histology|SOX9	TCGA-EY-A2OO	453	0.021573982276380133	0.0041527201660867194	0.12779898638909096	1.1485583015634326
no_purity|histology_matched|base_plus_binary_histology|SOX9	TCGA-FI-A2CX	465	0.017834567351862639	0.0090124587112951036	0.19611204209669689	-1.8685867425013611
no_purity|histology_matched|base_plus_binary_histology|SOX9	TCGA-FI-A2D0	467	0.021904555535228409	0.0094706735568074671	0.21235701906451138	1.7239285910101836
no_purity|histology_matched|base_plus_binary_histology|SOX9	TCGA-FI-A2F9	478	0.017631102014238492	0.0062789661949688548	0.12826796087887204	1.5671962649899369
no_purity|histology_matched|base_plus_binary_histology|SOX9	TCGA-KP-A3W0	485	0.024336454718730589	0.00579750685268101	0.15940233031229209	-1.2763347635591404
no_purity|histology_matched|base_plus_binary_histology|SOX9	TCGA-KP-A3W1	486	0.018264377825724695	0.0035539740122801293	0.11468129694914171	-1.1567727966401151
no_purity|histology_matched|base_plus_binary_histology|SOX9	TCGA-PG-A6IB	490	0.029914818321849536	0.0053822562123751524	0.13524842998551792	-1.1055787224611511
no_purity|histology_matched|base_plus_binary_histology|SOX9	TCGA-QS-A5YQ	498	0.026308981509668469	0.0018116387553572721	0.099540311374020807	-0.68471859160295301
no_purity|histology_matched|base_plus_binary_histology|SOX9	TCGA-QS-A8F1	501	0.013697433761623298	0.0030975259383505048	0.089234991317999113	1.250221190674272
no_purity|histology_matched|base_plus_binary_histology|SOX9	TCGA-SL-A6J9	504	0.018087109103382952	0.0045166102092756193	0.1232304656903766	-1.3110517169195293
no_purity|histology_matched|base_refit|HOXA9	TCGA-A5-A0G1	4	0.023321846456511627	0.0043812897517102444	0.12947811306440216	1.0493365245463799
no_purity|histology_matched|base_refit|HOXA9	TCGA-A5-A0G2	5	0.021852108781423428	0.0089754470526529195	0.19090324724931354	-1.5547979204281239
no_purity|histology_matched|base_refit|HOXA9	TCGA-A5-A0GH	11	0.014065145104223912	0.0066823016516519675	0.09254860219060522	1.6794998034030402
no_purity|histology_matched|base_refit|HOXA9	TCGA-A5-A0GN	15	0.021185218698558227	0.0031219751118957873	0.098537605877725407	-0.93017698367732615
no_purity|histology_matched|base_refit|HOXA9	TCGA-A5-A0GP	16	0.021961063560673063	0.0051718588765243979	0.15238656945382231	1.1760252122120636
no_purity|histology_matched|base_refit|HOXA9	TCGA-A5-A1OF	29	0.02085270123414527	0.0088813003113629909	0.19209111139217053	-1.5842051714964034
no_purity|histology_matched|base_refit|HOXA9	TCGA-A5-A1OJ	32	0.028534183023150264	0.018168726433092718	0.24884315758980002	-1.9317549420183968
no_purity|histology_matched|base_refit|HOXA9	TCGA-A5-A2K3	35	0.017390004307542242	0.021087451965699697	0.27730784968147409	-2.6904254217240067
no_purity|histology_matched|base_refit|HOXA9	TCGA-A5-A2K7	38	0.010668009602778571	0.0037821524464361402	0.090905706762385477	-1.4522976666702645
no_purity|histology_matched|base_refit|HOXA9	TCGA-A5-AB3J	42	0.019192750773177111	0.003788789937430162	0.10186681755352171	1.0780018171945538
no_purity|histology_matched|base_refit|HOXA9	TCGA-AJ-A3I9	61	0.014379727653579498	0.0035391646590128209	0.092638331325238452	-1.2069903535886406
no_purity|histology_matched|base_refit|HOXA9	TCGA-AJ-A3NF	63	0.016990221763645917	0.0045012841311633236	0.13108940628680524	1.2507433250600644
no_purity|histology_matched|base_refit|HOXA9	TCGA-AJ-A3NG	64	0.017419715859912463	0.0027575875132738437	0.093308907342326886	0.96599466998397265
no_purity|histology_matched|base_refit|HOXA9	TCGA-AJ-A5DW	71	0.021069917298111588	0.0039751962336362556	0.13100613577157139	1.0528012731904648
no_purity|histology_matched|base_refit|HOXA9	TCGA-AJ-A6NU	72	0.010881952641538066	0.0040917765642103704	0.099436787288519402	-1.4956804345004371
no_purity|histology_matched|base_refit|HOXA9	TCGA-AJ-A8CT	73	0.034507879588858495	0.0066524296730681685	0.16894812263699815	1.056894941575274
no_purity|histology_matched|base_refit|HOXA9	TCGA-AP-A051	76	0.020691456595487445	0.0037867860203558458	0.12685796289749729	1.0370699254292981
no_purity|histology_matched|base_refit|HOXA9	TCGA-AP-A054	78	0.017049245492479874	0.005905626218293253	0.10827928067021035	1.4307910101068622
no_purity|histology_matched|base_refit|HOXA9	TCGA-AP-A056	79	0.023850014282202372	0.010582829546871968	0.18653444268894431	-1.6146833232596622
no_purity|histology_matched|base_refit|HOXA9	TCGA-AP-A1DP	108	0.037128377303141502	0.0040906413535018856	0.1373436460495677	0.79752520286545725
no_purity|histology_matched|base_refit|HOXA9	TCGA-AP-A1E0	112	0.022207736275111436	0.0048195490503895348	0.1417789114472798	1.1286749959711166
no_purity|histology_matched|base_refit|HOXA9	TCGA-AP-A1E3	114	0.0095889608085620512	0.0068210253668648515	0.11813733203459161	-2.062677412312206
no_purity|histology_matched|base_refit|HOXA9	TCGA-AP-A1E4	115	0.01504005773901982	0.0088407778583017085	0.1670636539705469	1.8684634448856656
no_purity|histology_matched|base_refit|HOXA9	TCGA-AX-A05W	121	0.0081215632163093073	0.0068925799328015498	0.11684479105730577	-2.2565546607088423
no_purity|histology_matched|base_refit|HOXA9	TCGA-AX-A05Y	122	0.010613318339799272	0.006380333714312761	0.11612117406646735	1.8939802672754038
no_purity|histology_matched|base_refit|HOXA9	TCGA-AX-A05Z	123	0.022533153281089232	0.0065716121492522522	0.16011265952783685	-1.3087629456828098
no_purity|histology_matched|base_refit|HOXA9	TCGA-AX-A06F	129	0.021558249259799808	0.0090210930385809414	0.18640427313564775	-1.5696424354309806
no_purity|histology_matched|base_refit|HOXA9	TCGA-AX-A0J0	136	0.023230314928735275	0.0083270357115518522	0.19007071111352314	1.4510050444245259
no_purity|histology_matched|base_refit|HOXA9	TCGA-AX-A2HC	156	0.030113394281694163	0.0024501138696547122	0.096876941096022198	-0.68773381984902038
no_purity|histology_matched|base_refit|HOXA9	TCGA-AX-A3FT	165	0.01056494478558085	0.010775532873465419	0.14780259069776119	-2.4732384238415825
no_purity|histology_matched|base_refit|HOXA9	TCGA-AX-A3FV	166	0.024650803465978914	0.0045731799690939936	0.11546326029741166	1.0420452583449127
no_purity|histology_matched|base_refit|HOXA9	TCGA-AX-A3GB	176	0.027678525197660318	0.0040874031566249967	0.13508607111739029	0.92805256662243341
no_purity|histology_matched|base_refit|HOXA9	TCGA-B5-A0K2	189	0.013610200571298268	0.0056703123547536495	0.090363080625181461	-1.5725697053024623
no_purity|histology_matched|base_refit|HOXA9	TCGA-B5-A11E	196	0.021637662559933553	0.009052936462765955	0.20438569741936186	1.5694575837827127
no_purity|histology_matched|base_refit|HOXA9	TCGA-B5-A11L	201	0.010449284179358208	0.0079822628566340904	0.1274855108381924	-2.1372651986438411
no_purity|histology_matched|base_refit|HOXA9	TCGA-B5-A11N	202	0.040000655941586249	0.010400359436088417	0.19634377568174369	-1.2243860381720459
no_purity|histology_matched|base_refit|HOXA9	TCGA-B5-A11Z	212	0.01782387214318094	0.0073216629553702088	0.16099815117582131	1.5580926821818564
no_purity|histology_matched|base_refit|HOXA9	TCGA-B5-A1MR	214	0.023762800359827311	0.01184418320912429	0.20270181920236285	-1.711961430689628
no_purity|histology_matched|base_refit|HOXA9	TCGA-BG-A0LW	233	0.021545477654681518	0.0084295484881475001	0.18237651151152054	1.5175224900223587
no_purity|histology_matched|base_refit|HOXA9	TCGA-BG-A0M0	235	0.013888284064154585	0.012586884720522939	0.19340994472683781	2.3258417397743973
no_purity|histology_matched|base_refit|HOXA9	TCGA-BG-A0M4	238	0.011400572044826989	0.0040637213096023864	0.098526259567254235	-1.4556933239146654
no_purity|histology_matched|base_refit|HOXA9	TCGA-BG-A0MG	244	0.014289183117571182	0.0072433732864316414	0.1450928129259384	-1.7349554660478688
no_purity|histology_matched|base_refit|HOXA9	TCGA-BG-A0MK	246	0.017362393133008594	0.0034732688174453612	0.11247427024136644	1.0862125562267895
no_purity|histology_matched|base_refit|HOXA9	TCGA-BG-A0MT	249	0.0081134514062111592	0.0065018790202795709	0.11121063578620122	-2.1921471434309745
no_purity|histology_matched|base_refit|HOXA9	TCGA-BG-A0VX	255	0.022825487986858538	0.0063842566411823239	0.16277867221220771	1.2814021783430478
no_purity|histology_matched|base_refit|HOXA9	TCGA-BK-A0CB	273	0.010317533087529186	0.0069586258277911364	0.092768657628595402	-2.0072846465387855
no_purity|histology_matched|base_refit|HOXA9	TCGA-BK-A6W3	281	0.021024743027271517	0.0029482134703366957	0.1104446402113728	0.90740021331077636
no_purity|histology_matched|base_refit|HOXA9	TCGA-BS-A0T9	283	0.012627770720222583	0.0040904833727042327	0.10585643043950543	-1.3865653599764252
no_purity|histology_matched|base_refit|HOXA9	TCGA-BS-A0U7	292	0.011395017662037526	0.0082298716890047089	0.13444310421486977	-2.076633565036639
no_purity|histology_matched|base_refit|HOXA9	TCGA-BS-A0UJ	297	0.03138892613284662	0.0034984043780386352	0.12811681673260267	-0.8045330208553817
no_purity|histology_matched|base_refit|HOXA9	TCGA-BS-A0UV	300	0.022905670464458787	0.003589519988372702	0.12458054111704123	-0.95841849584408245
no_purity|histology_matched|base_refit|HOXA9	TCGA-BS-A0V4	301	0.022558864606835594	0.0031123290223917461	0.11131459337451893	-0.89933607189136933
no_purity|histology_matched|base_refit|HOXA9	TCGA-BS-A0V7	303	0.035062908492604461	0.016226569448158382	0.26516469642658586	-1.6396325758602239
no_purity|histology_matched|base_refit|HOXA9	TCGA-D1-A0ZR	311	0.010272299286266735	0.0041700752752140465	0.089025969271318436	1.5548423444495572
no_purity|histology_matched|base_refit|HOXA9	TCGA-D1-A103	318	0.021723795048503886	0.0033674524719841991	0.12258581224407929	0.9537840173362595
no_purity|histology_matched|base_refit|HOXA9	TCGA-D1-A167	327	0.011624865108767896	0.0071363437789262879	0.11751516625097093	1.9130774576830902
no_purity|histology_matched|base_refit|HOXA9	TCGA-D1-A16O	337	0.013484588686418473	0.0028398034991388272	0.089932337360250705	-1.116760814309834
no_purity|histology_matched|base_refit|HOXA9	TCGA-D1-A16X	342	0.022466123131638066	0.0033246141560139436	0.11929481408598679	0.93151668133493437
no_purity|histology_matched|base_refit|HOXA9	TCGA-D1-A174	344	0.011009190565453037	0.0048959528441501806	0.10226306655524046	-1.6271479497338965
no_purity|histology_matched|base_refit|HOXA9	TCGA-D1-A17A	347	0.021263827310365802	0.0042595462171566637	0.13129965098805338	1.0847911952628166
no_purity|histology_matched|base_refit|HOXA9	TCGA-D1-A17L	354	0.017654333399700226	0.0037926777577328803	0.11826755438451252	1.1255660476151264
no_purity|histology_matched|base_refit|HOXA9	TCGA-D1-A1O8	371	0.018479041828290466	0.017253718019055071	0.25078264005928252	-2.3555566785783353
no_purity|histology_matched|base_refit|HOXA9	TCGA-D1-A2G5	373	0.014503163087803639	0.0078557606983445678	0.14733379173471731	1.7936046042461105
no_purity|histology_matched|base_refit|HOXA9	TCGA-DF-A2KV	384	0.021094485451540933	0.0039344667783178201	0.13408130742156513	-1.0467574109491926
no_purity|histology_matched|base_refit|HOXA9	TCGA-DF-A2KZ	385	0.014998967859720051	0.0033914070396945549	0.096207465114471383	-1.1563775136742989
no_purity|histology_matched|base_refit|HOXA9	TCGA-E6-A1M0	398	0.022288709285552263	0.0028976592756423014	0.11008695471713327	0.87308972371816507
no_purity|histology_matched|base_refit|HOXA9	TCGA-EO-A22X	412	0.022821425017096091	0.010341722589391542	0.19256385066078313	-1.6327131111989266
no_purity|histology_matched|base_refit|HOXA9	TCGA-EO-A3AY	419	0.020653787945173786	0.0056910649005779195	0.15440914356843774	-1.2732399346624015
no_purity|histology_matched|base_refit|HOXA9	TCGA-EO-A3AZ	420	0.011787259167858909	0.0078631884913294928	0.13176062376621794	-1.9947279585933564
no_purity|histology_matched|base_refit|HOXA9	TCGA-EO-A3B0	421	0.022910433389769363	0.006660086048814351	0.15533634436617227	-1.3063897381118783
no_purity|histology_matched|base_refit|HOXA9	TCGA-EY-A1GD	428	0.022126632409426299	0.0063151506713890714	0.17100982649948432	1.2949257832202647
no_purity|histology_matched|base_refit|HOXA9	TCGA-EY-A1GE	429	0.035608578598385926	0.0066672976994603828	0.17815950023994762	-1.0409651893761174
no_purity|histology_matched|base_refit|HOXA9	TCGA-EY-A1GI	432	0.020837911481130473	0.0028382161318721909	0.11106650269951815	-0.89435847794996881
no_purity|histology_matched|base_refit|HOXA9	TCGA-EY-A1GL	434	0.016600078632629758	0.0024932363492939564	0.093265865669979742	-0.94127787083881043
no_purity|histology_matched|base_refit|HOXA9	TCGA-EY-A1GO	436	0.013201788587373652	0.012765479523599358	0.16652238263483424	2.4041301853289787
no_purity|histology_matched|base_refit|HOXA9	TCGA-EY-A1GX	445	0.026790304371587477	0.0033579192953430881	0.11610187418006598	0.85528036991506318
no_purity|histology_matched|base_refit|HOXA9	TCGA-EY-A2OO	453	0.018110710573379468	0.014142144339548345	0.2277207762019082	2.1526291237506952
no_purity|histology_matched|base_refit|HOXA9	TCGA-EY-A3L3	456	0.0094197516910861263	0.0055532509910696101	0.10407800288061578	1.8765784424675551
no_purity|histology_matched|base_refit|HOXA9	TCGA-FI-A2CX	465	0.017581154834549001	0.025222659938805365	0.30327048864060741	-2.9299823968265808
no_purity|histology_matched|base_refit|HOXA9	TCGA-FI-A2CY	466	0.012431046694740502	0.0044498946113765824	0.11190159362403554	-1.4580377365784711
no_purity|histology_matched|base_refit|HOXA9	TCGA-FI-A2D5	470	0.020678972068826754	0.004403785617879543	0.1364195913596844	1.1189126292936944
no_purity|histology_matched|base_refit|HOXA9	TCGA-PG-A6IB	490	0.015390745202998116	0.015216582118127498	0.22079040991758192	-2.4285840966101362
no_purity|histology_matched|base_refit|HOXA9	TCGA-QS-A5YQ	498	0.026260089382360938	0.0072656381782486255	0.18474151349184159	1.2721968986069259
no_purity|histology_matched|base_plus_binary_histology|HOXA9	TCGA-2E-A9G8	0	0.014108877770005024	0.0029471373238527032	0.10550423566685978	1.2011854819658774
no_purity|histology_matched|base_plus_binary_histology|HOXA9	TCGA-A5-A0G1	4	0.038102055295492987	0.00925442614006519	0.20109956213253941	1.2796503104962584
no_purity|histology_matched|base_plus_binary_histology|HOXA9	TCGA-A5-A0G2	5	0.035928474845564322	0.0097521432158565752	0.22062515078494779	-1.3545569686898264
no_purity|histology_matched|base_plus_binary_histology|HOXA9	TCGA-A5-A0GH	11	0.014105268970099935	0.0056917145345725039	0.092493072239848387	1.6717633161455017
no_purity|histology_matched|base_plus_binary_histology|HOXA9	TCGA-A5-A0GJ	13	0.019212014021568437	0.0039900755538006443	0.1028233600031294	-1.1946109141658032
no_purity|histology_matched|base_plus_binary_histology|HOXA9	TCGA-A5-A0GN	15	0.028029056536446752	0.0048410176750027139	0.10681988766112481	-1.0842167808722654
no_purity|histology_matched|base_plus_binary_histology|HOXA9	TCGA-A5-A0GP	16	0.022162722371065285	0.0043028738783820013	0.14240309162550652	1.1531705455222911
no_purity|histology_matched|base_plus_binary_histology|HOXA9	TCGA-A5-A1OF	29	0.035357086996343344	0.0099731792250027079	0.22185223773937141	-1.3813563103125435
no_purity|histology_matched|base_plus_binary_histology|HOXA9	TCGA-A5-A1OJ	32	0.028534690758693939	0.015660577921846164	0.24845823103014766	-1.9372005413383333
no_purity|histology_matched|base_plus_binary_histology|HOXA9	TCGA-A5-A2K3	35	0.032284999224261569	0.029325180764279864	0.30774369110334049	-2.4934537600315845
no_purity|histology_matched|base_plus_binary_histology|HOXA9	TCGA-A5-A2K5	37	0.020931212816101243	0.0015262481219386359	0.08968370163436204	-0.70656638676830841
no_purity|histology_matched|base_plus_binary_histology|HOXA9	TCGA-A5-A2K7	38	0.010795638896046796	0.003387197107862457	0.093481288784714081	-1.4757064835965576
no_purity|histology_matched|base_plus_binary_histology|HOXA9	TCGA-A5-A3LO	39	0.016055167099137478	0.0024450310220740733	0.094928310888195602	1.0242134964517144
no_purity|histology_matched|base_plus_binary_histology|HOXA9	TCGA-A5-AB3J	42	0.019200714027110218	0.0032323909551267298	0.10094990524679333	1.0752520767558571
no_purity|histology_matched|base_plus_binary_histology|HOXA9	TCGA-AJ-A2QM	48	0.010443541214698551	0.0065339089307028739	0.10317201791050841	2.0887693507893537
no_purity|histology_matched|base_plus_binary_histology|HOXA9	TCGA-AJ-A3EK	58	0.037667440325654639	0.0050480278943821379	0.14579806142754681	0.9500512599869092
no_purity|histology_matched|base_plus_binary_histology|HOXA9	TCGA-AJ-A3I9	61	0.014513101669744545	0.0031811933067172646	0.095318382507581095	-1.230304935313393
no_purity|histology_matched|base_plus_binary_histology|HOXA9	TCGA-AJ-A3NF	63	0.018573020159452492	0.0047446337148649379	0.13464556783135079	1.3257680661899645
no_purity|histology_matched|base_plus_binary_histology|HOXA9	TCGA-AJ-A3NG	64	0.032403107176019311	0.0068403658894792543	0.14879913915154039	1.1962724325382477
no_purity|histology_matched|base_plus_binary_histology|HOXA9	TCGA-AJ-A3OK	66	0.046948688488691666	0.0042522196254598556	0.10674073416307846	0.77701745185179649
no_purity|histology_matched|base_plus_binary_histology|HOXA9	TCGA-AJ-A5DW	71	0.021318299942891316	0.0032813139610726448	0.12463965555761462	1.0269306490839354
no_purity|histology_matched|base_plus_binary_histology|HOXA9	TCGA-AJ-A6NU	72	0.019293311440096654	0.0078124248504963158	0.15440865441816579	-1.6702657928088334
no_purity|histology_matched|base_plus_binary_histology|HOXA9	TCGA-AJ-A8CT	73	0.03453221988160618	0.0058272564871996576	0.17054635630600457	1.0680681882327869
no_purity|histology_matched|base_plus_binary_histology|HOXA9	TCGA-AP-A051	76	0.020935308674530938	0.0031247836207692259	0.12300830042477877	1.0114280820767672
no_purity|histology_matched|base_plus_binary_histology|HOXA9	TCGA-AP-A054	78	0.017112885085127399	0.0050022297214111265	0.10802461495667129	1.4195882103487842
no_purity|histology_matched|base_plus_binary_histology|HOXA9	TCGA-AP-A056	79	0.024234410489117949	0.0096708051284198956	0.19207022420949824	-1.653829072897562
no_purity|histology_matched|base_plus_binary_histology|HOXA9	TCGA-AP-A0LF	91	0.015817995027967137	0.0047501577698108484	0.13103853696537096	-1.4398975501682476
no_purity|histology_matched|base_plus_binary_histology|HOXA9	TCGA-AP-A1DP	108	0.059290885884604849	0.010511030253446192	0.20257771732720828	1.0806333437804105
no_purity|histology_matched|base_plus_binary_histology|HOXA9	TCGA-AP-A1DQ	109	0.014101162846728462	0.0029595880590865711	0.10540885231046282	1.2040624168350069
no_purity|histology_matched|base_plus_binary_histology|HOXA9	TCGA-AP-A1E0	112	0.022485675733555935	0.0039841267964235627	0.13224789970802561	1.1013283695201486
no_purity|histology_matched|base_plus_binary_histology|HOXA9	TCGA-AP-A1E3	114	0.0097584235397390195	0.0061123555962545968	0.11978187801135036	-2.0907212347810193
no_purity|histology_matched|base_plus_binary_histology|HOXA9	TCGA-AP-A1E4	115	0.015044262211521449	0.0075825235395442989	0.16633010592531511	1.8687908966908118
no_purity|histology_matched|base_plus_binary_histology|HOXA9	TCGA-AX-A05W	121	0.008246691126673698	0.0061328447229848405	0.11818163295322186	-2.2817325226963496
no_purity|histology_matched|base_plus_binary_histology|HOXA9	TCGA-AX-A05Y	122	0.010616285614270526	0.0054759595547732749	0.11560564236980156	1.8949587283759415
no_purity|histology_matched|base_plus_binary_histology|HOXA9	TCGA-AX-A05Z	123	0.022756690095811223	0.0059512950791548178	0.16435815586051872	-1.3385847156040644
no_purity|histology_matched|base_plus_binary_histology|HOXA9	TCGA-AX-A06F	129	0.021863340883243501	0.0081967331981611692	0.19084057932302054	-1.6047052144875966
no_purity|histology_matched|base_plus_binary_histology|HOXA9	TCGA-AX-A0J0	136	0.023446385864343097	0.0069778606752676125	0.17522672149311613	1.4278144559863633
no_purity|histology_matched|base_plus_binary_histology|HOXA9	TCGA-AX-A1CF	146	0.01448708221664525	0.0037130520856144787	0.11978246551184134	1.3307314631895271
no_purity|histology_matched|base_plus_binary_histology|HOXA9	TCGA-AX-A2HC	156	0.030282323006248432	0.0022677382421752027	0.08946566661925319	-0.71262206236699455
no_purity|histology_matched|base_plus_binary_histology|HOXA9	TCGA-AX-A3FT	165	0.010689934682814595	0.0095396558150516869	0.15100832159432495	-2.4989902859900042
no_purity|histology_matched|base_plus_binary_histology|HOXA9	TCGA-AX-A3FV	166	0.024803823707706139	0.0037958449811113992	0.11395684567718352	1.0221377082131489
no_purity|histology_matched|base_plus_binary_histology|HOXA9	TCGA-AX-A3G1	170	0.018399546758219105	0.0030269279544917018	0.10059105817326568	1.0633365365328107
no_purity|histology_matched|base_plus_binary_histology|HOXA9	TCGA-AX-A3GB	176	0.027696147389075557	0.00357803798551447	0.13629796112710596	0.93758398888192851
no_purity|histology_matched|base_plus_binary_histology|HOXA9	TCGA-B5-A0JY	185	0.035486218251955026	0.003262793792861542	0.12755139035806168	0.78759490935499099
no_purity|histology_matched|base_plus_binary_histology|HOXA9	TCGA-B5-A0K2	189	0.013638216183303846	0.004950097827656849	0.09147704772905077	-1.5854514129689761
no_purity|histology_matched|base_plus_binary_histology|HOXA9	TCGA-B5-A11E	196	0.021803203753227848	0.0076264647228293193	0.19407700274773534	1.5497897850302031
no_purity|histology_matched|base_plus_binary_histology|HOXA9	TCGA-B5-A11L	201	0.010609122515357748	0.0071262818268889765	0.13081908802693756	-2.1648263322881407
no_purity|histology_matched|base_plus_binary_histology|HOXA9	TCGA-B5-A11N	202	0.040046265493813696	0.0091427998937986654	0.19871405468558551	-1.2392696073535985
no_purity|histology_matched|base_plus_binary_histology|HOXA9	TCGA-B5-A11Z	212	0.017835687171272919	0.0063565237657086044	0.16179406200525742	1.5676146044168391
no_purity|histology_matched|base_plus_binary_histology|HOXA9	TCGA-B5-A1MR	214	0.024074035505389432	0.010720437836585796	0.20788384318714101	-1.7477590114292736
no_purity|histology_matched|base_plus_binary_histology|HOXA9	TCGA-B5-A3F9	223	0.016954611477353592	0.0030724742750958059	0.09740802129026295	1.1169757563188911
no_purity|histology_matched|base_plus_binary_histology|HOXA9	TCGA-BG-A0LW	233	0.021565847237001178	0.0073406966815182809	0.18364457197773071	1.5289084466670757
no_purity|histology_matched|base_plus_binary_histology|HOXA9	TCGA-BG-A0M0	235	0.013892056034085096	0.01087010147047098	0.19390388721709781	2.3343845737530673
no_purity|histology_matched|base_plus_binary_histology|HOXA9	TCGA-BG-A0M4	238	0.011400616452846457	0.003499846276786879	0.098355312890188451	-1.4591849669523289
no_purity|histology_matched|base_plus_binary_histology|HOXA9	TCGA-BG-A0MG	244	0.014465179174163692	0.0064873456306198162	0.14890067810625626	-1.7626723181256452
no_purity|histology_matched|base_plus_binary_histology|HOXA9	TCGA-BG-A0MK	246	0.017364223050976201	0.0030033812871877582	0.11266067637473993	1.0909519067424813
no_purity|histology_matched|base_plus_binary_histology|HOXA9	TCGA-BG-A0MT	249	0.0082402296716545653	0.0057901040807533657	0.11251953188433214	-2.2172946810849461
no_purity|histology_matched|base_plus_binary_histology|HOXA9	TCGA-BG-A0VX	255	0.022985772460943014	0.005342164361279632	0.16024532610656006	1.2614955614273506
no_purity|histology_matched|base_plus_binary_histology|HOXA9	TCGA-BG-A2AE	267	0.024367129024580939	0.0025856796973966986	0.10641064304932109	0.8510545590409978
no_purity|histology_matched|base_plus_binary_histology|HOXA9	TCGA-BK-A0CA	272	0.02540753127216943	0.0028117003737308144	0.10999459559540731	-0.86867437929703217
no_purity|histology_matched|base_plus_binary_histology|HOXA9	TCGA-BK-A0CB	273	0.01038245706837237	0.0061148967272476743	0.094601368625673837	-2.0261628565554899
no_purity|histology_matched|base_plus_binary_histology|HOXA9	TCGA-BK-A6W3	281	0.0212594685827278	0.0024150256057942372	0.10777277980495475	0.88200453233491771
no_purity|histology_matched|base_plus_binary_histology|HOXA9	TCGA-BS-A0T9	283	0.012629192790168697	0.0035322558030708071	0.10569036025989034	-1.3916649483244838
no_purity|histology_matched|base_plus_binary_histology|HOXA9	TCGA-BS-A0U7	292	0.011605410596169992	0.0073988692773554812	0.13866811349557004	-2.1074585884991808
no_purity|histology_matched|base_plus_binary_histology|HOXA9	TCGA-BS-A0UJ	297	0.03146672303621588	0.002901801372992788	0.12601258088523795	-0.79040743333415908
no_purity|histology_matched|base_plus_binary_histology|HOXA9	TCGA-BS-A0UV	300	0.023134374051775715	0.0033006064645914072	0.12075306527173588	-0.98769712206903415
no_purity|histology_matched|base_plus_binary_histology|HOXA9	TCGA-BS-A0V4	301	0.02260770614228071	0.00261115132668694	0.11013705552919779	-0.8887503587539114
no_purity|histology_matched|base_plus_binary_histology|HOXA9	TCGA-BS-A0V7	303	0.035073808050037354	0.013871289903174587	0.26423341423111346	-1.6371671331089765
no_purity|histology_matched|base_plus_binary_histology|HOXA9	TCGA-BS-A0V8	304	0.015599906655628885	0.0029711485801922222	0.10134534134381533	-1.1459674902206827
no_purity|histology_matched|base_plus_binary_histology|HOXA9	TCGA-D1-A103	318	0.021848637859476789	0.0027954155281429693	0.12027657374142522	0.93585596496458368
no_purity|histology_matched|base_plus_binary_histology|HOXA9	TCGA-D1-A167	327	0.011636571709647905	0.0061101581864639806	0.11656650882781766	1.9110502448717206
no_purity|histology_matched|base_plus_binary_histology|HOXA9	TCGA-D1-A16O	337	0.013485722923642616	0.0024364167728012894	0.089702463473646493	-1.117242314359935
no_purity|histology_matched|base_plus_binary_histology|HOXA9	TCGA-D1-A16X	342	0.02261267057042339	0.0027491783104813465	0.11677448975543728	0.9118734414600671
no_purity|histology_matched|base_plus_binary_histology|HOXA9	TCGA-D1-A174	344	0.01108750604249837	0.0043275751497011961	0.10428680723663684	-1.6465566765131894
no_purity|histology_matched|base_plus_binary_histology|HOXA9	TCGA-D1-A17A	347	0.021281788398575655	0.0037211899135044533	0.13240097534881301	1.0947149065123025
no_purity|histology_matched|base_plus_binary_histology|HOXA9	TCGA-D1-A17L	354	0.017657318136908032	0.0032831757677342392	0.11856019407257368	1.1310628337113056
no_purity|histology_matched|base_plus_binary_histology|HOXA9	TCGA-D1-A1O0	368	0.015695783386654255	0.0046792778286459192	0.12730558095055203	1.4347351201718825
no_purity|histology_matched|base_plus_binary_histology|HOXA9	TCGA-D1-A1O8	371	0.01883675012927407	0.015589124376137287	0.25811941631218605	-2.3954086058255242
no_purity|histology_matched|base_plus_binary_histology|HOXA9	TCGA-D1-A2G0	372	0.027107976508854041	0.0060454674077898302	0.15902361616533689	1.2330311834627645
no_purity|histology_matched|base_plus_binary_histology|HOXA9	TCGA-D1-A2G5	373	0.014512888346857163	0.0068088768731793025	0.14811222271505728	1.8030704182962052
no_purity|histology_matched|base_plus_binary_histology|HOXA9	TCGA-D1-A2G7	375	0.010285380144331535	0.0052858162388659735	0.09806918662526086	1.891773710850472
no_purity|histology_matched|base_plus_binary_histology|HOXA9	TCGA-D1-A3DG	377	0.015858937617955392	0.0053694763963744218	0.13561984552698494	1.5292848994494033
no_purity|histology_matched|base_plus_binary_histology|HOXA9	TCGA-DF-A2KV	384	0.021218193053280994	0.0035379508951334836	0.13674778110215802	-1.0689952552768347
no_purity|histology_matched|base_plus_binary_histology|HOXA9	TCGA-DF-A2KZ	385	0.014999254114292846	0.0029241735599228654	0.096066623205081456	-1.1598028810932544
no_purity|histology_matched|base_plus_binary_histology|HOXA9	TCGA-DF-A2L0	386	0.015498438921220801	0.0043591721635102016	0.12146347945922245	-1.3935571915619367
no_purity|histology_matched|base_plus_binary_histology|HOXA9	TCGA-E6-A1M0	398	0.022563489824994169	0.00235810469566149	0.10167317174722212	0.84537129245107723
no_purity|histology_matched|base_plus_binary_histology|HOXA9	TCGA-EO-A22R	408	0.020657975048804598	0.0016230957377505819	0.09099890787549357	-0.73357298098695245
no_purity|histology_matched|base_plus_binary_histology|HOXA9	TCGA-EO-A22X	412	0.023186022968961016	0.0094337865697164472	0.19494163978118559	-1.6709493842283945
no_purity|histology_matched|base_plus_binary_histology|HOXA9	TCGA-EO-A3AY	419	0.020893830647798962	0.005175960947315982	0.15873857938472521	-1.3039318070062158
no_purity|histology_matched|base_plus_binary_histology|HOXA9	TCGA-EO-A3AZ	420	0.028023857394010983	0.013063941913607217	0.23018112340847252	-1.7848389170980707
no_purity|histology_matched|base_plus_binary_histology|HOXA9	TCGA-EO-A3B0	421	0.023275610333047425	0.0061374832844365021	0.15687317250771232	-1.3437856966667434
no_purity|histology_matched|base_plus_binary_histology|HOXA9	TCGA-EY-A1GC	427	0.016111475063026449	0.0041440261186908934	0.11719734504827638	-1.3319938043717092
no_purity|histology_matched|base_plus_binary_histology|HOXA9	TCGA-EY-A1GD	428	0.022231146844411125	0.0053098719056032242	0.16517656383155055	1.2793965293313778
no_purity|histology_matched|base_plus_binary_histology|HOXA9	TCGA-EY-A1GE	429	0.03564396108985541	0.0056278505234995911	0.1765799712454271	-1.0324635527704469
no_purity|histology_matched|base_plus_binary_histology|HOXA9	TCGA-EY-A1GI	432	0.021076844132790703	0.0026271455402235222	0.11257224253313068	-0.92405750934370312
no_purity|histology_matched|base_plus_binary_histology|HOXA9	TCGA-EY-A1GL	434	0.016603939440762487	0.0021307567454663719	0.092923043643176578	-0.93977475474565797
no_purity|histology_matched|base_plus_binary_histology|HOXA9	TCGA-EY-A1GO	436	0.013213226074723434	0.010943049203733683	0.1653765794213497	2.403220713968977
no_purity|histology_matched|base_plus_binary_histology|HOXA9	TCGA-EY-A1GP	437	0.017522161470659305	0.0037866467949280278	0.10678472344245182	1.2197085906114953
no_purity|histology_matched|base_plus_binary_histology|HOXA9	TCGA-EY-A1GR	439	0.017535902711262333	0.0072404279741086373	0.15896076114610233	-1.6882199311659529
no_purity|histology_matched|base_plus_binary_histology|HOXA9	TCGA-EY-A1GV	443	0.024743990577038001	0.013727726132433029	0.2583609181451858	-1.95160361969188
no_purity|histology_matched|base_plus_binary_histology|HOXA9	TCGA-EY-A1GX	445	0.032277565803596475	0.0025150906983440876	0.094484686998458967	0.72618133114253614
no_purity|histology_matched|base_plus_binary_histology|HOXA9	TCGA-EY-A2OO	453	0.021573982276380133	0.016067081116397833	0.25137933269107687	2.2678369751533451
no_purity|histology_matched|base_plus_binary_histology|HOXA9	TCGA-EY-A2OQ	455	0.015750214680757189	0.0053001816486489385	0.14075459852401193	-1.5246828074811918
no_purity|histology_matched|base_plus_binary_histology|HOXA9	TCGA-EY-A3L3	456	0.016635163146623194	0.0072424942987493945	0.14828940395482945	1.7346401198632599
no_purity|histology_matched|base_plus_binary_histology|HOXA9	TCGA-FI-A2CX	465	0.017834567351862639	0.022467701967996655	0.30964348383463036	-2.9658960673006458
no_purity|histology_matched|base_plus_binary_histology|HOXA9	TCGA-FI-A2CY	466	0.013987709722552373	0.0039175426636977925	0.1014010385782097	-1.3916530701076819
no_purity|histology_matched|base_plus_binary_histology|HOXA9	TCGA-FI-A2D5	470	0.020922882991093322	0.0036485936457338768	0.13296735237498017	1.0934390030772623
no_purity|histology_matched|base_plus_binary_histology|HOXA9	TCGA-H5-A2HR	481	0.014643539365006538	0.0036948470929414972	0.11923812972646997	-1.3202129256143096
no_purity|histology_matched|base_plus_binary_histology|HOXA9	TCGA-PG-A6IB	490	0.029914818321849536	0.021779495502881569	0.27206580252371093	-2.2323444924942932
no_purity|histology_matched|base_plus_binary_histology|HOXA9	TCGA-QS-A5YQ	498	0.026308981509668469	0.0061437814836498746	0.18330785434046049	1.2623611067904132
no_purity|histology_matched|base_plus_binary_histology|HOXA9	TCGA-SL-A6J9	504	0.018087109103382952	0.0078150967728917928	0.16209848797448645	-1.7267471217811761
no_purity|histology_matched|base_refit|WT1	TCGA-A5-A0G1	4	0.023321846456511627	0.0076281422383419773	0.1708459802842755	-1.3857298694196494
no_purity|histology_matched|base_refit|WT1	TCGA-A5-A0G2	5	0.021852108781423428	0.0030249935297008332	0.11082748964833312	-0.90118058561921444
no_purity|histology_matched|base_refit|WT1	TCGA-A5-A0G5	6	0.017904837875881444	0.007589602433237164	0.17184210427404442	-1.5828125585359361
no_purity|histology_matched|base_refit|WT1	TCGA-A5-A0GH	11	0.014065145104223912	0.0073566206811361235	0.097105987104612726	1.7627064858520356
no_purity|histology_matched|base_refit|WT1	TCGA-A5-A0GN	15	0.021185218698558227	0.0033499619045356589	0.10207214046608012	-0.96360335283030807
no_purity|histology_matched|base_refit|WT1	TCGA-A5-A0VQ	28	0.013931971133598	0.0052236260325084606	0.12704214773332864	1.4912128027233305
no_purity|histology_matched|base_refit|WT1	TCGA-A5-A1OF	29	0.02085270123414527	0.0036478281663013595	0.12310797217621908	-1.0137893521228909
no_purity|histology_matched|base_refit|WT1	TCGA-A5-A2K3	35	0.017390004307542242	0.0087691931517888989	0.17882569766388454	-1.7276527736558167
no_purity|histology_matched|base_refit|WT1	TCGA-AJ-A3EL	59	0.022484673869075305	0.0037113061384526909	0.11640904143867511	-0.98388337018421523
no_purity|histology_matched|base_refit|WT1	TCGA-AJ-A3I9	61	0.014379727653579498	0.0042450139350654875	0.10145650543824564	-1.3222678800098737
no_purity|histology_matched|base_refit|WT1	TCGA-AJ-A3NG	64	0.017419715859912463	0.0043344631939631366	0.11698390428178883	-1.2117417375502708
no_purity|histology_matched|base_refit|WT1	TCGA-AJ-A3OK	66	0.028977776871457972	0.014570216292125493	0.21187888524481949	-1.7148728300372658
no_purity|histology_matched|base_refit|WT1	TCGA-AJ-A3OL	67	0.016552284510735218	0.0085979048247262265	0.16586767809449149	1.75436158493561
no_purity|histology_matched|base_refit|WT1	TCGA-AJ-A5DW	71	0.021069917298111588	0.0024492402584418821	0.102831943796324	-0.8260336438740743
no_purity|histology_matched|base_refit|WT1	TCGA-AJ-A8CT	73	0.034507879588858495	0.0048011366843056062	0.14352754594084088	-0.89759097476614724
no_purity|histology_matched|base_refit|WT1	TCGA-AP-A051	76	0.020691456595487445	0.003438877784351869	0.12089009568828245	-0.98818448962894201
no_purity|histology_matched|base_refit|WT1	TCGA-AP-A056	79	0.023850014282202372	0.0039354800804091098	0.1137514634261209	0.98304599264989156
no_purity|histology_matched|base_refit|WT1	TCGA-AP-A0LI	94	0.012850036313307892	0.0041534063125205122	0.10992692706940091	-1.3848907262805148
no_purity|histology_matched|base_refit|WT1	TCGA-AP-A0LL	96	0.015862523594011201	0.0033556213251557799	0.10346070738451923	-1.1179240064999985
no_purity|histology_matched|base_refit|WT1	TCGA-AP-A0LM	97	0.027958577440112695	0.0033225189931576043	0.10798334363584768	0.83226320799390818
no_purity|histology_matched|base_refit|WT1	TCGA-AP-A1E0	112	0.022207736275111436	0.0055539807909369774	0.15219858751632553	1.2118598062909847
no_purity|histology_matched|base_refit|WT1	TCGA-AX-A05Z	123	0.022533153281089232	0.0041726861355616297	0.12758439802778374	-1.0422237445655667
no_purity|histology_matched|base_refit|WT1	TCGA-AX-A06F	129	0.021558249259799808	0.003735268004163953	0.11994638590884636	1.0085669335941854
no_purity|histology_matched|base_refit|WT1	TCGA-AX-A06H	130	0.014552281842455814	0.0043776274479301255	0.11818276201004775	-1.3347052826237222
no_purity|histology_matched|base_refit|WT1	TCGA-AX-A1CK	149	0.018801757623712029	0.003130227618071905	0.10023752282948445	-0.98999749509102963
no_purity|histology_matched|base_refit|WT1	TCGA-AX-A2HH	159	0.022436347722034476	0.0095030757776178518	0.16365358308479633	1.5785234984112371
no_purity|histology_matched|base_refit|WT1	TCGA-AX-A3FV	166	0.024650803465978914	0.0040025640594351835	0.10801991115722373	-0.97473739966485551
no_purity|histology_matched|base_refit|WT1	TCGA-AX-A3GB	176	0.027678525197660318	0.0031398508112215765	0.11839717479628238	0.81323577459328644
no_purity|histology_matched|base_refit|WT1	TCGA-B5-A0JX	184	0.016003131988966676	0.0067823750364206922	0.14961301096755142	-1.5842203217356354
no_purity|histology_matched|base_refit|WT1	TCGA-B5-A0JY	185	0.020748953080424605	0.0037367112219338838	0.12634654297526682	1.0287139246665802
no_purity|histology_matched|base_refit|WT1	TCGA-B5-A11N	202	0.040000655941586249	0.0071185794383421255	0.1624387473397147	-1.0124768671207709
no_purity|histology_matched|base_refit|WT1	TCGA-B5-A11Z	212	0.01782387214318094	0.0034834750249950128	0.11105097427238027	1.0733507697946527
no_purity|histology_matched|base_refit|WT1	TCGA-B5-A1MR	214	0.023762800359827311	0.0076212336011065498	0.1625989455568834	-1.3718284369420544
no_purity|histology_matched|base_refit|WT1	TCGA-B5-A3FA	224	0.022164870764732152	0.0083891820544304829	0.19490462934229305	1.4919953369748451
no_purity|histology_matched|base_refit|WT1	TCGA-B5-A3FC	226	0.021637934818900129	0.0052853344566957021	0.14405388573481759	-1.1979609038828627
no_purity|histology_matched|base_refit|WT1	TCGA-B5-A5OC	230	0.015830759459683062	0.005687740689872771	0.12973434560790087	-1.4582035752817539
no_purity|histology_matched|base_refit|WT1	TCGA-BG-A0LW	233	0.021545477654681518	0.0063323730514115032	0.15807019670149927	1.3145195518992567
no_purity|histology_matched|base_refit|WT1	TCGA-BG-A0MK	246	0.017362393133008594	0.0025212547963916186	0.095827984531758101	0.92515245128493562
no_purity|histology_matched|base_refit|WT1	TCGA-BG-A0VX	255	0.022825487986858538	0.006539157784602229	0.16474158553533572	1.2969061069941974
no_purity|histology_matched|base_refit|WT1	TCGA-BK-A6W3	281	0.021024743027271517	0.0049530385639330763	0.14315319203370824	1.1767902376402419
no_purity|histology_matched|base_refit|WT1	TCGA-BS-A0UF	296	0.021829774786803133	0.0046753346441650301	0.13252329740619975	-1.1214409908429752
no_purity|histology_matched|base_refit|WT1	TCGA-BS-A0UJ	297	0.03138892613284662	0.0019669855302455394	0.096066444641075388	-0.60309563710434599
no_purity|histology_matched|base_refit|WT1	TCGA-BS-A0V7	303	0.035062908492604461	0.013478711723144065	0.24167211252507789	-1.4936861390944736
no_purity|histology_matched|base_refit|WT1	TCGA-BS-A0WQ	306	0.017389481386038384	0.0047023158372533182	0.1298233980690213	1.2633906703825879
no_purity|histology_matched|base_refit|WT1	TCGA-D1-A0ZQ	310	0.0093519824571255267	0.0042291721224825638	0.091908197722514393	-1.6422789860186124
no_purity|histology_matched|base_refit|WT1	TCGA-D1-A103	318	0.021723795048503886	0.0049273206467556774	0.14828420191765501	1.154218864898126
no_purity|histology_matched|base_refit|WT1	TCGA-D1-A16X	342	0.022466123131638066	0.0038649394370974975	0.12862408144312906	1.0045064641042956
no_purity|histology_matched|base_refit|WT1	TCGA-D1-A16Y	343	0.026351463976691331	0.017899965236121432	0.27751219389008452	1.9980023520034993
no_purity|histology_matched|base_refit|WT1	TCGA-D1-A17A	347	0.021263827310365802	0.0071435568597149821	0.17003532553704784	1.4059463052186802
no_purity|histology_matched|base_refit|WT1	TCGA-D1-A17L	354	0.017654333399700226	0.0054564719157114243	0.1418562927986835	-1.3508152676574108
no_purity|histology_matched|base_refit|WT1	TCGA-D1-A17S	359	0.01433351003057234	0.0032997167009377933	0.098293521720576524	-1.1672396281174444
no_purity|histology_matched|base_refit|WT1	TCGA-D1-A3DH	378	0.010086296220472916	0.0063893551728887747	0.11827375675752327	1.9451021868057525
no_purity|histology_matched|base_refit|WT1	TCGA-DF-A2KU	383	0.021345603342781003	0.0054038193629751619	0.14551049281940673	-1.2198272139676314
no_purity|histology_matched|base_refit|WT1	TCGA-DF-A2KV	384	0.021094485451540933	0.0022213961507395702	0.10074843352600196	-0.78615576938778398
no_purity|histology_matched|base_refit|WT1	TCGA-DF-A2KZ	385	0.014998967859720051	0.0031920091682579531	0.093336363953753387	1.1217795895755662
no_purity|histology_matched|base_refit|WT1	TCGA-E6-A1M0	398	0.022288709285552263	0.0025638484385360209	0.1035519719956321	-0.82118910986024374
no_purity|histology_matched|base_refit|WT1	TCGA-EC-A1NJ	402	0.010804605080957409	0.0045951301885294492	0.099646603480617268	-1.5912023771093851
no_purity|histology_matched|base_refit|WT1	TCGA-EO-A22R	408	0.020464688838762856	0.0053843926411652442	0.15544533548053105	1.2441975349773822
no_purity|histology_matched|base_refit|WT1	TCGA-EO-A22S	409	0.013932500247066111	0.0054878956263174957	0.094319836988303332	1.5286112999326524
no_purity|histology_matched|base_refit|WT1	TCGA-EO-A22U	411	0.022738887909085275	0.0074076770173902755	0.18251686883918317	1.3833554434654407
no_purity|histology_matched|base_refit|WT1	TCGA-EO-A22X	412	0.022821425017096091	0.0031150794656424285	0.10568488639426889	0.89441462657940596
no_purity|histology_matched|base_refit|WT1	TCGA-EO-A3AV	418	0.02292290731167199	0.0073294014136616225	0.16075019069550761	-1.3703147065694927
no_purity|histology_matched|base_refit|WT1	TCGA-EO-A3AY	419	0.020653787945173786	0.0029788569128333473	0.11171231876159493	-0.92045457184181922
no_purity|histology_matched|base_refit|WT1	TCGA-EO-A3B0	421	0.022910433389769363	0.002497610060870245	0.095125176985633192	0.79915586183176479
no_purity|histology_matched|base_refit|WT1	TCGA-EO-A3L0	426	0.013810663634769691	0.0033011236629191718	0.098542437180974662	-1.1897611603184743
no_purity|histology_matched|base_refit|WT1	TCGA-EY-A1GD	428	0.022126632409426299	0.008587424622745506	0.1994163105519263	1.5109399447429253
no_purity|histology_matched|base_refit|WT1	TCGA-EY-A1GE	429	0.035608578598385926	0.0067553630231515383	0.17933225453057838	-1.0478324836518209
no_purity|histology_matched|base_refit|WT1	TCGA-EY-A1GH	431	0.014742183941403945	0.0044409810979745903	0.11957904536386679	-1.3355162214685181
no_purity|histology_matched|base_refit|WT1	TCGA-EY-A1GI	432	0.020837911481130473	0.0020945951983707728	0.095413629506362507	-0.76815306807514272
no_purity|histology_matched|base_refit|WT1	TCGA-EY-A1GL	434	0.016600078632629758	0.0064762382620869724	0.15031503064040791	1.5191978788034759
no_purity|histology_matched|base_refit|WT1	TCGA-EY-A1GU	442	0.015269757495714631	0.0078672240180170938	0.15972324618293968	1.7483174641122714
no_purity|histology_matched|base_refit|WT1	TCGA-EY-A1GW	444	0.030077276546788247	0.0023550500274145698	0.10224386879084456	-0.67466512644834831
no_purity|histology_matched|base_refit|WT1	TCGA-EY-A1H0	446	0.012582418587576812	0.0059776773286991372	0.12849855078921238	1.6807430446961065
no_purity|histology_matched|base_refit|WT1	TCGA-EY-A2OO	453	0.018110710573379468	0.0096283485364398493	0.18789746641682084	1.7735556827781829
no_purity|histology_matched|base_refit|WT1	TCGA-EY-A3L3	456	0.0094197516910861263	0.0045713914924510844	0.094429894952908405	1.7015569854863846
no_purity|histology_matched|base_refit|WT1	TCGA-FI-A2CY	466	0.012431046694740502	0.0040925064139738744	0.10731392836960475	-1.3980229470341385
no_purity|histology_matched|base_refit|WT1	TCGA-FI-A2D0	467	0.021700804894067761	0.009508516046477301	0.20683934727505737	1.6062570769826696
no_purity|histology_matched|base_refit|WT1	TCGA-FI-A2D5	470	0.020678972068826754	0.0029171949497170369	0.11103154585892432	-0.91029463518290177
no_purity|histology_matched|base_refit|WT1	TCGA-PG-A6IB	490	0.015390745202998116	0.0061868225177289463	0.14078470576563873	-1.5431589697702004
no_purity|histology_matched|base_refit|WT1	TCGA-QF-A5YS	496	0.026194938408547131	0.013008467550999655	0.24209680038185982	1.706652460595443
no_purity|histology_matched|base_refit|WT1	TCGA-QS-A5YQ	498	0.026260089382360938	0.0026770662128054764	0.11213912689011926	-0.77144089766001667
no_purity|histology_matched|base_refit|WT1	TCGA-QS-A744	500	0.01548299172751166	0.0047849861927554754	0.093169516766649418	1.3522584385001548
no_purity|histology_matched|base_plus_binary_histology|WT1	TCGA-5B-A90C	2	0.01620873725342125	0.003651873314392155	0.11473413094933659	1.2463051629755626
no_purity|histology_matched|base_plus_binary_histology|WT1	TCGA-A5-A0G1	4	0.038102055295492987	0.011301626779121356	0.2222321350900083	-1.4146371117675678
no_purity|histology_matched|base_plus_binary_histology|WT1	TCGA-A5-A0G2	5	0.035928474845564322	0.0045656969859234871	0.15095883195519147	-0.92592478316769578
no_purity|histology_matched|base_plus_binary_histology|WT1	TCGA-A5-A0G5	6	0.019547474386680187	0.007170276834544285	0.16729395227731242	-1.5890868727910379
no_purity|histology_matched|base_plus_binary_histology|WT1	TCGA-A5-A0GH	11	0.014105268970099935	0.0063190652392425732	0.097457231410130782	1.762032918167838
no_purity|histology_matched|base_plus_binary_histology|WT1	TCGA-A5-A0GN	15	0.028029056536446752	0.0037406574646864023	0.093898305152238362	-0.95280775790186334
no_purity|histology_matched|base_plus_binary_histology|WT1	TCGA-A5-A0VQ	28	0.013935495091932381	0.0044680342891007052	0.12665242168945395	1.4894582218930863
no_purity|histology_matched|base_plus_binary_histology|WT1	TCGA-A5-A1OF	29	0.035357086996343344	0.0056598873199250792	0.16712864585032799	-1.0397603513676845
no_purity|histology_matched|base_plus_binary_histology|WT1	TCGA-A5-A2K3	35	0.032284999224261569	0.014684512660036099	0.21777026446069436	-1.7589823111930782
no_purity|histology_matched|base_plus_binary_histology|WT1	TCGA-A5-A3LO	39	0.016055167099137478	0.0033093415739580429	0.11043948277827295	1.1920126339244252
no_purity|histology_matched|base_plus_binary_histology|WT1	TCGA-AJ-A2QK	46	0.019315021557518838	0.0031699536636064832	0.098382532396908196	-1.0615681183093912
no_purity|histology_matched|base_plus_binary_histology|WT1	TCGA-AJ-A3BI	55	0.014320438301899763	0.0022853668882851707	0.093296347047051878	-1.0494477027232969
no_purity|histology_matched|base_plus_binary_histology|WT1	TCGA-AJ-A3EK	58	0.037667440325654639	0.002845957797106005	0.10947251719223913	0.71306443733851343
no_purity|histology_matched|base_plus_binary_histology|WT1	TCGA-AJ-A3EL	59	0.022835329269077342	0.0032071831569602987	0.11504846865280799	-0.98010814775251265
no_purity|histology_matched|base_plus_binary_histology|WT1	TCGA-AJ-A3EM	60	0.01870330534833152	0.0068786882057868103	0.14430003428665794	1.591876485786863
no_purity|histology_matched|base_plus_binary_histology|WT1	TCGA-AJ-A3I9	61	0.014513101669744545	0.0036559885297821832	0.10218426990255047	-1.319224407276453
no_purity|histology_matched|base_plus_binary_histology|WT1	TCGA-AJ-A3NG	64	0.032403107176019311	0.0073432391397949149	0.15417167406715038	-1.2395959335535589
no_purity|histology_matched|base_plus_binary_histology|WT1	TCGA-AJ-A3OK	66	0.046948688488691666	0.021491912727369226	0.23997161590878505	-1.7511785515877583
no_purity|histology_matched|base_plus_binary_histology|WT1	TCGA-AJ-A3OL	67	0.016552890527649744	0.0073565778568782164	0.16514569048849317	1.752771915248502
no_purity|histology_matched|base_plus_binary_histology|WT1	TCGA-AJ-A5DW	71	0.021318299942891316	0.0021081541953744069	0.099904151010206152	-0.82281853410757788
no_purity|histology_matched|base_plus_binary_histology|WT1	TCGA-AJ-A6NU	72	0.019293311440096654	0.00473710279175468	0.12023616516249012	-1.2991842304022283
no_purity|histology_matched|base_plus_binary_histology|WT1	TCGA-AJ-A8CT	73	0.03453221988160618	0.0041175915667354505	0.14336132659560535	-0.89751694443314489
no_purity|histology_matched|base_plus_binary_histology|WT1	TCGA-AP-A051	76	0.020935308674530938	0.0029630346560018225	0.1197823443640022	-0.98485050050972878
no_purity|histology_matched|base_plus_binary_histology|WT1	TCGA-AP-A056	79	0.024234410489117949	0.0034454781894877971	0.11464456738709594	0.98541163889872074
no_purity|histology_matched|base_plus_binary_histology|WT1	TCGA-AP-A05H	83	0.01088970191262398	0.0051724152473686868	0.09470513473475102	1.8176502719249663
no_purity|histology_matched|base_plus_binary_histology|WT1	TCGA-AP-A0LF	91	0.015817995027967137	0.0026682340696939943	0.098210287188037121	1.0781859582714297
no_purity|histology_matched|base_plus_binary_histology|WT1	TCGA-AP-A0LI	94	0.014471998739980346	0.0040519663631373099	0.10595818821705265	-1.3911012177920046
no_purity|histology_matched|base_plus_binary_histology|WT1	TCGA-AP-A0LL	96	0.015867313388089783	0.0028733198621778097	0.10321132258227246	-1.1171823661640767
no_purity|histology_matched|base_plus_binary_histology|WT1	TCGA-AP-A0LM	97	0.02815078581893889	0.0028782635661067342	0.10816811997722391	0.83374986656545857
no_purity|histology_matched|base_plus_binary_histology|WT1	TCGA-AP-A1DP	108	0.059290885884604849	0.0020313147034375255	0.089054862235661572	0.47460676795709472
no_purity|histology_matched|base_plus_binary_histology|WT1	TCGA-AP-A1E0	112	0.022485675733555935	0.0048346243440659329	0.14568122175552767	1.2135133224619656
no_purity|histology_matched|base_plus_binary_histology|WT1	TCGA-AX-A05Z	123	0.022756690095811223	0.0035901859429161697	0.12765681030218665	-1.0389361087592428
no_purity|histology_matched|base_plus_binary_histology|WT1	TCGA-AX-A06F	129	0.021863340883243501	0.0032605881303402898	0.12036446735394261	1.010526497996534
no_purity|histology_matched|base_plus_binary_histology|WT1	TCGA-AX-A06H	130	0.014686130277293055	0.0037699937190499772	0.11875287485399399	-1.3316472264376713
no_purity|histology_matched|base_plus_binary_histology|WT1	TCGA-AX-A1CK	149	0.018811774244106488	0.0026765741501582696	0.09956925003186716	-0.98853037641862573
no_purity|histology_matched|base_plus_binary_histology|WT1	TCGA-AX-A1CN	150	0.017374325461281918	0.0019988219616672446	0.089062997043336867	0.88937553837786398
no_purity|histology_matched|base_plus_binary_histology|WT1	TCGA-AX-A2HH	159	0.022461861513989136	0.0081475990414922924	0.16251405057713561	1.5778111983556868
no_purity|histology_matched|base_plus_binary_histology|WT1	TCGA-AX-A2HK	161	0.016059175459049689	0.0054935352832431762	0.13424933527072522	1.537056992094636
no_purity|histology_matched|base_plus_binary_histology|WT1	TCGA-AX-A3FV	166	0.024803823707706139	0.0034324613755689955	0.10836499492528189	-0.97188392469117801
no_purity|histology_matched|base_plus_binary_histology|WT1	TCGA-AX-A3FX	168	0.015001653751919562	0.0022079862656458572	0.091129327942393507	-1.0073997755165838
no_purity|histology_matched|base_plus_binary_histology|WT1	TCGA-AX-A3G1	170	0.018399546758219105	0.004424184965073295	0.12161159161441606	-1.2862163771145829
no_purity|histology_matched|base_plus_binary_histology|WT1	TCGA-AX-A3GB	176	0.027696147389075557	0.0026834247898589324	0.11803521614348615	0.81177674559322288
no_purity|histology_matched|base_plus_binary_histology|WT1	TCGA-B5-A0JX	184	0.016302956279522079	0.0058938679007622379	0.15114813588801404	-1.580145672091384
no_purity|histology_matched|base_plus_binary_histology|WT1	TCGA-B5-A0JY	185	0.035486218251955026	0.0054254866866570153	0.16447872632893823	1.0160306131706334
no_purity|histology_matched|base_plus_binary_histology|WT1	TCGA-B5-A11N	202	0.040046265493813696	0.0060841771508617151	0.16210257107386028	-1.010422954853659
no_purity|histology_matched|base_plus_binary_histology|WT1	TCGA-B5-A11Z	212	0.017835687171272919	0.0029790205829153668	0.11076166943948199	1.0717601617951236
no_purity|histology_matched|base_plus_binary_histology|WT1	TCGA-B5-A1MR	214	0.024074035505389432	0.0065822239111816777	0.16289239231276745	-1.3678802335009743
no_purity|histology_matched|base_plus_binary_histology|WT1	TCGA-B5-A3F9	223	0.016954611477353592	0.0032611505991881826	0.10035430812301704	1.1508492966244228
no_purity|histology_matched|base_plus_binary_histology|WT1	TCGA-B5-A3FA	224	0.022255020834456133	0.0072218752450241997	0.19415047915170852	1.4921272299824393
no_purity|histology_matched|base_plus_binary_histology|WT1	TCGA-B5-A3FC	226	0.021904675882025389	0.0045597903196674273	0.14422527636008808	-1.1943431718560162
no_purity|histology_matched|base_plus_binary_histology|WT1	TCGA-B5-A5OC	230	0.015920659085215415	0.0048840998916821607	0.13016354938545602	-1.4553310318133446
no_purity|histology_matched|base_plus_binary_histology|WT1	TCGA-BG-A0LW	233	0.021565847237001178	0.0054165706761337678	0.15775083393902251	1.3125263888722378
no_purity|histology_matched|base_plus_binary_histology|WT1	TCGA-BG-A0MK	246	0.017364223050976201	0.0021560927579496224	0.095455474190771744	0.92403353898537699
no_purity|histology_matched|base_plus_binary_histology|WT1	TCGA-BG-A0VX	255	0.022985772460943014	0.005652768667227916	0.16483800693658082	1.2977709809419944
no_purity|histology_matched|base_plus_binary_histology|WT1	TCGA-BG-A18C	265	0.015037080613179703	0.0021486124979835444	0.090602826304696737	0.99254402724064472
no_purity|histology_matched|base_plus_binary_histology|WT1	TCGA-BK-A0CA	272	0.02540753127216943	0.0022111041919475349	0.09754194966270012	0.77020587190936973
no_purity|histology_matched|base_plus_binary_histology|WT1	TCGA-BK-A139	275	0.019214584011520652	0.0041980238564109131	0.11687773903685195	-1.2253526613719303
no_purity|histology_matched|base_plus_binary_histology|WT1	TCGA-BK-A6W3	281	0.0212594685827278	0.0043043561566771509	0.14388062461041698	1.1782286512790496
no_purity|histology_matched|base_plus_binary_histology|WT1	TCGA-BS-A0UF	296	0.02214479766047088	0.0040394760545091092	0.13270626533312976	-1.1176900522798296
no_purity|histology_matched|base_plus_binary_histology|WT1	TCGA-BS-A0UJ	297	0.03146672303621588	0.0016950523053647945	0.096310052060703352	-0.6039423305220466
no_purity|histology_matched|base_plus_binary_histology|WT1	TCGA-BS-A0V7	303	0.035073808050037354	0.011542690624167668	0.2410365152809521	-1.4927669600519644
no_purity|histology_matched|base_plus_binary_histology|WT1	TCGA-BS-A0WQ	306	0.017402048374773535	0.0040221101080000149	0.12950845673404943	1.2615981492259425
no_purity|histology_matched|base_plus_binary_histology|WT1	TCGA-D1-A0ZQ	310	0.0095154276889289034	0.0036732870588472	0.091753205991340889	-1.6387715703406276
no_purity|histology_matched|base_plus_binary_histology|WT1	TCGA-D1-A103	318	0.021848637859476789	0.0042535908375489085	0.14836645409895732	1.1549494631212707
no_purity|histology_matched|base_plus_binary_histology|WT1	TCGA-D1-A16X	342	0.02261267057042339	0.0033417194315847549	0.12874533922450809	1.0055328543454933
no_purity|histology_matched|base_plus_binary_histology|WT1	TCGA-D1-A16Y	343	0.026399442276311108	0.015359351899210201	0.26687622212738804	1.9972170745932649
no_purity|histology_matched|base_plus_binary_histology|WT1	TCGA-D1-A17A	347	0.021281788398575655	0.0061106108004359673	0.16966512387078181	1.403906615290538
no_purity|histology_matched|base_plus_binary_histology|WT1	TCGA-D1-A17L	354	0.017657318136908032	0.0046705735168767401	0.14140896412845702	-1.3497726505283967
no_purity|histology_matched|base_plus_binary_histology|WT1	TCGA-D1-A17S	359	0.014336648348405128	0.0028248103375420114	0.097999236552225727	-1.1663823862872267
no_purity|histology_matched|base_plus_binary_histology|WT1	TCGA-D1-A2G0	372	0.027107976508854041	0.002496591863844301	0.10219283758420514	-0.79166979713419583
no_purity|histology_matched|base_plus_binary_histology|WT1	TCGA-D1-A3DG	377	0.015858937617955392	0.0064337166450299061	0.14845274807424516	1.6747716878348562
no_purity|histology_matched|base_plus_binary_histology|WT1	TCGA-D1-A3DH	378	0.017255125356835644	0.0096194559221580572	0.16725893603649566	1.9639269649181292
no_purity|histology_matched|base_plus_binary_histology|WT1	TCGA-DF-A2KS	382	0.016831130594379896	0.0027922680792111594	0.10003144636316	-1.0686778459246835
no_purity|histology_matched|base_plus_binary_histology|WT1	TCGA-DF-A2KU	383	0.021632419065272163	0.0046669380453358469	0.14571123434597319	-1.2161071124128047
no_purity|histology_matched|base_plus_binary_histology|WT1	TCGA-DF-A2KV	384	0.021218193053280994	0.0019033580485515137	0.10030085477490744	-0.78366424112269972
no_purity|histology_matched|base_plus_binary_histology|WT1	TCGA-DF-A2KZ	385	0.014999254114292846	0.0027311393675055803	0.092841657110414824	1.1207682666770094
no_purity|histology_matched|base_plus_binary_histology|WT1	TCGA-DF-A2L0	386	0.015498438921220801	0.0031828706109999971	0.10378944726545508	-1.1901560172901364
no_purity|histology_matched|base_plus_binary_histology|WT1	TCGA-E6-A1M0	398	0.022563489824994169	0.0022073099330831699	0.098368599686878153	-0.81785758708764666
no_purity|histology_matched|base_plus_binary_histology|WT1	TCGA-E6-A2P8	399	0.027437040579287829	0.002096749320188059	0.089795689886165417	0.72094713974043123
no_purity|histology_matched|base_plus_binary_histology|WT1	TCGA-EC-A1NJ	402	0.010890466787699386	0.003955601882714291	0.10029514032386139	-1.588238738387739
no_purity|histology_matched|base_plus_binary_histology|WT1	TCGA-EO-A22R	408	0.020657975048804598	0.0046681200474298686	0.15432458562683207	1.2453256159538539
no_purity|histology_matched|base_plus_binary_histology|WT1	TCGA-EO-A22S	409	0.013986700326204984	0.0047207403797322198	0.094933689677189792	1.5283342606419597
no_purity|histology_matched|base_plus_binary_histology|WT1	TCGA-EO-A22U	411	0.022917789587675371	0.0064089930642275651	0.17245696933795029	1.3842720382238622
no_purity|histology_matched|base_plus_binary_histology|WT1	TCGA-EO-A22X	412	0.023186022968961016	0.0027279389549150863	0.10482838991147178	0.89675521391268309
no_purity|histology_matched|base_plus_binary_histology|WT1	TCGA-EO-A3AS	416	0.017008245526626366	0.0042586344062437217	0.11339672689751837	1.3135445821599452
no_purity|histology_matched|base_plus_binary_histology|WT1	TCGA-EO-A3AV	418	0.023261295046259674	0.0063397931702341972	0.16107375984199704	-1.3662672016648356
no_purity|histology_matched|base_plus_binary_histology|WT1	TCGA-EO-A3AY	419	0.020893830647798962	0.0025653920413648257	0.11175420293956366	-0.91719706587470773
no_purity|histology_matched|base_plus_binary_histology|WT1	TCGA-EO-A3AZ	420	0.028023857394010983	0.0024389754478768592	0.099457216201407017	0.76919918420112676
no_purity|histology_matched|base_plus_binary_histology|WT1	TCGA-EO-A3B0	421	0.023275610333047425	0.002188912857367675	0.093684502423407742	0.80157306395160588
no_purity|histology_matched|base_plus_binary_histology|WT1	TCGA-EO-A3L0	426	0.013998174957864391	0.0028529856044395971	0.099339349463463136	-1.1865317769720318
no_purity|histology_matched|base_plus_binary_histology|WT1	TCGA-EY-A1GC	427	0.016111475063026449	0.0030864323726865431	0.10114278646294353	-1.1490052140980977
no_purity|histology_matched|base_plus_binary_histology|WT1	TCGA-EY-A1GD	428	0.022231146844411125	0.0073985324022954359	0.19497511947710008	1.5111823319911817
no_purity|histology_matched|base_plus_binary_histology|WT1	TCGA-EY-A1GE	429	0.03564396108985541	0.005795738033493673	0.17919444330423129	-1.047783831454929
no_purity|histology_matched|base_plus_binary_histology|WT1	TCGA-EY-A1GH	431	0.014963869189777384	0.0038443312123744014	0.12056729031168834	-1.331987616535075
no_purity|histology_matched|base_plus_binary_histology|WT1	TCGA-EY-A1GI	432	0.021076844132790703	0.0018016898042231863	0.093224328058370193	-0.76503268564556559
no_purity|histology_matched|base_plus_binary_histology|WT1	TCGA-EY-A1GL	434	0.016603939440762487	0.0055392845718211809	0.14982466968583452	1.5174017739270513
no_purity|histology_matched|base_plus_binary_histology|WT1	TCGA-EY-A1GP	437	0.017522161470659305	0.0029975973823747827	0.095009794529690453	1.0848762565590557
no_purity|histology_matched|base_plus_binary_histology|WT1	TCGA-EY-A1GR	439	0.017535902711262333	0.0040002882758609637	0.11815536863136715	-1.253248294093279
no_purity|histology_matched|base_plus_binary_histology|WT1	TCGA-EY-A1GU	442	0.015281655643407152	0.0067313581702257977	0.15943716111268	1.7460669748863313
no_purity|histology_matched|base_plus_binary_histology|WT1	TCGA-EY-A1GW	444	0.035322534543320919	0.0023103468612856214	0.096021774906960899	-0.66421615983031046
no_purity|histology_matched|base_plus_binary_histology|WT1	TCGA-EY-A1H0	446	0.012582855755789282	0.0051132728484469675	0.12808591414621825	1.6789948435457538
no_purity|histology_matched|base_plus_binary_histology|WT1	TCGA-EY-A2OO	453	0.021573982276380133	0.0097771497641536437	0.1960953113195556	1.7655227461804299
no_purity|histology_matched|base_plus_binary_histology|WT1	TCGA-EY-A2OQ	455	0.015750214680757189	0.0032820817171677198	0.11076228595271179	1.1987350650375379
no_purity|histology_matched|base_plus_binary_histology|WT1	TCGA-EY-A3L3	456	0.016635163146623194	0.0071194679751339128	0.14702453311729263	1.7197558294742565
no_purity|histology_matched|base_plus_binary_histology|WT1	TCGA-EY-A72D	464	0.01430299333332549	0.0037881718541658716	0.1196711199242354	1.3529545425024434
no_purity|histology_matched|base_plus_binary_histology|WT1	TCGA-FI-A2CY	466	0.013987709722552373	0.0039873900825150958	0.10230100446604194	-1.4040531034877093
no_purity|histology_matched|base_plus_binary_histology|WT1	TCGA-FI-A2D0	467	0.021904555535228409	0.0082373845544030117	0.19804818070495836	1.6071441189832527
no_purity|histology_matched|base_plus_binary_histology|WT1	TCGA-FI-A2D5	470	0.020922882991093322	0.0025124776336323843	0.11034010036865168	-0.90702788849510341
no_purity|histology_matched|base_plus_binary_histology|WT1	TCGA-PG-A6IB	490	0.029914818321849536	0.010862671647244885	0.19214026021218913	-1.5726033095508296
no_purity|histology_matched|base_plus_binary_histology|WT1	TCGA-QF-A5YS	496	0.026228131013145507	0.011155278071591597	0.24198361275524632	1.7059403404424438
no_purity|histology_matched|base_plus_binary_histology|WT1	TCGA-QS-A5YQ	498	0.026308981509668469	0.0022880070770664521	0.11186439426030113	-0.76958884181113096
no_purity|histology_matched|base_plus_binary_histology|WT1	TCGA-QS-A744	500	0.015574710825370753	0.0041277179172524098	0.0939762203654987	1.3525271940960288
no_purity|histology_matched|base_plus_binary_histology|WT1	TCGA-SL-A6J9	504	0.018087109103382952	0.0050962992708213188	0.13089987908072637	-1.3929553457927193
no_purity|histology_matched|base_refit|PAX8	TCGA-A5-A0G1	4	0.023321846456511627	0.0044956291096334569	0.13115673930216518	1.0629713135910752
no_purity|histology_matched|base_refit|PAX8	TCGA-A5-A0G2	5	0.021852108781423428	0.0036509549137426437	0.12175547687879176	-0.99020697245388956
no_purity|histology_matched|base_refit|PAX8	TCGA-A5-A0G5	6	0.017904837875881444	0.015370832130450736	0.24455061454328003	-2.2583398260754746
no_purity|histology_matched|base_refit|PAX8	TCGA-A5-A0GH	11	0.014065145104223912	0.01170073709383083	0.12246540866287643	2.2271390499017718
no_purity|histology_matched|base_refit|PAX8	TCGA-A5-A0GJ	13	0.011939621385555061	0.0050097274317935552	0.098548341481010271	-1.5795282615182258
no_purity|histology_matched|base_refit|PAX8	TCGA-A5-A0GW	20	0.014914215010935629	0.0052954966179687615	0.12652619979323085	-1.450255102120602
no_purity|histology_matched|base_refit|PAX8	TCGA-A5-A1OF	29	0.02085270123414527	0.0038444175455025166	0.12638172152063462	1.0408063163985268
no_purity|histology_matched|base_refit|PAX8	TCGA-A5-A1OJ	32	0.028534183023150264	0.0043548149188638863	0.12182833578464221	0.94306900046799014
no_purity|histology_matched|base_refit|PAX8	TCGA-A5-A2K5	37	0.02079025214260203	0.0028465286172535942	0.11414706759133332	-0.89671884187983497
no_purity|histology_matched|base_refit|PAX8	TCGA-AJ-A2QK	46	0.010889821197362811	0.0037150680560473514	0.095082740553732809	-1.424351925488246
no_purity|histology_matched|base_refit|PAX8	TCGA-AJ-A3BK	56	0.01524260432280419	0.0029867014482510717	0.097263571884115496	-1.0761559845552675
no_purity|histology_matched|base_refit|PAX8	TCGA-AJ-A3EK	58	0.024323682438866321	0.0032098466331180555	0.10069007216512443	0.87873316686472647
no_purity|histology_matched|base_refit|PAX8	TCGA-AJ-A3EL	59	0.022484673869075305	0.0024828140295558823	0.095212817869410687	0.80447570032946603
no_purity|histology_matched|base_refit|PAX8	TCGA-AJ-A3NG	64	0.017419715859912463	0.0038768079870937673	0.11063577888259067	1.1458086560992899
no_purity|histology_matched|base_refit|PAX8	TCGA-AJ-A3QS	68	0.0096532682319431587	0.0047143488785147975	0.092642771364177354	-1.7067588566043204
no_purity|histology_matched|base_refit|PAX8	TCGA-AJ-A3TW	69	0.0095673727792915247	0.0044728510355035887	0.093698026197985756	-1.6697796667793909
no_purity|histology_matched|base_refit|PAX8	TCGA-AJ-A5DW	71	0.021069917298111588	0.0028571635828714662	0.11106568603553754	-0.89227567521905526
no_purity|histology_matched|base_refit|PAX8	TCGA-AJ-A8CT	73	0.034507879588858495	0.0035233573848504596	0.12295369164257951	0.76876128126629051
no_purity|histology_matched|base_refit|PAX8	TCGA-AP-A051	76	0.020691456595487445	0.0054287279415152941	0.15189077199010931	1.2422949683709801
no_purity|histology_matched|base_refit|PAX8	TCGA-AP-A056	79	0.023850014282202372	0.0075565739420308557	0.15762336745677111	-1.3634045251648363
no_purity|histology_matched|base_refit|PAX8	TCGA-AP-A059	80	0.02406521302678076	0.0047725752225102084	0.12483675511490969	1.0777989421014527
no_purity|histology_matched|base_refit|PAX8	TCGA-AP-A0LM	97	0.027958577440112695	0.00356834676051086	0.11190682145058174	0.86254703857033976
no_purity|histology_matched|base_refit|PAX8	TCGA-AP-A0LT	102	0.012608733230544195	0.0082046764002805979	0.099848524501379252	1.9690704443506666
no_purity|histology_matched|base_refit|PAX8	TCGA-AP-A1E0	112	0.022207736275111436	0.0082408923735951874	0.18539394949199114	1.477225219836761
no_purity|histology_matched|base_refit|PAX8	TCGA-AX-A05Z	123	0.022533153281089232	0.0031168605648993729	0.11026772045065837	0.90051762679032787
no_purity|histology_matched|base_refit|PAX8	TCGA-AX-A060	124	0.011080047942661049	0.0066165401744786934	0.12290102129829568	1.8871673509991651
no_purity|histology_matched|base_refit|PAX8	TCGA-AX-A06B	128	0.010865017577379319	0.0044368083845374709	0.10663089171020336	-1.5589919692939134
no_purity|histology_matched|base_refit|PAX8	TCGA-AX-A06F	129	0.021558249259799808	0.0054947567003434533	0.14547907016617662	1.2238457553176794
no_purity|histology_matched|base_refit|PAX8	TCGA-AX-A0J0	136	0.023230314928735275	0.0023646251876649183	0.10128640145508497	-0.77205781658249484
no_purity|histology_matched|base_refit|PAX8	TCGA-AX-A1CC	144	0.020880371534987528	0.0022618708683913693	0.089782755799755504	0.79744386145199786
no_purity|histology_matched|base_refit|PAX8	TCGA-AX-A1CI	147	0.013041430610202409	0.0046115825270693625	0.1148440546178922	1.4486519340507731
no_purity|histology_matched|base_refit|PAX8	TCGA-AX-A2IN	162	0.014827559244924265	0.002605314965538784	0.0908714665300248	1.0191634481140814
no_purity|histology_matched|base_refit|PAX8	TCGA-AX-A3FV	166	0.024650803465978914	0.011683707590044246	0.18455465750213615	1.6684136008376544
no_purity|histology_matched|base_refit|PAX8	TCGA-AX-A3GB	176	0.027678525197660318	0.005838310994026979	0.16144717320499866	-1.1095657992442893
no_purity|histology_matched|base_refit|PAX8	TCGA-AX-A3GI	177	0.013985755686583067	0.003492824748481187	0.095956383192470032	1.2161034938357669
no_purity|histology_matched|base_refit|PAX8	TCGA-B5-A0JX	184	0.016003131988966676	0.0026288552327341126	0.093145482827117806	-0.98478223890084637
no_purity|histology_matched|base_refit|PAX8	TCGA-B5-A0JY	185	0.020748953080424605	0.0019906935779781805	0.092219083774578686	-0.7504763046524846
no_purity|histology_matched|base_refit|PAX8	TCGA-B5-A0K0	187	0.011477575741764518	0.005277920165539943	0.088973154924366277	-1.6543531579983413
no_purity|histology_matched|base_refit|PAX8	TCGA-B5-A11N	202	0.040000655941586249	0.0052914490881562984	0.14004908468857299	0.87269258102450575
no_purity|histology_matched|base_refit|PAX8	TCGA-B5-A11U	208	0.011909215272438739	0.0035860756326391188	0.093464571494163623	-1.3371623977677154
no_purity|histology_matched|base_refit|PAX8	TCGA-B5-A1MR	214	0.023762800359827311	0.0039179555766251954	0.11658289669023482	-0.98269635519412457
no_purity|histology_matched|base_refit|PAX8	TCGA-B5-A3FA	224	0.022164870764732152	0.0098604111164131095	0.21130504019289054	1.6181736197747991
no_purity|histology_matched|base_refit|PAX8	TCGA-B5-A3FC	226	0.021637934818900129	0.0050803546469891442	0.14123286050620998	-1.1744355905959785
no_purity|histology_matched|base_refit|PAX8	TCGA-BG-A0LW	233	0.021545477654681518	0.0059331727467276845	0.15300662805355902	-1.2722718030550118
no_purity|histology_matched|base_refit|PAX8	TCGA-BG-A0MG	244	0.014289183117571182	0.0041579498628552996	0.10992971222274114	1.3128051631068742
no_purity|histology_matched|base_refit|PAX8	TCGA-BG-A0MK	246	0.017362393133008594	0.002272073101188367	0.090969359195083643	0.87817137602169659
no_purity|histology_matched|base_refit|PAX8	TCGA-BG-A0VX	255	0.022825487986858538	0.0038597367750419567	0.12656720133790222	-0.99569601380504447
no_purity|histology_matched|base_refit|PAX8	TCGA-BG-A2AE	267	0.0091230309965955811	0.0059505323182803879	0.11118439001851636	1.974921225222243
no_purity|histology_matched|base_refit|PAX8	TCGA-BK-A139	275	0.010282523681776002	0.0047075110076495574	0.096393531672194027	-1.6516812807663919
no_purity|histology_matched|base_refit|PAX8	TCGA-BK-A6W3	281	0.021024743027271517	0.0039132509735285833	0.12724303890222435	-1.0456963210130845
no_purity|histology_matched|base_refit|PAX8	TCGA-BS-A0TC	285	0.033449173491517256	0.016536926597113005	0.27175372453327429	1.6964329709589001
no_purity|histology_matched|base_refit|PAX8	TCGA-BS-A0TE	287	0.009738334804149467	0.0047046339606337736	0.092949331230430032	1.6974095406791962
no_purity|histology_matched|base_refit|PAX8	TCGA-BS-A0UF	296	0.021829774786803133	0.0041935120819704946	0.12550898916506056	-1.061946485409873
no_purity|histology_matched|base_refit|PAX8	TCGA-BS-A0UV	300	0.022905670464458787	0.0022007087842099708	0.097546864309932785	-0.7501768954483431
no_purity|histology_matched|base_refit|PAX8	TCGA-BS-A0V4	301	0.022558864606835594	0.0096142825129380948	0.19564456725662574	1.583340187967621
no_purity|histology_matched|base_refit|PAX8	TCGA-BS-A0V7	303	0.035062908492604461	0.0018520341600428919	0.089583255802346926	0.55261640792810152
no_purity|histology_matched|base_refit|PAX8	TCGA-D1-A0ZZ	315	0.011118093146339256	0.0035041069638119871	0.094906189700615914	1.3686748587827364
no_purity|histology_matched|base_refit|PAX8	TCGA-D1-A16J	335	0.013253490972036933	0.004290498597685097	0.10830813508566607	1.3856910365262187
no_purity|histology_matched|base_refit|PAX8	TCGA-D1-A16X	342	0.022466123131638066	0.0029225915928716294	0.11184974676031256	0.8732898668944844
no_purity|histology_matched|base_refit|PAX8	TCGA-D1-A16Y	343	0.026351463976691331	0.015204488132394207	0.25576545084575208	1.8403243222708456
no_purity|histology_matched|base_refit|PAX8	TCGA-D1-A177	346	0.016774710665219204	0.012781423862206397	0.1711618317151273	2.1276024990818256
no_purity|histology_matched|base_refit|PAX8	TCGA-D1-A17L	354	0.017654333399700226	0.0022284623163263974	0.090655736631065187	-0.86232981324227309
no_purity|histology_matched|base_refit|PAX8	TCGA-D1-A1O8	371	0.018479041828290466	0.0055577845571114963	0.14233344986110222	-1.3319024320620974
no_purity|histology_matched|base_refit|PAX8	TCGA-D1-A2G0	372	0.010908819064799086	0.0053095468504439037	0.096851966847303281	1.7027739692577146
no_purity|histology_matched|base_refit|PAX8	TCGA-DF-A2KR	381	0.014163587423231564	0.0041625666777792098	0.11842879522740561	-1.3194519350934639
no_purity|histology_matched|base_refit|PAX8	TCGA-DF-A2KU	383	0.021345603342781003	0.0039577118123083985	0.12452770479868613	1.0435103921621343
no_purity|histology_matched|base_refit|PAX8	TCGA-DF-A2KV	384	0.021094485451540933	0.012440957798627847	0.23842522615680942	1.8657925377056637
no_purity|histology_matched|base_refit|PAX8	TCGA-DI-A1NO	392	0.017141243008054426	0.0071886421801838889	0.16045256858517676	1.57494524936417
no_purity|histology_matched|base_refit|PAX8	TCGA-E6-A1M0	398	0.022288709285552263	0.0037501178679313872	0.12523757757880061	-0.99347121247627002
no_purity|histology_matched|base_refit|PAX8	TCGA-EO-A22T	410	0.015364579864309093	0.0032631353249136627	0.10374223235692306	1.1204214548229614
no_purity|histology_matched|base_refit|PAX8	TCGA-EO-A22X	412	0.022821425017096091	0.0064214324454850572	0.15173797325036825	-1.2852573587625964
no_purity|histology_matched|base_refit|PAX8	TCGA-EO-A3AV	418	0.02292290731167199	0.0033804305270564287	0.10916998495852706	0.92967736549332813
no_purity|histology_matched|base_refit|PAX8	TCGA-EO-A3B0	421	0.022910433389769363	0.0047752533895765942	0.13153198400917901	-1.1056584061232775
no_purity|histology_matched|base_refit|PAX8	TCGA-EO-A3L0	426	0.013810663634769691	0.0036595512276675554	0.10375435091459265	1.2528806411695153
no_purity|histology_matched|base_refit|PAX8	TCGA-EY-A1GD	428	0.022126632409426299	0.0019576519950111064	0.095213154431281213	-0.72014152007130428
no_purity|histology_matched|base_refit|PAX8	TCGA-EY-A1GE	429	0.035608578598385926	0.0069089933146478594	0.18135997549867264	-1.0597069046217742
no_purity|histology_matched|base_refit|PAX8	TCGA-EY-A1GI	432	0.020837911481130473	0.0024124441436359357	0.10239741618728072	-0.82445189226905069
no_purity|histology_matched|base_refit|PAX8	TCGA-EY-A1GL	434	0.016600078632629758	0.0099645085150031308	0.18645281387098575	1.8867854489784761
no_purity|histology_matched|base_refit|PAX8	TCGA-EY-A1GM	435	0.010450896456623514	0.0034441892063618758	0.090845918864089062	1.4001602554844887
no_purity|histology_matched|base_refit|PAX8	TCGA-EY-A1GU	442	0.015269757495714631	0.0083474676834026304	0.16452607719232654	1.801225645543324
no_purity|histology_matched|base_refit|PAX8	TCGA-EY-A2OO	453	0.018110710573379468	0.0038891955280404831	0.11941940735668014	1.1250826822864182
no_purity|histology_matched|base_refit|PAX8	TCGA-FI-A2D5	470	0.020678972068826754	0.003070536468215103	0.1139123443298191	-0.9339536891417789
no_purity|histology_matched|base_refit|PAX8	TCGA-KP-A3W1	486	0.016750843413374003	0.010846598196341314	0.20001317589197193	-1.9600472045497594
no_purity|histology_matched|base_refit|PAX8	TCGA-PG-A6IB	490	0.015390745202998116	0.0036333087634432622	0.10788791543684807	1.1814101733823865
no_purity|histology_matched|base_refit|PAX8	TCGA-QS-A5YQ	498	0.026260089382360938	0.0076260950767000997	0.18926866622405697	1.3034773867941931
no_purity|histology_matched|base_plus_binary_histology|PAX8	TCGA-2E-A9G8	0	0.014108877770005024	0.0038527597541101427	0.12063009604013476	1.3740080126934415
no_purity|histology_matched|base_plus_binary_histology|PAX8	TCGA-5B-A90C	2	0.01620873725342125	0.0022670077626021894	0.090398512124868269	-0.98137808627574441
no_purity|histology_matched|base_plus_binary_histology|PAX8	TCGA-A5-A0G2	5	0.035928474845564322	0.012979178653303195	0.254523911885149	-1.5636363161152809
no_purity|histology_matched|base_plus_binary_histology|PAX8	TCGA-A5-A0G5	6	0.019547474386680187	0.017498827921907597	0.26134654304610649	-2.4915869891911995
no_purity|histology_matched|base_plus_binary_histology|PAX8	TCGA-A5-A0GH	11	0.014105268970099935	0.010715071024963147	0.12690688293231797	2.2994764854623031
no_purity|histology_matched|base_plus_binary_histology|PAX8	TCGA-A5-A0GJ	13	0.019212014021568437	0.0041995811074864815	0.10548828175517147	-1.2256644251955537
no_purity|histology_matched|base_plus_binary_histology|PAX8	TCGA-A5-A0GW	20	0.015109083649572329	0.0043763160752644725	0.12457920427475221	-1.4145343138650857
no_purity|histology_matched|base_plus_binary_histology|PAX8	TCGA-A5-A1OJ	32	0.028534690758693939	0.00390343052948651	0.12404313209959647	0.9644259730612802
no_purity|histology_matched|base_plus_binary_histology|PAX8	TCGA-A5-A2K5	37	0.020931212816101243	0.0022589720149235617	0.1091079457925675	-0.85980577835455063
no_purity|histology_matched|base_plus_binary_histology|PAX8	TCGA-A5-A3LO	39	0.016055167099137478	0.0034072059622858118	0.11206055265037289	-1.2095604474640946
no_purity|histology_matched|base_plus_binary_histology|PAX8	TCGA-AJ-A2QK	46	0.019315021557518838	0.0030339485056474088	0.096248870773254294	-1.0384950509018429
no_purity|histology_matched|base_plus_binary_histology|PAX8	TCGA-AJ-A3BI	55	0.014320438301899763	0.0021905369405369234	0.091340201403863591	-1.027396781007841
no_purity|histology_matched|base_plus_binary_histology|PAX8	TCGA-AJ-A3BK	56	0.015527214971732234	0.0023445563920578439	0.093424387844955534	-1.0201220250387935
no_purity|histology_matched|base_plus_binary_histology|PAX8	TCGA-AJ-A3EL	59	0.022835329269077342	0.0027386842784180828	0.10631387441354394	0.90556978697847668
no_purity|histology_matched|base_plus_binary_histology|PAX8	TCGA-AJ-A3EM	60	0.01870330534833152	0.0055064157017546351	0.12910650349302885	1.4235434612006699
no_purity|histology_matched|base_plus_binary_histology|PAX8	TCGA-AJ-A3QS	68	0.011414411435839232	0.0061312374994059509	0.098530940318800844	-1.9332654086697028
no_purity|histology_matched|base_plus_binary_histology|PAX8	TCGA-AJ-A3TW	69	0.011304446076585914	0.0058297420611512045	0.098593121896953739	-1.894102470705967
no_purity|histology_matched|base_plus_binary_histology|PAX8	TCGA-AJ-A5DW	71	0.021318299942891316	0.0021843570083707022	0.10169372535244045	-0.83757819086343366
no_purity|histology_matched|base_plus_binary_histology|PAX8	TCGA-AJ-A6NU	72	0.019293311440096654	0.0033684307976255268	0.10138939385828756	1.0950037611530246
no_purity|histology_matched|base_plus_binary_histology|PAX8	TCGA-AJ-A8CT	73	0.03453221988160618	0.0029604270912534794	0.12155912438972041	0.7608508335169063
no_purity|histology_matched|base_plus_binary_histology|PAX8	TCGA-AP-A051	76	0.020935308674530938	0.0054581700348176696	0.16257283294011901	1.3377714062628181
no_purity|histology_matched|base_plus_binary_histology|PAX8	TCGA-AP-A056	79	0.024234410489117949	0.0059878675325215703	0.15113491959220829	-1.2999950004226346
no_purity|histology_matched|base_plus_binary_histology|PAX8	TCGA-AP-A059	80	0.024446934589902922	0.0050496982691969833	0.13832878215610414	1.1881576530397957
no_purity|histology_matched|base_plus_binary_histology|PAX8	TCGA-AP-A0LM	97	0.02815078581893889	0.0036780805724769428	0.12227695655474331	0.94268231787556878
no_purity|histology_matched|base_plus_binary_histology|PAX8	TCGA-AP-A0LT	102	0.01265059992357985	0.0075460244233754668	0.10401892759824422	2.0368257498560265
no_purity|histology_matched|base_plus_binary_histology|PAX8	TCGA-AP-A1DQ	109	0.014101162846728462	0.0023117533099141375	0.093160582554076346	1.0638141952896347
no_purity|histology_matched|base_plus_binary_histology|PAX8	TCGA-AP-A1E0	112	0.022485675733555935	0.0082032991055200379	0.18976516010260105	1.5823601282387516
no_purity|histology_matched|base_plus_binary_histology|PAX8	TCGA-AX-A05Z	123	0.022756690095811223	0.0032357100811866539	0.12119098594054137	0.98620841883526378
no_purity|histology_matched|base_plus_binary_histology|PAX8	TCGA-AX-A060	124	0.011080076141560546	0.0058859315873645802	0.12487481846867914	1.9228100396351229
no_purity|histology_matched|base_plus_binary_histology|PAX8	TCGA-AX-A06B	128	0.019454730078667715	0.003889833868132392	0.10964561199565552	-1.1719206186135867
no_purity|histology_matched|base_plus_binary_histology|PAX8	TCGA-AX-A06F	129	0.021863340883243501	0.0056185732689877895	0.15800227893358645	1.3275014523656661
no_purity|histology_matched|base_plus_binary_histology|PAX8	TCGA-AX-A1CF	146	0.01448708221664525	0.0055425371966726124	0.14634639727075813	1.6272714380382667
no_purity|histology_matched|base_plus_binary_histology|PAX8	TCGA-AX-A1CI	147	0.013042633461717981	0.0041337659316276493	0.11698333181869085	1.4815212041461188
no_purity|histology_matched|base_plus_binary_histology|PAX8	TCGA-AX-A2HK	161	0.016059175459049689	0.0044501721338833433	0.1208299483545983	1.3827919765523786
no_purity|histology_matched|base_plus_binary_histology|PAX8	TCGA-AX-A2IN	162	0.015055464466996182	0.002677642452536481	0.099877301461749932	1.1075995835279526
no_purity|histology_matched|base_plus_binary_histology|PAX8	TCGA-AX-A3FV	166	0.024803823707706139	0.011177995115540783	0.19555464818716645	1.7576197127601094
no_purity|histology_matched|base_plus_binary_histology|PAX8	TCGA-AX-A3GB	176	0.027696147389075557	0.0053793719419460255	0.1671216337528722	-1.1501289983693563
no_purity|histology_matched|base_plus_binary_histology|PAX8	TCGA-B5-A0JY	185	0.035486218251955026	0.009274513573876127	0.21504827033755036	-1.3293905468349982
no_purity|histology_matched|base_plus_binary_histology|PAX8	TCGA-B5-A0K0	187	0.01154519995568393	0.0045200041122431213	0.08944607764549059	-1.6487034192936934
no_purity|histology_matched|base_plus_binary_histology|PAX8	TCGA-B5-A11N	202	0.040046265493813696	0.0050520297849113082	0.14771409190906365	0.92057615456696584
no_purity|histology_matched|base_plus_binary_histology|PAX8	TCGA-B5-A11U	208	0.012055551722085067	0.002977506697215616	0.092366142113951402	-1.3078473600546867
no_purity|histology_matched|base_plus_binary_histology|PAX8	TCGA-B5-A1MR	214	0.024074035505389432	0.0029903828969112208	0.10979381499964914	-0.9210440325287107
no_purity|histology_matched|base_plus_binary_histology|PAX8	TCGA-B5-A3FA	224	0.022255020834456133	0.009285608489745063	0.22014998489686749	1.6930260799909673
no_purity|histology_matched|base_plus_binary_histology|PAX8	TCGA-B5-A3FC	226	0.021904675882025389	0.0040287961577054115	0.13556781325093956	-1.1224627113277938
no_purity|histology_matched|base_plus_binary_histology|PAX8	TCGA-BG-A0LW	233	0.021565847237001178	0.0054566403230521081	0.15833324793609238	-1.3173890753730813
no_purity|histology_matched|base_plus_binary_histology|PAX8	TCGA-BG-A0MG	244	0.014465179174163692	0.0040941640514170494	0.11828938600302814	1.3986900417413526
no_purity|histology_matched|base_plus_binary_histology|PAX8	TCGA-BG-A0MK	246	0.017364223050976201	0.0019952927269847502	0.091827006905175895	0.88885221606158915
no_purity|histology_matched|base_plus_binary_histology|PAX8	TCGA-BG-A0VX	255	0.022985772460943014	0.0030787524971469678	0.12165056685109076	-0.95701929606350733
no_purity|histology_matched|base_plus_binary_histology|PAX8	TCGA-BG-A18C	265	0.015037080613179703	0.0026785033064313062	0.10115999287270883	-1.1084670527678626
no_purity|histology_matched|base_plus_binary_histology|PAX8	TCGA-BG-A2AE	267	0.024367129024580939	0.0075941573381563916	0.18236332430255248	1.4605702288109785
no_purity|histology_matched|base_plus_binary_histology|PAX8	TCGA-BG-A3PP	270	0.0094755065280808324	0.0058972583571268982	0.092381869114991869	-2.0842793289383379
no_purity|histology_matched|base_plus_binary_histology|PAX8	TCGA-BK-A139	275	0.019214584011520652	0.0044273049227683842	0.12002703217332374	-1.2584736453742578
no_purity|histology_matched|base_plus_binary_histology|PAX8	TCGA-BK-A4ZD	279	0.014987122636079424	0.002511487472806048	0.090838901257515439	-1.0750883266263833
no_purity|histology_matched|base_plus_binary_histology|PAX8	TCGA-BK-A6W3	281	0.0212594685827278	0.0030777627614638437	0.12166503497506441	-0.9959112164502556
no_purity|histology_matched|base_plus_binary_histology|PAX8	TCGA-BS-A0TC	285	0.033453639521207279	0.014890511136457698	0.27850795999345579	1.7388910078086437
no_purity|histology_matched|base_plus_binary_histology|PAX8	TCGA-BS-A0TE	287	0.0098433136405543624	0.0044652764391319467	0.098511181651319474	1.7770165182333983
no_purity|histology_matched|base_plus_binary_histology|PAX8	TCGA-BS-A0UF	296	0.02214479766047088	0.0032441537540468584	0.11892676972579883	-1.0013879484647155
no_purity|histology_matched|base_plus_binary_histology|PAX8	TCGA-BS-A0UJ	297	0.03146672303621588	0.0016537173251300809	0.095128512037733148	-0.59652778678598739
no_purity|histology_matched|base_plus_binary_histology|PAX8	TCGA-BS-A0V4	301	0.02260770614228071	0.0082427582697932999	0.19568328151026987	1.5817729547538317
no_purity|histology_matched|base_plus_binary_histology|PAX8	TCGA-D1-A0ZZ	315	0.01782025496551291	0.008128441207229057	0.14628613053206324	1.7746985160836455
no_purity|histology_matched|base_plus_binary_histology|PAX8	TCGA-D1-A15X	321	0.028334551715899062	0.010379476276413497	0.19309411059865411	-1.5808414231227599
no_purity|histology_matched|base_plus_binary_histology|PAX8	TCGA-D1-A16J	335	0.013495830188170584	0.0042910700136079977	0.11757874445228898	1.4835543336249679
no_purity|histology_matched|base_plus_binary_histology|PAX8	TCGA-D1-A16V	341	0.01564297286222982	0.0037650078898518783	0.11743007927421913	-1.2886528348901027
no_purity|histology_matched|base_plus_binary_histology|PAX8	TCGA-D1-A16X	342	0.02261267057042339	0.002954696317208968	0.12106063547567768	0.94540227730512649
no_purity|histology_matched|base_plus_binary_histology|PAX8	TCGA-D1-A16Y	343	0.026399442276311108	0.014025007296507424	0.25502043592203882	1.9078284608532825
no_purity|histology_matched|base_plus_binary_histology|PAX8	TCGA-D1-A177	346	0.016790830950275989	0.011583694427385969	0.17475533903439419	2.1872575510345262
no_purity|histology_matched|base_plus_binary_histology|PAX8	TCGA-D1-A17L	354	0.017657318136908032	0.0020199508407657061	0.092995564453842494	-0.88673845701696019
no_purity|histology_matched|base_plus_binary_histology|PAX8	TCGA-D1-A1O8	371	0.01883675012927407	0.0044271259660137495	0.13755321736014026	-1.2712927915668784
no_purity|histology_matched|base_plus_binary_histology|PAX8	TCGA-D1-A2G0	372	0.027107976508854041	0.005398854919091158	0.1502787283549544	1.1650352112586615
no_purity|histology_matched|base_plus_binary_histology|PAX8	TCGA-D1-A3DG	377	0.015858937617955392	0.0072400203191441519	0.15748063927569594	1.7772473193295657
no_purity|histology_matched|base_plus_binary_histology|PAX8	TCGA-D1-A3DH	378	0.017255125356835644	0.0067048009822234097	0.13963909355012835	1.6376988396904244
no_purity|histology_matched|base_plus_binary_histology|PAX8	TCGA-DF-A2KS	382	0.016831130594379896	0.0039024057706276206	0.11825627780164363	-1.2639577038400913
no_purity|histology_matched|base_plus_binary_histology|PAX8	TCGA-DF-A2KU	383	0.021632419065272163	0.0041104639909042354	0.13674845974893682	1.1411017100866243
no_purity|histology_matched|base_plus_binary_histology|PAX8	TCGA-DF-A2KV	384	0.021218193053280994	0.011747290093132273	0.24918003039522446	1.9531158881653248
no_purity|histology_matched|base_plus_binary_histology|PAX8	TCGA-DI-A1NO	392	0.023949985808652777	0.013810797139287562	0.19018818323417719	1.9907994006595111
no_purity|histology_matched|base_plus_binary_histology|PAX8	TCGA-E6-A1M0	398	0.022563489824994169	0.0028956304351127945	0.11266691339696984	-0.93693306233362184
no_purity|histology_matched|base_plus_binary_histology|PAX8	TCGA-EO-A22T	410	0.015601047818240323	0.0033235928798014034	0.11347569657976345	1.2121762626127495
no_purity|histology_matched|base_plus_binary_histology|PAX8	TCGA-EO-A22X	412	0.023186022968961016	0.005064796599667412	0.14283761698696465	-1.2227514278781211
no_purity|histology_matched|base_plus_binary_histology|PAX8	TCGA-EO-A3AS	416	0.017008245526626366	0.0033653429472562959	0.1008045195049754	-1.1672571648790078
no_purity|histology_matched|base_plus_binary_histology|PAX8	TCGA-EO-A3AV	418	0.023261295046259674	0.0036212926318152376	0.12173600961861882	1.0317658957691698
no_purity|histology_matched|base_plus_binary_histology|PAX8	TCGA-EO-A3B0	421	0.023275610333047425	0.0036793065380930964	0.12146090269866716	-1.0396872233250443
no_purity|histology_matched|base_plus_binary_histology|PAX8	TCGA-EO-A3L0	426	0.013998174957864391	0.0036332730030953363	0.11210385245598424	1.3395118495654919
no_purity|histology_matched|base_plus_binary_histology|PAX8	TCGA-EY-A1GE	429	0.03564396108985541	0.0064729320804808171	0.18937414706054168	-1.1074491259569528
no_purity|histology_matched|base_plus_binary_histology|PAX8	TCGA-EY-A1GI	432	0.021076844132790703	0.0018244303532405344	0.093810812152917103	-0.76985129699681998
no_purity|histology_matched|base_plus_binary_histology|PAX8	TCGA-EY-A1GL	434	0.016603939440762487	0.0087908891056929436	0.18874388550457719	1.9141690804404923
no_purity|histology_matched|base_plus_binary_histology|PAX8	TCGA-EY-A1GR	439	0.017535902711262333	0.0038902143390952713	0.11651841812916669	-1.2358318923210523
no_purity|histology_matched|base_plus_binary_histology|PAX8	TCGA-EY-A1GU	442	0.015281655643407152	0.0073108309424473146	0.16615812151329995	1.820150875726956
no_purity|histology_matched|base_plus_binary_histology|PAX8	TCGA-EY-A2OO	453	0.021573982276380133	0.0024397841428913528	0.097957293663896244	0.87988370573664776
no_purity|histology_matched|base_plus_binary_histology|PAX8	TCGA-EY-A2OQ	455	0.015750214680757189	0.0023572729557817746	0.093868991551151512	-1.0154930851288788
no_purity|histology_matched|base_plus_binary_histology|PAX8	TCGA-EY-A547	459	0.017391432514009642	0.0060781978309810449	0.13036222751888668	1.5526445888919549
no_purity|histology_matched|base_plus_binary_histology|PAX8	TCGA-FI-A2D2	468	0.011689228817659929	0.0055992135675351652	0.097685155360035178	-1.8246419251374029
no_purity|histology_matched|base_plus_binary_histology|PAX8	TCGA-FI-A2D5	470	0.020922882991093322	0.0023690150868760393	0.10714358798308088	-0.88071008446293353
no_purity|histology_matched|base_plus_binary_histology|PAX8	TCGA-FI-A2EU	472	0.017040389613094509	0.002335306711978262	0.089700382757546604	-0.97101110009798508
no_purity|histology_matched|base_plus_binary_histology|PAX8	TCGA-FI-A2F9	478	0.017631102014238492	0.0045554841022883144	0.10925501623635982	1.3339907573460907
no_purity|histology_matched|base_plus_binary_histology|PAX8	TCGA-H5-A2HR	481	0.014643539365006538	0.0023367356917464162	0.094824752168139445	1.049231616712645
no_purity|histology_matched|base_plus_binary_histology|PAX8	TCGA-K6-A3WQ	483	0.012177126462990255	0.0044884751269864652	0.0963462423249314	-1.5989759789554765
no_purity|histology_matched|base_plus_binary_histology|PAX8	TCGA-KP-A3W1	486	0.018264377825724695	0.012520866468931196	0.21525471041713737	-2.1786390659198784
no_purity|histology_matched|base_plus_binary_histology|PAX8	TCGA-QS-A5YQ	498	0.026308981509668469	0.0071341047188170923	0.19752994077416264	1.3606533584540639
no_purity|histology_matched|base_refit|LHX1	TCGA-A5-A0G1	4	0.023321846456511627	0.0030216279095693532	0.10752658806760002	0.87113536305740125
no_purity|histology_matched|base_refit|LHX1	TCGA-A5-A0G2	5	0.021852108781423428	0.013903841435516309	0.23760341277168198	1.9377230746956973
no_purity|histology_matched|base_refit|LHX1	TCGA-A5-A0GJ	13	0.011939621385555061	0.0077497127400415495	0.12257025040299238	-1.9672419249204742
no_purity|histology_matched|base_refit|LHX1	TCGA-A5-A0GN	15	0.021185218698558227	0.0034019176440827385	0.10286063137912864	-0.971061046470858
no_purity|histology_matched|base_refit|LHX1	TCGA-A5-A0GW	20	0.014914215010935629	0.0046712767354461808	0.1188351489789396	-1.361761311636623
no_purity|histology_matched|base_refit|LHX1	TCGA-AJ-A2QK	46	0.010889821197362811	0.0034151733822935459	0.091164274957162297	-1.3654287496956783
no_purity|histology_matched|base_refit|LHX1	TCGA-AJ-A3EK	58	0.024323682438866321	0.0027890469577915352	0.093858243880163991	0.81902799001400206
no_purity|histology_matched|base_refit|LHX1	TCGA-AJ-A3I9	61	0.014379727653579498	0.0033579087589503476	0.090234950611565709	-1.1755886791260004
no_purity|histology_matched|base_refit|LHX1	TCGA-AJ-A3NF	63	0.016990221763645917	0.0028658844330238099	0.10459928587950884	0.99742931241876853
no_purity|histology_matched|base_refit|LHX1	TCGA-AJ-A8CT	73	0.034507879588858495	0.011555254597220496	0.22266552631079739	-1.3940873174847386
no_purity|histology_matched|base_refit|LHX1	TCGA-AP-A056	79	0.023850014282202372	0.0047782020180091025	0.12534020106320443	-1.0834211293560414
no_purity|histology_matched|base_refit|LHX1	TCGA-AP-A059	80	0.02406521302678076	0.0034468785876324943	0.10609112957964929	-0.91565945242991331
no_purity|histology_matched|base_refit|LHX1	TCGA-AP-A1E0	112	0.022207736275111436	0.0063876500490613868	0.16322211190250382	1.299920228740741
no_purity|histology_matched|base_refit|LHX1	TCGA-AP-A1E3	114	0.0095889608085620512	0.0045771788925231495	0.096774574315059592	-1.6873190765294004
no_purity|histology_matched|base_refit|LHX1	TCGA-AP-A1E4	115	0.01504005773901982	0.0058436521593128706	0.1358247502884177	1.5172848411596085
no_purity|histology_matched|base_refit|LHX1	TCGA-AX-A05Y	122	0.010613318339799272	0.0055707851400873115	0.10850454376467163	1.7689435897392223
no_purity|histology_matched|base_refit|LHX1	TCGA-AX-A05Z	123	0.022533153281089232	0.0026831517165536696	0.10230864305249654	0.83542419224092901
no_purity|histology_matched|base_refit|LHX1	TCGA-AX-A0J0	136	0.023230314928735275	0.0021890404729776377	0.097453374419963823	-0.74280754116368453
no_purity|histology_matched|base_refit|LHX1	TCGA-AX-A1CN	150	0.017165549573976105	0.005784134726878565	0.13985612170749012	1.4110295743778483
no_purity|histology_matched|base_refit|LHX1	TCGA-AX-A2HH	159	0.022436347722034476	0.0033375581476449189	0.096985730789737545	-0.93396589422943954
no_purity|histology_matched|base_refit|LHX1	TCGA-AX-A2IN	162	0.014827559244924265	0.002690497774756754	0.092345075027484902	-1.0357258605629982
no_purity|histology_matched|base_refit|LHX1	TCGA-AX-A3FW	167	0.0094774109183793226	0.0054289007230086499	0.10510964165678237	-1.8495570911977772
no_purity|histology_matched|base_refit|LHX1	TCGA-AX-A3G1	170	0.009612847657077473	0.0083915267685561266	0.12649134851415036	-2.2871911413929338
no_purity|histology_matched|base_refit|LHX1	TCGA-AX-A3G8	174	0.012573085418542997	0.0069439043029999531	0.13862674737093036	1.8130091832593405
no_purity|histology_matched|base_refit|LHX1	TCGA-AX-A3GI	177	0.013985755686583067	0.0050962137113124053	0.11590689940593064	1.4699466984672171
no_purity|histology_matched|base_refit|LHX1	TCGA-B5-A0JY	185	0.020748953080424605	0.0058493706852132234	0.158078631479765	1.2878489965254372
no_purity|histology_matched|base_refit|LHX1	TCGA-B5-A0K4	191	0.0098296039885433992	0.0057810826561585883	0.10333629232601466	1.8739380745718257
no_purity|histology_matched|base_refit|LHX1	TCGA-B5-A11U	208	0.011909215272438739	0.0039260545091687749	0.097794731643797345	1.3993500693748593
no_purity|histology_matched|base_refit|LHX1	TCGA-BG-A0LW	233	0.021545477654681518	0.0091523100932408997	0.19003435048149861	-1.5815549426251094
no_purity|histology_matched|base_refit|LHX1	TCGA-BG-A0VX	255	0.022825487986858538	0.0068733145762821489	0.16889836430780877	1.3297443175485926
no_purity|histology_matched|base_refit|LHX1	TCGA-BG-A0W1	257	0.013722921088698371	0.0035041362107550685	0.10169856471949149	-1.2298858805643271
no_purity|histology_matched|base_refit|LHX1	TCGA-BG-A2AE	267	0.0091230309965955811	0.0046854355200433998	0.098659950094322657	1.7510006408880194
no_purity|histology_matched|base_refit|LHX1	TCGA-BK-A139	275	0.010282523681776002	0.0055019590590808763	0.10421036028369106	-1.7864451657004847
no_purity|histology_matched|base_refit|LHX1	TCGA-BK-A6W3	281	0.021024743027271517	0.0021327891793477584	0.093937532034683524	-0.77160369787604566
no_purity|histology_matched|base_refit|LHX1	TCGA-BS-A0TC	285	0.033449173491517256	0.0019132027360349486	0.092433330668027253	-0.57555277276043426
no_purity|histology_matched|base_refit|LHX1	TCGA-BS-A0TE	287	0.009738334804149467	0.0074797299360727975	0.1171996483180502	2.1439147400812684
no_purity|histology_matched|base_refit|LHX1	TCGA-BS-A0TJ	290	0.0096199644358257209	0.0048800498525689746	0.091027305972325584	1.7397239375403386
no_purity|histology_matched|base_refit|LHX1	TCGA-BS-A0U9	294	0.0098942834694191011	0.0050747163646163024	0.096924781781982217	-1.7491324574005944
no_purity|histology_matched|base_refit|LHX1	TCGA-BS-A0UJ	297	0.03138892613284662	0.0037115561598484682	0.13196208039150253	0.82871280673199832
no_purity|histology_matched|base_refit|LHX1	TCGA-BS-A0V4	301	0.022558864606835594	0.004661107614465896	0.13622409077347986	1.1010297251097136
no_purity|histology_matched|base_refit|LHX1	TCGA-BS-A0V7	303	0.035062908492604461	0.0030626067161282308	0.11519880160619751	-0.7107743984928151
no_purity|histology_matched|base_refit|LHX1	TCGA-BS-A0WQ	306	0.017389481386038384	0.0092233627946256939	0.18182002802326055	-1.7721286941434116
no_purity|histology_matched|base_refit|LHX1	TCGA-D1-A0ZZ	315	0.011118093146339256	0.005169358398833669	0.11527209388439706	1.6638634343498271
no_purity|histology_matched|base_refit|LHX1	TCGA-D1-A15X	321	0.013793998799028219	0.003320788492594927	0.099686788800927753	1.1940424811282351
no_purity|histology_matched|base_refit|LHX1	TCGA-D1-A167	327	0.011624865108767896	0.0042862705711299879	0.09107429728493685	-1.4804690484301546
no_purity|histology_matched|base_refit|LHX1	TCGA-D1-A16X	342	0.022466123131638066	0.0052036147895836177	0.14924627809334581	1.1659665712458509
no_purity|histology_matched|base_refit|LHX1	TCGA-D1-A16Y	343	0.026351463976691331	0.020706116130071645	0.29847317109913918	2.150263736309288
no_purity|histology_matched|base_refit|LHX1	TCGA-D1-A177	346	0.016774710665219204	0.013900271874529304	0.17849619150106619	2.2196526843770301
no_purity|histology_matched|base_refit|LHX1	TCGA-D1-A17A	347	0.021263827310365802	0.0058913008562247998	0.15441429579225682	1.2763398998498126
no_purity|histology_matched|base_refit|LHX1	TCGA-D1-A1O8	371	0.018479041828290466	0.011179832599199723	0.20187092469273166	-1.8924373407006416
no_purity|histology_matched|base_refit|LHX1	TCGA-DF-A2KU	383	0.021345603342781003	0.0038306585071497803	0.12251256109841843	1.0265880443060573
no_purity|histology_matched|base_refit|LHX1	TCGA-DI-A1NN	391	0.010392221236181987	0.0049924424695275312	0.10297032013849089	-1.692065388309699
no_purity|histology_matched|base_refit|LHX1	TCGA-E6-A2P8	399	0.012363901807690238	0.0064572862608784538	0.12120119966408428	-1.762929245688182
no_purity|histology_matched|base_refit|LHX1	TCGA-EO-A22T	410	0.015364579864309093	0.0036195829511023372	0.10926153904774655	1.1801924233652723
no_purity|histology_matched|base_refit|LHX1	TCGA-EO-A3AV	418	0.02292290731167199	0.0025874779005188929	0.095511478428451257	0.81319812226092303
no_purity|histology_matched|base_refit|LHX1	TCGA-EO-A3AY	419	0.020653787945173786	0.0047011383408511204	0.14033880065769871	1.156890678411985
no_purity|histology_matched|base_refit|LHX1	TCGA-EO-A3L0	426	0.013810663634769691	0.0031756817468655833	0.096652009684630544	1.1668740203371608
no_purity|histology_matched|base_refit|LHX1	TCGA-EY-A1GE	429	0.035608578598385926	0.015503839433092919	0.27167751314673066	-1.5896692900075755
no_purity|histology_matched|base_refit|LHX1	TCGA-EY-A1GM	435	0.010450896456623514	0.0034728809207928953	0.091223528673551962	1.4060031646979139
no_purity|histology_matched|base_refit|LHX1	TCGA-EY-A1GO	436	0.013201788587373652	0.0097671039433574504	0.14565887601114749	2.1000631352793748
no_purity|histology_matched|base_refit|LHX1	TCGA-EY-A1GU	442	0.015269757495714631	0.0090822206820620633	0.17161426903964153	1.8793647733873946
no_purity|histology_matched|base_refit|LHX1	TCGA-EY-A1GW	444	0.030077276546788247	0.019745098530802203	0.29605122224905051	-1.9601324217625573
no_purity|histology_matched|base_refit|LHX1	TCGA-EY-A1GX	445	0.026790304371587477	0.013678452612594778	0.23432713815080372	-1.7301049237632706
no_purity|histology_matched|base_refit|LHX1	TCGA-EY-A210	447	0.0076789100700042773	0.0071174465083818144	0.10494153300362369	-2.3598768468327065
no_purity|histology_matched|base_refit|LHX1	TCGA-EY-A4KR	458	0.012765636873494579	0.0099161797361389005	0.16954263239896464	-2.1528289114181081
no_purity|histology_matched|base_refit|LHX1	TCGA-EY-A549	461	0.016551287462714736	0.0025079677813137987	0.092674296609811399	-0.9454759718006247
no_purity|histology_matched|base_refit|LHX1	TCGA-FI-A2CY	466	0.012431046694740502	0.0045435710331905195	0.11307330070488039	-1.4733707314747255
no_purity|histology_matched|base_refit|LHX1	TCGA-FI-A2D0	467	0.021700804894067761	0.0086982736687993747	0.19783053272348561	1.5359587940422659
no_purity|histology_matched|base_refit|LHX1	TCGA-FI-A2D5	470	0.020678972068826754	0.0033543748740001711	0.11906098140043164	-0.97624562639255053
no_purity|histology_matched|base_refit|LHX1	TCGA-FI-A2EU	472	0.014225512463714868	0.0048619968893655729	0.12579334112365761	1.4232551715330943
no_purity|histology_matched|base_refit|LHX1	TCGA-FI-A2EW	473	0.011816506975782327	0.0040221248281765015	0.10557007464094904	1.4220705962156965
no_purity|histology_matched|base_refit|LHX1	TCGA-FI-A2EY	475	0.013431861942064111	0.0061838841004352562	0.1392089024654993	1.6536888188268306
no_purity|histology_matched|base_refit|LHX1	TCGA-FI-A2F9	478	0.011031319037415735	0.0045837736990253864	0.10196857834090833	1.5725464738808486
no_purity|histology_matched|base_refit|LHX1	TCGA-KP-A3W3	487	0.0086422431531012166	0.0079517925994476053	0.10756798468297435	-2.3499864118193248
no_purity|histology_matched|base_refit|LHX1	TCGA-PG-A6IB	490	0.015390745202998116	0.0061858078555973861	0.14077316068198284	-1.5430318188112118
no_purity|histology_matched|base_refit|LHX1	TCGA-QF-A5YS	496	0.026194938408547131	0.0029629118233707196	0.1155407930814467	-0.81267105184947286
no_purity|histology_matched|base_refit|LHX1	TCGA-SL-A6J9	504	0.0093996117397050147	0.0073827005677013779	0.12031563185355972	-2.1686014109143565
no_purity|histology_matched|base_plus_binary_histology|LHX1	TCGA-A5-A0G2	5	0.035928474845564322	0.011477765978081237	0.23935012966357838	1.4700006835105457
no_purity|histology_matched|base_plus_binary_histology|LHX1	TCGA-A5-A0GJ	13	0.019212014021568437	0.0075067184127699232	0.14103480237851565	-1.6406279643446098
no_purity|histology_matched|base_plus_binary_histology|LHX1	TCGA-A5-A0GW	20	0.015109083649572329	0.0038419653794299099	0.1167260893306367	-1.3250411530889323
no_purity|histology_matched|base_plus_binary_histology|LHX1	TCGA-A5-A1OF	29	0.035357086996343344	0.0081922491158001078	0.20107060139281624	-1.2515319863612526
no_purity|histology_matched|base_plus_binary_histology|LHX1	TCGA-A5-A3LO	39	0.016055167099137478	0.0061645251887655975	0.15073127826840291	-1.6289024415253008
no_purity|histology_matched|base_plus_binary_histology|LHX1	TCGA-AJ-A2QK	46	0.019315021557518838	0.0028206817019637825	0.092804402899789792	-1.0012541190727875
no_purity|histology_matched|base_plus_binary_histology|LHX1	TCGA-AJ-A3BI	55	0.014320438301899763	0.0038371615592013302	0.1208903727612831	-1.3608623657661283
no_purity|histology_matched|base_plus_binary_histology|LHX1	TCGA-AJ-A3EM	60	0.01870330534833152	0.006327273683584044	0.13839548823955267	1.5264279424454092
no_purity|histology_matched|base_plus_binary_histology|LHX1	TCGA-AJ-A3IA	62	0.023435526032180048	0.0060118319824954821	0.12890195819231171	1.3252395653886633
no_purity|histology_matched|base_plus_binary_histology|LHX1	TCGA-AJ-A3OK	66	0.046948688488691666	0.0034863899771558097	0.096651883992742021	-0.70349903032386374
no_purity|histology_matched|base_plus_binary_histology|LHX1	TCGA-AJ-A8CT	73	0.03453221988160618	0.010555724808312785	0.22953790206114189	-1.4388480896299924
no_purity|histology_matched|base_plus_binary_histology|LHX1	TCGA-AP-A056	79	0.024234410489117949	0.0036745830816324178	0.11839483670134206	-1.0177125420423783
no_purity|histology_matched|base_plus_binary_histology|LHX1	TCGA-AP-A059	80	0.024446934589902922	0.0025725204396221339	0.098732300432876383	-0.84745961485167787
no_purity|histology_matched|base_plus_binary_histology|LHX1	TCGA-AP-A1DP	108	0.059290885884604849	0.003166040123314008	0.11118014530072393	-0.59259557127230855
no_purity|histology_matched|base_plus_binary_histology|LHX1	TCGA-AP-A1E0	112	0.022485675733555935	0.0063693218231209115	0.16721252471671424	1.3935216050563324
no_purity|histology_matched|base_plus_binary_histology|LHX1	TCGA-AP-A1E3	114	0.0097584235397390195	0.0038664098052139935	0.095266619262654964	-1.6601470367915403
no_purity|histology_matched|base_plus_binary_histology|LHX1	TCGA-AP-A1E4	115	0.015044262211521449	0.0052381591194533145	0.13824623861223187	1.5515752963717493
no_purity|histology_matched|base_plus_binary_histology|LHX1	TCGA-AP-A5FX	116	0.0088677028050341278	0.0058755059295327256	0.10453035255730447	-2.151820183706985
no_purity|histology_matched|base_plus_binary_histology|LHX1	TCGA-AX-A05Y	122	0.010616285614270526	0.0049777790869278615	0.11022160347185755	1.8061135447180807
no_purity|histology_matched|base_plus_binary_histology|LHX1	TCGA-AX-A05Z	123	0.022756690095811223	0.0027771012543485588	0.11227456341444465	0.91352336945831691
no_purity|histology_matched|base_plus_binary_histology|LHX1	TCGA-AX-A1CF	146	0.01448708221664525	0.0027035861008560692	0.10221104531500978	1.1349720910591339
no_purity|histology_matched|base_plus_binary_histology|LHX1	TCGA-AX-A1CN	150	0.017374325461281918	0.0056452947435937885	0.14967647958554656	1.4968268198418415
no_purity|histology_matched|base_plus_binary_histology|LHX1	TCGA-AX-A2HH	159	0.022461861513989136	0.0028276685300950748	0.09573932033248185	-0.92799755831240616
no_purity|histology_matched|base_plus_binary_histology|LHX1	TCGA-AX-A2HK	161	0.016059175459049689	0.0049264698926203103	0.12713177230359354	1.4552098204373196
no_purity|histology_matched|base_plus_binary_histology|LHX1	TCGA-AX-A2IN	162	0.015055464466996182	0.0021350157998024678	0.089184843391623358	-0.98877769863925047
no_purity|histology_matched|base_plus_binary_histology|LHX1	TCGA-AX-A3FW	167	0.016382662473050761	0.0055581301817745031	0.12805923042284248	-1.5304443524013558
no_purity|histology_matched|base_plus_binary_histology|LHX1	TCGA-AX-A3FZ	169	0.018525916769341226	0.0081367671039262041	0.15563118179851251	1.7406282455782951
no_purity|histology_matched|base_plus_binary_histology|LHX1	TCGA-AX-A3G1	170	0.018399546758219105	0.0099343546505062542	0.1822334782978963	-1.9313790758879419
no_purity|histology_matched|base_plus_binary_histology|LHX1	TCGA-AX-A3G7	173	0.009729214314933423	0.0054205664076185699	0.095924848557972731	-1.9708838070704671
no_purity|histology_matched|base_plus_binary_histology|LHX1	TCGA-AX-A3G8	174	0.012573091934009302	0.0061549707267733967	0.14056153809883143	1.8438912913185861
no_purity|histology_matched|base_plus_binary_histology|LHX1	TCGA-AX-A3GI	177	0.016550404231811422	0.0039321878339361686	0.10571439711354892	1.2797207707450544
no_purity|histology_matched|base_plus_binary_histology|LHX1	TCGA-B5-A0JY	185	0.035486218251955026	0.003330516427051526	0.12886832190223371	0.79573688742795878
no_purity|histology_matched|base_plus_binary_histology|LHX1	TCGA-B5-A0K3	190	0.014285313902460281	0.0081276194336914031	0.17421564326029154	1.9871969993461489
no_purity|histology_matched|base_plus_binary_histology|LHX1	TCGA-B5-A0K4	191	0.0098397322343313671	0.0052009346912258786	0.10505349676097145	1.9191784293370928
no_purity|histology_matched|base_plus_binary_histology|LHX1	TCGA-B5-A11U	208	0.012055551722085067	0.0037820350705821551	0.1040996350663468	1.4746707985856093
no_purity|histology_matched|base_plus_binary_histology|LHX1	TCGA-BG-A0LW	233	0.021565847237001178	0.0083136086621929135	0.19543585605121375	-1.6275815624731389
no_purity|histology_matched|base_plus_binary_histology|LHX1	TCGA-BG-A0VX	255	0.022985772460943014	0.0066364004193130944	0.17860476425039853	1.4065707105834599
no_purity|histology_matched|base_plus_binary_histology|LHX1	TCGA-BG-A0W1	257	0.013725113574356532	0.003136756232189866	0.10365566183722844	-1.256847316501668
no_purity|histology_matched|base_plus_binary_histology|LHX1	TCGA-BG-A2AE	267	0.024367129024580939	0.0056835473351982153	0.15776383169218144	1.2628695458316148
no_purity|histology_matched|base_plus_binary_histology|LHX1	TCGA-BK-A139	275	0.019214584011520652	0.0056213971712185638	0.13524819755110695	-1.4186748832197973
no_purity|histology_matched|base_plus_binary_histology|LHX1	TCGA-BK-A4ZD	279	0.014987122636079424	0.0029779010899854946	0.098914850466621754	-1.1709204416238506
no_purity|histology_matched|base_plus_binary_histology|LHX1	TCGA-BS-A0TC	285	0.033453639521207279	0.0016432388348070091	0.092519473862126764	-0.57610028681150927
no_purity|histology_matched|base_plus_binary_histology|LHX1	TCGA-BS-A0TE	287	0.0098433136405543624	0.0069714921294323053	0.12309041159204334	2.2243563192678124
no_purity|histology_matched|base_plus_binary_histology|LHX1	TCGA-BS-A0TJ	290	0.0097413220562805186	0.0046148426712945096	0.0964525089517448	1.8163142603260942
no_purity|histology_matched|base_plus_binary_histology|LHX1	TCGA-BS-A0U9	294	0.017269232314103957	0.0050280119280445854	0.12259991238954328	-1.4166601174133151
no_purity|histology_matched|base_plus_binary_histology|LHX1	TCGA-BS-A0UJ	297	0.03146672303621588	0.0030075974298597796	0.12828914717734877	0.80470548123415986
no_purity|histology_matched|base_plus_binary_histology|LHX1	TCGA-BS-A0V4	301	0.02260770614228071	0.0039212935752574087	0.13496840626867304	1.0895604409065709
no_purity|histology_matched|base_plus_binary_histology|LHX1	TCGA-BS-A0V7	303	0.035073808050037354	0.0028222518267224739	0.11918653487453065	-0.73689147287207035
no_purity|histology_matched|base_plus_binary_histology|LHX1	TCGA-BS-A0WQ	306	0.017402048374773535	0.0083166012615541757	0.18622761886077574	-1.8172274309294483
no_purity|histology_matched|base_plus_binary_histology|LHX1	TCGA-D1-A0ZZ	315	0.01782025496551291	0.01082477543861181	0.16881419641095782	2.0501537544223396
no_purity|histology_matched|base_plus_binary_histology|LHX1	TCGA-D1-A167	327	0.011636571709647905	0.0037285685044656943	0.091058108761445572	-1.4907235922477511
no_purity|histology_matched|base_plus_binary_histology|LHX1	TCGA-D1-A16N	336	0.0090740482035394591	0.0049834610033477082	0.093604233686329627	1.9573258704934102
no_purity|histology_matched|base_plus_binary_histology|LHX1	TCGA-D1-A16X	342	0.02261267057042339	0.005056447973079004	0.15836867945021824	1.2375432586410064
no_purity|histology_matched|base_plus_binary_histology|LHX1	TCGA-D1-A16Y	343	0.026399442276311108	0.018886088814498422	0.29593371745606195	2.2167135537489453
no_purity|histology_matched|base_plus_binary_histology|LHX1	TCGA-D1-A177	346	0.016790830950275989	0.012517057739536059	0.18165946653397066	2.2745508790708842
no_purity|histology_matched|base_plus_binary_histology|LHX1	TCGA-D1-A17A	347	0.021281788398575655	0.0050797398240213327	0.15469312090190049	1.2795925631024254
no_purity|histology_matched|base_plus_binary_histology|LHX1	TCGA-D1-A17K	353	0.014778370727698185	0.002380386338643545	0.093255136735872934	-1.0540829104974503
no_purity|histology_matched|base_plus_binary_histology|LHX1	TCGA-D1-A1O0	368	0.015695783386654255	0.003188091192418494	0.10508080591134011	1.1834824790190253
no_purity|histology_matched|base_plus_binary_histology|LHX1	TCGA-D1-A1O8	371	0.01883675012927407	0.0092731978134586255	0.19907859883753759	-1.8431988396287751
no_purity|histology_matched|base_plus_binary_histology|LHX1	TCGA-D1-A3DG	377	0.015858937617955392	0.0098354634673630415	0.18355012785904021	2.073813444149303
no_purity|histology_matched|base_plus_binary_histology|LHX1	TCGA-DF-A2KS	382	0.016831130594379896	0.0061849739769666238	0.1488767676193295	-1.5927334697116433
no_purity|histology_matched|base_plus_binary_histology|LHX1	TCGA-DF-A2KU	383	0.021632419065272163	0.0039355560876351749	0.13380738164733194	1.1164976849204296
no_purity|histology_matched|base_plus_binary_histology|LHX1	TCGA-DI-A1NN	391	0.012113702304561772	0.0062912527471161135	0.1093681185319076	-1.9000521674306101
no_purity|histology_matched|base_plus_binary_histology|LHX1	TCGA-E6-A2P8	399	0.027437040579287829	0.021853747520644021	0.28989798494799918	-2.3390485248880086
no_purity|histology_matched|base_plus_binary_histology|LHX1	TCGA-EO-A1Y7	406	0.01480836489590045	0.007949156709437525	0.16640274725283072	-1.9292909358273549
no_purity|histology_matched|base_plus_binary_histology|LHX1	TCGA-EO-A22T	410	0.015601047818240323	0.0036236182981446373	0.11848685426561001	1.2658753180776292
no_purity|histology_matched|base_plus_binary_histology|LHX1	TCGA-EO-A3AV	418	0.023261295046259674	0.0027919718636591775	0.10689140119492054	0.90572968014793798
no_purity|histology_matched|base_plus_binary_histology|LHX1	TCGA-EO-A3AY	419	0.020893830647798962	0.0047038013376090411	0.15132527767291007	1.2428429440006286
no_purity|histology_matched|base_plus_binary_histology|LHX1	TCGA-EO-A3L0	426	0.013998174957864391	0.0031404218395478319	0.10422346701033015	1.2450461074565486
no_purity|histology_matched|base_plus_binary_histology|LHX1	TCGA-EY-A1GC	427	0.016111475063026449	0.0054275307530360795	0.13412436469985498	-1.5252177513028087
no_purity|histology_matched|base_plus_binary_histology|LHX1	TCGA-EY-A1GE	429	0.03564396108985541	0.014191671808374466	0.28040576896178715	-1.6422099520608846
no_purity|histology_matched|base_plus_binary_histology|LHX1	TCGA-EY-A1GO	436	0.013213226074723434	0.0087794165082098023	0.14812816930252434	2.1501064478838749
no_purity|histology_matched|base_plus_binary_histology|LHX1	TCGA-EY-A1GU	442	0.015281655643407152	0.007930113963628499	0.17305251579277808	1.8962086942511043
no_purity|histology_matched|base_plus_binary_histology|LHX1	TCGA-EY-A1GV	443	0.024743990577038001	0.0064761462775605096	0.17745401945063979	1.337750481174556
no_purity|histology_matched|base_plus_binary_histology|LHX1	TCGA-EY-A1GW	444	0.035322534543320919	0.014781209434494213	0.24287684969836032	-1.6840955032631248
no_purity|histology_matched|base_plus_binary_histology|LHX1	TCGA-EY-A1GX	445	0.032277565803596475	0.009911261788051259	0.18756382332863922	-1.4438097572785582
no_purity|histology_matched|base_plus_binary_histology|LHX1	TCGA-EY-A210	447	0.0098169165429929425	0.0094820055612703479	0.12023089534655894	-2.6023565043637582
no_purity|histology_matched|base_plus_binary_histology|LHX1	TCGA-EY-A214	449	0.017544195042271594	0.0033370160719282112	0.10243677394478851	1.1440693102135246
no_purity|histology_matched|base_plus_binary_histology|LHX1	TCGA-EY-A2OQ	455	0.015750214680757189	0.0035014494672941472	0.11440398354633805	-1.2382670848240938
no_purity|histology_matched|base_plus_binary_histology|LHX1	TCGA-EY-A3L3	456	0.016635163146623194	0.0065680013215485954	0.14121559307001619	1.6514284672284276
no_purity|histology_matched|base_plus_binary_histology|LHX1	TCGA-EY-A4KR	458	0.01439309323732663	0.011564834185959747	0.1785309824225203	-2.3652866256622533
no_purity|histology_matched|base_plus_binary_histology|LHX1	TCGA-EY-A547	459	0.017391432514009642	0.0042668840621270963	0.10922442783799108	1.2999511655379672
no_purity|histology_matched|base_plus_binary_histology|LHX1	TCGA-EY-A549	461	0.016574255927717756	0.0023209483702889529	0.096258484533711108	-0.98179275605110128
no_purity|histology_matched|base_plus_binary_histology|LHX1	TCGA-FI-A2CY	466	0.013987709722552373	0.0056207398775646325	0.12145972102915262	-1.6683544124687135
no_purity|histology_matched|base_plus_binary_histology|LHX1	TCGA-FI-A2D0	467	0.021904555535228409	0.0084034500051383288	0.20003454240392132	1.6233481467688988
no_purity|histology_matched|base_plus_binary_histology|LHX1	TCGA-FI-A2D5	470	0.020922882991093322	0.0026179301201022763	0.11263187071876248	-0.92589901108508865
no_purity|histology_matched|base_plus_binary_histology|LHX1	TCGA-FI-A2EU	472	0.017040389613094509	0.0036949349140305374	0.11283029634607605	1.2220672849769572
no_purity|histology_matched|base_plus_binary_histology|LHX1	TCGA-FI-A2EW	473	0.014557637299854752	0.0031589807976758269	0.095638125363963239	1.2240789910704506
no_purity|histology_matched|base_plus_binary_histology|LHX1	TCGA-FI-A2EY	475	0.016491268561766043	0.0050038004579617355	0.12778132956269339	1.446893017855764
no_purity|histology_matched|base_plus_binary_histology|LHX1	TCGA-FI-A2F9	478	0.017631102014238492	0.0097322334712483111	0.15969097689554379	1.9537787114584075
no_purity|histology_matched|base_plus_binary_histology|LHX1	TCGA-K6-A3WQ	483	0.012177126462990255	0.0054917501878623152	0.10657142095164521	-1.7696902068991094
no_purity|histology_matched|base_plus_binary_histology|LHX1	TCGA-KP-A3W0	485	0.024336454718730589	0.0064584978217032034	0.1682440791560022	-1.3473819419565818
no_purity|histology_matched|base_plus_binary_histology|LHX1	TCGA-KP-A3W3	487	0.010831908449969363	0.010413399513685811	0.12138965095539904	-2.5948274115772811
no_purity|histology_matched|base_plus_binary_histology|LHX1	TCGA-PG-A6IB	490	0.029914818321849536	0.019344933157452924	0.25640923633677432	-2.1027041110022746
no_purity|histology_matched|base_plus_binary_histology|LHX1	TCGA-PG-A914	492	0.010038079910271757	0.0058517928639539932	0.1021621765071109	-2.0160761148098061
no_purity|histology_matched|base_plus_binary_histology|LHX1	TCGA-QF-A5YS	496	0.026228131013145507	0.0024741821421174173	0.1139624008732273	-0.80159350466643031
no_purity|histology_matched|base_plus_binary_histology|LHX1	TCGA-SL-A6J9	504	0.018087109103382952	0.0086103318213615766	0.17014599386843571	-1.8130251987367922
no_purity|endometrioid_grade_matched|base_refit|GATA2	TCGA-A5-A0GJ	10	0.02387908417452677	0.0079573198320325566	0.13141737600702694	-1.3987988070423956
no_purity|endometrioid_grade_matched|base_refit|GATA2	TCGA-A5-A0VQ	24	0.015476745671622601	0.0032156230006144143	0.10251031722803267	1.1081878558778187
no_purity|endometrioid_grade_matched|base_refit|GATA2	TCGA-A5-A2K5	27	0.023107647721960278	0.0035844843916240814	0.12832550826082803	-0.95341450871161781
no_purity|endometrioid_grade_matched|base_refit|GATA2	TCGA-A5-A3LO	29	0.020155857761767225	0.0093921871870492144	0.15368002105706138	1.659010690492509
no_purity|endometrioid_grade_matched|base_refit|GATA2	TCGA-AJ-A2QK	32	0.024390210060282771	0.0080301201130617717	0.14261140351577967	-1.3899717592034038
no_purity|endometrioid_grade_matched|base_refit|GATA2	TCGA-AJ-A2QL	33	0.010518425912182158	0.005881177349146679	0.1102412603310927	-1.8276252711982472
no_purity|endometrioid_grade_matched|base_refit|GATA2	TCGA-AJ-A3BK	39	0.018427545758526412	0.0095538012793729785	0.183128720635197	-1.752212030744291
no_purity|endometrioid_grade_matched|base_refit|GATA2	TCGA-AJ-A3EL	40	0.025849870126823365	0.0062505344665477478	0.14629112769386171	-1.1894825268540876
no_purity|endometrioid_grade_matched|base_refit|GATA2	TCGA-AJ-A3EM	41	0.023782689540517807	0.027897797829004721	0.21589629185063272	2.6420377427687387
no_purity|endometrioid_grade_matched|base_refit|GATA2	TCGA-AJ-A3OL	45	0.020205417191987006	0.030074577532057899	0.3276813847528931	2.9892077673051083
no_purity|endometrioid_grade_matched|base_refit|GATA2	TCGA-AJ-A5DW	47	0.023551363362530841	0.0086540609881302685	0.18785895944227438	1.469510307708459
no_purity|endometrioid_grade_matched|base_refit|GATA2	TCGA-AJ-A6NU	48	0.024357684978452653	0.0071973613174890136	0.13501055209092591	1.3164782545506537
no_purity|endometrioid_grade_matched|base_refit|GATA2	TCGA-AP-A051	52	0.023211400458864051	0.0058077166876297987	0.15524189760834631	1.2117106540009048
no_purity|endometrioid_grade_matched|base_refit|GATA2	TCGA-AP-A056	54	0.028186723078734439	0.013794629195929936	0.20540180935156729	-1.6934745526573258
no_purity|endometrioid_grade_matched|base_refit|GATA2	TCGA-AP-A0LF	60	0.019966778297694398	0.0068086119311825443	0.13653278941579158	-1.4179329311189606
no_purity|endometrioid_grade_matched|base_refit|GATA2	TCGA-AP-A0LL	63	0.018070560392157722	0.0080229332314528824	0.16400151980591396	-1.6208270729952317
no_purity|endometrioid_grade_matched|base_refit|GATA2	TCGA-AP-A1E0	77	0.024852589397756902	0.012975583017196771	0.22131636977694627	1.7526075418944358
no_purity|endometrioid_grade_matched|base_refit|GATA2	TCGA-AX-A06F	93	0.024599350234442929	0.0074952112094630241	0.16705307975631284	-1.3367569808119828
no_purity|endometrioid_grade_matched|base_refit|GATA2	TCGA-AX-A2IN	117	0.01816555712950433	0.0034161768339159293	0.11047313435957189	1.0526965392879963
no_purity|endometrioid_grade_matched|base_refit|GATA2	TCGA-AX-A3FT	119	0.012698384468305977	0.007692177173559106	0.13972591468415846	-1.9008989324815906
no_purity|endometrioid_grade_matched|base_refit|GATA2	TCGA-B5-A1MR	161	0.027981277045120607	0.01542893739947588	0.22387703978772003	-1.7986122320092659
no_purity|endometrioid_grade_matched|base_refit|GATA2	TCGA-B5-A3FC	169	0.024801722104281484	0.0075916189435799334	0.16990080190675338	-1.3397017345123055
no_purity|endometrioid_grade_matched|base_refit|GATA2	TCGA-BG-A0LW	173	0.024821242874677574	0.0031879210642696866	0.11417633920447669	0.86659367778641827
no_purity|endometrioid_grade_matched|base_refit|GATA2	TCGA-BG-A0VX	194	0.025781575116197577	0.0068350151057772601	0.16581070942899256	1.2457709074464045
no_purity|endometrioid_grade_matched|base_refit|GATA2	TCGA-BG-A18C	203	0.019021102158133258	0.0084634543605727613	0.14692854938772132	1.6218229694183375
no_purity|endometrioid_grade_matched|base_refit|GATA2	TCGA-BK-A139	209	0.024212279600221619	0.0062083136866337646	0.12472990183972871	-1.2260649949309574
no_purity|endometrioid_grade_matched|base_refit|GATA2	TCGA-BK-A6W3	214	0.023815085502459775	0.0057121803354711551	0.15247076815252272	1.1859100398072886
no_purity|endometrioid_grade_matched|base_refit|GATA2	TCGA-BS-A0TA	217	0.01615847129813823	0.01351676723760098	0.2099975390390641	-2.2339478140393187
no_purity|endometrioid_grade_matched|base_refit|GATA2	TCGA-BS-A0TC	218	0.038631404868301362	0.015309542707704684	0.26308029436605673	1.5145351467867327
no_purity|endometrioid_grade_matched|base_refit|GATA2	TCGA-BS-A0UF	229	0.025072646845672262	0.0081577006598418725	0.17192643196903076	-1.3812446208127513
no_purity|endometrioid_grade_matched|base_refit|GATA2	TCGA-BS-A0UJ	230	0.036450156126603336	0.017803873882523424	0.29308989754940062	-1.6845418450434659
no_purity|endometrioid_grade_matched|base_refit|GATA2	TCGA-BS-A0V4	234	0.026469421036902058	0.0065858328756669901	0.16548799400708972	1.2062766681830681
no_purity|endometrioid_grade_matched|base_refit|GATA2	TCGA-BS-A0V7	236	0.03941369780237039	0.056452566329145082	0.48980256840944625	-2.9014550942747759
no_purity|endometrioid_grade_matched|base_refit|GATA2	TCGA-BS-A0V8	237	0.019690133686280108	0.0052174091809059474	0.11688026081264101	-1.2493524409563366
no_purity|endometrioid_grade_matched|base_refit|GATA2	TCGA-BS-A0WQ	239	0.020630251692627687	0.0049549427535581598	0.13803443927459041	-1.188652708795007
no_purity|endometrioid_grade_matched|base_refit|GATA2	TCGA-D1-A103	250	0.024210776864333157	0.0062755333339336947	0.16718881639909683	1.2327508362419417
no_purity|endometrioid_grade_matched|base_refit|GATA2	TCGA-D1-A16V	268	0.019752027976949995	0.0039889411689099426	0.10464391443593467	1.0901232951321334
no_purity|endometrioid_grade_matched|base_refit|GATA2	TCGA-D1-A16X	269	0.025238624734956729	0.0030152543786314237	0.11235647466680421	0.83556274074242465
no_purity|endometrioid_grade_matched|base_refit|GATA2	TCGA-D1-A16Y	270	0.030561844045385644	0.031913495145223146	0.35417262323637883	2.4814137588447034
no_purity|endometrioid_grade_matched|base_refit|GATA2	TCGA-D1-A17A	274	0.023958611944254291	0.0029980385821962649	0.11181250135023051	0.85574121750896937
no_purity|endometrioid_grade_matched|base_refit|GATA2	TCGA-D1-A17L	281	0.019686391900202806	0.015704722412158801	0.24448017413222836	-2.1769307085589249
no_purity|endometrioid_grade_matched|base_refit|GATA2	TCGA-D1-A17Q	284	0.027369946979664515	0.02133833586739952	0.30025363829711599	2.1432044652834858
no_purity|endometrioid_grade_matched|base_refit|GATA2	TCGA-D1-A17S	286	0.017095072672748006	0.0032917303400812887	0.10342398402852689	-1.0658271068600536
no_purity|endometrioid_grade_matched|base_refit|GATA2	TCGA-D1-A1O8	295	0.023688523678606813	0.023738901749118677	0.30935401584171607	-2.4388071417850727
no_purity|endometrioid_grade_matched|base_refit|GATA2	TCGA-DF-A2KU	304	0.024348520760447249	0.0092902876272368366	0.1882513684905929	-1.4969892468125197
no_purity|endometrioid_grade_matched|base_refit|GATA2	TCGA-DF-A2KV	305	0.023472975754813268	0.0024161622941584531	0.10552475278576778	-0.7761870934507954
no_purity|endometrioid_grade_matched|base_refit|GATA2	TCGA-DF-A2L0	307	0.019612794834120734	0.0052052530515761556	0.11440547724959814	-1.2504078459020136
no_purity|endometrioid_grade_matched|base_refit|GATA2	TCGA-E6-A1M0	314	0.024927765777104767	0.0028449648435183864	0.10361311045135591	-0.81676655206183613
no_purity|endometrioid_grade_matched|base_refit|GATA2	TCGA-EO-A22T	322	0.018658053846398362	0.005017485539367897	0.1357875393426832	1.259315917330105
no_purity|endometrioid_grade_matched|base_refit|GATA2	TCGA-EO-A22X	324	0.026295810956378177	0.004672380372334182	0.1247707710823254	-1.0189129096450835
no_purity|endometrioid_grade_matched|base_refit|GATA2	TCGA-EO-A3AV	328	0.026818272472596657	0.0053696652120760703	0.13360129375060953	1.0815062208007105
no_purity|endometrioid_grade_matched|base_refit|GATA2	TCGA-EO-A3AY	329	0.023222829760218958	0.0037107781376703414	0.12423150567654055	-0.96763467174522444
no_purity|endometrioid_grade_matched|base_refit|GATA2	TCGA-EO-A3B0	330	0.026307472672481912	0.0073867265794973777	0.15684275349607596	-1.2818733631577872
no_purity|endometrioid_grade_matched|base_refit|GATA2	TCGA-EO-A3L0	332	0.01562245472957598	0.0040280840741464732	0.11231685212749942	-1.2349088234251933
no_purity|endometrioid_grade_matched|base_refit|GATA2	TCGA-EY-A1GC	333	0.020284639514846194	0.0077100609867336205	0.14026141952733548	-1.4972305262274832
no_purity|endometrioid_grade_matched|base_refit|GATA2	TCGA-EY-A1GD	334	0.024826071373239795	0.019187615209979417	0.29258214207990235	2.1366227691906987
no_purity|endometrioid_grade_matched|base_refit|GATA2	TCGA-EY-A1GH	337	0.016905080814182426	0.0040140875550187267	0.11749083773897352	-1.1841067751056904
no_purity|endometrioid_grade_matched|base_refit|GATA2	TCGA-EY-A1GI	338	0.023283547255273575	0.0071637822035964345	0.17256973886082683	1.3442290035555211
no_purity|endometrioid_grade_matched|base_refit|GATA2	TCGA-EY-A1GL	340	0.018665405712903239	0.0029428995105024074	0.10345004657199733	0.96341094462263743
no_purity|endometrioid_grade_matched|base_refit|GATA2	TCGA-EY-A1GP	342	0.021920242842078271	0.0073567043867394048	0.13321238078304778	1.4052234293568515
no_purity|endometrioid_grade_matched|base_refit|GATA2	TCGA-EY-A1GR	344	0.021997379965983367	0.0051202262782621809	0.11446750552180159	-1.1692766153105303
no_purity|endometrioid_grade_matched|base_refit|GATA2	TCGA-EY-A1GU	346	0.017357463844459221	0.0053262800277235284	0.13566165672840283	1.3465193536203459
no_purity|endometrioid_grade_matched|base_refit|GATA2	TCGA-EY-A54A	359	0.025910220556279825	0.006416548590276067	0.12501236634023302	1.2037885583265715
no_purity|endometrioid_grade_matched|base_refit|GATA2	TCGA-FI-A2D5	365	0.023219236913815985	0.0030682929056160416	0.11280699025705279	-0.87976706182586473
no_purity|endometrioid_grade_matched|base_refit|GATA2	TCGA-FI-A2D6	366	0.014247462898839294	0.0035285086255315654	0.10254760883867745	-1.2110342467573703
no_purity|endometrioid_grade_matched|base_refit|GATA2	TCGA-QS-A5YQ	374	0.029461857047230099	0.0049378515746272356	0.15332858371913186	-0.98788625164911714
no_purity|endometrioid_grade_matched|base_refit|GATA2	TCGA-SL-A6J9	379	0.022827140380127439	0.0099107800835683511	0.16087885065826543	-1.5987799620006395
no_purity|endometrioid_grade_matched|base_plus_binary_grade|GATA2	TCGA-A5-A0GJ	10	0.029915631424862622	0.012368883145491777	0.17251081613110036	-1.6796733251646894
no_purity|endometrioid_grade_matched|base_plus_binary_grade|GATA2	TCGA-A5-A0VQ	24	0.021754343776600071	0.0061022428502975042	0.15352778298972189	1.3876548965673294
no_purity|endometrioid_grade_matched|base_plus_binary_grade|GATA2	TCGA-A5-A2K5	27	0.025518262617132248	0.0024248722311894389	0.10805217860476027	-0.80472972327205994
no_purity|endometrioid_grade_matched|base_plus_binary_grade|GATA2	TCGA-A5-A3LO	29	0.020283880500105798	0.0086831213503956051	0.15570942668401494	1.7178745080732503
no_purity|endometrioid_grade_matched|base_plus_binary_grade|GATA2	TCGA-AJ-A2QK	32	0.025029647644070899	0.0064197362967048002	0.13105192359841961	-1.3243820370534842
no_purity|endometrioid_grade_matched|base_plus_binary_grade|GATA2	TCGA-AJ-A2QL	33	0.017624111746245463	0.006359219629770891	0.13396776571850738	-1.578338731946858
no_purity|endometrioid_grade_matched|base_plus_binary_grade|GATA2	TCGA-AJ-A3BK	39	0.023539752000429223	0.0081561976053091297	0.14107174316485055	-1.5417617870690539
no_purity|endometrioid_grade_matched|base_plus_binary_grade|GATA2	TCGA-AJ-A3EL	40	0.02706753138871008	0.0047187717903324653	0.13375062135433061	-1.0899073938604833
no_purity|endometrioid_grade_matched|base_plus_binary_grade|GATA2	TCGA-AJ-A3EM	41	0.023811716369955577	0.024883145846807623	0.21687741557351159	2.6944976536595466
no_purity|endometrioid_grade_matched|base_plus_binary_grade|GATA2	TCGA-AJ-A3OL	45	0.022404218962707112	0.032550637715697772	0.35293946837609785	3.1916321691450547
no_purity|endometrioid_grade_matched|base_plus_binary_grade|GATA2	TCGA-AJ-A5DV	46	0.01690205645591028	0.0044627204434961503	0.11154390595013949	1.3494401601801449
no_purity|endometrioid_grade_matched|base_plus_binary_grade|GATA2	TCGA-AJ-A5DW	47	0.030158341394327243	0.0066396287984474226	0.1581284463293624	1.2233641818030037
no_purity|endometrioid_grade_matched|base_plus_binary_grade|GATA2	TCGA-AJ-A6NU	48	0.033178034816219323	0.0051746155462597974	0.11671426973735761	1.0274680392322646
no_purity|endometrioid_grade_matched|base_plus_binary_grade|GATA2	TCGA-AP-A051	52	0.024918588554711428	0.0067865068011534139	0.174323221683819	1.3649963657672894
no_purity|endometrioid_grade_matched|base_plus_binary_grade|GATA2	TCGA-AP-A056	54	0.029626763831907099	0.010981088793276703	0.19241249227052118	-1.5899532384505326
no_purity|endometrioid_grade_matched|base_plus_binary_grade|GATA2	TCGA-AP-A0LF	60	0.020497717886111207	0.005518657193102061	0.12642971393057117	-1.3602187859892434
no_purity|endometrioid_grade_matched|base_plus_binary_grade|GATA2	TCGA-AP-A0LL	63	0.018087669852172611	0.0069427245866059487	0.16074152684138643	-1.6278518331705705
no_purity|endometrioid_grade_matched|base_plus_binary_grade|GATA2	TCGA-AP-A0LS	68	0.016572850871559852	0.0053602663881527441	0.12167673870934752	-1.4946169842224368
no_purity|endometrioid_grade_matched|base_plus_binary_grade|GATA2	TCGA-AP-A1E0	77	0.032266055642152819	0.010605161434553652	0.19104927341058084	1.4946101219415004
no_purity|endometrioid_grade_matched|base_plus_binary_grade|GATA2	TCGA-AX-A06F	93	0.026100830857699181	0.0057516325948300138	0.15292822337396428	-1.2264985016617915
no_purity|endometrioid_grade_matched|base_plus_binary_grade|GATA2	TCGA-AX-A2IN	117	0.01926495101983066	0.0038765735096293087	0.10998410775233072	1.1759452322374444
no_purity|endometrioid_grade_matched|base_plus_binary_grade|GATA2	TCGA-AX-A3FT	119	0.014954453887315998	0.0067557146051512749	0.12841026661263999	-1.7699553594677031
no_purity|endometrioid_grade_matched|base_plus_binary_grade|GATA2	TCGA-AX-A3GB	127	0.050816730147579599	0.0030029891853746112	0.11900104448549832	0.62610084208647387
no_purity|endometrioid_grade_matched|base_plus_binary_grade|GATA2	TCGA-B5-A11R	153	0.016504880953631635	0.0044149741378840977	0.11472371478149478	1.3585745923272743
no_purity|endometrioid_grade_matched|base_plus_binary_grade|GATA2	TCGA-B5-A1MR	161	0.030147940870792797	0.012301411480857682	0.20716624002537345	-1.6683354319388737
no_purity|endometrioid_grade_matched|base_plus_binary_grade|GATA2	TCGA-B5-A3F9	166	0.022566832194904542	0.0047722325978030418	0.1067938578655289	1.2035894665267517
no_purity|endometrioid_grade_matched|base_plus_binary_grade|GATA2	TCGA-B5-A3FC	169	0.02688315922829182	0.0057432128609768958	0.15271011059585285	-1.2070743202710672
no_purity|endometrioid_grade_matched|base_plus_binary_grade|GATA2	TCGA-B5-A3FH	171	0.017047852927267251	0.0051617723788760801	0.14301207735422961	1.4454776642238585
no_purity|endometrioid_grade_matched|base_plus_binary_grade|GATA2	TCGA-BG-A0LW	173	0.024973631990694207	0.0030875161667782806	0.11969823775248854	0.91839614978602901
no_purity|endometrioid_grade_matched|base_plus_binary_grade|GATA2	TCGA-BG-A0MA	181	0.016119504620088598	0.0040590187577720788	0.11482948166076909	1.3182043789444524
no_purity|endometrioid_grade_matched|base_plus_binary_grade|GATA2	TCGA-BG-A0MG	183	0.01844439307259842	0.0031908134002271681	0.1102570170565064	-1.0905230258221621
no_purity|endometrioid_grade_matched|base_plus_binary_grade|GATA2	TCGA-BG-A0MK	185	0.035581957597520669	0.0041380640722845788	0.12607153043066904	0.88580944124847671
no_purity|endometrioid_grade_matched|base_plus_binary_grade|GATA2	TCGA-BG-A0VX	194	0.029586619832054913	0.0048894595211301708	0.15006324737063559	1.0596965923978008
no_purity|endometrioid_grade_matched|base_plus_binary_grade|GATA2	TCGA-BG-A18B	202	0.011060015813149018	0.0043915176214447248	0.10297739228717623	-1.6618195036313299
no_purity|endometrioid_grade_matched|base_plus_binary_grade|GATA2	TCGA-BG-A18C	203	0.030049718668675653	0.0074961544072341671	0.13877415591102316	1.3026479410897676
no_purity|endometrioid_grade_matched|base_plus_binary_grade|GATA2	TCGA-BG-A3EW	206	0.010897150195384828	0.007776139022060871	0.10978927061653385	2.2346094929467624
no_purity|endometrioid_grade_matched|base_plus_binary_grade|GATA2	TCGA-BK-A0C9	207	0.012025141483113122	0.0042794017124892	0.10341274635095822	-1.5718847210069042
no_purity|endometrioid_grade_matched|base_plus_binary_grade|GATA2	TCGA-BK-A139	209	0.024360823425575648	0.0051429798773753137	0.11966854652135062	-1.2014686094803739
no_purity|endometrioid_grade_matched|base_plus_binary_grade|GATA2	TCGA-BK-A13B	210	0.015777565980843851	0.0079299504253654458	0.14552394217872258	1.8670216990126718
no_purity|endometrioid_grade_matched|base_plus_binary_grade|GATA2	TCGA-BK-A6W3	214	0.029100818172681731	0.0039763920058244013	0.12505230465172512	0.96357728940061094
no_purity|endometrioid_grade_matched|base_plus_binary_grade|GATA2	TCGA-BS-A0TA	217	0.018337530942465118	0.011764521845190497	0.19637865946532954	-2.1093093094330269
no_purity|endometrioid_grade_matched|base_plus_binary_grade|GATA2	TCGA-BS-A0TC	218	0.040412369764860942	0.011665243923192584	0.24898164437726	1.3942106452303717
no_purity|endometrioid_grade_matched|base_plus_binary_grade|GATA2	TCGA-BS-A0UF	229	0.026622407505953863	0.0062865929568997683	0.15765526723740386	-1.2694877330132137
no_purity|endometrioid_grade_matched|base_plus_binary_grade|GATA2	TCGA-BS-A0UJ	230	0.036805389473268411	0.01699563801627222	0.28774049979181987	-1.7695096175046352
no_purity|endometrioid_grade_matched|base_plus_binary_grade|GATA2	TCGA-BS-A0V4	234	0.027352082505854292	0.0050703703341015895	0.13974987559797589	1.1238391229935003
no_purity|endometrioid_grade_matched|base_plus_binary_grade|GATA2	TCGA-BS-A0V7	236	0.040119569078633621	0.047567725460428256	0.48437782576399113	-2.8492443194553569
no_purity|endometrioid_grade_matched|base_plus_binary_grade|GATA2	TCGA-BS-A0V8	237	0.027589998550289856	0.0098946226460290988	0.16235913473794658	-1.5654461050960875
no_purity|endometrioid_grade_matched|base_plus_binary_grade|GATA2	TCGA-BS-A0WQ	239	0.020637380631084591	0.0042937494501491839	0.13530699752426448	-1.1949787630589064
no_purity|endometrioid_grade_matched|base_plus_binary_grade|GATA2	TCGA-D1-A103	250	0.028138960645967673	0.0045025070176630752	0.15050274488748763	1.0434600739688178
no_purity|endometrioid_grade_matched|base_plus_binary_grade|GATA2	TCGA-D1-A168	258	0.01655828409417829	0.0037908910798126715	0.12222977157239705	-1.2563826839292829
no_purity|endometrioid_grade_matched|base_plus_binary_grade|GATA2	TCGA-D1-A16V	268	0.020240749192871044	0.0040854139877802972	0.10914046175977253	1.1771648489709949
no_purity|endometrioid_grade_matched|base_plus_binary_grade|GATA2	TCGA-D1-A16Y	270	0.034983945586475551	0.026954969739162723	0.34662325840678876	2.2943680967577804
no_purity|endometrioid_grade_matched|base_plus_binary_grade|GATA2	TCGA-D1-A17A	274	0.032077197464522804	0.0064618934524089061	0.17615601666770483	1.168862986225542
no_purity|endometrioid_grade_matched|base_plus_binary_grade|GATA2	TCGA-D1-A17L	281	0.019759546566494854	0.013505516707006771	0.24061367826262184	-2.1764128302883674
no_purity|endometrioid_grade_matched|base_plus_binary_grade|GATA2	TCGA-D1-A17Q	284	0.032023726033521605	0.017783903808555216	0.28529960127003506	1.9470334826837572
no_purity|endometrioid_grade_matched|base_plus_binary_grade|GATA2	TCGA-D1-A1O8	295	0.028975838064148718	0.021016188685072514	0.23531569878262346	-2.2321483379694715
no_purity|endometrioid_grade_matched|base_plus_binary_grade|GATA2	TCGA-D1-A3DA	298	0.0183728243994279	0.0079141895949608101	0.17593229288386761	1.7249700287115726
no_purity|endometrioid_grade_matched|base_plus_binary_grade|GATA2	TCGA-DF-A2KU	304	0.026049754109033908	0.0072650694998812413	0.17321669249033753	-1.3805777496883502
no_purity|endometrioid_grade_matched|base_plus_binary_grade|GATA2	TCGA-EO-A22T	322	0.019608240764467502	0.0054107301099340192	0.13349621600137918	1.3777752546947184
no_purity|endometrioid_grade_matched|base_plus_binary_grade|GATA2	TCGA-EO-A22X	324	0.027435799792859115	0.003418928589248733	0.11251928965157315	-0.92088650842192521
no_purity|endometrioid_grade_matched|base_plus_binary_grade|GATA2	TCGA-EO-A22Y	325	0.016144668212708168	0.003485817284858893	0.10834187107695134	1.2202142036511863
no_purity|endometrioid_grade_matched|base_plus_binary_grade|GATA2	TCGA-EO-A3AV	328	0.028516498944832207	0.0063633771506324691	0.15178522147515083	1.232718562683663
no_purity|endometrioid_grade_matched|base_plus_binary_grade|GATA2	TCGA-EO-A3AY	329	0.025076503191422395	0.0025874866447169157	0.10743303533623533	-0.83881793554821593
no_purity|endometrioid_grade_matched|base_plus_binary_grade|GATA2	TCGA-EO-A3B0	330	0.027373179606011329	0.0056944576569653354	0.145391239757583	-1.1907709252725101
no_purity|endometrioid_grade_matched|base_plus_binary_grade|GATA2	TCGA-EY-A1GC	333	0.021352213958165767	0.0061716609679853757	0.12575777524798523	-1.4090069123992541
no_purity|endometrioid_grade_matched|base_plus_binary_grade|GATA2	TCGA-EY-A1GD	334	0.029753681952178399	0.016272099166496301	0.27316338978655985	1.9343160262912165
no_purity|endometrioid_grade_matched|base_plus_binary_grade|GATA2	TCGA-EY-A1GH	337	0.019372379392912566	0.0052434378941531787	0.1487868529050756	-1.3646387786959269
no_purity|endometrioid_grade_matched|base_plus_binary_grade|GATA2	TCGA-EY-A1GI	338	0.029653100495914759	0.0052905888069585683	0.14288348914014298	1.1011661784366542
no_purity|endometrioid_grade_matched|base_plus_binary_grade|GATA2	TCGA-EY-A1GL	340	0.018706690795991875	0.0027060891456672279	0.10490134695152695	0.9968213227408711
no_purity|endometrioid_grade_matched|base_plus_binary_grade|GATA2	TCGA-EY-A1GP	342	0.028826900570038609	0.0056280121031674745	0.12037047430614407	1.1525677769898524
no_purity|endometrioid_grade_matched|base_plus_binary_grade|GATA2	TCGA-EY-A1GR	344	0.022127761551396757	0.0042459307569457866	0.10993350049786162	-1.1465430083608827
no_purity|endometrioid_grade_matched|base_plus_binary_grade|GATA2	TCGA-EY-A1GU	346	0.018865102006860646	0.004194398597076569	0.10737512113802335	1.236589818567968
no_purity|endometrioid_grade_matched|base_plus_binary_grade|GATA2	TCGA-EY-A54A	359	0.026053388422945155	0.0060461136899586749	0.12802541610258486	1.2588147109794443
no_purity|endometrioid_grade_matched|base_plus_binary_grade|GATA2	TCGA-QF-A5YS	372	0.033222533224033013	0.002125524315494088	0.1057005999598216	-0.65750504953077915
no_purity|endometrioid_grade_matched|base_plus_binary_grade|GATA2	TCGA-QS-A5YQ	374	0.032027501892376936	0.0064610907992666989	0.18897513502693805	-1.1697300118218492
no_purity|endometrioid_grade_matched|base_plus_binary_grade|GATA2	TCGA-SL-A6J9	379	0.023103572260782978	0.0082351733022757827	0.15328783703967533	-1.5642585867967096
no_purity|endometrioid_grade_matched|base_refit|SOX9	TCGA-A5-A0GJ	10	0.02387908417452677	0.0063896476081916872	0.11776272267142694	1.2528140173663296
no_purity|endometrioid_grade_matched|base_refit|SOX9	TCGA-A5-A0GN	12	0.034058100791167618	0.006801473980042382	0.11281464875970616	1.076053448942486
no_purity|endometrioid_grade_matched|base_refit|SOX9	TCGA-A5-A0GP	13	0.024465865230424891	0.016464300521297326	0.25967681124589004	1.992513663317292
no_purity|endometrioid_grade_matched|base_refit|SOX9	TCGA-A5-A0GW	17	0.019014628041408951	0.004302032737276338	0.1233756974804643	1.1544961532439673
no_purity|endometrioid_grade_matched|base_refit|SOX9	TCGA-A5-A0VQ	24	0.015476745671622601	0.0037622535355474368	0.11088148757984477	1.1990190871965103
no_purity|endometrioid_grade_matched|base_refit|SOX9	TCGA-AJ-A3BK	39	0.018427545758526412	0.0060509241118514023	0.14574015016236502	-1.3923768751365435
no_purity|endometrioid_grade_matched|base_refit|SOX9	TCGA-AJ-A3IA	43	0.029909037811457741	0.0079944136199636244	0.13707156276410717	-1.2482364782315627
no_purity|endometrioid_grade_matched|base_refit|SOX9	TCGA-AJ-A3OL	45	0.020205417191987006	0.015560790422240131	0.23570447574630532	2.1378775170279689
no_purity|endometrioid_grade_matched|base_refit|SOX9	TCGA-AJ-A8CT	49	0.039066157537512296	0.015550271121179737	0.2566774305124277	-1.5175541378741164
no_purity|endometrioid_grade_matched|base_refit|SOX9	TCGA-AP-A054	53	0.019199522697918178	0.016588844795232659	0.17437610020895603	2.2673231181749851
no_purity|endometrioid_grade_matched|base_refit|SOX9	TCGA-AP-A0LM	64	0.032589556323663012	0.0080631436133140819	0.16153850880297596	-1.1990777423217827
no_purity|endometrioid_grade_matched|base_refit|SOX9	TCGA-AP-A1E0	77	0.024852589397756902	0.018246775141665745	0.26244793362318558	2.0818047736237344
no_purity|endometrioid_grade_matched|base_refit|SOX9	TCGA-AX-A05Y	86	0.012270333927815368	0.0075837072233294394	0.13732537496279715	1.9206969234240243
no_purity|endometrioid_grade_matched|base_refit|SOX9	TCGA-AX-A06B	92	0.024617268395326148	0.0059328352499551495	0.12269199807466334	1.1882636029475466
no_purity|endometrioid_grade_matched|base_refit|SOX9	TCGA-AX-A06H	94	0.018346692193018044	0.0035345563386013747	0.11399317820903829	-1.0654215807168752
no_purity|endometrioid_grade_matched|base_refit|SOX9	TCGA-AX-A1CN	108	0.019483760885488557	0.0034003647320074945	0.10939480131123747	-1.0133160002867143
no_purity|endometrioid_grade_matched|base_refit|SOX9	TCGA-AX-A2HK	116	0.021186748206559379	0.01781915086097853	0.17707983550673889	2.2342731639807472
no_purity|endometrioid_grade_matched|base_refit|SOX9	TCGA-AX-A2IN	117	0.01816555712950433	0.0041992787268148816	0.12248244729955242	-1.1675296435916389
no_purity|endometrioid_grade_matched|base_refit|SOX9	TCGA-AX-A3FX	122	0.018981065879405283	0.0056807736125269364	0.12495241325394035	1.328618893090473
no_purity|endometrioid_grade_matched|base_refit|SOX9	TCGA-AX-A3FZ	123	0.02387812338146687	0.028321339704561143	0.21136157515150647	2.6568363285997352
no_purity|endometrioid_grade_matched|base_refit|SOX9	TCGA-B5-A0JU	131	0.015460537355560328	0.010638233612548734	0.17920694498026746	2.0244235549473237
no_purity|endometrioid_grade_matched|base_refit|SOX9	TCGA-B5-A11E	143	0.024118829185986297	0.015942805095309442	0.261795452270214	1.974928425573119
no_purity|endometrioid_grade_matched|base_refit|SOX9	TCGA-B5-A11N	149	0.045542097851973648	0.0046491750028583977	0.13026904522262042	0.76417777730190906
no_purity|endometrioid_grade_matched|base_refit|SOX9	TCGA-B5-A11U	155	0.014658834363709149	0.0053922884678153761	0.12640270452536542	1.4770286768600744
no_purity|endometrioid_grade_matched|base_refit|SOX9	TCGA-B5-A11Z	159	0.020696064592570756	0.0033756651036869673	0.11236859430037921	0.97891730603542115
no_purity|endometrioid_grade_matched|base_refit|SOX9	TCGA-B5-A1MR	161	0.027981277045120607	0.0034926763887419515	0.10651744030746452	-0.85290461945420182
no_purity|endometrioid_grade_matched|base_refit|SOX9	TCGA-B5-A3F9	166	0.021266102891944482	0.0067740319752137819	0.12807039387806093	1.3692843916783592
no_purity|endometrioid_grade_matched|base_refit|SOX9	TCGA-B5-A3FC	169	0.024801722104281484	0.010911176573047207	0.20368733228873653	1.6078030715287097
no_purity|endometrioid_grade_matched|base_refit|SOX9	TCGA-BG-A0LW	173	0.024821242874677574	0.0091024056314042631	0.19293029446066545	-1.4670681626067554
no_purity|endometrioid_grade_matched|base_refit|SOX9	TCGA-BG-A0M0	175	0.017027423684133326	0.0096296945378867866	0.18141952321081561	1.832054335165312
no_purity|endometrioid_grade_matched|base_refit|SOX9	TCGA-BG-A0VX	194	0.025781575116197577	0.014259646763890294	0.23949542508662061	1.803448906385495
no_purity|endometrioid_grade_matched|base_refit|SOX9	TCGA-BS-A0TA	217	0.01615847129813823	0.0033851895685381586	0.10509190985781905	-1.1124154870808447
no_purity|endometrioid_grade_matched|base_refit|SOX9	TCGA-BS-A0TI	222	0.023308299427438534	0.0060066476916960255	0.12502267872671138	1.2297351290145195
no_purity|endometrioid_grade_matched|base_refit|SOX9	TCGA-BS-A0U7	225	0.013976495718889079	0.0055720163042105872	0.12204297386188655	-1.5385674655924595
no_purity|endometrioid_grade_matched|base_refit|SOX9	TCGA-BS-A0UJ	230	0.036450156126603336	0.007094275765514392	0.18501103281321862	-1.0609374146722188
no_purity|endometrioid_grade_matched|base_refit|SOX9	TCGA-BS-A0UL	231	0.018001667102440999	0.0038633134418955663	0.11196176198092234	1.124885241038758
no_purity|endometrioid_grade_matched|base_refit|SOX9	TCGA-BS-A0WQ	239	0.020630251692627687	0.0055655196166591011	0.14629214025102091	-1.2600553800968686
no_purity|endometrioid_grade_matched|base_refit|SOX9	TCGA-D1-A169	259	0.027147120704871398	0.0061137968901495542	0.11792483846193789	-1.1470320364189666
no_purity|endometrioid_grade_matched|base_refit|SOX9	TCGA-D1-A16J	263	0.015741112291468247	0.0057728715019936937	0.13324863309300758	-1.4739625875972437
no_purity|endometrioid_grade_matched|base_refit|SOX9	TCGA-D1-A16V	268	0.019752027976949995	0.0067590856009039826	0.13621631733361336	1.4205956008666831
no_purity|endometrioid_grade_matched|base_refit|SOX9	TCGA-D1-A17A	274	0.023958611944254291	0.0048839782505194305	0.14271138305096051	-1.0928947179060511
no_purity|endometrioid_grade_matched|base_refit|SOX9	TCGA-D1-A17L	281	0.019686391900202806	0.0073945897092296464	0.16775889429808841	-1.4887967541787122
no_purity|endometrioid_grade_matched|base_refit|SOX9	TCGA-D1-A1O0	292	0.020364522871455258	0.013665881643981649	0.1638782002053015	1.9939115167203532
no_purity|endometrioid_grade_matched|base_refit|SOX9	TCGA-D1-A1O8	295	0.023688523678606813	0.010955873039850635	0.21015945913130243	-1.6497532656931571
no_purity|endometrioid_grade_matched|base_refit|SOX9	TCGA-EO-A22T	322	0.018658053846398362	0.0045733815138994331	0.12963896933275892	1.2020675142640991
no_purity|endometrioid_grade_matched|base_refit|SOX9	TCGA-EO-A3AS	326	0.021355405985730824	0.0082325084841478463	0.13872143922863214	1.5070761742329717
no_purity|endometrioid_grade_matched|base_refit|SOX9	TCGA-EO-A3AV	328	0.026818272472596657	0.0035292203881343263	0.1083119684880476	-0.87631887766096694
no_purity|endometrioid_grade_matched|base_refit|SOX9	TCGA-EO-A3B0	330	0.026307472672481912	0.014040443120133762	0.21623642536737545	1.7708044450608647
no_purity|endometrioid_grade_matched|base_refit|SOX9	TCGA-EY-A1GE	335	0.040275299113623056	0.025910722328873103	0.35265547797307667	-1.9317251665528665
no_purity|endometrioid_grade_matched|base_refit|SOX9	TCGA-EY-A1GH	337	0.016905080814182426	0.00361342532300032	0.11147311104694968	-1.1232482392340453
no_purity|endometrioid_grade_matched|base_refit|SOX9	TCGA-EY-A1GP	342	0.021920242842078271	0.0092531249512576696	0.14939881436184343	1.5770435630404058
no_purity|endometrioid_grade_matched|base_refit|SOX9	TCGA-EY-A1H0	349	0.015159191001262555	0.0083855864623084975	0.16377402790625528	1.8134625264271369
no_purity|endometrioid_grade_matched|base_refit|SOX9	TCGA-EY-A214	350	0.022007228884830199	0.0050609432248792012	0.11355915528013086	-1.1621962808948754
no_purity|endometrioid_grade_matched|base_refit|SOX9	TCGA-FI-A2CX	362	0.023186038194353747	0.01853214365710918	0.27571272642388411	-2.1751086697372561
no_purity|endometrioid_grade_matched|base_refit|SOX9	TCGA-FI-A2D0	363	0.024162252460980707	0.013084508515631756	0.2326949205481916	1.7858229502607705
no_purity|endometrioid_grade_matched|base_refit|SOX9	TCGA-FI-A2F9	368	0.024316469316866526	0.016065224098699149	0.15356929502942812	1.9742158746538578
no_purity|endometrioid_grade_matched|base_refit|SOX9	TCGA-SL-A6J9	379	0.022827140380127439	0.0062096855596082889	0.12734439659134161	-1.2639097590162645
no_purity|endometrioid_grade_matched|base_plus_binary_grade|SOX9	TCGA-A5-A0GJ	10	0.029915631424862622	0.0053185960209714183	0.11312265477916914	1.0990662971985947
no_purity|endometrioid_grade_matched|base_plus_binary_grade|SOX9	TCGA-A5-A0GP	13	0.031171977675290192	0.015373171874860137	0.24172016183591644	1.8345991062755151
no_purity|endometrioid_grade_matched|base_plus_binary_grade|SOX9	TCGA-A5-A0GW	17	0.020932733749155316	0.0047816656856218978	0.13262989334303105	1.2521645412179661
no_purity|endometrioid_grade_matched|base_plus_binary_grade|SOX9	TCGA-A5-A0VQ	24	0.021754343776600071	0.0059823581685211598	0.15201219862410306	1.3738866774294456
no_purity|endometrioid_grade_matched|base_plus_binary_grade|SOX9	TCGA-AJ-A2QN	34	0.016830702955300533	0.0032892463260181968	0.10368915719697318	1.1602756598157844
no_purity|endometrioid_grade_matched|base_plus_binary_grade|SOX9	TCGA-AJ-A3BK	39	0.023539752000429223	0.0053924225748229219	0.11470652477071312	-1.2522670588234359
no_purity|endometrioid_grade_matched|base_plus_binary_grade|SOX9	TCGA-AJ-A3IA	43	0.030163039781797948	0.0066078914896518896	0.13356145600822505	-1.2203267449766213
no_purity|endometrioid_grade_matched|base_plus_binary_grade|SOX9	TCGA-AJ-A3OL	45	0.022404218962707112	0.016383105008933287	0.25039092463346241	2.24908315637802
no_purity|endometrioid_grade_matched|base_plus_binary_grade|SOX9	TCGA-AJ-A6NU	48	0.033178034816219323	0.0060627578715439015	0.12633393531687395	-1.1124228440276172
no_purity|endometrioid_grade_matched|base_plus_binary_grade|SOX9	TCGA-AJ-A8CT	49	0.039352608240024026	0.014191114718916762	0.24725468548510779	-1.5602121985726287
no_purity|endometrioid_grade_matched|base_plus_binary_grade|SOX9	TCGA-AP-A054	53	0.020055892968788545	0.015824816182909953	0.15524600158555663	2.3403569929806758
no_purity|endometrioid_grade_matched|base_plus_binary_grade|SOX9	TCGA-AP-A0LM	64	0.036519673923636968	0.0062517867402721748	0.1407816255780284	-1.0747292723873458
no_purity|endometrioid_grade_matched|base_plus_binary_grade|SOX9	TCGA-AP-A1E0	77	0.032266055642152819	0.017363760306980291	0.24446046835207461	1.9161148497198743
no_purity|endometrioid_grade_matched|base_plus_binary_grade|SOX9	TCGA-AX-A05Y	86	0.016803876045207587	0.0077944404727896465	0.12575347346338842	1.7919955359741373
no_purity|endometrioid_grade_matched|base_plus_binary_grade|SOX9	TCGA-AX-A05Z	87	0.030346826034410215	0.0028119840379277851	0.10547845984387011	-0.79266761165839716
no_purity|endometrioid_grade_matched|base_plus_binary_grade|SOX9	TCGA-AX-A06B	92	0.02510972973656251	0.0056512140959166937	0.12391877516249492	1.2401920296224456
no_purity|endometrioid_grade_matched|base_plus_binary_grade|SOX9	TCGA-AX-A06H	94	0.022672639653539568	0.004845371284479723	0.13144755023593793	-1.2099033902741796
no_purity|endometrioid_grade_matched|base_plus_binary_grade|SOX9	TCGA-AX-A06J	95	0.025074408658817965	0.0047661470404881685	0.12613281767126042	-1.1393999885200874
no_purity|endometrioid_grade_matched|base_plus_binary_grade|SOX9	TCGA-AX-A2HA	110	0.016754020386065202	0.0051496160108352061	0.12354262175316373	1.4566606846579342
no_purity|endometrioid_grade_matched|base_plus_binary_grade|SOX9	TCGA-AX-A2HK	116	0.02143204392332344	0.016050275292999797	0.17504016529883543	2.2775695357817614
no_purity|endometrioid_grade_matched|base_plus_binary_grade|SOX9	TCGA-AX-A2IN	117	0.01926495101983066	0.0034185047855702171	0.10328185278577409	-1.1040432174426604
no_purity|endometrioid_grade_matched|base_plus_binary_grade|SOX9	TCGA-AX-A3FX	122	0.019490822412072634	0.0054101577602110778	0.12539374809316894	1.381949970659351
no_purity|endometrioid_grade_matched|base_plus_binary_grade|SOX9	TCGA-AX-A3FZ	123	0.023934497967942479	0.024836738750228776	0.20969750898831932	2.6847155391305297
no_purity|endometrioid_grade_matched|base_plus_binary_grade|SOX9	TCGA-AX-A3GB	127	0.050816730147579599	0.0033646299629086622	0.12596286883095983	0.66277106849772804
no_purity|endometrioid_grade_matched|base_plus_binary_grade|SOX9	TCGA-B5-A0JU	131	0.020454075988697265	0.010576442316366239	0.16474902851222578	1.889419067829025
no_purity|endometrioid_grade_matched|base_plus_binary_grade|SOX9	TCGA-B5-A0JV	132	0.014394671179983148	0.0045753988245537079	0.1026081422990088	1.4832342646626571
no_purity|endometrioid_grade_matched|base_plus_binary_grade|SOX9	TCGA-B5-A11E	143	0.02584151741364131	0.016146023192766777	0.27397863912102155	2.0732142433246223
no_purity|endometrioid_grade_matched|base_plus_binary_grade|SOX9	TCGA-B5-A11N	149	0.046718429069811614	0.0033919561377782131	0.12104401417775096	0.69556978825128635
no_purity|endometrioid_grade_matched|base_plus_binary_grade|SOX9	TCGA-B5-A11U	155	0.01682319002755947	0.0060967658404258969	0.13382437250152301	1.5824572893655757
no_purity|endometrioid_grade_matched|base_plus_binary_grade|SOX9	TCGA-B5-A11Z	159	0.020731204027755301	0.0029973806200451008	0.11223649629152566	0.99552800423595611
no_purity|endometrioid_grade_matched|base_plus_binary_grade|SOX9	TCGA-B5-A3F9	166	0.022566832194904542	0.0069307617058961303	0.12869923265910943	1.4517433542398284
no_purity|endometrioid_grade_matched|base_plus_binary_grade|SOX9	TCGA-B5-A3FC	169	0.02688315922829182	0.011516697006232835	0.21624909857221516	1.7126747856842852
no_purity|endometrioid_grade_matched|base_plus_binary_grade|SOX9	TCGA-BG-A0LW	173	0.024973631990694207	0.0076455411965189535	0.18835938024017718	-1.4476236006055121
no_purity|endometrioid_grade_matched|base_plus_binary_grade|SOX9	TCGA-BG-A0M0	175	0.020473252103295245	0.0087853258391490455	0.16837332457777923	1.7197937848475104
no_purity|endometrioid_grade_matched|base_plus_binary_grade|SOX9	TCGA-BG-A0MG	183	0.01844439307259842	0.0032134632867627214	0.11064765300203352	-1.0943990871159135
no_purity|endometrioid_grade_matched|base_plus_binary_grade|SOX9	TCGA-BG-A0MK	185	0.035581957597520669	0.0035327993228205061	0.11648711885780921	0.81834112889602362
no_purity|endometrioid_grade_matched|base_plus_binary_grade|SOX9	TCGA-BG-A0VX	194	0.029586619832054913	0.012299266322475147	0.23800359423231066	1.6845492335211141
no_purity|endometrioid_grade_matched|base_plus_binary_grade|SOX9	TCGA-BS-A0T9	216	0.028087443276624331	0.0072912637573750239	0.1613532849592785	1.3303146468407507
no_purity|endometrioid_grade_matched|base_plus_binary_grade|SOX9	TCGA-BS-A0TC	218	0.040412369764860942	0.0024054126145567588	0.11306162177151455	-0.63180032875491454
no_purity|endometrioid_grade_matched|base_plus_binary_grade|SOX9	TCGA-BS-A0TI	222	0.023779936448187398	0.0056991327254104496	0.12603412275879114	1.2808359541624676
no_purity|endometrioid_grade_matched|base_plus_binary_grade|SOX9	TCGA-BS-A0U7	225	0.015258587878974472	0.0057926505405767482	0.13903174785701058	-1.6211938501321428
no_purity|endometrioid_grade_matched|base_plus_binary_grade|SOX9	TCGA-BS-A0UJ	230	0.036805389473268411	0.0066661311488566679	0.18020597399148014	-1.1053913268766913
no_purity|endometrioid_grade_matched|base_plus_binary_grade|SOX9	TCGA-BS-A0WQ	239	0.020637380631084591	0.0047711809845227271	0.14263130414005293	-1.2599323839017162
no_purity|endometrioid_grade_matched|base_plus_binary_grade|SOX9	TCGA-D1-A168	258	0.01655828409417829	0.0032341999677375647	0.1128989183619331	-1.1601117308168587
no_purity|endometrioid_grade_matched|base_plus_binary_grade|SOX9	TCGA-D1-A169	259	0.034159600532880682	0.0089520181213027621	0.14974333960451547	-1.3324642344431132
no_purity|endometrioid_grade_matched|base_plus_binary_grade|SOX9	TCGA-D1-A16J	263	0.017786315414851803	0.0064048332970739934	0.15588305219012286	-1.576608367485669
no_purity|endometrioid_grade_matched|base_plus_binary_grade|SOX9	TCGA-D1-A16V	268	0.020240749192871044	0.006387119711607517	0.13646468566318465	1.4734206552005311
no_purity|endometrioid_grade_matched|base_plus_binary_grade|SOX9	TCGA-D1-A17A	274	0.032077197464522804	0.0039495234803438011	0.13771775513284784	-0.91316033615229852
no_purity|endometrioid_grade_matched|base_plus_binary_grade|SOX9	TCGA-D1-A17L	281	0.019759546566494854	0.0062656656949891185	0.16388843935817937	-1.4773930397700166
no_purity|endometrioid_grade_matched|base_plus_binary_grade|SOX9	TCGA-D1-A17R	285	0.01120296589637311	0.0046320612622188862	0.10932582444489311	1.6959375379849413
no_purity|endometrioid_grade_matched|base_plus_binary_grade|SOX9	TCGA-D1-A1O0	292	0.020551152105309573	0.012269859444777863	0.16253863910260172	2.0316550750487052
no_purity|endometrioid_grade_matched|base_plus_binary_grade|SOX9	TCGA-D1-A1O8	295	0.028975838064148718	0.0096639642923375315	0.15957012320816019	-1.5082125096497456
no_purity|endometrioid_grade_matched|base_plus_binary_grade|SOX9	TCGA-D1-A2G6	297	0.018804735137994716	0.0054984821522546662	0.12461785662769263	1.4190651467122315
no_purity|endometrioid_grade_matched|base_plus_binary_grade|SOX9	TCGA-D1-A3DA	298	0.0183728243994279	0.0028401518178650846	0.10539332728131943	-1.0307215147860269
no_purity|endometrioid_grade_matched|base_plus_binary_grade|SOX9	TCGA-DF-A2KZ	306	0.022922144642962765	0.0041346531646788776	0.11731646278653797	1.1110705083783172
no_purity|endometrioid_grade_matched|base_plus_binary_grade|SOX9	TCGA-EO-A22T	322	0.019608240764467502	0.0046171538608550354	0.12331848860980155	1.2722591896789603
no_purity|endometrioid_grade_matched|base_plus_binary_grade|SOX9	TCGA-EO-A22Y	325	0.016144668212708168	0.0036020006131028898	0.11013260536875971	1.2404651003760139
no_purity|endometrioid_grade_matched|base_plus_binary_grade|SOX9	TCGA-EO-A3AS	326	0.022776745881522072	0.0084243254651730406	0.13864791635846438	1.5938969518505905
no_purity|endometrioid_grade_matched|base_plus_binary_grade|SOX9	TCGA-EO-A3B0	330	0.027373179606011329	0.013648993651389371	0.22509319814759041	1.8484534563637676
no_purity|endometrioid_grade_matched|base_plus_binary_grade|SOX9	TCGA-EY-A1GE	335	0.041082437048963256	0.021496351325640727	0.34562365284658697	-1.8804484574869007
no_purity|endometrioid_grade_matched|base_plus_binary_grade|SOX9	TCGA-EY-A1GH	337	0.019372379392912566	0.0042861718749080402	0.13452137095601771	-1.2332371585163959
no_purity|endometrioid_grade_matched|base_plus_binary_grade|SOX9	TCGA-EY-A1GP	342	0.028826900570038609	0.008462619511764467	0.14760289240625213	1.4145920969240644
no_purity|endometrioid_grade_matched|base_plus_binary_grade|SOX9	TCGA-EY-A1H0	349	0.018994922500774055	0.007905469483658641	0.15103623962212553	1.6947828914093723
no_purity|endometrioid_grade_matched|base_plus_binary_grade|SOX9	TCGA-EY-A214	350	0.023013586520081925	0.0040805421967210834	0.1028206553544616	-1.1014984067925844
no_purity|endometrioid_grade_matched|base_plus_binary_grade|SOX9	TCGA-FI-A2CX	362	0.031463388332577662	0.018426756666331964	0.25073574923691327	-2.0006220616897794
no_purity|endometrioid_grade_matched|base_plus_binary_grade|SOX9	TCGA-FI-A2D0	363	0.025611337475060253	0.013116967978352771	0.243646070912239	1.87530578324641
no_purity|endometrioid_grade_matched|base_plus_binary_grade|SOX9	TCGA-FI-A2F9	368	0.025306606665142395	0.015461898787685963	0.1609295032279596	2.0504540372090427
no_purity|endometrioid_grade_matched|base_plus_binary_grade|SOX9	TCGA-QS-A5YQ	374	0.032027501892376936	0.002670099061718805	0.12148297791350549	-0.75115493836366565
no_purity|endometrioid_grade_matched|base_plus_binary_grade|SOX9	TCGA-SL-A6J9	379	0.023103572260782978	0.0051438441613946805	0.12114771467101226	-1.2347584422032296
no_purity|endometrioid_grade_matched|base_refit|HOXA9	TCGA-2E-A9G8	0	0.018360084858449862	0.0047023554381657728	0.10397844758306317	1.2290443424000042
no_purity|endometrioid_grade_matched|base_refit|HOXA9	TCGA-A5-A0GP	13	0.024465865230424891	0.0052216371210407758	0.14623955968287941	1.1180588487464453
no_purity|endometrioid_grade_matched|base_refit|HOXA9	TCGA-A5-A1OJ	25	0.032242634154346375	0.018456069908199899	0.24210470346142079	-1.8288016745392597
no_purity|endometrioid_grade_matched|base_refit|HOXA9	TCGA-A5-A2K7	28	0.011849455761249419	0.0043779240415101252	0.10266582117130695	-1.4823965989587669
no_purity|endometrioid_grade_matched|base_refit|HOXA9	TCGA-A5-AB3J	30	0.021522211271732226	0.0045695283100641443	0.10730490628849863	1.1168285556587274
no_purity|endometrioid_grade_matched|base_refit|HOXA9	TCGA-AJ-A5DW	47	0.023551363362530841	0.0040870603126278299	0.12910036198888802	1.0083412264981255
no_purity|endometrioid_grade_matched|base_refit|HOXA9	TCGA-AJ-A6NU	48	0.024357684978452653	0.009879939295362886	0.15818241386392637	-1.5437591669911532
no_purity|endometrioid_grade_matched|base_refit|HOXA9	TCGA-AJ-A8CT	49	0.039066157537512296	0.0080028209709981958	0.18413665567816156	1.0870480618570613
no_purity|endometrioid_grade_matched|base_refit|HOXA9	TCGA-AP-A051	52	0.023211400458864051	0.0039716824415904125	0.1283788526464075	1.0014151158400171
no_purity|endometrioid_grade_matched|base_refit|HOXA9	TCGA-AP-A056	54	0.028186723078734439	0.012258669216037707	0.19362922739911639	-1.5957321743581394
no_purity|endometrioid_grade_matched|base_refit|HOXA9	TCGA-AP-A0LF	60	0.019966778297694398	0.0060368625713125351	0.12856220633266355	-1.3347495016095385
no_purity|endometrioid_grade_matched|base_refit|HOXA9	TCGA-AP-A1E0	77	0.024852589397756902	0.0049018782413061705	0.13602895363376349	1.0744733314019872
no_purity|endometrioid_grade_matched|base_refit|HOXA9	TCGA-AP-A1E3	79	0.011197052860176842	0.0077765836241742835	0.12804628746130667	-2.0384141522802834
no_purity|endometrioid_grade_matched|base_refit|HOXA9	TCGA-AP-A1E4	80	0.018337692553765286	0.0099591841107170183	0.18681393351170866	1.7938108668161068
no_purity|endometrioid_grade_matched|base_refit|HOXA9	TCGA-AX-A05W	85	0.0090917198301408743	0.0075329273283310386	0.12287395649671506	-2.2312220242808385
no_purity|endometrioid_grade_matched|base_refit|HOXA9	TCGA-AX-A05Y	86	0.012270333927815368	0.0066770410289239551	0.12885522595209281	1.8011677423131218
no_purity|endometrioid_grade_matched|base_refit|HOXA9	TCGA-AX-A05Z	87	0.025828615163691022	0.0072253786462908136	0.16533942597444398	-1.2798000286880278
no_purity|endometrioid_grade_matched|base_refit|HOXA9	TCGA-AX-A06F	93	0.024599350234442929	0.010207570522220393	0.1949502261930986	-1.5613400197128107
no_purity|endometrioid_grade_matched|base_refit|HOXA9	TCGA-AX-A0J0	98	0.02594331026598724	0.0084485788255974897	0.17954451611982258	1.3812488839049506
no_purity|endometrioid_grade_matched|base_refit|HOXA9	TCGA-AX-A1CF	104	0.018479585478455338	0.0058066411719613414	0.12052232231172109	1.3618711832768222
no_purity|endometrioid_grade_matched|base_refit|HOXA9	TCGA-AX-A3FT	119	0.012698384468305977	0.012749559114102648	0.17988705232222693	-2.4550804570995877
no_purity|endometrioid_grade_matched|base_refit|HOXA9	TCGA-AX-A3FV	120	0.02822867751692865	0.0043568759312171005	0.11033527992201503	0.94850994905395869
no_purity|endometrioid_grade_matched|base_refit|HOXA9	TCGA-AX-A3G1	124	0.02319916862125361	0.005031976018016404	0.11383771752961981	1.1278964769767261
no_purity|endometrioid_grade_matched|base_refit|HOXA9	TCGA-AX-A3GB	127	0.031141917804545706	0.0050100737823018694	0.15057939660192404	0.96697997225045729
no_purity|endometrioid_grade_matched|base_refit|HOXA9	TCGA-B5-A0K2	137	0.015670002039489973	0.0062269258520343635	0.10345261421541799	-1.5347291588005054
no_purity|endometrioid_grade_matched|base_refit|HOXA9	TCGA-B5-A11E	143	0.024118829185986297	0.0093488168817970844	0.20047400019166903	1.5090815221861595
no_purity|endometrioid_grade_matched|base_refit|HOXA9	TCGA-B5-A11L	148	0.012756818732104956	0.0093265170552043787	0.15409072889188383	-2.0903485531990937
no_purity|endometrioid_grade_matched|base_refit|HOXA9	TCGA-B5-A11N	149	0.045542097851973648	0.010521191998209365	0.19596826880197596	-1.1507145077924288
no_purity|endometrioid_grade_matched|base_refit|HOXA9	TCGA-B5-A11Z	159	0.020696064592570756	0.0084064003088008352	0.1773251371569653	1.5477546809745175
no_purity|endometrioid_grade_matched|base_refit|HOXA9	TCGA-B5-A1MR	161	0.027981277045120607	0.013447697826988956	0.20900925548800092	-1.6782337442988158
no_purity|endometrioid_grade_matched|base_refit|HOXA9	TCGA-B5-A3F9	166	0.021266102891944482	0.0050919989074135691	0.11103739768519574	1.1864352693275528
no_purity|endometrioid_grade_matched|base_refit|HOXA9	TCGA-BG-A0LW	173	0.024821242874677574	0.0097738637485277769	0.19991964633740072	1.5205389226347303
no_purity|endometrioid_grade_matched|base_refit|HOXA9	TCGA-BG-A0M0	175	0.017027423684133326	0.014224985141732864	0.22049750334041776	2.2314643483707335
no_purity|endometrioid_grade_matched|base_refit|HOXA9	TCGA-BG-A0M4	178	0.012416963245100363	0.0043245311839265818	0.10422905346599651	-1.4386088656906362
no_purity|endometrioid_grade_matched|base_refit|HOXA9	TCGA-BG-A0MG	183	0.016096488617957209	0.0083238285186995678	0.15954274841188776	-1.7520359485746637
no_purity|endometrioid_grade_matched|base_refit|HOXA9	TCGA-BG-A0MK	185	0.019288791222372963	0.0039781981389273788	0.12209663010196721	1.1019476009612577
no_purity|endometrioid_grade_matched|base_refit|HOXA9	TCGA-BG-A0MT	188	0.0091765915709414794	0.0071514174166390308	0.1170665497085667	-2.1629613084030073
no_purity|endometrioid_grade_matched|base_refit|HOXA9	TCGA-BG-A0VX	194	0.025781575116197577	0.0071342447601674712	0.16940133968678858	1.2728636938118545
no_purity|endometrioid_grade_matched|base_refit|HOXA9	TCGA-BK-A0CB	208	0.011777581953879929	0.0074696840181000448	0.10830856435996494	-1.9464119765231391
no_purity|endometrioid_grade_matched|base_refit|HOXA9	TCGA-BK-A6W3	214	0.023815085502459775	0.0032090597995432669	0.11428113327217615	0.88814151121747709
no_purity|endometrioid_grade_matched|base_refit|HOXA9	TCGA-BS-A0T9	216	0.013760056583811422	0.0041577649552880297	0.10814243789101297	-1.3385814191960976
no_purity|endometrioid_grade_matched|base_refit|HOXA9	TCGA-BS-A0U7	225	0.013976495718889079	0.0097897157097622169	0.1617676336090767	-2.0442699494808658
no_purity|endometrioid_grade_matched|base_refit|HOXA9	TCGA-BS-A0UJ	230	0.036450156126603336	0.0038159743443144634	0.13568952356995367	-0.7775649357653901
no_purity|endometrioid_grade_matched|base_refit|HOXA9	TCGA-BS-A0UV	233	0.025555428078579287	0.0042698205770908054	0.12787358747096367	-0.98833459375589894
no_purity|endometrioid_grade_matched|base_refit|HOXA9	TCGA-BS-A0V4	234	0.026469421036902058	0.0036031077092426957	0.12240516994198741	-0.89145187751334787
no_purity|endometrioid_grade_matched|base_refit|HOXA9	TCGA-BS-A0V7	236	0.03941369780237039	0.016144343513128288	0.26193251211920399	-1.5392953607792967
no_purity|endometrioid_grade_matched|base_refit|HOXA9	TCGA-D1-A103	250	0.024210776864333157	0.0036358566409025765	0.12725805415023991	0.93752431782789025
no_purity|endometrioid_grade_matched|base_refit|HOXA9	TCGA-D1-A167	257	0.013323379685523572	0.0073316704126033172	0.12803304361940471	1.8103899673865607
no_purity|endometrioid_grade_matched|base_refit|HOXA9	TCGA-D1-A16X	269	0.025238624734956729	0.003693033173032944	0.12434482921021049	0.92491075391943889
no_purity|endometrioid_grade_matched|base_refit|HOXA9	TCGA-D1-A174	271	0.013086858606974949	0.0056624116817360418	0.12128486875980249	-1.6040096385112081
no_purity|endometrioid_grade_matched|base_refit|HOXA9	TCGA-D1-A17A	274	0.023958611944254291	0.0047740482909454937	0.14109614825776626	1.0804862922572127
no_purity|endometrioid_grade_matched|base_refit|HOXA9	TCGA-D1-A17L	281	0.019686391900202806	0.0043419922619781564	0.12855028285242803	1.1394421516169115
no_purity|endometrioid_grade_matched|base_refit|HOXA9	TCGA-D1-A1O0	292	0.020364522871455258	0.0072217363511940229	0.11913055711100472	1.445846219287777
no_purity|endometrioid_grade_matched|base_refit|HOXA9	TCGA-D1-A1O8	295	0.023688523678606813	0.021661141320171443	0.29550587155631003	-2.328014979289605
no_purity|endometrioid_grade_matched|base_refit|HOXA9	TCGA-D1-A2G5	296	0.017821121824726109	0.0088375384994151662	0.16860887176074524	1.7139103155593995
no_purity|endometrioid_grade_matched|base_refit|HOXA9	TCGA-D1-A3DG	299	0.020588089109723786	0.0082556660882776352	0.12617924173405901	1.5378548090566038
no_purity|endometrioid_grade_matched|base_refit|HOXA9	TCGA-DF-A2KV	305	0.023472975754813268	0.0044088789700257374	0.1425461134260724	-1.0491948224646166
no_purity|endometrioid_grade_matched|base_refit|HOXA9	TCGA-DF-A2L0	307	0.019612794834120734	0.0055406973704413562	0.11803426726910694	-1.2902429370908433
no_purity|endometrioid_grade_matched|base_refit|HOXA9	TCGA-E6-A1M0	314	0.024927765777104767	0.0028799172657283001	0.10424764794527214	0.82177751993276715
no_purity|endometrioid_grade_matched|base_refit|HOXA9	TCGA-EO-A22X	324	0.026295810956378177	0.01188610982167035	0.19900483718949349	-1.6286226547708351
no_purity|endometrioid_grade_matched|base_refit|HOXA9	TCGA-EO-A3AY	329	0.023222829760218958	0.0063636422224432505	0.16268673062172551	-1.2682965162078985
no_purity|endometrioid_grade_matched|base_refit|HOXA9	TCGA-EO-A3B0	330	0.026307472672481912	0.0077118330665562141	0.16025709138956304	-1.3099053484265271
no_purity|endometrioid_grade_matched|base_refit|HOXA9	TCGA-EY-A1GC	333	0.020284639514846194	0.0051658783147700378	0.11481044735948422	-1.2243421162274308
no_purity|endometrioid_grade_matched|base_refit|HOXA9	TCGA-EY-A1GD	334	0.024826071373239795	0.0065692157937214555	0.17119618367389383	1.2451967472164345
no_purity|endometrioid_grade_matched|base_refit|HOXA9	TCGA-EY-A1GE	335	0.040275299113623056	0.0064547520371742596	0.17601539551579656	-0.9605601733137743
no_purity|endometrioid_grade_matched|base_refit|HOXA9	TCGA-EY-A1GI	338	0.023283547255273575	0.0032589147781018819	0.11639382939372876	-0.90545623524456509
no_purity|endometrioid_grade_matched|base_refit|HOXA9	TCGA-EY-A1GO	341	0.015331872582131596	0.013443683401462759	0.18255599247163154	2.2888795984632946
no_purity|endometrioid_grade_matched|base_refit|HOXA9	TCGA-EY-A1GP	342	0.021920242842078271	0.0062160178446890478	0.12245007734738216	1.2911662320645312
no_purity|endometrioid_grade_matched|base_refit|HOXA9	TCGA-EY-A1GR	344	0.021997379965983367	0.0094248057415552977	0.15530085454712686	-1.588829432561055
no_purity|endometrioid_grade_matched|base_refit|HOXA9	TCGA-EY-A1GX	348	0.046304953021255951	0.0042098580986899212	0.11891438889140488	0.72081201578439591
no_purity|endometrioid_grade_matched|base_refit|HOXA9	TCGA-EY-A2OQ	354	0.019829188656040095	0.0068960386448437359	0.13529244628751538	-1.4321272627993391
no_purity|endometrioid_grade_matched|base_refit|HOXA9	TCGA-EY-A3L3	355	0.022418781775388204	0.01142336834721549	0.13242997478017704	1.7334083583630033
no_purity|endometrioid_grade_matched|base_refit|HOXA9	TCGA-FI-A2CX	362	0.023186038194353747	0.031782412279984594	0.36106667970552714	-2.8614390817857793
no_purity|endometrioid_grade_matched|base_refit|HOXA9	TCGA-FI-A2D5	365	0.023219236913815985	0.0046484090138683987	0.13884804576031046	1.0834353609737812
no_purity|endometrioid_grade_matched|base_refit|HOXA9	TCGA-H5-A2HR	369	0.018639720763561962	0.0048941996381767772	0.11056623850365617	-1.2443090839915532
no_purity|endometrioid_grade_matched|base_refit|HOXA9	TCGA-QS-A5YQ	374	0.029461857047230099	0.0080356720041769997	0.19559836005856776	1.2612605079291872
no_purity|endometrioid_grade_matched|base_refit|HOXA9	TCGA-SL-A6J9	379	0.022827140380127439	0.010095762373945332	0.16237329178549006	-1.6137343320502258
no_purity|endometrioid_grade_matched|base_plus_binary_grade|HOXA9	TCGA-2E-A9G8	0	0.028139739607390586	0.005163822989941556	0.1120821408705224	1.1176896387729143
no_purity|endometrioid_grade_matched|base_plus_binary_grade|HOXA9	TCGA-A5-A0GJ	10	0.029915631424862622	0.0060840163130768997	0.1209891070393431	-1.1757684449003274
no_purity|endometrioid_grade_matched|base_plus_binary_grade|HOXA9	TCGA-A5-A0GN	12	0.038194238586465548	0.0060276270576770973	0.10664462777701715	-1.030868718141096
no_purity|endometrioid_grade_matched|base_plus_binary_grade|HOXA9	TCGA-A5-A0GP	13	0.031171977675290192	0.004824533146085914	0.13541250813327244	1.0245820164477406
no_purity|endometrioid_grade_matched|base_plus_binary_grade|HOXA9	TCGA-A5-A1OJ	25	0.032550973444918696	0.015631815111983454	0.23946651291737153	-1.8088430273281566
no_purity|endometrioid_grade_matched|base_plus_binary_grade|HOXA9	TCGA-A5-A1OK	26	0.018971006921781264	0.0026427002763760366	0.10338912824305921	0.97801034742964976
no_purity|endometrioid_grade_matched|base_plus_binary_grade|HOXA9	TCGA-A5-AB3J	30	0.021571671157107265	0.0039889799077418428	0.10640378520794594	1.1257909681665448
no_purity|endometrioid_grade_matched|base_plus_binary_grade|HOXA9	TCGA-AJ-A2QN	34	0.016830702955300533	0.0035418511598348467	0.107597033728926	1.2041714682289373
no_purity|endometrioid_grade_matched|base_plus_binary_grade|HOXA9	TCGA-AJ-A5DW	47	0.030158341394327243	0.0037227321114887322	0.11840471494392095	0.91523437604900604
no_purity|endometrioid_grade_matched|base_plus_binary_grade|HOXA9	TCGA-AJ-A6NU	48	0.033178034816219323	0.013521236755109665	0.18866577383657201	-1.6646812093854197
no_purity|endometrioid_grade_matched|base_plus_binary_grade|HOXA9	TCGA-AJ-A8CT	49	0.039352608240024026	0.0066654859734690047	0.16945414020642682	1.067434175026112
no_purity|endometrioid_grade_matched|base_plus_binary_grade|HOXA9	TCGA-AP-A051	52	0.024918588554711428	0.0040393559069665701	0.13448943201702723	1.0520243044898294
no_purity|endometrioid_grade_matched|base_plus_binary_grade|HOXA9	TCGA-AP-A056	54	0.029626763831907099	0.010468543051296068	0.18786837764631081	-1.5521585849268444
no_purity|endometrioid_grade_matched|base_plus_binary_grade|HOXA9	TCGA-AP-A0LF	60	0.020497717886111207	0.0051074723075763464	0.12162852969955648	-1.3083225623234487
no_purity|endometrioid_grade_matched|base_plus_binary_grade|HOXA9	TCGA-AP-A0LT	69	0.020853317518867417	0.0054635768417538319	0.11170151483079692	-1.3414905095484946
no_purity|endometrioid_grade_matched|base_plus_binary_grade|HOXA9	TCGA-AP-A1E0	77	0.032266055642152819	0.0045393496277961395	0.1249923880129397	0.97616568414076776
no_purity|endometrioid_grade_matched|base_plus_binary_grade|HOXA9	TCGA-AP-A1E3	79	0.018216214129569641	0.009965208437079702	0.16394786388520777	-1.9461826439504113
no_purity|endometrioid_grade_matched|base_plus_binary_grade|HOXA9	TCGA-AP-A1E4	80	0.019004158414669403	0.0085672521129516524	0.18276825376462036	1.7644222856034462
no_purity|endometrioid_grade_matched|base_plus_binary_grade|HOXA9	TCGA-AX-A05W	85	0.010146946669950503	0.0074801960219853117	0.11280979779692259	-2.2726258915355344
no_purity|endometrioid_grade_matched|base_plus_binary_grade|HOXA9	TCGA-AX-A05Y	86	0.016803876045207587	0.0072331217384411792	0.12114079086987677	1.7257296050801303
no_purity|endometrioid_grade_matched|base_plus_binary_grade|HOXA9	TCGA-AX-A05Z	87	0.030346826034410215	0.0082987347145901582	0.18120212860218118	-1.3639722283140956
no_purity|endometrioid_grade_matched|base_plus_binary_grade|HOXA9	TCGA-AX-A062	89	0.016116579056651072	0.0042946196732288923	0.10758185808215548	-1.3562306598756888
no_purity|endometrioid_grade_matched|base_plus_binary_grade|HOXA9	TCGA-AX-A06F	93	0.026100830857699181	0.0087791722342740949	0.18893780245208433	-1.5169096160607523
no_purity|endometrioid_grade_matched|base_plus_binary_grade|HOXA9	TCGA-AX-A0J0	98	0.033260597687377942	0.0080959179144939851	0.16884218499708825	1.2845436042587277
no_purity|endometrioid_grade_matched|base_plus_binary_grade|HOXA9	TCGA-AX-A1CF	104	0.018751801378374497	0.0052045620448319587	0.11881031562266083	1.3824116353236757
no_purity|endometrioid_grade_matched|base_plus_binary_grade|HOXA9	TCGA-AX-A3FT	119	0.014954453887315998	0.012353736108218511	0.17364539096883796	-2.4018304632649512
no_purity|endometrioid_grade_matched|base_plus_binary_grade|HOXA9	TCGA-AX-A3G1	124	0.023408603315649701	0.0044920305626484341	0.11289206128717559	1.1458312972047324
no_purity|endometrioid_grade_matched|base_plus_binary_grade|HOXA9	TCGA-AX-A3GB	127	0.050816730147579599	0.010051743440628286	0.21771812563595594	1.1468970282550084
no_purity|endometrioid_grade_matched|base_plus_binary_grade|HOXA9	TCGA-B5-A0K2	137	0.018091566252258731	0.0066783704366486065	0.10944059451393694	-1.5961675067200096
no_purity|endometrioid_grade_matched|base_plus_binary_grade|HOXA9	TCGA-B5-A11E	143	0.02584151741364131	0.0091979086688281659	0.206789491187475	1.5609241678558272
no_purity|endometrioid_grade_matched|base_plus_binary_grade|HOXA9	TCGA-B5-A11L	148	0.01350699553322194	0.0087512672653751056	0.15794665703412467	-2.1251230702974868
no_purity|endometrioid_grade_matched|base_plus_binary_grade|HOXA9	TCGA-B5-A11N	149	0.046718429069811614	0.0099595490631146141	0.20741398788084969	-1.1933874867240761
no_purity|endometrioid_grade_matched|base_plus_binary_grade|HOXA9	TCGA-B5-A11Z	159	0.020731204027755301	0.0072913228907218507	0.17505169438744189	1.5556569080169309
no_purity|endometrioid_grade_matched|base_plus_binary_grade|HOXA9	TCGA-B5-A1MR	161	0.030147940870792797	0.011675086635248704	0.20182342263750022	-1.6250003974948881
no_purity|endometrioid_grade_matched|base_plus_binary_grade|HOXA9	TCGA-B5-A3F9	166	0.022566832194904542	0.0049896796109432972	0.10919979023265611	1.2308137438318514
no_purity|endometrioid_grade_matched|base_plus_binary_grade|HOXA9	TCGA-B5-A3FH	171	0.017047852927267251	0.0029075626531330457	0.10733412775657322	1.0835424821985642
no_purity|endometrioid_grade_matched|base_plus_binary_grade|HOXA9	TCGA-BG-A0LW	173	0.024973631990694207	0.0086039055299428832	0.19981631848193049	1.5362161771887326
no_purity|endometrioid_grade_matched|base_plus_binary_grade|HOXA9	TCGA-BG-A0M0	175	0.020473252103295245	0.013868531415675069	0.21154832339352195	2.1657645478223317
no_purity|endometrioid_grade_matched|base_plus_binary_grade|HOXA9	TCGA-BG-A0M4	178	0.017934401432415207	0.0047785093536185262	0.12188368479971372	-1.3548984544515734
no_purity|endometrioid_grade_matched|base_plus_binary_grade|HOXA9	TCGA-BG-A0MA	181	0.016119504620088598	0.0035126974647987389	0.10682262574704447	1.2259040526190386
no_purity|endometrioid_grade_matched|base_plus_binary_grade|HOXA9	TCGA-BG-A0MG	183	0.01844439307259842	0.0087707429540110644	0.18279896257681733	-1.8130777664718647
no_purity|endometrioid_grade_matched|base_plus_binary_grade|HOXA9	TCGA-BG-A0MK	185	0.035581957597520669	0.0084199923303818255	0.17983501996505077	1.2649423814538536
no_purity|endometrioid_grade_matched|base_plus_binary_grade|HOXA9	TCGA-BG-A0MT	188	0.010141020704823698	0.0070269051431468563	0.11051720523268294	-2.2024253430470497
no_purity|endometrioid_grade_matched|base_plus_binary_grade|HOXA9	TCGA-BG-A0VX	194	0.029586619832054913	0.0062875107245541247	0.17017011104275834	1.2022021121993232
no_purity|endometrioid_grade_matched|base_plus_binary_grade|HOXA9	TCGA-BK-A0CB	208	0.011941617300686116	0.0066020949137666277	0.10976124589865405	-1.9629074413477252
no_purity|endometrioid_grade_matched|base_plus_binary_grade|HOXA9	TCGA-BK-A13B	210	0.015777565980843851	0.0043592492185526429	0.10789593033640296	1.3813640392538002
no_purity|endometrioid_grade_matched|base_plus_binary_grade|HOXA9	TCGA-BK-A6W3	214	0.029100818172681731	0.0027726841023611999	0.10442327268537216	0.80431948903860984
no_purity|endometrioid_grade_matched|base_plus_binary_grade|HOXA9	TCGA-BS-A0T9	216	0.028087443276624331	0.0059969905864052297	0.1463332744156611	-1.2059709435276371
no_purity|endometrioid_grade_matched|base_plus_binary_grade|HOXA9	TCGA-BS-A0U7	225	0.015258587878974472	0.0095798713192990145	0.17879491197199776	-2.0896752432616728
no_purity|endometrioid_grade_matched|base_plus_binary_grade|HOXA9	TCGA-BS-A0UJ	230	0.036805389473268411	0.0035027090881325552	0.13062740274543022	-0.8006521143616474
no_purity|endometrioid_grade_matched|base_plus_binary_grade|HOXA9	TCGA-BS-A0UV	233	0.026693973018701071	0.0035309297721322561	0.1225405610462338	-0.94919217659984501
no_purity|endometrioid_grade_matched|base_plus_binary_grade|HOXA9	TCGA-BS-A0V4	234	0.027352082505854292	0.0034588008906962695	0.11542353488604877	-0.92771271843640002
no_purity|endometrioid_grade_matched|base_plus_binary_grade|HOXA9	TCGA-BS-A0V7	236	0.040119569078633621	0.013542561325402	0.25845114839318439	-1.508583513272534
no_purity|endometrioid_grade_matched|base_plus_binary_grade|HOXA9	TCGA-BS-A0V8	237	0.027589998550289856	0.0054039594960687744	0.11998671206636458	-1.1551756307115595
no_purity|endometrioid_grade_matched|base_plus_binary_grade|HOXA9	TCGA-BS-A0VI	238	0.018870746717757601	0.0031364274161582804	0.10311409591479981	-1.0686059642331658
no_purity|endometrioid_grade_matched|base_plus_binary_grade|HOXA9	TCGA-D1-A103	250	0.028138960645967673	0.003098139184584374	0.12484400254020625	0.8651700594865781
no_purity|endometrioid_grade_matched|base_plus_binary_grade|HOXA9	TCGA-D1-A167	257	0.018817046040096951	0.0081343239271232694	0.12893332058404841	1.7276603806400359
no_purity|endometrioid_grade_matched|base_plus_binary_grade|HOXA9	TCGA-D1-A16X	269	0.029028609213669461	0.0031153544275034513	0.12206431030135582	0.85375920025058472
no_purity|endometrioid_grade_matched|base_plus_binary_grade|HOXA9	TCGA-D1-A174	271	0.016399502705532039	0.0056200423749895277	0.11456464524254585	-1.5388835656725393
no_purity|endometrioid_grade_matched|base_plus_binary_grade|HOXA9	TCGA-D1-A17A	274	0.032077197464522804	0.0067352208356572614	0.17984298605643551	1.193419900686042
no_purity|endometrioid_grade_matched|base_plus_binary_grade|HOXA9	TCGA-D1-A17L	281	0.019759546566494854	0.003806650470917129	0.12774273512735257	1.1502329924080845
no_purity|endometrioid_grade_matched|base_plus_binary_grade|HOXA9	TCGA-D1-A1O0	292	0.020551152105309573	0.0063964570926061115	0.11735634381564566	1.4630282290724572
no_purity|endometrioid_grade_matched|base_plus_binary_grade|HOXA9	TCGA-D1-A1O8	295	0.028975838064148718	0.021300208892071393	0.23690043237882516	-2.2473836025434122
no_purity|endometrioid_grade_matched|base_plus_binary_grade|HOXA9	TCGA-D1-A2G5	296	0.02214386384500535	0.010390062619356237	0.19106673664541424	1.7974644141788159
no_purity|endometrioid_grade_matched|base_plus_binary_grade|HOXA9	TCGA-D1-A3DA	298	0.0183728243994279	0.0046115849757506194	0.13429735074388299	1.314564104727465
no_purity|endometrioid_grade_matched|base_plus_binary_grade|HOXA9	TCGA-D1-A3DG	299	0.020766280935650756	0.0072953165831678869	0.12423501412667241	1.5547343366584305
no_purity|endometrioid_grade_matched|base_plus_binary_grade|HOXA9	TCGA-DF-A2KV	305	0.026061231467280337	0.0037503769493434031	0.13421687245765529	-0.99047571809842372
no_purity|endometrioid_grade_matched|base_plus_binary_grade|HOXA9	TCGA-DF-A2KZ	306	0.022922144642962765	0.0035944630179566331	0.10938466160590557	-1.0357268005609621
no_purity|endometrioid_grade_matched|base_plus_binary_grade|HOXA9	TCGA-DF-A2L0	307	0.020699863070602682	0.0047285900620812676	0.10896935846879822	-1.2523299015753511
no_purity|endometrioid_grade_matched|base_plus_binary_grade|HOXA9	TCGA-E6-A1M0	314	0.026028671244709225	0.0028397149507787454	0.10910633152286237	0.86215309720746081
no_purity|endometrioid_grade_matched|base_plus_binary_grade|HOXA9	TCGA-EO-A22X	324	0.027435799792859115	0.010145292303111975	0.19382698886970892	-1.5898891454365203
no_purity|endometrioid_grade_matched|base_plus_binary_grade|HOXA9	TCGA-EO-A22Y	325	0.016144668212708168	0.0031357844589630802	0.1027583503914052	1.157097206298189
no_purity|endometrioid_grade_matched|base_plus_binary_grade|HOXA9	TCGA-EO-A3AY	329	0.025076503191422395	0.0054508341791601406	0.15593021329490048	-1.218747952999178
no_purity|endometrioid_grade_matched|base_plus_binary_grade|HOXA9	TCGA-EO-A3B0	330	0.027373179606011329	0.0064969389815830872	0.15529820993577739	-1.2722509718096868
no_purity|endometrioid_grade_matched|base_plus_binary_grade|HOXA9	TCGA-EY-A1GC	333	0.021352213958165767	0.0043846548374567836	0.10599893968317958	-1.1867121880804754
no_purity|endometrioid_grade_matched|base_plus_binary_grade|HOXA9	TCGA-EY-A1GD	334	0.029753681952178399	0.0059403845499841502	0.1650471320527151	1.1650224177619519
no_purity|endometrioid_grade_matched|base_plus_binary_grade|HOXA9	TCGA-EY-A1GE	335	0.041082437048963256	0.0052652122109282688	0.17105234015303677	-0.92733824560562583
no_purity|endometrioid_grade_matched|base_plus_binary_grade|HOXA9	TCGA-EY-A1GI	338	0.029653100495914759	0.0044018171428650754	0.13033049395595461	-1.0041493315264378
no_purity|endometrioid_grade_matched|base_plus_binary_grade|HOXA9	TCGA-EY-A1GO	341	0.021126443419103559	0.014836917727633663	0.17264965907473731	2.2049650048654366
no_purity|endometrioid_grade_matched|base_plus_binary_grade|HOXA9	TCGA-EY-A1GP	342	0.028826900570038609	0.0060687540443624946	0.12499488139673423	1.1970141990734815
no_purity|endometrioid_grade_matched|base_plus_binary_grade|HOXA9	TCGA-EY-A1GR	344	0.022127761551396757	0.0079982616221488077	0.15088338064460327	-1.5760829770496307
no_purity|endometrioid_grade_matched|base_plus_binary_grade|HOXA9	TCGA-EY-A1GX	348	0.052450765784047546	0.0031335876382552067	0.10295987627931354	0.62898998703342335
no_purity|endometrioid_grade_matched|base_plus_binary_grade|HOXA9	TCGA-EY-A2OQ	354	0.020047155167804098	0.0058390830464587077	0.13034404655558865	-1.4154004737259065
no_purity|endometrioid_grade_matched|base_plus_binary_grade|HOXA9	TCGA-EY-A3L3	355	0.022789145775454926	0.010235731266265568	0.1293731437887676	1.75771481854442
no_purity|endometrioid_grade_matched|base_plus_binary_grade|HOXA9	TCGA-FI-A2CX	362	0.031463388332577662	0.034827725217863988	0.34471038158221884	-2.7636756069622739
no_purity|endometrioid_grade_matched|base_plus_binary_grade|HOXA9	TCGA-FI-A2D5	365	0.024965470770018264	0.004706616936098286	0.14501591136013434	1.1347770715396948
no_purity|endometrioid_grade_matched|base_plus_binary_grade|HOXA9	TCGA-H5-A2HR	369	0.01888496489508969	0.0041306551249565282	0.10597876966103112	-1.2264586443602494
no_purity|endometrioid_grade_matched|base_plus_binary_grade|HOXA9	TCGA-QF-A5YS	372	0.033222533224033013	0.0020472327125695381	0.10373564696724613	-0.64526838879186421
no_purity|endometrioid_grade_matched|base_plus_binary_grade|HOXA9	TCGA-QS-A5YQ	374	0.032027501892376936	0.0068312258082487993	0.19431264470925236	1.2028948574473761
no_purity|endometrioid_grade_matched|base_plus_binary_grade|HOXA9	TCGA-SL-A6J9	379	0.023103572260782978	0.0085585130184378053	0.1562681542326522	-1.5948772815200134
no_purity|endometrioid_grade_matched|base_refit|WT1	TCGA-5B-A90C	2	0.020381034488908135	0.0058807776425370707	0.11678091176367296	1.3035057282679965
no_purity|endometrioid_grade_matched|base_refit|WT1	TCGA-A5-A0GH	8	0.015848976081842797	0.0085244474082820411	0.11036132934385597	1.7873355503808706
no_purity|endometrioid_grade_matched|base_refit|WT1	TCGA-A5-A0VQ	24	0.015476745671622601	0.0058088561389472533	0.13777814230391117	1.4914267234276299
no_purity|endometrioid_grade_matched|base_refit|WT1	TCGA-A5-A3LO	29	0.020155857761767225	0.0052616748344056358	0.11502600711505767	1.2397273267647604
no_purity|endometrioid_grade_matched|base_refit|WT1	TCGA-AJ-A2QK	32	0.024390210060282771	0.0046469830516832292	0.10848726923592859	-1.0562297974654551
no_purity|endometrioid_grade_matched|base_refit|WT1	TCGA-AJ-A3EL	40	0.025849870126823365	0.0048183885495389558	0.12844296419290588	-1.043908079300309
no_purity|endometrioid_grade_matched|base_refit|WT1	TCGA-AJ-A3EM	41	0.023782689540517807	0.011323661505147787	0.13754780399925762	1.6739903092651245
no_purity|endometrioid_grade_matched|base_refit|WT1	TCGA-AJ-A3I9	42	0.016122725822226232	0.0046813338344469449	0.1074484843163248	-1.3104686640859839
no_purity|endometrioid_grade_matched|base_refit|WT1	TCGA-AJ-A3OL	45	0.020205417191987006	0.011120734741797252	0.19925936569255567	1.804171677614961
no_purity|endometrioid_grade_matched|base_refit|WT1	TCGA-AJ-A5DW	47	0.023551363362530841	0.0030187789111569652	0.11095262725665915	-0.8662902106643704
no_purity|endometrioid_grade_matched|base_refit|WT1	TCGA-AJ-A6NU	48	0.024357684978452653	0.0069701246418095155	0.13286216733782247	-1.2954347470019274
no_purity|endometrioid_grade_matched|base_refit|WT1	TCGA-AJ-A8CT	49	0.039066157537512296	0.0058802344883249506	0.15783961861624568	-0.93141370264929024
no_purity|endometrioid_grade_matched|base_refit|WT1	TCGA-AP-A051	52	0.023211400458864051	0.0042395336831504938	0.13263717901892375	-1.0347256140063852
no_purity|endometrioid_grade_matched|base_refit|WT1	TCGA-AP-A056	54	0.028186723078734439	0.004079096047051747	0.11169435257176959	0.91840883779364846
no_purity|endometrioid_grade_matched|base_refit|WT1	TCGA-AP-A0LF	60	0.019966778297694398	0.0042101605634507246	0.10736358428943099	1.1138601882786618
no_purity|endometrioid_grade_matched|base_refit|WT1	TCGA-AP-A0LL	63	0.018070560392157722	0.0036822308814333771	0.11110581558066059	-1.0959782116706573
no_purity|endometrioid_grade_matched|base_refit|WT1	TCGA-AP-A0LM	64	0.032589556323663012	0.0032767056646287387	0.10297755778811947	0.76351729117566602
no_purity|endometrioid_grade_matched|base_refit|WT1	TCGA-AP-A1E0	77	0.024852589397756902	0.0059329559609340807	0.14965308017168041	1.1824723213338
no_purity|endometrioid_grade_matched|base_refit|WT1	TCGA-AX-A05Z	87	0.025828615163691022	0.0054115731690275413	0.14308953993008716	-1.1069677894701717
no_purity|endometrioid_grade_matched|base_refit|WT1	TCGA-AX-A06F	93	0.024599350234442929	0.0038755139079812554	0.12012328457767921	0.96011820806947779
no_purity|endometrioid_grade_matched|base_refit|WT1	TCGA-AX-A06H	94	0.018346692193018044	0.0061605462079243499	0.15049463491308357	-1.4081659724216833
no_purity|endometrioid_grade_matched|base_refit|WT1	TCGA-AX-A1CK	107	0.023024491971013972	0.0034336174044964948	0.10965430043298817	-0.93481428766362318
no_purity|endometrioid_grade_matched|base_refit|WT1	TCGA-AX-A2HH	114	0.02716316374386521	0.012603716897655087	0.19620425055719609	1.6494871745496542
no_purity|endometrioid_grade_matched|base_refit|WT1	TCGA-AX-A2HK	116	0.021186748206559379	0.0094793563539724898	0.1291561326787076	1.6245380931642486
no_purity|endometrioid_grade_matched|base_refit|WT1	TCGA-AX-A3FV	120	0.02822867751692865	0.0043336320749649869	0.11004056793933131	-0.94597035349524417
no_purity|endometrioid_grade_matched|base_refit|WT1	TCGA-AX-A3G1	124	0.02319916862125361	0.006438294772009137	0.12876633252660633	-1.2764150382580859
no_purity|endometrioid_grade_matched|base_refit|WT1	TCGA-AX-A3GB	127	0.031141917804545706	0.0036515334310387249	0.12855267917399532	0.82525068946724589
no_purity|endometrioid_grade_matched|base_refit|WT1	TCGA-B5-A0JX	133	0.019446977348135344	0.0086414337419179407	0.17734132447559725	-1.6203816642099858
no_purity|endometrioid_grade_matched|base_refit|WT1	TCGA-B5-A11N	149	0.045542097851973648	0.0092463829438833873	0.18371271737794503	-1.0785192977922429
no_purity|endometrioid_grade_matched|base_refit|WT1	TCGA-B5-A11Z	159	0.020696064592570756	0.0043480780690729453	0.12753046332224732	1.1114126361281278
no_purity|endometrioid_grade_matched|base_refit|WT1	TCGA-B5-A1MR	161	0.027981277045120607	0.010064167275986458	0.18081334084191938	-1.4504619745508001
no_purity|endometrioid_grade_matched|base_refit|WT1	TCGA-B5-A3F9	166	0.021266102891944482	0.0051526485734575507	0.11169671113191018	1.1935067895212399
no_purity|endometrioid_grade_matched|base_refit|WT1	TCGA-B5-A3FA	167	0.024832050107918367	0.0092985347842771196	0.20540308417118117	1.4825484161722493
no_purity|endometrioid_grade_matched|base_refit|WT1	TCGA-B5-A3FC	169	0.024801722104281484	0.0067334543550168534	0.16001002331384925	-1.261368886128992
no_purity|endometrioid_grade_matched|base_refit|WT1	TCGA-B5-A5OC	172	0.019586250613826205	0.0077922452811478972	0.16270134169855771	-1.5325532129646802
no_purity|endometrioid_grade_matched|base_refit|WT1	TCGA-BG-A0LW	173	0.024821242874677574	0.0077134824993707364	0.17760189029333937	1.3499163351282659
no_purity|endometrioid_grade_matched|base_refit|WT1	TCGA-BG-A0MK	185	0.019288791222372963	0.0028933289018359129	0.10412604552547126	0.93934356281577813
no_purity|endometrioid_grade_matched|base_refit|WT1	TCGA-BG-A0VX	194	0.025781575116197577	0.0068885750736771261	0.16645909763261921	1.2506627189073201
no_purity|endometrioid_grade_matched|base_refit|WT1	TCGA-BK-A139	209	0.024212279600221619	0.0061183475116832319	0.12382285821572712	-1.2171135287702135
no_purity|endometrioid_grade_matched|base_refit|WT1	TCGA-BK-A6W3	214	0.023815085502459775	0.0051923826285298451	0.14536805427762825	1.1304720848361065
no_purity|endometrioid_grade_matched|base_refit|WT1	TCGA-BS-A0UF	229	0.025072646845672262	0.0059951852289223829	0.14738730253435603	-1.1832992199511536
no_purity|endometrioid_grade_matched|base_refit|WT1	TCGA-BS-A0UJ	230	0.036450156126603336	0.0022576462378738867	0.10436900425366949	-0.59788627474485767
no_purity|endometrioid_grade_matched|base_refit|WT1	TCGA-BS-A0V7	236	0.03941369780237039	0.015613230965326507	0.2575879871267564	-1.5136062233409044
no_purity|endometrioid_grade_matched|base_refit|WT1	TCGA-BS-A0WQ	239	0.020630251692627687	0.0060189853810938337	0.15213522425962478	1.3106101947780793
no_purity|endometrioid_grade_matched|base_refit|WT1	TCGA-D1-A103	250	0.024210776864333157	0.0052008474928616757	0.15220151041624289	1.1218531133196807
no_purity|endometrioid_grade_matched|base_refit|WT1	TCGA-D1-A16X	269	0.025238624734956729	0.0039880476750644486	0.12921600106235059	0.96123168130466774
no_purity|endometrioid_grade_matched|base_refit|WT1	TCGA-D1-A16Y	270	0.030561844045385644	0.021212062606499153	0.28874817835491767	2.0174739819288048
no_purity|endometrioid_grade_matched|base_refit|WT1	TCGA-D1-A17A	274	0.023958611944254291	0.0080398545588513601	0.18310316470500446	1.4036671510431662
no_purity|endometrioid_grade_matched|base_refit|WT1	TCGA-D1-A17L	281	0.019686391900202806	0.0060255908316264777	0.15143572209734604	-1.3431980923995213
no_purity|endometrioid_grade_matched|base_refit|WT1	TCGA-D1-A17S	286	0.017095072672748006	0.0036959328110954333	0.10959006181733173	-1.1295817702417323
no_purity|endometrioid_grade_matched|base_refit|WT1	TCGA-D1-A3DG	299	0.020588089109723786	0.010748646940509364	0.1439755521258482	1.7564315094846319
no_purity|endometrioid_grade_matched|base_refit|WT1	TCGA-D1-A3DH	300	0.023345980129699781	0.016898064754436733	0.1555049075934293	2.068467269918417
no_purity|endometrioid_grade_matched|base_refit|WT1	TCGA-DF-A2KU	304	0.024348520760447249	0.0067939183321669297	0.1609843739535744	-1.2791306932219975
no_purity|endometrioid_grade_matched|base_refit|WT1	TCGA-DF-A2KV	305	0.023472975754813268	0.002653532945466591	0.11058686184607072	-0.81348579816109745
no_purity|endometrioid_grade_matched|base_refit|WT1	TCGA-DF-A2L0	307	0.019612794834120734	0.0044511842383797408	0.10579464330801323	-1.1559447649404984
no_purity|endometrioid_grade_matched|base_refit|WT1	TCGA-E6-A1M0	314	0.024927765777104767	0.0031386582674899667	0.10882991145464914	-0.85796880468434922
no_purity|endometrioid_grade_matched|base_refit|WT1	TCGA-EC-A1NJ	316	0.012880768577104212	0.0058928410198504973	0.12467280634147447	-1.6498588193225407
no_purity|endometrioid_grade_matched|base_refit|WT1	TCGA-EO-A22R	320	0.022775766773922408	0.0057285194894679311	0.15921115641370875	1.2151593833349237
no_purity|endometrioid_grade_matched|base_refit|WT1	TCGA-EO-A22U	323	0.025421261427325752	0.0081884987411019079	0.18164056555430727	1.3740460393197942
no_purity|endometrioid_grade_matched|base_refit|WT1	TCGA-EO-A22X	324	0.026295810956378177	0.003195304327040285	0.10318103438646327	0.84223563245454092
no_purity|endometrioid_grade_matched|base_refit|WT1	TCGA-EO-A3AS	326	0.021355405985730824	0.0067240689190055372	0.12536998402705885	1.3612681836581737
no_purity|endometrioid_grade_matched|base_refit|WT1	TCGA-EO-A3AV	328	0.026818272472596657	0.0095460856934552109	0.17813519087372343	-1.4437663792762094
no_purity|endometrioid_grade_matched|base_refit|WT1	TCGA-EO-A3AY	329	0.023222829760218958	0.0037235829079606425	0.12444566371733096	-0.96930692780075189
no_purity|endometrioid_grade_matched|base_refit|WT1	TCGA-EO-A3L0	332	0.01562245472957598	0.0037627596543138081	0.1085547669150472	-1.1933849477045833
no_purity|endometrioid_grade_matched|base_refit|WT1	TCGA-EY-A1GC	333	0.020284639514846194	0.0043310456110478481	0.10512492571595332	-1.1206925273276842
no_purity|endometrioid_grade_matched|base_refit|WT1	TCGA-EY-A1GD	334	0.024826071373239795	0.0095756687065561702	0.20669114495919869	1.5047978533389523
no_purity|endometrioid_grade_matched|base_refit|WT1	TCGA-EY-A1GE	335	0.040275299113623056	0.0076517882193562238	0.19164272826725823	-1.0460817752224152
no_purity|endometrioid_grade_matched|base_refit|WT1	TCGA-EY-A1GH	337	0.016905080814182426	0.0051864253591730504	0.13355023174069741	-1.3466954636186843
no_purity|endometrioid_grade_matched|base_refit|WT1	TCGA-EY-A1GI	338	0.023283547255273575	0.0026004862776887595	0.10397303904883959	-0.80865279770201226
no_purity|endometrioid_grade_matched|base_refit|WT1	TCGA-EY-A1GL	340	0.018665405712903239	0.0075450358253341338	0.16564320586288825	1.5456063196771199
no_purity|endometrioid_grade_matched|base_refit|WT1	TCGA-EY-A1GP	342	0.021920242842078271	0.0047126492150671257	0.10661921844925812	1.1236333402268421
no_purity|endometrioid_grade_matched|base_refit|WT1	TCGA-EY-A1GR	344	0.021997379965983367	0.0057046341193952481	0.12082353535130323	-1.2344605251719927
no_purity|endometrioid_grade_matched|base_refit|WT1	TCGA-EY-A1GU	346	0.017357463844459221	0.0090802273027859697	0.17713055310850939	1.7611330947926935
no_purity|endometrioid_grade_matched|base_refit|WT1	TCGA-EY-A1H0	349	0.015159191001262555	0.0075389154783614852	0.15528615865404563	1.7187139393931032
no_purity|endometrioid_grade_matched|base_refit|WT1	TCGA-EY-A2OQ	354	0.019829188656040095	0.0051868941116839729	0.11733495127416474	1.2411964435990017
no_purity|endometrioid_grade_matched|base_refit|WT1	TCGA-EY-A3L3	355	0.022418781775388204	0.012555008372858978	0.13883459868642525	1.8179636274488502
no_purity|endometrioid_grade_matched|base_refit|WT1	TCGA-EY-A72D	361	0.018523096764356088	0.0063455027738093988	0.12091697702308883	1.4222743616289446
no_purity|endometrioid_grade_matched|base_refit|WT1	TCGA-FI-A2D0	363	0.024162252460980707	0.010383458207871296	0.20729040774171256	1.5894570599534699
no_purity|endometrioid_grade_matched|base_refit|WT1	TCGA-FI-A2D5	365	0.023219236913815985	0.0036327905357428367	0.12274612282456669	-0.95746335539091976
no_purity|endometrioid_grade_matched|base_refit|WT1	TCGA-QF-A5YS	372	0.03000246348304416	0.015040566803657727	0.26157673826390854	1.7125010049011034
no_purity|endometrioid_grade_matched|base_refit|WT1	TCGA-QS-A5YQ	374	0.029461857047230099	0.003255115057040616	0.12449080648209862	-0.80172991149688577
no_purity|endometrioid_grade_matched|base_refit|WT1	TCGA-SL-A6J9	379	0.022827140380127439	0.0074380585617552447	0.13937177524840866	-1.3838678220551226
no_purity|endometrioid_grade_matched|base_plus_binary_grade|WT1	TCGA-5B-A90C	2	0.03247770489722944	0.0087390506684780697	0.15094592979653959	1.3514446397218702
no_purity|endometrioid_grade_matched|base_plus_binary_grade|WT1	TCGA-A5-A0GH	8	0.017107271423869266	0.0077727846770086631	0.11094827621884087	1.7731329283659869
no_purity|endometrioid_grade_matched|base_plus_binary_grade|WT1	TCGA-A5-A0VQ	24	0.021754343776600071	0.0067962308515462965	0.16202286079931605	1.4648674064399718
no_purity|endometrioid_grade_matched|base_plus_binary_grade|WT1	TCGA-A5-A3LO	29	0.020283880500105798	0.0044986905588646027	0.11207791189299858	1.2341564404601724
no_purity|endometrioid_grade_matched|base_plus_binary_grade|WT1	TCGA-AJ-A2QK	32	0.025029647644070899	0.0041565818763432284	0.10545155185509046	-1.0647880851668345
no_purity|endometrioid_grade_matched|base_plus_binary_grade|WT1	TCGA-AJ-A2QL	33	0.017624111746245463	0.0061703642295768265	0.13196349296444584	-1.5545712682672199
no_purity|endometrioid_grade_matched|base_plus_binary_grade|WT1	TCGA-AJ-A3EL	40	0.02706753138871008	0.0044338143631718219	0.12964926946724439	-1.0563847111160385
no_purity|endometrioid_grade_matched|base_plus_binary_grade|WT1	TCGA-AJ-A3EM	41	0.023811716369955577	0.009672734610800187	0.13521856506740887	1.6700573481029906
no_purity|endometrioid_grade_matched|base_plus_binary_grade|WT1	TCGA-AJ-A3I9	42	0.02138857028042419	0.0055909607163308296	0.10562945053312872	-1.3395757805781532
no_purity|endometrioid_grade_matched|base_plus_binary_grade|WT1	TCGA-AJ-A3OL	45	0.022404218962707112	0.01038835115732027	0.19938559895925032	1.7865116206966691
no_purity|endometrioid_grade_matched|base_plus_binary_grade|WT1	TCGA-AJ-A5DW	47	0.030158341394327243	0.003121178508698069	0.10841700549887882	-0.83788024289357466
no_purity|endometrioid_grade_matched|base_plus_binary_grade|WT1	TCGA-AJ-A6NU	48	0.033178034816219323	0.0078273187567547611	0.14354610827981312	-1.2645938792513329
no_purity|endometrioid_grade_matched|base_plus_binary_grade|WT1	TCGA-AJ-A8CT	49	0.039352608240024026	0.004999634786456225	0.14675922692753524	-0.92412052783602594
no_purity|endometrioid_grade_matched|base_plus_binary_grade|WT1	TCGA-AP-A051	52	0.024918588554711428	0.004022695970039185	0.13421180105888678	-1.0498461522220974
no_purity|endometrioid_grade_matched|base_plus_binary_grade|WT1	TCGA-AP-A056	54	0.029626763831907099	0.0035649765298811959	0.10963239477575899	0.90385413608204712
no_purity|endometrioid_grade_matched|base_plus_binary_grade|WT1	TCGA-AP-A0LF	60	0.020497717886111207	0.0036434814874829161	0.1027284487585559	1.1042938653920824
no_purity|endometrioid_grade_matched|base_plus_binary_grade|WT1	TCGA-AP-A0LL	63	0.018087669852172611	0.0031608426442980698	0.10845874093535429	-1.0962576259036858
no_purity|endometrioid_grade_matched|base_plus_binary_grade|WT1	TCGA-AP-A1DR	75	0.01433505464084619	0.0046399991333428833	0.11419165975185661	1.4968976902534734
no_purity|endometrioid_grade_matched|base_plus_binary_grade|WT1	TCGA-AP-A1E0	77	0.032266055642152819	0.0070561497352172545	0.15583702276519906	1.2179189958656926
no_purity|endometrioid_grade_matched|base_plus_binary_grade|WT1	TCGA-AX-A05Z	87	0.030346826034410215	0.0052426076869655207	0.14402272845000405	-1.0831155148287477
no_purity|endometrioid_grade_matched|base_plus_binary_grade|WT1	TCGA-AX-A06F	93	0.026100830857699181	0.0034221741729010351	0.11796227230336472	0.94529663620640236
no_purity|endometrioid_grade_matched|base_plus_binary_grade|WT1	TCGA-AX-A06H	94	0.022672639653539568	0.0063422704355920994	0.15038736304556669	-1.3850740023634787
no_purity|endometrioid_grade_matched|base_plus_binary_grade|WT1	TCGA-AX-A06J	95	0.025074408658817965	0.0050765602353703152	0.13017546898846002	1.1760519141373156
no_purity|endometrioid_grade_matched|base_plus_binary_grade|WT1	TCGA-AX-A1CK	107	0.024136746103437093	0.0030038597958101081	0.10747465772795783	-0.92184253278538553
no_purity|endometrioid_grade_matched|base_plus_binary_grade|WT1	TCGA-AX-A2HH	114	0.0332358770802628	0.012886885360879227	0.19655095088944463	1.6234061100234145
no_purity|endometrioid_grade_matched|base_plus_binary_grade|WT1	TCGA-AX-A2HK	116	0.02143204392332344	0.008145578708018613	0.12469741314963086	1.6169968315584531
no_purity|endometrioid_grade_matched|base_plus_binary_grade|WT1	TCGA-AX-A3G1	124	0.023408603315649701	0.0056049107015633138	0.12610328511197344	-1.2804809522402822
no_purity|endometrioid_grade_matched|base_plus_binary_grade|WT1	TCGA-AX-A3GB	127	0.050816730147579599	0.0046565647606862347	0.1481858422078135	0.77987666512581311
no_purity|endometrioid_grade_matched|base_plus_binary_grade|WT1	TCGA-B5-A0JX	133	0.024420298697668395	0.0096806221597025965	0.15356162932133016	-1.6491215708999687
no_purity|endometrioid_grade_matched|base_plus_binary_grade|WT1	TCGA-B5-A11N	149	0.046718429069811614	0.0079379720713929486	0.18517100650583174	-1.0649965483148147
no_purity|endometrioid_grade_matched|base_plus_binary_grade|WT1	TCGA-B5-A11Z	159	0.020731204027755301	0.0037101554364698127	0.1248703145270596	1.1079389546635916
no_purity|endometrioid_grade_matched|base_plus_binary_grade|WT1	TCGA-B5-A1MR	161	0.030147940870792797	0.0095390114924106834	0.18242871412359857	-1.4678917276895094
no_purity|endometrioid_grade_matched|base_plus_binary_grade|WT1	TCGA-B5-A3F9	166	0.022566832194904542	0.004583575272537479	0.10466166945258713	1.1794687102823052
no_purity|endometrioid_grade_matched|base_plus_binary_grade|WT1	TCGA-B5-A3FA	167	0.027711795214054171	0.0086872584428152478	0.20213786056469407	1.4629062988150741
no_purity|endometrioid_grade_matched|base_plus_binary_grade|WT1	TCGA-B5-A3FC	169	0.02688315922829182	0.0064382615590638211	0.16168682886022553	-1.2783316455410341
no_purity|endometrioid_grade_matched|base_plus_binary_grade|WT1	TCGA-B5-A3FH	171	0.017047852927267251	0.0041578507395476257	0.12835350654553451	-1.2966117758461975
no_purity|endometrioid_grade_matched|base_plus_binary_grade|WT1	TCGA-B5-A5OC	172	0.023440230649670629	0.0082819664300232913	0.16338830737075838	-1.557075683845087
no_purity|endometrioid_grade_matched|base_plus_binary_grade|WT1	TCGA-BG-A0LW	173	0.024973631990694207	0.0065937013607951572	0.17492334479643587	1.3438425836506109
no_purity|endometrioid_grade_matched|base_plus_binary_grade|WT1	TCGA-BG-A0MK	185	0.035581957597520669	0.0042557181745660677	0.12785121204359107	0.89834078578132681
no_purity|endometrioid_grade_matched|base_plus_binary_grade|WT1	TCGA-BG-A0VX	194	0.029586619832054913	0.007066227245886696	0.18040048999965061	1.2747826683163699
no_purity|endometrioid_grade_matched|base_plus_binary_grade|WT1	TCGA-BG-A18C	203	0.030049718668675653	0.0052356076903117173	0.11597726985167049	1.0879116949511154
no_purity|endometrioid_grade_matched|base_plus_binary_grade|WT1	TCGA-BK-A139	209	0.024360823425575648	0.0053052484987324098	0.12154174552949917	-1.2203499792942216
no_purity|endometrioid_grade_matched|base_plus_binary_grade|WT1	TCGA-BK-A6W3	214	0.029100818172681731	0.0057508638670502659	0.15038816062336577	1.1594441909017041
no_purity|endometrioid_grade_matched|base_plus_binary_grade|WT1	TCGA-BS-A0T9	216	0.028087443276624331	0.0038233549328990381	0.11684192822165461	0.96224530937697117
no_purity|endometrioid_grade_matched|base_plus_binary_grade|WT1	TCGA-BS-A0UF	229	0.026622407505953863	0.005597319652902626	0.14876160964581545	-1.1975896921219804
no_purity|endometrioid_grade_matched|base_plus_binary_grade|WT1	TCGA-BS-A0V7	236	0.040119569078633621	0.013791140135804916	0.26081234654623142	-1.522451119670762
no_purity|endometrioid_grade_matched|base_plus_binary_grade|WT1	TCGA-BS-A0WQ	239	0.020637380631084591	0.0051412833860788303	0.14805997750915448	1.3081024609641403
no_purity|endometrioid_grade_matched|base_plus_binary_grade|WT1	TCGA-D1-A0ZQ	242	0.012107849192725006	0.004775712816453075	0.11112315132966755	-1.65537908417636
no_purity|endometrioid_grade_matched|base_plus_binary_grade|WT1	TCGA-D1-A103	250	0.028138960645967673	0.0054300931681775504	0.16528021233316656	1.1462593812278532
no_purity|endometrioid_grade_matched|base_plus_binary_grade|WT1	TCGA-D1-A16X	269	0.029028609213669461	0.0041440329027106412	0.14078181752881772	0.98499363562266762
no_purity|endometrioid_grade_matched|base_plus_binary_grade|WT1	TCGA-D1-A16Y	270	0.034983945586475551	0.021476368924219901	0.30939885635178616	2.0450414412518518
no_purity|endometrioid_grade_matched|base_plus_binary_grade|WT1	TCGA-D1-A17A	274	0.032077197464522804	0.0089178817774265198	0.20694190381684185	1.3740960037233889
no_purity|endometrioid_grade_matched|base_plus_binary_grade|WT1	TCGA-D1-A17L	281	0.019759546566494854	0.0051973115747920911	0.14926366003611383	-1.344885341966146
no_purity|endometrioid_grade_matched|base_plus_binary_grade|WT1	TCGA-D1-A17S	286	0.017122625240256109	0.0031550002855179901	0.10446605783101948	-1.1263390282707024
no_purity|endometrioid_grade_matched|base_plus_binary_grade|WT1	TCGA-D1-A2G6	297	0.018804735137994716	0.0042280486410265945	0.1092770229457921	1.243598561559762
no_purity|endometrioid_grade_matched|base_plus_binary_grade|WT1	TCGA-D1-A3DA	298	0.0183728243994279	0.0033174401049733972	0.11390528709325565	1.1142331370960081
no_purity|endometrioid_grade_matched|base_plus_binary_grade|WT1	TCGA-D1-A3DG	299	0.020766280935650756	0.0092223623347598219	0.13968283238139281	1.7495535466406367
no_purity|endometrioid_grade_matched|base_plus_binary_grade|WT1	TCGA-D1-A3DH	300	0.023702502493794006	0.01458206103403438	0.14919465701470194	2.0593303246090318
no_purity|endometrioid_grade_matched|base_plus_binary_grade|WT1	TCGA-DF-A2KU	304	0.026049754109033908	0.0063883398871343398	0.16242910908421559	-1.2941992020318198
no_purity|endometrioid_grade_matched|base_plus_binary_grade|WT1	TCGA-DF-A2KV	305	0.026061231467280337	0.0026520049311489738	0.11286435860111335	-0.83258069124544209
no_purity|endometrioid_grade_matched|base_plus_binary_grade|WT1	TCGA-DF-A2KZ	306	0.022922144642962765	0.0038454322179128377	0.1131389120073257	1.0713821160387056
no_purity|endometrioid_grade_matched|base_plus_binary_grade|WT1	TCGA-E6-A1M0	314	0.026028671244709225	0.0028903867955056965	0.11007547343500791	-0.86982667629561861
no_purity|endometrioid_grade_matched|base_plus_binary_grade|WT1	TCGA-EC-A1NJ	316	0.016925454913560463	0.0064868369514588702	0.12555244314105099	-1.6275858270170209
no_purity|endometrioid_grade_matched|base_plus_binary_grade|WT1	TCGA-EO-A22R	320	0.02474164274011045	0.0051990371414673796	0.15660246280750864	1.1984203486693035
no_purity|endometrioid_grade_matched|base_plus_binary_grade|WT1	TCGA-EO-A22U	323	0.026837857557483739	0.0072636113096701685	0.17927724773408049	1.3593638672378172
no_purity|endometrioid_grade_matched|base_plus_binary_grade|WT1	TCGA-EO-A3AS	326	0.022776745881522072	0.0060246598142526704	0.11724978185517182	1.3465982754952166
no_purity|endometrioid_grade_matched|base_plus_binary_grade|WT1	TCGA-EO-A3AV	328	0.028516498944832207	0.0088973596576079981	0.17948006980393472	-1.4588251571276905
no_purity|endometrioid_grade_matched|base_plus_binary_grade|WT1	TCGA-EO-A3AY	329	0.025076503191422395	0.0035665241112871164	0.12613086377999047	-0.98515888035336996
no_purity|endometrioid_grade_matched|base_plus_binary_grade|WT1	TCGA-EO-A3L0	332	0.020732501686711053	0.0045087664218593738	0.10306304537483467	-1.221767562371735
no_purity|endometrioid_grade_matched|base_plus_binary_grade|WT1	TCGA-EY-A1GD	334	0.029753681952178399	0.010261987564554787	0.2169284156043941	1.5332689576519603
no_purity|endometrioid_grade_matched|base_plus_binary_grade|WT1	TCGA-EY-A1GE	335	0.041082437048963256	0.006822911272415153	0.19471792908672514	-1.0559983889759688
no_purity|endometrioid_grade_matched|base_plus_binary_grade|WT1	TCGA-EY-A1GH	337	0.019372379392912566	0.0049692762967863385	0.14484485252801779	-1.3283102945541503
no_purity|endometrioid_grade_matched|base_plus_binary_grade|WT1	TCGA-EY-A1GL	340	0.018706690795991875	0.0064470932843267194	0.16191682978699534	1.5414499260939736
no_purity|endometrioid_grade_matched|base_plus_binary_grade|WT1	TCGA-EY-A1GP	342	0.028826900570038609	0.0056753018462167501	0.12087512685600123	1.1574172291002478
no_purity|endometrioid_grade_matched|base_plus_binary_grade|WT1	TCGA-EY-A1GR	344	0.022127761551396757	0.004942466787570733	0.11860840974643552	-1.2373750563245238
no_purity|endometrioid_grade_matched|base_plus_binary_grade|WT1	TCGA-EY-A1GU	346	0.018865102006860646	0.0086049051712213092	0.15379487427175417	1.7750147657070954
no_purity|endometrioid_grade_matched|base_plus_binary_grade|WT1	TCGA-EY-A1GW	347	0.050308617632543004	0.0027149652861999025	0.10680529425245545	-0.59845049409109863
no_purity|endometrioid_grade_matched|base_plus_binary_grade|WT1	TCGA-EY-A1H0	349	0.018994922500774055	0.0083609880766558654	0.15532670630232995	1.7433131714192307
no_purity|endometrioid_grade_matched|base_plus_binary_grade|WT1	TCGA-EY-A2OQ	354	0.020047155167804098	0.0044468330586333723	0.11374813543500586	1.2343960315778468
no_purity|endometrioid_grade_matched|base_plus_binary_grade|WT1	TCGA-EY-A3L3	355	0.022789145775454926	0.010836180565804956	0.13311371702145455	1.8089752718381056
no_purity|endometrioid_grade_matched|base_plus_binary_grade|WT1	TCGA-EY-A72D	361	0.018861768256598813	0.0054764423272881954	0.11633609566157777	1.4140073649812319
no_purity|endometrioid_grade_matched|base_plus_binary_grade|WT1	TCGA-FI-A2D0	363	0.025611337475060253	0.0092722612208095342	0.20484978486226349	1.5745227002497937
no_purity|endometrioid_grade_matched|base_plus_binary_grade|WT1	TCGA-FI-A2D5	365	0.024965470770018264	0.0034619640124644558	0.12437196735221127	-0.97279032764811035
no_purity|endometrioid_grade_matched|base_plus_binary_grade|WT1	TCGA-QF-A5YS	372	0.033222533224033013	0.014695450496539319	0.27793028046015045	1.7348063292607456
no_purity|endometrioid_grade_matched|base_plus_binary_grade|WT1	TCGA-QS-A5YQ	374	0.032027501892376936	0.0029004521688761305	0.12661483580693103	-0.78293738986596162
no_purity|endometrioid_grade_matched|base_plus_binary_grade|WT1	TCGA-QS-A744	376	0.019609684092702084	0.0056245858225182311	0.11404969556048819	1.4048275389896747
no_purity|endometrioid_grade_matched|base_plus_binary_grade|WT1	TCGA-SL-A6J9	379	0.023103572260782978	0.0064992013267182727	0.13617623413565885	-1.3886797243444617
no_purity|endometrioid_grade_matched|base_refit|PAX8	TCGA-2E-A9G8	0	0.018360084858449862	0.0055581457454650001	0.11304479426419145	1.3367015847821135
no_purity|endometrioid_grade_matched|base_refit|PAX8	TCGA-A5-A0GH	8	0.015848976081842797	0.014496981572682026	0.14392047995550986	2.3378422678693966
no_purity|endometrioid_grade_matched|base_refit|PAX8	TCGA-A5-A0GJ	10	0.02387908417452677	0.006681408678706654	0.1204213253653668	-1.281220218601504
no_purity|endometrioid_grade_matched|base_refit|PAX8	TCGA-A5-A0GW	17	0.019014628041408951	0.0066133306698666046	0.15296880871470392	-1.4327879463918534
no_purity|endometrioid_grade_matched|base_refit|PAX8	TCGA-A5-A0R7	19	0.015498677270093408	0.0039079922162929054	0.10558173397900604	-1.22123057975889
no_purity|endometrioid_grade_matched|base_refit|PAX8	TCGA-A5-A1OJ	25	0.032242634154346375	0.0049352854515811954	0.12519579776308107	0.94261682919627066
no_purity|endometrioid_grade_matched|base_refit|PAX8	TCGA-A5-A2K5	27	0.023107647721960278	0.0030672292602628741	0.11870602585219228	-0.88179043345507424
no_purity|endometrioid_grade_matched|base_refit|PAX8	TCGA-A5-A3LO	29	0.020155857761767225	0.0053588185027412631	0.1160829846079925	-1.2511666830735297
no_purity|endometrioid_grade_matched|base_refit|PAX8	TCGA-AJ-A2QK	32	0.024390210060282771	0.0051164880846354755	0.11383589249659273	-1.1084709303730029
no_purity|endometrioid_grade_matched|base_refit|PAX8	TCGA-AJ-A3BK	39	0.018427545758526412	0.0032308845898754621	0.10649496667910585	-1.016208216364626
no_purity|endometrioid_grade_matched|base_refit|PAX8	TCGA-AJ-A3EL	40	0.025849870126823365	0.0032242880763766698	0.10506941861697275	0.85353049885897359
no_purity|endometrioid_grade_matched|base_refit|PAX8	TCGA-AJ-A3EM	41	0.023782689540517807	0.0079150054382615062	0.11499681988941313	1.397963713465322
no_purity|endometrioid_grade_matched|base_refit|PAX8	TCGA-AJ-A5DW	47	0.023551363362530841	0.0030138440580574116	0.11086190201939237	-0.8655804311977171
no_purity|endometrioid_grade_matched|base_refit|PAX8	TCGA-AJ-A6NU	48	0.024357684978452653	0.0043013119802025671	0.10437140561482693	1.0167706249222046
no_purity|endometrioid_grade_matched|base_refit|PAX8	TCGA-AJ-A8CT	49	0.039066157537512296	0.0038234659815320486	0.12727623377699596	0.75075426172292425
no_purity|endometrioid_grade_matched|base_refit|PAX8	TCGA-AP-A051	52	0.023211400458864051	0.006607361630347813	0.16558472457529333	1.2927890340772039
no_purity|endometrioid_grade_matched|base_refit|PAX8	TCGA-AP-A056	54	0.028186723078734439	0.0088518015461023104	0.16453757176866446	-1.3547017175546978
no_purity|endometrioid_grade_matched|base_refit|PAX8	TCGA-AP-A059	55	0.028542574703441376	0.0061482217565093141	0.13637545328337425	1.1208929054718657
no_purity|endometrioid_grade_matched|base_refit|PAX8	TCGA-AP-A0LM	64	0.032589556323663012	0.0042498619020584797	0.11727657683641401	0.86973734077632003
no_purity|endometrioid_grade_matched|base_refit|PAX8	TCGA-AP-A0LT	69	0.014050040015610197	0.010097672590595998	0.10972121248169832	2.0709569336949656
no_purity|endometrioid_grade_matched|base_refit|PAX8	TCGA-AP-A1E0	77	0.024852589397756902	0.010102126502519843	0.19527943007459317	1.5450162698207122
no_purity|endometrioid_grade_matched|base_refit|PAX8	TCGA-AX-A05Z	87	0.025828615163691022	0.0037903712378873035	0.11975316319656662	0.92597882265168052
no_purity|endometrioid_grade_matched|base_refit|PAX8	TCGA-AX-A060	88	0.013050702187274818	0.0084179036881682906	0.15095921311839189	1.961784765009071
no_purity|endometrioid_grade_matched|base_refit|PAX8	TCGA-AX-A06B	92	0.024617268395326148	0.0064772581832312015	0.12819783740981699	-1.2418024037130242
no_purity|endometrioid_grade_matched|base_refit|PAX8	TCGA-AX-A06F	93	0.024599350234442929	0.006818126179316532	0.15932908644121485	1.2746746156254989
no_purity|endometrioid_grade_matched|base_refit|PAX8	TCGA-AX-A1CF	104	0.018479585478455338	0.0078167506673208868	0.1398357211641845	1.5814656497653146
no_purity|endometrioid_grade_matched|base_refit|PAX8	TCGA-AX-A1CI	105	0.015739992682880226	0.0062084094827914342	0.142100986263202	1.5289443236765348
no_purity|endometrioid_grade_matched|base_refit|PAX8	TCGA-AX-A2HK	116	0.021186748206559379	0.0066526366208471141	0.10819881605390874	1.3595053752181285
no_purity|endometrioid_grade_matched|base_refit|PAX8	TCGA-AX-A2IN	117	0.01816555712950433	0.003670614304278552	0.11451328696939769	1.0913155077736425
no_purity|endometrioid_grade_matched|base_refit|PAX8	TCGA-AX-A3FV	120	0.02822867751692865	0.015629788502313845	0.20897934101568602	1.8021320225354007
no_purity|endometrioid_grade_matched|base_refit|PAX8	TCGA-AX-A3GB	127	0.031141917804545706	0.006873577426603745	0.17637413881089192	-1.1331537966907379
no_purity|endometrioid_grade_matched|base_refit|PAX8	TCGA-B5-A0K0	135	0.013285365216324292	0.0061036498268253374	0.10658636432428888	-1.6530286397210363
no_purity|endometrioid_grade_matched|base_refit|PAX8	TCGA-B5-A11N	149	0.045542097851973648	0.0058002507471071399	0.14550458124605398	0.85371675209079079
no_purity|endometrioid_grade_matched|base_refit|PAX8	TCGA-B5-A11U	155	0.014658834363709149	0.004295957771532668	0.11282356265826203	-1.3175739277112759
no_purity|endometrioid_grade_matched|base_refit|PAX8	TCGA-B5-A1MR	161	0.027981277045120607	0.0046096097581512403	0.12236962453172547	-0.98014083357718684
no_purity|endometrioid_grade_matched|base_refit|PAX8	TCGA-B5-A3FA	167	0.024832050107918367	0.011726655411936506	0.23066769832089362	1.6661810939026311
no_purity|endometrioid_grade_matched|base_refit|PAX8	TCGA-B5-A3FC	169	0.024801722104281484	0.0057854521323977308	0.14831903138585611	-1.1688580893129303
no_purity|endometrioid_grade_matched|base_refit|PAX8	TCGA-BG-A0LW	173	0.024821242874677574	0.0069403447205452122	0.16846622938802439	-1.2801654508116282
no_purity|endometrioid_grade_matched|base_refit|PAX8	TCGA-BG-A0MG	183	0.016096488617957209	0.0054594543485673381	0.12920821488044978	1.416914455489251
no_purity|endometrioid_grade_matched|base_refit|PAX8	TCGA-BG-A0VX	194	0.025781575116197577	0.0044290743156365168	0.13347481321908697	-1.0020928910865341
no_purity|endometrioid_grade_matched|base_refit|PAX8	TCGA-BG-A18C	203	0.019021102158133258	0.0042468509045040948	0.10407966117615203	-1.1468420166623219
no_purity|endometrioid_grade_matched|base_refit|PAX8	TCGA-BK-A139	209	0.024212279600221619	0.0072020799445054037	0.1343422826638713	-1.3209774031260659
no_purity|endometrioid_grade_matched|base_refit|PAX8	TCGA-BK-A6W3	214	0.023815085502459775	0.0043761244272763483	0.13345365244412952	-1.0375396836003798
no_purity|endometrioid_grade_matched|base_refit|PAX8	TCGA-BS-A0TC	218	0.038631404868301362	0.019705505116236987	0.29847021311375599	1.71978748131648
no_purity|endometrioid_grade_matched|base_refit|PAX8	TCGA-BS-A0TE	220	0.010640962519827317	0.00566621981721303	0.10722726801192391	1.7830648689066886
no_purity|endometrioid_grade_matched|base_refit|PAX8	TCGA-BS-A0UF	229	0.025072646845672262	0.0046869465368504625	0.1303178083372121	-1.0458296410960228
no_purity|endometrioid_grade_matched|base_refit|PAX8	TCGA-BS-A0V4	234	0.026469421036902058	0.011689210015618663	0.22047214098340537	1.6094956830780913
no_purity|endometrioid_grade_matched|base_refit|PAX8	TCGA-D1-A0ZZ	247	0.024641763881600186	0.013014606394620544	0.14577848647580141	1.763009619502157
no_purity|endometrioid_grade_matched|base_refit|PAX8	TCGA-D1-A16J	263	0.015741112291468247	0.0058103104040203605	0.13368001462840395	1.4787622758611445
no_purity|endometrioid_grade_matched|base_refit|PAX8	TCGA-D1-A16V	268	0.019752027976949995	0.0060288563727435573	0.12864787895014268	-1.3412737007648159
no_purity|endometrioid_grade_matched|base_refit|PAX8	TCGA-D1-A16X	269	0.025238624734956729	0.003452754509263291	0.12023169682751407	0.89424961497886613
no_purity|endometrioid_grade_matched|base_refit|PAX8	TCGA-D1-A16Y	270	0.030561844045385644	0.018879754911731546	0.27241183959928605	1.9021947845473015
no_purity|endometrioid_grade_matched|base_refit|PAX8	TCGA-D1-A177	273	0.019695614462594734	0.016612451205233341	0.20654560729012095	2.2392381757978463
no_purity|endometrioid_grade_matched|base_refit|PAX8	TCGA-D1-A1O8	295	0.023688523678606813	0.0066642972411281422	0.16390893416787933	-1.284856310002173
no_purity|endometrioid_grade_matched|base_refit|PAX8	TCGA-D1-A3DG	299	0.020588089109723786	0.010643915858476611	0.14327241125952528	1.7477832976055281
no_purity|endometrioid_grade_matched|base_refit|PAX8	TCGA-D1-A3DH	300	0.023345980129699781	0.010451640900350346	0.12229757746092718	1.6232177746194683
no_purity|endometrioid_grade_matched|base_refit|PAX8	TCGA-DF-A2KS	303	0.021062771006690184	0.006133600538919831	0.12381636917680933	-1.3090791744648442
no_purity|endometrioid_grade_matched|base_refit|PAX8	TCGA-DF-A2KU	304	0.024348520760447249	0.0049200928863370984	0.13699673375978749	1.0878764011357913
no_purity|endometrioid_grade_matched|base_refit|PAX8	TCGA-DF-A2KV	305	0.023472975754813268	0.014649898262883277	0.25984154895561934	1.91910640433041
no_purity|endometrioid_grade_matched|base_refit|PAX8	TCGA-DI-A1NO	312	0.033134433007268919	0.022669625208027393	0.24020379992193405	2.0001924275733893
no_purity|endometrioid_grade_matched|base_refit|PAX8	TCGA-E6-A1M0	314	0.024927765777104767	0.0039307097409059357	0.1217900326377276	-0.96037942876426663
no_purity|endometrioid_grade_matched|base_refit|PAX8	TCGA-EO-A22T	322	0.018658053846398362	0.0045435022909104533	0.12921479095341681	1.1981192312354139
no_purity|endometrioid_grade_matched|base_refit|PAX8	TCGA-EO-A22X	324	0.026295810956378177	0.0071896495214895766	0.15477386347632413	-1.264872707604509
no_purity|endometrioid_grade_matched|base_refit|PAX8	TCGA-EO-A3AS	326	0.021355405985730824	0.0053815847855815313	0.11215860161356643	-1.2172170001274045
no_purity|endometrioid_grade_matched|base_refit|PAX8	TCGA-EO-A3AV	328	0.026818272472596657	0.004313043201979591	0.11973716282353801	0.96897758251690036
no_purity|endometrioid_grade_matched|base_refit|PAX8	TCGA-EO-A3B0	330	0.026307472672481912	0.0052526330560460121	0.1322595307062778	-1.0802696684196373
no_purity|endometrioid_grade_matched|base_refit|PAX8	TCGA-EO-A3L0	332	0.01562245472957598	0.0048374818615704723	0.12308505799872199	1.35385855787857
no_purity|endometrioid_grade_matched|base_refit|PAX8	TCGA-EY-A1GE	335	0.040275299113623056	0.0083668950940688127	0.20039783997352656	-1.0940211366034125
no_purity|endometrioid_grade_matched|base_refit|PAX8	TCGA-EY-A1GI	338	0.023283547255273575	0.0025386751905049514	0.10272993763157295	-0.79896794474503063
no_purity|endometrioid_grade_matched|base_refit|PAX8	TCGA-EY-A1GL	340	0.018665405712903239	0.011723695980716152	0.20647869563699114	1.9300565574299768
no_purity|endometrioid_grade_matched|base_refit|PAX8	TCGA-EY-A1GR	344	0.021997379965983367	0.0062187699891436332	0.12615076505964215	-1.2891258378515824
no_purity|endometrioid_grade_matched|base_refit|PAX8	TCGA-EY-A1GU	346	0.017357463844459221	0.0098883601014864552	0.18484480758256433	1.8385112194847737
no_purity|endometrioid_grade_matched|base_refit|PAX8	TCGA-EY-A547	356	0.023823847311602045	0.009611687767593545	0.11949071537992682	1.5400202291593272
no_purity|endometrioid_grade_matched|base_refit|PAX8	TCGA-FI-A2D5	365	0.023219236913815985	0.0033173660922935578	0.11729629783146248	-0.91485543674791658
no_purity|endometrioid_grade_matched|base_refit|PAX8	TCGA-FI-A2F9	368	0.024316469316866526	0.0072200302982450351	0.10295098511104668	1.3197096417078671
no_purity|endometrioid_grade_matched|base_refit|PAX8	TCGA-QS-A5YQ	374	0.029461857047230099	0.0088343078391086866	0.20508805798914131	1.3227317412852371
no_purity|endometrioid_grade_matched|base_plus_binary_grade|PAX8	TCGA-2E-A9G8	0	0.028139739607390586	0.006378246802715413	0.12456654083422487	1.2426742943494173
no_purity|endometrioid_grade_matched|base_plus_binary_grade|PAX8	TCGA-5B-A90C	2	0.03247770489722944	0.0061646599188854715	0.12677798353743314	-1.134247149982843
no_purity|endometrioid_grade_matched|base_plus_binary_grade|PAX8	TCGA-A5-A0GH	8	0.017107271423869266	0.013863427285407135	0.14817247835490924	2.3758950585076608
no_purity|endometrioid_grade_matched|base_plus_binary_grade|PAX8	TCGA-A5-A0GJ	10	0.029915631424862622	0.0081833205417653227	0.14031880192838977	-1.3644865954462757
no_purity|endometrioid_grade_matched|base_plus_binary_grade|PAX8	TCGA-A5-A0GW	17	0.020932733749155316	0.0058839016495876376	0.14712433688151835	-1.3896806486403448
no_purity|endometrioid_grade_matched|base_plus_binary_grade|PAX8	TCGA-A5-A0R7	19	0.016797626743757836	0.0038597427067221003	0.11675699645686471	-1.2585325378693406
no_purity|endometrioid_grade_matched|base_plus_binary_grade|PAX8	TCGA-A5-A1OJ	25	0.032550973444918696	0.0044366168153835801	0.1275751376802377	0.9606434575414744
no_purity|endometrioid_grade_matched|base_plus_binary_grade|PAX8	TCGA-A5-A2K5	27	0.025518262617132248	0.0025985668837740115	0.11185516620076305	-0.8331046699092528
no_purity|endometrioid_grade_matched|base_plus_binary_grade|PAX8	TCGA-A5-A3LO	29	0.020283880500105798	0.0045395465749939138	0.11258569381175847	-1.239770917527071
no_purity|endometrioid_grade_matched|base_plus_binary_grade|PAX8	TCGA-AJ-A2QK	32	0.025029647644070899	0.0043007746648183447	0.10726502784601384	-1.0831566129679981
no_purity|endometrioid_grade_matched|base_plus_binary_grade|PAX8	TCGA-AJ-A2QL	33	0.017624111746245463	0.00405492891594983	0.10697690396213821	-1.2588241071646034
no_purity|endometrioid_grade_matched|base_plus_binary_grade|PAX8	TCGA-AJ-A3EL	40	0.02706753138871008	0.0031461088126929532	0.10921145437228	0.8894706546254495
no_purity|endometrioid_grade_matched|base_plus_binary_grade|PAX8	TCGA-AJ-A3EM	41	0.023811716369955577	0.0068460632895976049	0.11375805071097014	1.4034702888199608
no_purity|endometrioid_grade_matched|base_plus_binary_grade|PAX8	TCGA-AJ-A5DV	46	0.01690205645591028	0.0039272366248730862	0.10463802685978053	1.2655233363490634
no_purity|endometrioid_grade_matched|base_plus_binary_grade|PAX8	TCGA-AJ-A5DW	47	0.030158341394327243	0.0040199951690544806	0.12304128821927597	-0.95115903928121903
no_purity|endometrioid_grade_matched|base_plus_binary_grade|PAX8	TCGA-AJ-A6NU	48	0.033178034816219323	0.0042028994795443586	0.10518635701218047	0.92573865663709765
no_purity|endometrioid_grade_matched|base_plus_binary_grade|PAX8	TCGA-AJ-A8CT	49	0.039352608240024026	0.0031532667719019955	0.11655116851452738	0.73359490680645467
no_purity|endometrioid_grade_matched|base_plus_binary_grade|PAX8	TCGA-AP-A051	52	0.024918588554711428	0.0065022863227926922	0.17063383195192286	1.3359677449360792
no_purity|endometrioid_grade_matched|base_plus_binary_grade|PAX8	TCGA-AP-A056	54	0.029626763831907099	0.0075503142706438995	0.15954862939645775	-1.3169972223541528
no_purity|endometrioid_grade_matched|base_plus_binary_grade|PAX8	TCGA-AP-A059	55	0.030074848736240563	0.0059718691196288861	0.14092803101807189	1.1616474120975442
no_purity|endometrioid_grade_matched|base_plus_binary_grade|PAX8	TCGA-AP-A0LM	64	0.036519673923636968	0.0047399152432524034	0.1225827008979733	0.93544818469169166
no_purity|endometrioid_grade_matched|base_plus_binary_grade|PAX8	TCGA-AP-A0LT	69	0.020853317518867417	0.011997712988417937	0.16552735265471707	1.9936773926843772
no_purity|endometrioid_grade_matched|base_plus_binary_grade|PAX8	TCGA-AP-A1E0	77	0.032266055642152819	0.010161528179484852	0.18701061625377452	1.4628318101626594
no_purity|endometrioid_grade_matched|base_plus_binary_grade|PAX8	TCGA-AX-A05Z	87	0.030346826034410215	0.0033075085110852564	0.11439520987537716	0.85980435593027382
no_purity|endometrioid_grade_matched|base_plus_binary_grade|PAX8	TCGA-AX-A060	88	0.016483858428467543	0.0097389045058077772	0.15867926578980779	2.0251564127320854
no_purity|endometrioid_grade_matched|base_plus_binary_grade|PAX8	TCGA-AX-A06B	92	0.02510972973656251	0.0054654333780627812	0.12186487127481802	-1.2195536873874084
no_purity|endometrioid_grade_matched|base_plus_binary_grade|PAX8	TCGA-AX-A06F	93	0.026100830857699181	0.0066087122796349698	0.16392700240959637	1.3151049581905236
no_purity|endometrioid_grade_matched|base_plus_binary_grade|PAX8	TCGA-AX-A0J0	98	0.033260597687377942	0.0033245313684615698	0.10819648032093099	-0.82208291039458559
no_purity|endometrioid_grade_matched|base_plus_binary_grade|PAX8	TCGA-AX-A1CF	104	0.018751801378374497	0.0069466993805659795	0.13726231115215515	1.5984802147401633
no_purity|endometrioid_grade_matched|base_plus_binary_grade|PAX8	TCGA-AX-A1CI	105	0.016110735110637459	0.0053132832059742023	0.1396586946225683	1.5096885371590061
no_purity|endometrioid_grade_matched|base_plus_binary_grade|PAX8	TCGA-AX-A2HK	116	0.02143204392332344	0.005906369704761957	0.10618343873426012	1.3755946245600432
no_purity|endometrioid_grade_matched|base_plus_binary_grade|PAX8	TCGA-AX-A2IN	117	0.01926495101983066	0.0035522220790962489	0.10528244903385264	1.1255007562983634
no_purity|endometrioid_grade_matched|base_plus_binary_grade|PAX8	TCGA-AX-A3FV	120	0.032025929399872838	0.016401999645937262	0.17828765438570793	1.8690514900487747
no_purity|endometrioid_grade_matched|base_plus_binary_grade|PAX8	TCGA-AX-A3GB	127	0.050816730147579599	0.0076566100006397238	0.19001686663188874	-1.0005518592361047
no_purity|endometrioid_grade_matched|base_plus_binary_grade|PAX8	TCGA-B5-A0K0	135	0.013416052671508742	0.0053584875767204321	0.10774412373042343	-1.6647569959479256
no_purity|endometrioid_grade_matched|base_plus_binary_grade|PAX8	TCGA-B5-A11N	149	0.046718429069811614	0.0047012788220126712	0.14250372224063249	0.81909137287950295
no_purity|endometrioid_grade_matched|base_plus_binary_grade|PAX8	TCGA-B5-A11U	155	0.01682319002755947	0.0039479008817670611	0.10768831416906088	-1.2718975688791361
no_purity|endometrioid_grade_matched|base_plus_binary_grade|PAX8	TCGA-B5-A1MR	161	0.030147940870792797	0.0038743828096323638	0.11626333473591172	-0.93389912842873324
no_purity|endometrioid_grade_matched|base_plus_binary_grade|PAX8	TCGA-B5-A3FA	167	0.027711795214054171	0.012032747410806319	0.23789685132012078	1.7236054731549604
no_purity|endometrioid_grade_matched|base_plus_binary_grade|PAX8	TCGA-B5-A3FB	168	0.01819195674131447	0.0045240963893877972	0.10373232751275026	1.3085844574020844
no_purity|endometrioid_grade_matched|base_plus_binary_grade|PAX8	TCGA-B5-A3FC	169	0.02688315922829182	0.0049799791615246277	0.14220147395412996	-1.1237187367889698
no_purity|endometrioid_grade_matched|base_plus_binary_grade|PAX8	TCGA-B5-A3FH	171	0.017047852927267251	0.0042838667596639566	0.13028405516302266	1.3162038505091638
no_purity|endometrioid_grade_matched|base_plus_binary_grade|PAX8	TCGA-BG-A0LW	173	0.024973631990694207	0.0058708739468104022	0.16505721549484267	-1.2677100079494883
no_purity|endometrioid_grade_matched|base_plus_binary_grade|PAX8	TCGA-BG-A0MG	183	0.01844439307259842	0.0050224924512661155	0.13832961920592649	1.3694354908934425
no_purity|endometrioid_grade_matched|base_plus_binary_grade|PAX8	TCGA-BG-A0MK	185	0.035581957597520669	0.0056792213776651231	0.14769398837675415	1.0381408800281617
no_purity|endometrioid_grade_matched|base_plus_binary_grade|PAX8	TCGA-BG-A0VX	194	0.029586619832054913	0.0049551238065661798	0.15106754371808745	-1.0668101648965513
no_purity|endometrioid_grade_matched|base_plus_binary_grade|PAX8	TCGA-BG-A18C	203	0.030049718668675653	0.0070197073522370356	0.13429159625999074	-1.2603887563429179
no_purity|endometrioid_grade_matched|base_plus_binary_grade|PAX8	TCGA-BK-A139	209	0.024360823425575648	0.0060974127277572459	0.13030029534935364	-1.3086810811524274
no_purity|endometrioid_grade_matched|base_plus_binary_grade|PAX8	TCGA-BK-A6W3	214	0.029100818172681731	0.0053135305723672486	0.14455685657729439	-1.1143340229588212
no_purity|endometrioid_grade_matched|base_plus_binary_grade|PAX8	TCGA-BS-A0TC	218	0.040412369764860942	0.016856566533660862	0.29929880179335755	1.6779160467675542
no_purity|endometrioid_grade_matched|base_plus_binary_grade|PAX8	TCGA-BS-A0UF	229	0.026622407505953863	0.0039594429573777531	0.12511744279467765	-1.006678643378683
no_purity|endometrioid_grade_matched|base_plus_binary_grade|PAX8	TCGA-BS-A0V4	234	0.027352082505854292	0.009987238965011646	0.19613464341473222	1.5798695246648655
no_purity|endometrioid_grade_matched|base_plus_binary_grade|PAX8	TCGA-D1-A0ZZ	247	0.025412109644035258	0.011893261220868152	0.14930998450404159	1.7921320775758378
no_purity|endometrioid_grade_matched|base_plus_binary_grade|PAX8	TCGA-D1-A16J	263	0.017786315414851803	0.0053075135736831945	0.14190266185794506	1.4343914442177093
no_purity|endometrioid_grade_matched|base_plus_binary_grade|PAX8	TCGA-D1-A16V	268	0.020240749192871044	0.0051256570764980228	0.12224821448186556	-1.319166241822376
no_purity|endometrioid_grade_matched|base_plus_binary_grade|PAX8	TCGA-D1-A16X	269	0.029028609213669461	0.0029692907676958733	0.11916846197803449	0.83346647378688232
no_purity|endometrioid_grade_matched|base_plus_binary_grade|PAX8	TCGA-D1-A16Y	270	0.034983945586475551	0.017386924227645404	0.27838745256538416	1.8381034480513252
no_purity|endometrioid_grade_matched|base_plus_binary_grade|PAX8	TCGA-D1-A177	273	0.026358483441561893	0.017915457754775967	0.19623594209077694	2.1628545536182489
no_purity|endometrioid_grade_matched|base_plus_binary_grade|PAX8	TCGA-D1-A1O7	294	0.016527076729056366	0.0055411496750919411	0.11313195626822249	1.5219312697061098
no_purity|endometrioid_grade_matched|base_plus_binary_grade|PAX8	TCGA-D1-A1O8	295	0.028975838064148718	0.0062775267219146941	0.1286080659186597	-1.2142709843023836
no_purity|endometrioid_grade_matched|base_plus_binary_grade|PAX8	TCGA-D1-A3DA	298	0.0183728243994279	0.01293964707921192	0.22495909355244847	2.2112726875214341
no_purity|endometrioid_grade_matched|base_plus_binary_grade|PAX8	TCGA-D1-A3DG	299	0.020766280935650756	0.0093485351822938222	0.14063509976220132	1.7615797636624912
no_purity|endometrioid_grade_matched|base_plus_binary_grade|PAX8	TCGA-D1-A3DH	300	0.023702502493794006	0.0093177811083985079	0.11926144484277705	1.6427949077882777
no_purity|endometrioid_grade_matched|base_plus_binary_grade|PAX8	TCGA-DF-A2KS	303	0.021161236805133859	0.0052023411608993382	0.12050822462544301	-1.2990693586172462
no_purity|endometrioid_grade_matched|base_plus_binary_grade|PAX8	TCGA-DF-A2KU	304	0.026049754109033908	0.0048816727497236678	0.14198883185769373	1.1307369920287764
no_purity|endometrioid_grade_matched|base_plus_binary_grade|PAX8	TCGA-DF-A2KV	305	0.026061231467280337	0.014779978862445607	0.26644437780787228	1.9739195854459959
no_purity|endometrioid_grade_matched|base_plus_binary_grade|PAX8	TCGA-DF-A2KZ	306	0.022922144642962765	0.0032252475920192892	0.10361459828950439	0.9809471187388078
no_purity|endometrioid_grade_matched|base_plus_binary_grade|PAX8	TCGA-DI-A1NO	312	0.033403061494661497	0.019928498557650949	0.24296703266066608	2.0173952935746042
no_purity|endometrioid_grade_matched|base_plus_binary_grade|PAX8	TCGA-E6-A1M0	314	0.026028671244709225	0.0032837316588420012	0.11732657956154972	-0.92725358343065623
no_purity|endometrioid_grade_matched|base_plus_binary_grade|PAX8	TCGA-EO-A22T	322	0.019608240764467502	0.0043163876658331079	0.11923430957087033	1.22994946976972
no_purity|endometrioid_grade_matched|base_plus_binary_grade|PAX8	TCGA-EO-A22X	324	0.027435799792859115	0.0061008218958312982	0.15030593866894923	-1.2312404650890056
no_purity|endometrioid_grade_matched|base_plus_binary_grade|PAX8	TCGA-EO-A3AS	326	0.022776745881522072	0.0046300307866089831	0.10278688816274427	-1.1798301663855764
no_purity|endometrioid_grade_matched|base_plus_binary_grade|PAX8	TCGA-EO-A3AV	328	0.028516498944832207	0.0042918582788466124	0.12465460960900443	1.0117075540595146
no_purity|endometrioid_grade_matched|base_plus_binary_grade|PAX8	TCGA-EO-A3B0	330	0.027373179606011329	0.0044119059645081476	0.12797501215912443	-1.0476816128952111
no_purity|endometrioid_grade_matched|base_plus_binary_grade|PAX8	TCGA-EO-A3L0	332	0.020732501686711053	0.0061679671935987567	0.1205438699911965	1.4300485253882014
no_purity|endometrioid_grade_matched|base_plus_binary_grade|PAX8	TCGA-EY-A1GD	334	0.029753681952178399	0.0026124007575627647	0.10945121898385383	-0.77179983758121384
no_purity|endometrioid_grade_matched|base_plus_binary_grade|PAX8	TCGA-EY-A1GE	335	0.041082437048963256	0.0069445222978976803	0.19644558310312055	-1.0653962249955653
no_purity|endometrioid_grade_matched|base_plus_binary_grade|PAX8	TCGA-EY-A1GI	338	0.029653100495914759	0.0034032208772010321	0.1145974914295286	-0.88266162601642972
no_purity|endometrioid_grade_matched|base_plus_binary_grade|PAX8	TCGA-EY-A1GL	340	0.018706690795991875	0.01013990937471685	0.20306124835354084	1.9366816839692598
no_purity|endometrioid_grade_matched|base_plus_binary_grade|PAX8	TCGA-EY-A1GR	344	0.022127761551396757	0.0052677252719913505	0.12244897719019454	-1.2776141187104921
no_purity|endometrioid_grade_matched|base_plus_binary_grade|PAX8	TCGA-EY-A1GU	346	0.018865102006860646	0.0088497853913572528	0.15596788632411415	1.8003108548720486
no_purity|endometrioid_grade_matched|base_plus_binary_grade|PAX8	TCGA-EY-A547	356	0.024347266328960435	0.0086842176549069457	0.12213204880486911	1.5637758045821373
no_purity|endometrioid_grade_matched|base_plus_binary_grade|PAX8	TCGA-FI-A2D5	365	0.024965470770018264	0.0027914799609298326	0.11168079246130679	-0.87331024772009358
no_purity|endometrioid_grade_matched|base_plus_binary_grade|PAX8	TCGA-FI-A2F9	368	0.025306606665142395	0.0067690260742034065	0.10647983049628423	1.3524149827059728
no_purity|endometrioid_grade_matched|base_plus_binary_grade|PAX8	TCGA-QS-A5YQ	374	0.032027501892376936	0.0076444138973186656	0.20555300910985763	1.2727723807473397
no_purity|endometrioid_grade_matched|base_refit|LHX1	TCGA-A5-A0GJ	10	0.02387908417452677	0.012117169476104252	0.16216979787926233	-1.7284910619727889
no_purity|endometrioid_grade_matched|base_refit|LHX1	TCGA-A5-A0GW	17	0.019014628041408951	0.0082415506251125436	0.17076435841853818	-1.6005524759353595
no_purity|endometrioid_grade_matched|base_refit|LHX1	TCGA-A5-A3LO	29	0.020155857761767225	0.0095825316992745185	0.15522946972138432	-1.6758623158360804
no_purity|endometrioid_grade_matched|base_refit|LHX1	TCGA-AJ-A2QK	32	0.024390210060282771	0.0054231025425433383	0.11719717451804855	-1.1413135901673821
no_purity|endometrioid_grade_matched|base_refit|LHX1	TCGA-AJ-A3BI	38	0.018232415158046439	0.0060056147662209264	0.12699384952397502	-1.394707859679261
no_purity|endometrioid_grade_matched|base_refit|LHX1	TCGA-AJ-A3EM	41	0.023782689540517807	0.011715528234526989	0.1399075525176986	1.7029298147092682
no_purity|endometrioid_grade_matched|base_refit|LHX1	TCGA-AJ-A3IA	43	0.029909037811457741	0.0075599487005782416	0.13329488409013229	1.2137069229407289
no_purity|endometrioid_grade_matched|base_refit|LHX1	TCGA-AJ-A8CT	49	0.039066157537512296	0.01721790043175149	0.27009018131777868	-1.5973818608102281
no_purity|endometrioid_grade_matched|base_refit|LHX1	TCGA-AP-A056	54	0.028186723078734439	0.0062747548649687767	0.13853121121521186	-1.139767415659527
no_purity|endometrioid_grade_matched|base_refit|LHX1	TCGA-AP-A059	55	0.028542574703441376	0.0046249245688119462	0.11828066902843801	-0.97176448794789994
no_purity|endometrioid_grade_matched|base_refit|LHX1	TCGA-AP-A1E0	77	0.024852589397756902	0.0093509917508977618	0.18787930048991425	1.4861151645655537
no_purity|endometrioid_grade_matched|base_refit|LHX1	TCGA-AP-A1E3	79	0.011197052860176842	0.0059751953560058966	0.11224024923221251	-1.7844974709856083
no_purity|endometrioid_grade_matched|base_refit|LHX1	TCGA-AP-A1E4	80	0.018337692553765286	0.010140708007939231	0.1885087542059129	1.8102266903810333
no_purity|endometrioid_grade_matched|base_refit|LHX1	TCGA-AX-A05Y	86	0.012270333927815368	0.0079444934105875262	0.14055397065865491	1.9663149844541548
no_purity|endometrioid_grade_matched|base_refit|LHX1	TCGA-AX-A05Z	87	0.025828615163691022	0.0034711165859855008	0.1145989715833194	0.88603903083871138
no_purity|endometrioid_grade_matched|base_refit|LHX1	TCGA-AX-A1CF	104	0.018479585478455338	0.0046504225971309432	0.10785771290418655	1.2181630710920892
no_purity|endometrioid_grade_matched|base_refit|LHX1	TCGA-AX-A1CN	108	0.019483760885488557	0.0081871219376055595	0.16974600491057987	1.5753920456853086
no_purity|endometrioid_grade_matched|base_refit|LHX1	TCGA-AX-A2HK	116	0.021186748206559379	0.009732034325785531	0.13086617942146805	1.6462020516526301
no_purity|endometrioid_grade_matched|base_refit|LHX1	TCGA-AX-A2IN	117	0.01816555712950433	0.0044231515064781807	0.12570495941821533	-1.1983637698439824
no_purity|endometrioid_grade_matched|base_refit|LHX1	TCGA-AX-A3FW	121	0.022367549863326376	0.0075637159830987868	0.10680560765164558	-1.4102419809426232
no_purity|endometrioid_grade_matched|base_refit|LHX1	TCGA-AX-A3FZ	123	0.02387812338146687	0.01533237233717224	0.15551554935497405	1.9464400770172607
no_purity|endometrioid_grade_matched|base_refit|LHX1	TCGA-AX-A3G1	124	0.02319916862125361	0.016930020113542409	0.20880727954406167	-2.0772186592384854
no_purity|endometrioid_grade_matched|base_refit|LHX1	TCGA-AX-A3G8	125	0.015079729238154774	0.010531957665954061	0.18327570435329335	2.0401275565042845
no_purity|endometrioid_grade_matched|base_refit|LHX1	TCGA-B5-A0K3	138	0.018613123445352105	0.014424091360445626	0.17961105606549957	2.1463919784777579
no_purity|endometrioid_grade_matched|base_refit|LHX1	TCGA-B5-A0K4	139	0.011256820441050537	0.0083773247848226654	0.13468206998129406	2.1108337419683383
no_purity|endometrioid_grade_matched|base_refit|LHX1	TCGA-B5-A11Q	152	0.02983759307877111	0.0024892318053333245	0.10520490486416181	0.69638623191391935
no_purity|endometrioid_grade_matched|base_refit|LHX1	TCGA-B5-A11U	155	0.014658834363709149	0.0043724375326061986	0.11382341577358589	1.3293053176679483
no_purity|endometrioid_grade_matched|base_refit|LHX1	TCGA-BG-A0LW	173	0.024821242874677574	0.010584527563806364	0.20804537890455432	-1.5827470376773465
no_purity|endometrioid_grade_matched|base_refit|LHX1	TCGA-BG-A0VX	194	0.025781575116197577	0.0089146219937966398	0.18936264204148859	1.4236205309954284
no_purity|endometrioid_grade_matched|base_refit|LHX1	TCGA-BG-A0W1	196	0.016014589809903529	0.0036866842654501254	0.10920234854608746	-1.1663761477619663
no_purity|endometrioid_grade_matched|base_refit|LHX1	TCGA-BK-A139	209	0.024212279600221619	0.0099178510315113943	0.15764948079997868	-1.5515207435920566
no_purity|endometrioid_grade_matched|base_refit|LHX1	TCGA-BS-A0TA	217	0.01615847129813823	0.0040377635768148014	0.11477524559158407	-1.2153028634329586
no_purity|endometrioid_grade_matched|base_refit|LHX1	TCGA-BS-A0TE	220	0.010640962519827317	0.0089216328507354444	0.13454907148468856	2.2428785223084233
no_purity|endometrioid_grade_matched|base_refit|LHX1	TCGA-BS-A0TJ	223	0.010791315912143502	0.0057308963005396974	0.10705746543548302	1.7805195144790209
no_purity|endometrioid_grade_matched|base_refit|LHX1	TCGA-BS-A0UJ	230	0.036450156126603336	0.0047426783299107603	0.15127091345273008	0.86702385345644872
no_purity|endometrioid_grade_matched|base_refit|LHX1	TCGA-BS-A0V4	234	0.026469421036902058	0.006443002967459698	0.16368365135101168	1.1930741027298473
no_purity|endometrioid_grade_matched|base_refit|LHX1	TCGA-BS-A0V7	236	0.03941369780237039	0.0046566369056751386	0.14067450678977295	-0.8248429190768044
no_purity|endometrioid_grade_matched|base_refit|LHX1	TCGA-BS-A0WQ	239	0.020630251692627687	0.010429941042237618	0.20026684753179214	-1.7281638868044396
no_purity|endometrioid_grade_matched|base_refit|LHX1	TCGA-D1-A0ZZ	247	0.024641763881600186	0.022509472762087951	0.19171697999580581	2.3256396318076917
no_purity|endometrioid_grade_matched|base_refit|LHX1	TCGA-D1-A16X	269	0.025238624734956729	0.0069067178703431948	0.17004817831636707	1.2661254280215655
no_purity|endometrioid_grade_matched|base_refit|LHX1	TCGA-D1-A16Y	270	0.030561844045385644	0.032367723524632346	0.35668420736314776	2.4993033343094111
no_purity|endometrioid_grade_matched|base_refit|LHX1	TCGA-D1-A177	273	0.019695614462594734	0.020667163148957859	0.2303772224116829	2.5017021625691735
no_purity|endometrioid_grade_matched|base_refit|LHX1	TCGA-D1-A17A	274	0.023958611944254291	0.0068438656390554693	0.1689361107998725	1.2945554924524316
no_purity|endometrioid_grade_matched|base_refit|LHX1	TCGA-D1-A1O0	292	0.020364522871455258	0.0061711363071961173	0.11012474801652204	1.3360027682846889
no_purity|endometrioid_grade_matched|base_refit|LHX1	TCGA-D1-A1O8	295	0.023688523678606813	0.017328872165242353	0.26430817477661822	-2.0792265751360026
no_purity|endometrioid_grade_matched|base_refit|LHX1	TCGA-D1-A3DG	299	0.020588089109723786	0.017758615489514733	0.18506163964590819	2.2637590510967707
no_purity|endometrioid_grade_matched|base_refit|LHX1	TCGA-DF-A2KS	303	0.021062771006690184	0.0097871255146152972	0.15640401563441333	-1.6558813947204947
no_purity|endometrioid_grade_matched|base_refit|LHX1	TCGA-DF-A2KU	304	0.024348520760447249	0.0052472784767474204	0.14147855600770312	1.1235842962912181
no_purity|endometrioid_grade_matched|base_refit|LHX1	TCGA-EO-A1Y7	319	0.019643377817612655	0.011598726877616173	0.15045661714142064	-1.8698444121039914
no_purity|endometrioid_grade_matched|base_refit|LHX1	TCGA-EO-A22T	322	0.018658053846398362	0.004110705983664472	0.12290655935683374	1.1394190962302468
no_purity|endometrioid_grade_matched|base_refit|LHX1	TCGA-EO-A3AV	328	0.026818272472596657	0.0033871520051822249	0.10610953286439909	0.85846416970281647
no_purity|endometrioid_grade_matched|base_refit|LHX1	TCGA-EO-A3AY	329	0.023222829760218958	0.006542489840056784	0.16495701253369868	1.2860732364635503
no_purity|endometrioid_grade_matched|base_refit|LHX1	TCGA-EO-A3L0	332	0.01562245472957598	0.004433590115476429	0.11783476225793241	1.2958434993445305
no_purity|endometrioid_grade_matched|base_refit|LHX1	TCGA-EY-A1GC	333	0.020284639514846194	0.0087881529536956941	0.14974699867133406	-1.5991552960032915
no_purity|endometrioid_grade_matched|base_refit|LHX1	TCGA-EY-A1GE	335	0.040275299113623056	0.019863625119171349	0.30877357731999283	-1.6893894640895533
no_purity|endometrioid_grade_matched|base_refit|LHX1	TCGA-EY-A1GO	341	0.015331872582131596	0.014095468973734555	0.18692901617284041	2.3445046528447118
no_purity|endometrioid_grade_matched|base_refit|LHX1	TCGA-EY-A1GU	346	0.017357463844459221	0.011536214797488535	0.19965343452913359	1.9872985145091127
no_purity|endometrioid_grade_matched|base_refit|LHX1	TCGA-EY-A1GW	347	0.046047637157435622	0.019310660529761877	0.25812171604652939	-1.5522026355005549
no_purity|endometrioid_grade_matched|base_refit|LHX1	TCGA-EY-A1GX	348	0.046304953021255951	0.010718002476418393	0.18973943638673596	-1.151362477373481
no_purity|endometrioid_grade_matched|base_refit|LHX1	TCGA-EY-A214	350	0.022007228884830199	0.0046976146896938109	0.10940700177819274	1.1195568506977456
no_purity|endometrioid_grade_matched|base_refit|LHX1	TCGA-EY-A2OQ	354	0.019829188656040095	0.0056299603711621677	0.12224366869989348	-1.293349559287936
no_purity|endometrioid_grade_matched|base_refit|LHX1	TCGA-EY-A3L3	355	0.022418781775388204	0.013418437777069289	0.14352917357192552	1.8800078872487496
no_purity|endometrioid_grade_matched|base_refit|LHX1	TCGA-EY-A547	356	0.023823847311602045	0.0095801763330047706	0.1192946824287853	1.5374777354685418
no_purity|endometrioid_grade_matched|base_refit|LHX1	TCGA-EY-A549	358	0.019413225159324012	0.0029038573088511822	0.10356669355481127	-0.93796753607751848
no_purity|endometrioid_grade_matched|base_refit|LHX1	TCGA-FI-A2D0	363	0.024162252460980707	0.012752905800671718	0.22972738661470171	1.7628580659544304
no_purity|endometrioid_grade_matched|base_refit|LHX1	TCGA-FI-A2D5	365	0.023219236913815985	0.0035393020818842505	0.12115641664037195	-0.94503327673002502
no_purity|endometrioid_grade_matched|base_refit|LHX1	TCGA-FI-A2F9	368	0.024316469316866526	0.020148627181012433	0.17198228987037742	2.2138588312100023
no_purity|endometrioid_grade_matched|base_refit|LHX1	TCGA-QF-A5YS	372	0.03000246348304416	0.0023197223948747099	0.10272709954648038	-0.67031877542123963
no_purity|endometrioid_grade_matched|base_refit|LHX1	TCGA-SL-A6J9	379	0.022827140380127439	0.014771234488768631	0.1964054033007995	-1.9551146237697228
no_purity|endometrioid_grade_matched|base_plus_binary_grade|LHX1	TCGA-5B-A90C	2	0.03247770489722944	0.0050290638000934336	0.11450721468333966	-1.0241387162181448
no_purity|endometrioid_grade_matched|base_plus_binary_grade|LHX1	TCGA-A5-A0GI	9	0.011658398532421104	0.004491409191432599	0.10949147796069691	1.6362365124830376
no_purity|endometrioid_grade_matched|base_plus_binary_grade|LHX1	TCGA-A5-A0GJ	10	0.029915631424862622	0.01457826549917104	0.18728543936417569	-1.8247614246381771
no_purity|endometrioid_grade_matched|base_plus_binary_grade|LHX1	TCGA-A5-A0GW	17	0.020932733749155316	0.0073318427925242804	0.16423222934239837	-1.5522645004498381
no_purity|endometrioid_grade_matched|base_plus_binary_grade|LHX1	TCGA-A5-A1OK	26	0.018971006921781264	0.0045117423883047954	0.13508995765524814	1.2790450008158838
no_purity|endometrioid_grade_matched|base_plus_binary_grade|LHX1	TCGA-A5-A3LO	29	0.020283880500105798	0.0081466932593628853	0.1508230269509396	-1.6635584772180645
no_purity|endometrioid_grade_matched|base_plus_binary_grade|LHX1	TCGA-AJ-A2QK	32	0.025029647644070899	0.0045406729775247	0.11021606915906829	-1.1130537201335622
no_purity|endometrioid_grade_matched|base_plus_binary_grade|LHX1	TCGA-AJ-A3BI	38	0.018862029935016796	0.0051192079655784772	0.11960085791570506	-1.3668624028688741
no_purity|endometrioid_grade_matched|base_plus_binary_grade|LHX1	TCGA-AJ-A3EM	41	0.023811716369955577	0.010135330522790099	0.13841419931002688	1.7098317365663618
no_purity|endometrioid_grade_matched|base_plus_binary_grade|LHX1	TCGA-AJ-A3IA	43	0.030163039781797948	0.0067420388230637835	0.13491036522530606	1.2327014406273387
no_purity|endometrioid_grade_matched|base_plus_binary_grade|LHX1	TCGA-AJ-A8CT	49	0.039352608240024026	0.01525295844466696	0.25633819289942078	-1.6179255002485666
no_purity|endometrioid_grade_matched|base_plus_binary_grade|LHX1	TCGA-AP-A056	54	0.029626763831907099	0.0052490970700838817	0.13303100295909384	-1.0973296337508331
no_purity|endometrioid_grade_matched|base_plus_binary_grade|LHX1	TCGA-AP-A059	55	0.030074848736240563	0.003814974798296923	0.11263881693102244	-0.92785791264469664
no_purity|endometrioid_grade_matched|base_plus_binary_grade|LHX1	TCGA-AP-A0LD	58	0.01152304538582748	0.0076060798565362993	0.10634697636949886	2.1474142914398544
no_purity|endometrioid_grade_matched|base_plus_binary_grade|LHX1	TCGA-AP-A1E0	77	0.032266055642152819	0.0092161070567033567	0.17809859931951039	1.3927487093723658
no_purity|endometrioid_grade_matched|base_plus_binary_grade|LHX1	TCGA-AP-A1E3	79	0.018216214129569641	0.0075770468624035388	0.14295934695836393	-1.6949722688414479
no_purity|endometrioid_grade_matched|base_plus_binary_grade|LHX1	TCGA-AP-A1E4	80	0.019004158414669403	0.0087347155881204504	0.18454588808967509	1.7817286954930311
no_purity|endometrioid_grade_matched|base_plus_binary_grade|LHX1	TCGA-AX-A05Y	86	0.016803876045207587	0.008696806625029042	0.13283344132989228	1.8938295806254761
no_purity|endometrioid_grade_matched|base_plus_binary_grade|LHX1	TCGA-AX-A05Z	87	0.030346826034410215	0.0029443622553827105	0.10793268353765056	0.81114319534027934
no_purity|endometrioid_grade_matched|base_plus_binary_grade|LHX1	TCGA-AX-A06J	95	0.025074408658817965	0.0043388754974433017	0.12034636394938045	-1.0869594515389824
no_purity|endometrioid_grade_matched|base_plus_binary_grade|LHX1	TCGA-AX-A1CF	104	0.018751801378374497	0.0041762308519188805	0.10642760845393988	1.2377069348802934
no_purity|endometrioid_grade_matched|base_plus_binary_grade|LHX1	TCGA-AX-A1CN	108	0.023886217779770815	0.009544350103541507	0.14788277440727263	1.6561830832552455
no_purity|endometrioid_grade_matched|base_plus_binary_grade|LHX1	TCGA-AX-A2HK	116	0.02143204392332344	0.0086338682724312801	0.12838053495618781	1.6651070981782954
no_purity|endometrioid_grade_matched|base_plus_binary_grade|LHX1	TCGA-AX-A2IN	117	0.01926495101983066	0.0037820885598791832	0.10863550086859726	-1.1614735122391013
no_purity|endometrioid_grade_matched|base_plus_binary_grade|LHX1	TCGA-AX-A3FZ	123	0.023934497967942479	0.013301388238908331	0.15345974485480871	1.955957080161024
no_purity|endometrioid_grade_matched|base_plus_binary_grade|LHX1	TCGA-AX-A3G1	124	0.023408603315649701	0.014425937874209852	0.20230847687962161	-2.0614284847378284
no_purity|endometrioid_grade_matched|base_plus_binary_grade|LHX1	TCGA-AX-A3G8	125	0.018053791314008714	0.011556823848978548	0.19205446518272365	2.1072514432744738
no_purity|endometrioid_grade_matched|base_plus_binary_grade|LHX1	TCGA-B5-A0K3	138	0.018994396193430303	0.012900831457282599	0.17538240936324681	2.1703235553380003
no_purity|endometrioid_grade_matched|base_plus_binary_grade|LHX1	TCGA-B5-A0K4	139	0.011699620029654221	0.0073060507051467593	0.13224095226433499	2.0878076496690325
no_purity|endometrioid_grade_matched|base_plus_binary_grade|LHX1	TCGA-B5-A11R	153	0.016504880953631635	0.0061060787384729781	0.13491813191619542	-1.599236073553131
no_purity|endometrioid_grade_matched|base_plus_binary_grade|LHX1	TCGA-B5-A11U	155	0.01682319002755947	0.004675068066351192	0.1171869975074389	1.3846388818915263
no_purity|endometrioid_grade_matched|base_plus_binary_grade|LHX1	TCGA-B5-A3FH	171	0.017047852927267251	0.0055419106586568033	0.14818459262837108	-1.4980672823817545
no_purity|endometrioid_grade_matched|base_plus_binary_grade|LHX1	TCGA-BG-A0LW	173	0.024973631990694207	0.0089750595643027509	0.20408063935718135	-1.5692150395548823
no_purity|endometrioid_grade_matched|base_plus_binary_grade|LHX1	TCGA-BG-A0VX	194	0.029586619832054913	0.0079873812031658505	0.19179890296266061	1.3557134961155144
no_purity|endometrioid_grade_matched|base_plus_binary_grade|LHX1	TCGA-BG-A0W1	196	0.016025280376240465	0.0031847926943232869	0.10528853215575913	-1.170559776992512
no_purity|endometrioid_grade_matched|base_plus_binary_grade|LHX1	TCGA-BK-A139	209	0.024360823425575648	0.0084086309948235276	0.15301543835250134	-1.5381614812715554
no_purity|endometrioid_grade_matched|base_plus_binary_grade|LHX1	TCGA-BK-A6W3	214	0.029100818172681731	0.0030951620332789606	0.11032877564747187	-0.84989230638841207
no_purity|endometrioid_grade_matched|base_plus_binary_grade|LHX1	TCGA-BS-A0T9	216	0.028087443276624331	0.0074228626390525311	0.16280289340052884	1.342323756351651
no_purity|endometrioid_grade_matched|base_plus_binary_grade|LHX1	TCGA-BS-A0TA	217	0.018337530942465118	0.0036098465574710644	0.10878061800078859	-1.1636154882054059
no_purity|endometrioid_grade_matched|base_plus_binary_grade|LHX1	TCGA-BS-A0TE	220	0.012031930091820941	0.0090102946294572696	0.11155981318168225	2.2885948014977675
no_purity|endometrioid_grade_matched|base_plus_binary_grade|LHX1	TCGA-BS-A0UJ	230	0.036805389473268411	0.0039077242312856569	0.13797303298277377	0.8457595891104327
no_purity|endometrioid_grade_matched|base_plus_binary_grade|LHX1	TCGA-BS-A0V4	234	0.027352082505854292	0.0053994485713326247	0.14421362515110406	1.1598631143666971
no_purity|endometrioid_grade_matched|base_plus_binary_grade|LHX1	TCGA-BS-A0V7	236	0.040119569078633621	0.0037751647561490207	0.13645706178295694	-0.79475530167653452
no_purity|endometrioid_grade_matched|base_plus_binary_grade|LHX1	TCGA-BS-A0VI	238	0.018870746717757601	0.0035275294973630428	0.10935426970453097	1.1334913553092101
no_purity|endometrioid_grade_matched|base_plus_binary_grade|LHX1	TCGA-BS-A0WQ	239	0.020637380631084591	0.0089181647303494104	0.19500226362103226	-1.7257455793474477
no_purity|endometrioid_grade_matched|base_plus_binary_grade|LHX1	TCGA-D1-A0ZZ	247	0.025412109644035258	0.020494895372215341	0.19600232557288405	2.3599287550114005
no_purity|endometrioid_grade_matched|base_plus_binary_grade|LHX1	TCGA-D1-A167	257	0.018817046040096951	0.0063490317231314677	0.11390903817257637	-1.5250017862384768
no_purity|endometrioid_grade_matched|base_plus_binary_grade|LHX1	TCGA-D1-A168	258	0.01655828409417829	0.002737629099257548	0.1038708417730197	-1.0670466909697869
no_purity|endometrioid_grade_matched|base_plus_binary_grade|LHX1	TCGA-D1-A16X	269	0.029028609213669461	0.0061236576885619889	0.17113562416088815	1.198111581342018
no_purity|endometrioid_grade_matched|base_plus_binary_grade|LHX1	TCGA-D1-A16Y	270	0.034983945586475551	0.030131298578332001	0.36647740257547917	2.4278062302661976
no_purity|endometrioid_grade_matched|base_plus_binary_grade|LHX1	TCGA-D1-A177	273	0.026358483441561893	0.022280776993245779	0.21884154184799523	2.4157006421596736
no_purity|endometrioid_grade_matched|base_plus_binary_grade|LHX1	TCGA-D1-A17A	274	0.032077197464522804	0.0093167135429438278	0.211518791326476	1.4046455821986166
no_purity|endometrioid_grade_matched|base_plus_binary_grade|LHX1	TCGA-D1-A17K	280	0.029760482649305836	0.0054489500457693251	0.11634448122093158	-1.1154927135269066
no_purity|endometrioid_grade_matched|base_plus_binary_grade|LHX1	TCGA-D1-A1O0	292	0.020551152105309573	0.0054696609030367421	0.10852180950633729	1.3523300156359319
no_purity|endometrioid_grade_matched|base_plus_binary_grade|LHX1	TCGA-D1-A1O8	295	0.028975838064148718	0.016933414325688616	0.21122542347129661	-2.001039084341325
no_purity|endometrioid_grade_matched|base_plus_binary_grade|LHX1	TCGA-D1-A2G6	297	0.018804735137994716	0.0045097472112281666	0.11285868009367625	-1.2845361097445547
no_purity|endometrioid_grade_matched|base_plus_binary_grade|LHX1	TCGA-D1-A3DA	298	0.0183728243994279	0.013556519909014186	0.23025891071378909	2.2640757021973594
no_purity|endometrioid_grade_matched|base_plus_binary_grade|LHX1	TCGA-D1-A3DG	299	0.020766280935650756	0.015579227826108634	0.18154943696133438	2.2803992492778145
no_purity|endometrioid_grade_matched|base_plus_binary_grade|LHX1	TCGA-DF-A2KS	303	0.021161236805133859	0.0083207730409266996	0.15240496371657625	-1.6451460948332528
no_purity|endometrioid_grade_matched|base_plus_binary_grade|LHX1	TCGA-DF-A2KU	304	0.026049754109033908	0.0052469076898995146	0.14720466282191016	1.1724239389337003
no_purity|endometrioid_grade_matched|base_plus_binary_grade|LHX1	TCGA-EO-A1Y7	319	0.020091758288136769	0.0099230871671449235	0.1429917292371935	-1.846505864040769
no_purity|endometrioid_grade_matched|base_plus_binary_grade|LHX1	TCGA-EO-A22T	322	0.019608240764467502	0.0039456337222733484	0.11399856989882388	1.1757359531828406
no_purity|endometrioid_grade_matched|base_plus_binary_grade|LHX1	TCGA-EO-A3AV	328	0.028516498944832207	0.0034504370609715748	0.11176934645962873	0.90688573577426057
no_purity|endometrioid_grade_matched|base_plus_binary_grade|LHX1	TCGA-EO-A3AY	329	0.025076503191422395	0.0065580778420918839	0.17103581890991215	1.3373541229225465
no_purity|endometrioid_grade_matched|base_plus_binary_grade|LHX1	TCGA-EO-A3L0	332	0.020732501686711053	0.0057614409767902403	0.11650368469312819	1.3818689276115617
no_purity|endometrioid_grade_matched|base_plus_binary_grade|LHX1	TCGA-EY-A1GC	333	0.021352213958165767	0.007584901893522779	0.13941477408720429	-1.5629745167986158
no_purity|endometrioid_grade_matched|base_plus_binary_grade|LHX1	TCGA-EY-A1GE	335	0.041082437048963256	0.016738781071049775	0.30498817049533539	-1.6576233085392467
no_purity|endometrioid_grade_matched|base_plus_binary_grade|LHX1	TCGA-EY-A1GO	341	0.021126443419103559	0.015627391242782569	0.17718914945323483	2.263726468298255
no_purity|endometrioid_grade_matched|base_plus_binary_grade|LHX1	TCGA-EY-A1GU	346	0.018865102006860646	0.010311016109145654	0.1683524921714899	1.9446597975323672
no_purity|endometrioid_grade_matched|base_plus_binary_grade|LHX1	TCGA-EY-A1GW	347	0.050308617632543004	0.016522858904510648	0.26348338696154916	-1.4799657767812506
no_purity|endometrioid_grade_matched|base_plus_binary_grade|LHX1	TCGA-EY-A1GX	348	0.052450765784047546	0.012278142805255375	0.20380434069937592	-1.246988138423208
no_purity|endometrioid_grade_matched|base_plus_binary_grade|LHX1	TCGA-EY-A214	350	0.023013586520081925	0.0045004309561869609	0.1079812828387906	1.1569768866739758
no_purity|endometrioid_grade_matched|base_plus_binary_grade|LHX1	TCGA-EY-A2OQ	354	0.020047155167804098	0.0047579414487689837	0.1176598851823783	-1.2770288833633257
no_purity|endometrioid_grade_matched|base_plus_binary_grade|LHX1	TCGA-EY-A3L3	355	0.022789145775454926	0.01198560089882118	0.13999566899874089	1.9033847668099422
no_purity|endometrioid_grade_matched|base_plus_binary_grade|LHX1	TCGA-EY-A547	356	0.024347266328960435	0.0086963785468324104	0.12221753232848888	1.5648775168917355
no_purity|endometrioid_grade_matched|base_plus_binary_grade|LHX1	TCGA-EY-A549	358	0.025866930320890852	0.0027378394478736932	0.10820108565719533	-0.84923477826044069
no_purity|endometrioid_grade_matched|base_plus_binary_grade|LHX1	TCGA-FI-A2D0	363	0.025611337475060253	0.012213073667211019	0.23510137625220737	1.8089510506025992
no_purity|endometrioid_grade_matched|base_plus_binary_grade|LHX1	TCGA-FI-A2D5	365	0.024965470770018264	0.0029531054748047842	0.11486843629324263	-0.89828983935870765
no_purity|endometrioid_grade_matched|base_plus_binary_grade|LHX1	TCGA-FI-A2F9	368	0.025306606665142395	0.018617393044253895	0.17658901796065651	2.2525692519126341
no_purity|endometrioid_grade_matched|base_plus_binary_grade|LHX1	TCGA-QF-A5YS	372	0.033222533224033013	0.00266956069542098	0.11845797748024856	-0.73697096971263343
no_purity|endometrioid_grade_matched|base_plus_binary_grade|LHX1	TCGA-SL-A6J9	379	0.023103572260782978	0.012581939815097995	0.18947203795813813	-1.9368642173535107
