module	gene	membership	status	reason	composition_signature	source
M1	ABHD11	source	INCLUDED_analysis_ready	fetal-Mullerian-epithelial derived member (E-MTAB-15475)		E-MTAB-15475-derived
M1	ADAM28	source	INCLUDED_analysis_ready	fetal-Mullerian-epithelial derived member (E-MTAB-15475)		E-MTAB-15475-derived
M1	ADGRA3	source	INCLUDED_analysis_ready	fetal-Mullerian-epithelial derived member (E-MTAB-15475)		E-MTAB-15475-derived
M1	AIFM1	source	INCLUDED_analysis_ready	fetal-Mullerian-epithelial derived member (E-MTAB-15475)		E-MTAB-15475-derived
M1	ANXA3	source	INCLUDED_analysis_ready	fetal-Mullerian-epithelial derived member (E-MTAB-15475)		E-MTAB-15475-derived
M1	AP1M2	source	INCLUDED_analysis_ready	fetal-Mullerian-epithelial derived member (E-MTAB-15475)		E-MTAB-15475-derived
M1	AP1S2	source	INCLUDED_analysis_ready	fetal-Mullerian-epithelial derived member (E-MTAB-15475)		E-MTAB-15475-derived
M1	ARHGEF3	source	INCLUDED_analysis_ready	fetal-Mullerian-epithelial derived member (E-MTAB-15475)		E-MTAB-15475-derived
M1	ARL4C	source	INCLUDED_analysis_ready	fetal-Mullerian-epithelial derived member (E-MTAB-15475)		E-MTAB-15475-derived
M1	ARSD	source	INCLUDED_analysis_ready	fetal-Mullerian-epithelial derived member (E-MTAB-15475)		E-MTAB-15475-derived
M1	ARSJ	source	INCLUDED_analysis_ready	fetal-Mullerian-epithelial derived member (E-MTAB-15475)		E-MTAB-15475-derived
M1	ASAP2	source	INCLUDED_analysis_ready	fetal-Mullerian-epithelial derived member (E-MTAB-15475)		E-MTAB-15475-derived
M1	ASRGL1	source	INCLUDED_analysis_ready	fetal-Mullerian-epithelial derived member (E-MTAB-15475)		E-MTAB-15475-derived
M1	BCAT1	source	INCLUDED_analysis_ready	fetal-Mullerian-epithelial derived member (E-MTAB-15475)		E-MTAB-15475-derived
M1	BCL2L1	source	INCLUDED_analysis_ready	fetal-Mullerian-epithelial derived member (E-MTAB-15475)		E-MTAB-15475-derived
M1	BEX1	source	INCLUDED_analysis_ready	fetal-Mullerian-epithelial derived member (E-MTAB-15475)		E-MTAB-15475-derived
M1	BICD1	source	INCLUDED_analysis_ready	fetal-Mullerian-epithelial derived member (E-MTAB-15475)		E-MTAB-15475-derived
M1	C19orf33	source	INCLUDED_analysis_ready	fetal-Mullerian-epithelial derived member (E-MTAB-15475)		E-MTAB-15475-derived
M1	C2orf88	source	INCLUDED_analysis_ready	fetal-Mullerian-epithelial derived member (E-MTAB-15475)		E-MTAB-15475-derived
M1	CAPS	source	INCLUDED_analysis_ready	fetal-Mullerian-epithelial derived member (E-MTAB-15475)		E-MTAB-15475-derived
M1	CCDC14	source	INCLUDED_analysis_ready	fetal-Mullerian-epithelial derived member (E-MTAB-15475)		E-MTAB-15475-derived
M1	CD24	source	INCLUDED_analysis_ready	fetal-Mullerian-epithelial derived member (E-MTAB-15475)		E-MTAB-15475-derived
M1	CD2AP	source	INCLUDED_analysis_ready	fetal-Mullerian-epithelial derived member (E-MTAB-15475)		E-MTAB-15475-derived
M1	CD74	source	EXCLUDED_analysis_ready	composition-overlap ESTIMATE (immune)	immune	SI_geneset
M1	CDH2	source	INCLUDED_analysis_ready	fetal-Mullerian-epithelial derived member (E-MTAB-15475)		E-MTAB-15475-derived
M1	CERNA2	source	INCLUDED_analysis_ready	fetal-Mullerian-epithelial derived member (E-MTAB-15475)		E-MTAB-15475-derived
M1	CFI	source	INCLUDED_analysis_ready	fetal-Mullerian-epithelial derived member (E-MTAB-15475)		E-MTAB-15475-derived
M1	CHD7	source	INCLUDED_analysis_ready	fetal-Mullerian-epithelial derived member (E-MTAB-15475)		E-MTAB-15475-derived
M1	CHL1	source	INCLUDED_analysis_ready	fetal-Mullerian-epithelial derived member (E-MTAB-15475)		E-MTAB-15475-derived
M1	CLDN3	source	INCLUDED_analysis_ready	fetal-Mullerian-epithelial derived member (E-MTAB-15475)		E-MTAB-15475-derived
M1	CLDN6	source	INCLUDED_analysis_ready	fetal-Mullerian-epithelial derived member (E-MTAB-15475)		E-MTAB-15475-derived
M1	CLDN7	source	INCLUDED_analysis_ready	fetal-Mullerian-epithelial derived member (E-MTAB-15475)		E-MTAB-15475-derived
M1	CMTM7	source	INCLUDED_analysis_ready	fetal-Mullerian-epithelial derived member (E-MTAB-15475)		E-MTAB-15475-derived
M1	CNDP2	source	INCLUDED_analysis_ready	fetal-Mullerian-epithelial derived member (E-MTAB-15475)		E-MTAB-15475-derived
M1	COL9A2	source	INCLUDED_analysis_ready	fetal-Mullerian-epithelial derived member (E-MTAB-15475)		E-MTAB-15475-derived
M1	CPXM2	source	INCLUDED_analysis_ready	fetal-Mullerian-epithelial derived member (E-MTAB-15475)		E-MTAB-15475-derived
M1	CRISPLD1	source	INCLUDED_analysis_ready	fetal-Mullerian-epithelial derived member (E-MTAB-15475)		E-MTAB-15475-derived
M1	CTNNA2	source	INCLUDED_analysis_ready	fetal-Mullerian-epithelial derived member (E-MTAB-15475)		E-MTAB-15475-derived
M1	CTTNBP2	source	INCLUDED_analysis_ready	fetal-Mullerian-epithelial derived member (E-MTAB-15475)		E-MTAB-15475-derived
M1	CTXN1	source	INCLUDED_analysis_ready	fetal-Mullerian-epithelial derived member (E-MTAB-15475)		E-MTAB-15475-derived
M1	CUEDC1	source	INCLUDED_analysis_ready	fetal-Mullerian-epithelial derived member (E-MTAB-15475)		E-MTAB-15475-derived
M1	CXCL16	source	INCLUDED_analysis_ready	fetal-Mullerian-epithelial derived member (E-MTAB-15475)		E-MTAB-15475-derived
M1	CXXC5	source	INCLUDED_analysis_ready	fetal-Mullerian-epithelial derived member (E-MTAB-15475)		E-MTAB-15475-derived
M1	CYSTM1	source	INCLUDED_analysis_ready	fetal-Mullerian-epithelial derived member (E-MTAB-15475)		E-MTAB-15475-derived
M1	CYTOR	source	INCLUDED_analysis_ready	fetal-Mullerian-epithelial derived member (E-MTAB-15475)		E-MTAB-15475-derived
M1	CYYR1	source	INCLUDED_analysis_ready	fetal-Mullerian-epithelial derived member (E-MTAB-15475)		E-MTAB-15475-derived
M1	DACH1	source	INCLUDED_analysis_ready	fetal-Mullerian-epithelial derived member (E-MTAB-15475)		E-MTAB-15475-derived
M1	DAPK1	source	INCLUDED_analysis_ready	fetal-Mullerian-epithelial derived member (E-MTAB-15475)		E-MTAB-15475-derived
M1	DAPL1	source	INCLUDED_analysis_ready	fetal-Mullerian-epithelial derived member (E-MTAB-15475)		E-MTAB-15475-derived
M1	DCDC2	source	INCLUDED_analysis_ready	fetal-Mullerian-epithelial derived member (E-MTAB-15475)		E-MTAB-15475-derived
M1	DHCR24	source	INCLUDED_analysis_ready	fetal-Mullerian-epithelial derived member (E-MTAB-15475)		E-MTAB-15475-derived
M1	DIPK1B	source	INCLUDED_analysis_ready	fetal-Mullerian-epithelial derived member (E-MTAB-15475)		E-MTAB-15475-derived
M1	DLGAP1	source	INCLUDED_analysis_ready	fetal-Mullerian-epithelial derived member (E-MTAB-15475)		E-MTAB-15475-derived
M1	DLX5	source	INCLUDED_analysis_ready	fetal-Mullerian-epithelial derived member (E-MTAB-15475)		E-MTAB-15475-derived
M1	DNALI1	source	INCLUDED_analysis_ready	fetal-Mullerian-epithelial derived member (E-MTAB-15475)		E-MTAB-15475-derived
M1	DOK5	source	INCLUDED_analysis_ready	fetal-Mullerian-epithelial derived member (E-MTAB-15475)		E-MTAB-15475-derived
M1	DUSP8	source	INCLUDED_analysis_ready	fetal-Mullerian-epithelial derived member (E-MTAB-15475)		E-MTAB-15475-derived
M1	ELF3	source	INCLUDED_analysis_ready	fetal-Mullerian-epithelial derived member (E-MTAB-15475)		E-MTAB-15475-derived
M1	EMID1	source	INCLUDED_analysis_ready	fetal-Mullerian-epithelial derived member (E-MTAB-15475)		E-MTAB-15475-derived
M1	EMX2	source	INCLUDED_analysis_ready	fetal-Mullerian-epithelial derived member (E-MTAB-15475)		E-MTAB-15475-derived
M1	EMX2OS	source	INCLUDED_analysis_ready	fetal-Mullerian-epithelial derived member (E-MTAB-15475)		E-MTAB-15475-derived
M1	ENOSF1	source	INCLUDED_analysis_ready	fetal-Mullerian-epithelial derived member (E-MTAB-15475)		E-MTAB-15475-derived
M1	EPB41L5	source	INCLUDED_analysis_ready	fetal-Mullerian-epithelial derived member (E-MTAB-15475)		E-MTAB-15475-derived
M1	EPCAM	source	INCLUDED_analysis_ready	fetal-Mullerian-epithelial derived member (E-MTAB-15475)		E-MTAB-15475-derived
M1	EPS8L1	source	INCLUDED_analysis_ready	fetal-Mullerian-epithelial derived member (E-MTAB-15475)		E-MTAB-15475-derived
M1	ERBB4	source	INCLUDED_analysis_ready	fetal-Mullerian-epithelial derived member (E-MTAB-15475)		E-MTAB-15475-derived
M1	ERP27	source	INCLUDED_analysis_ready	fetal-Mullerian-epithelial derived member (E-MTAB-15475)		E-MTAB-15475-derived
M1	ESR1	source	INCLUDED_analysis_ready	fetal-Mullerian-epithelial derived member (E-MTAB-15475)		E-MTAB-15475-derived
M1	FAM174B	source	INCLUDED_analysis_ready	fetal-Mullerian-epithelial derived member (E-MTAB-15475)		E-MTAB-15475-derived
M1	FGF18	source	INCLUDED_analysis_ready	fetal-Mullerian-epithelial derived member (E-MTAB-15475)		E-MTAB-15475-derived
M1	FGF9	source	INCLUDED_analysis_ready	fetal-Mullerian-epithelial derived member (E-MTAB-15475)		E-MTAB-15475-derived
M1	FGFRL1	source	INCLUDED_analysis_ready	fetal-Mullerian-epithelial derived member (E-MTAB-15475)		E-MTAB-15475-derived
M1	FOLR1	source	INCLUDED_analysis_ready	fetal-Mullerian-epithelial derived member (E-MTAB-15475)		E-MTAB-15475-derived
M1	FOXJ1	source	INCLUDED_analysis_ready	fetal-Mullerian-epithelial derived member (E-MTAB-15475)		E-MTAB-15475-derived
M1	GALNT3	source	INCLUDED_analysis_ready	fetal-Mullerian-epithelial derived member (E-MTAB-15475)		E-MTAB-15475-derived
M1	GCHFR	source	INCLUDED_analysis_ready	fetal-Mullerian-epithelial derived member (E-MTAB-15475)		E-MTAB-15475-derived
M1	GMPR	source	INCLUDED_analysis_ready	fetal-Mullerian-epithelial derived member (E-MTAB-15475)		E-MTAB-15475-derived
M1	GPRC5B	source	INCLUDED_analysis_ready	fetal-Mullerian-epithelial derived member (E-MTAB-15475)		E-MTAB-15475-derived
M1	GPRC5C	source	INCLUDED_analysis_ready	fetal-Mullerian-epithelial derived member (E-MTAB-15475)		E-MTAB-15475-derived
M1	GRB7	source	INCLUDED_analysis_ready	fetal-Mullerian-epithelial derived member (E-MTAB-15475)		E-MTAB-15475-derived
M1	HIPK2	source	INCLUDED_analysis_ready	fetal-Mullerian-epithelial derived member (E-MTAB-15475)		E-MTAB-15475-derived
M1	HIVEP2	source	INCLUDED_analysis_ready	fetal-Mullerian-epithelial derived member (E-MTAB-15475)		E-MTAB-15475-derived
M1	HMGA2	source	INCLUDED_analysis_ready	fetal-Mullerian-epithelial derived member (E-MTAB-15475)		E-MTAB-15475-derived
M1	HOMER2	source	INCLUDED_analysis_ready	fetal-Mullerian-epithelial derived member (E-MTAB-15475)		E-MTAB-15475-derived
M1	HOXB2	source	INCLUDED_analysis_ready	fetal-Mullerian-epithelial derived member (E-MTAB-15475)		E-MTAB-15475-derived
M1	HOXB3	source	INCLUDED_analysis_ready	fetal-Mullerian-epithelial derived member (E-MTAB-15475)		E-MTAB-15475-derived
M1	HOXB4	source	INCLUDED_analysis_ready	fetal-Mullerian-epithelial derived member (E-MTAB-15475)		E-MTAB-15475-derived
M1	HPGD	source	INCLUDED_analysis_ready	fetal-Mullerian-epithelial derived member (E-MTAB-15475)		E-MTAB-15475-derived
M1	HPN	source	INCLUDED_analysis_ready	fetal-Mullerian-epithelial derived member (E-MTAB-15475)		E-MTAB-15475-derived
M1	HS6ST1	source	INCLUDED_analysis_ready	fetal-Mullerian-epithelial derived member (E-MTAB-15475)		E-MTAB-15475-derived
M1	ICA1	source	INCLUDED_analysis_ready	fetal-Mullerian-epithelial derived member (E-MTAB-15475)		E-MTAB-15475-derived
M1	IGF2BP3	source	INCLUDED_analysis_ready	fetal-Mullerian-epithelial derived member (E-MTAB-15475)		E-MTAB-15475-derived
M1	IQCA1	source	INCLUDED_analysis_ready	fetal-Mullerian-epithelial derived member (E-MTAB-15475)		E-MTAB-15475-derived
M1	IQCK	source	INCLUDED_analysis_ready	fetal-Mullerian-epithelial derived member (E-MTAB-15475)		E-MTAB-15475-derived
M1	IQGAP2	source	INCLUDED_analysis_ready	fetal-Mullerian-epithelial derived member (E-MTAB-15475)		E-MTAB-15475-derived
M1	ITGB8	source	INCLUDED_analysis_ready	fetal-Mullerian-epithelial derived member (E-MTAB-15475)		E-MTAB-15475-derived
M1	JDP2	source	INCLUDED_analysis_ready	fetal-Mullerian-epithelial derived member (E-MTAB-15475)		E-MTAB-15475-derived
M1	KCNMA1	source	INCLUDED_analysis_ready	fetal-Mullerian-epithelial derived member (E-MTAB-15475)		E-MTAB-15475-derived
M1	KCTD1	source	INCLUDED_analysis_ready	fetal-Mullerian-epithelial derived member (E-MTAB-15475)		E-MTAB-15475-derived
M1	KIAA1217	source	INCLUDED_analysis_ready	fetal-Mullerian-epithelial derived member (E-MTAB-15475)		E-MTAB-15475-derived
M1	KIF12	source	INCLUDED_analysis_ready	fetal-Mullerian-epithelial derived member (E-MTAB-15475)		E-MTAB-15475-derived
M1	KIF9	source	INCLUDED_analysis_ready	fetal-Mullerian-epithelial derived member (E-MTAB-15475)		E-MTAB-15475-derived
M1	KLF13	source	INCLUDED_analysis_ready	fetal-Mullerian-epithelial derived member (E-MTAB-15475)		E-MTAB-15475-derived
M1	KRT18	source	INCLUDED_analysis_ready	fetal-Mullerian-epithelial derived member (E-MTAB-15475)		E-MTAB-15475-derived
M1	KRT7	source	INCLUDED_analysis_ready	fetal-Mullerian-epithelial derived member (E-MTAB-15475)		E-MTAB-15475-derived
M1	LGMN	source	INCLUDED_analysis_ready	fetal-Mullerian-epithelial derived member (E-MTAB-15475)		E-MTAB-15475-derived
M1	LGR5	source	INCLUDED_analysis_ready	fetal-Mullerian-epithelial derived member (E-MTAB-15475)		E-MTAB-15475-derived
M1	LHX1	source	INCLUDED_analysis_ready	fetal-Mullerian-epithelial derived member (E-MTAB-15475)		E-MTAB-15475-derived
M1	LINC00665	source	INCLUDED_analysis_ready	fetal-Mullerian-epithelial derived member (E-MTAB-15475)		E-MTAB-15475-derived
M1	LINC02672	source	INCLUDED_analysis_ready	fetal-Mullerian-epithelial derived member (E-MTAB-15475)		E-MTAB-15475-derived
M1	LLGL2	source	INCLUDED_analysis_ready	fetal-Mullerian-epithelial derived member (E-MTAB-15475)		E-MTAB-15475-derived
M1	LMO7	source	INCLUDED_analysis_ready	fetal-Mullerian-epithelial derived member (E-MTAB-15475)		E-MTAB-15475-derived
M1	LRIG1	source	INCLUDED_analysis_ready	fetal-Mullerian-epithelial derived member (E-MTAB-15475)		E-MTAB-15475-derived
M1	LRRTM1	source	INCLUDED_analysis_ready	fetal-Mullerian-epithelial derived member (E-MTAB-15475)		E-MTAB-15475-derived
M1	LYPD1	source	INCLUDED_analysis_ready	fetal-Mullerian-epithelial derived member (E-MTAB-15475)		E-MTAB-15475-derived
M1	MAGI1	source	INCLUDED_analysis_ready	fetal-Mullerian-epithelial derived member (E-MTAB-15475)		E-MTAB-15475-derived
M1	MAL2	source	INCLUDED_analysis_ready	fetal-Mullerian-epithelial derived member (E-MTAB-15475)		E-MTAB-15475-derived
M1	MALT1	source	INCLUDED_analysis_ready	fetal-Mullerian-epithelial derived member (E-MTAB-15475)		E-MTAB-15475-derived
M1	MAP2K3	source	INCLUDED_analysis_ready	fetal-Mullerian-epithelial derived member (E-MTAB-15475)		E-MTAB-15475-derived
M1	MAP2K6	source	INCLUDED_analysis_ready	fetal-Mullerian-epithelial derived member (E-MTAB-15475)		E-MTAB-15475-derived
M1	MAP3K1	source	INCLUDED_analysis_ready	fetal-Mullerian-epithelial derived member (E-MTAB-15475)		E-MTAB-15475-derived
M1	MAP3K21	source	INCLUDED_analysis_ready	fetal-Mullerian-epithelial derived member (E-MTAB-15475)		E-MTAB-15475-derived
M1	MECOM	source	INCLUDED_analysis_ready	fetal-Mullerian-epithelial derived member (E-MTAB-15475)		E-MTAB-15475-derived
M1	MET	source	INCLUDED_analysis_ready	fetal-Mullerian-epithelial derived member (E-MTAB-15475)		E-MTAB-15475-derived
M1	MLF1	source	INCLUDED_analysis_ready	fetal-Mullerian-epithelial derived member (E-MTAB-15475)		E-MTAB-15475-derived
M1	MMP7	source	INCLUDED_analysis_ready	fetal-Mullerian-epithelial derived member (E-MTAB-15475)		E-MTAB-15475-derived
M1	MSLN	source	INCLUDED_analysis_ready	fetal-Mullerian-epithelial derived member (E-MTAB-15475)		E-MTAB-15475-derived
M1	MSX1	source	INCLUDED_analysis_ready	fetal-Mullerian-epithelial derived member (E-MTAB-15475)		E-MTAB-15475-derived
M1	MSX2	source	INCLUDED_analysis_ready	fetal-Mullerian-epithelial derived member (E-MTAB-15475)		E-MTAB-15475-derived
M1	MT1F	source	INCLUDED_analysis_ready	fetal-Mullerian-epithelial derived member (E-MTAB-15475)		E-MTAB-15475-derived
M1	MUC1	source	INCLUDED_analysis_ready	fetal-Mullerian-epithelial derived member (E-MTAB-15475)		E-MTAB-15475-derived
M1	MUC16	source	INCLUDED_analysis_ready	fetal-Mullerian-epithelial derived member (E-MTAB-15475)		E-MTAB-15475-derived
M1	MUC20	source	INCLUDED_analysis_ready	fetal-Mullerian-epithelial derived member (E-MTAB-15475)		E-MTAB-15475-derived
M1	MYEF2	source	INCLUDED_analysis_ready	fetal-Mullerian-epithelial derived member (E-MTAB-15475)		E-MTAB-15475-derived
M1	NAALADL2	source	INCLUDED_analysis_ready	fetal-Mullerian-epithelial derived member (E-MTAB-15475)		E-MTAB-15475-derived
M1	NCOA7	source	INCLUDED_analysis_ready	fetal-Mullerian-epithelial derived member (E-MTAB-15475)		E-MTAB-15475-derived
M1	NEDD9	source	INCLUDED_analysis_ready	fetal-Mullerian-epithelial derived member (E-MTAB-15475)		E-MTAB-15475-derived
M1	NLGN4X	source	INCLUDED_analysis_ready	fetal-Mullerian-epithelial derived member (E-MTAB-15475)		E-MTAB-15475-derived
M1	NPNT	source	INCLUDED_analysis_ready	fetal-Mullerian-epithelial derived member (E-MTAB-15475)		E-MTAB-15475-derived
M1	NRCAM	source	INCLUDED_analysis_ready	fetal-Mullerian-epithelial derived member (E-MTAB-15475)		E-MTAB-15475-derived
M1	NRXN3	source	INCLUDED_analysis_ready	fetal-Mullerian-epithelial derived member (E-MTAB-15475)		E-MTAB-15475-derived
M1	NUAK2	source	INCLUDED_analysis_ready	fetal-Mullerian-epithelial derived member (E-MTAB-15475)		E-MTAB-15475-derived
M1	OCLN	source	INCLUDED_analysis_ready	fetal-Mullerian-epithelial derived member (E-MTAB-15475)		E-MTAB-15475-derived
M1	PAM	source	INCLUDED_analysis_ready	fetal-Mullerian-epithelial derived member (E-MTAB-15475)		E-MTAB-15475-derived
M1	PART1	source	INCLUDED_analysis_ready	fetal-Mullerian-epithelial derived member (E-MTAB-15475)		E-MTAB-15475-derived
M1	PATZ1	source	INCLUDED_analysis_ready	fetal-Mullerian-epithelial derived member (E-MTAB-15475)		E-MTAB-15475-derived
M1	PAX2	source	INCLUDED_analysis_ready	fetal-Mullerian-epithelial derived member (E-MTAB-15475)		E-MTAB-15475-derived
M1	PAX8	source	INCLUDED_analysis_ready	fetal-Mullerian-epithelial derived member (E-MTAB-15475)		E-MTAB-15475-derived
M1	PAX8-AS1	source	INCLUDED_analysis_ready	fetal-Mullerian-epithelial derived member (E-MTAB-15475)		E-MTAB-15475-derived
M1	PCP4	source	INCLUDED_analysis_ready	fetal-Mullerian-epithelial derived member (E-MTAB-15475)		E-MTAB-15475-derived
M1	PCSK1N	source	INCLUDED_analysis_ready	fetal-Mullerian-epithelial derived member (E-MTAB-15475)		E-MTAB-15475-derived
M1	PDE3A	source	INCLUDED_analysis_ready	fetal-Mullerian-epithelial derived member (E-MTAB-15475)		E-MTAB-15475-derived
M1	PIP5K1A	source	INCLUDED_analysis_ready	fetal-Mullerian-epithelial derived member (E-MTAB-15475)		E-MTAB-15475-derived
M1	PITPNA	source	INCLUDED_analysis_ready	fetal-Mullerian-epithelial derived member (E-MTAB-15475)		E-MTAB-15475-derived
M1	PKP2	source	INCLUDED_analysis_ready	fetal-Mullerian-epithelial derived member (E-MTAB-15475)		E-MTAB-15475-derived
M1	PLEKHB2	source	INCLUDED_analysis_ready	fetal-Mullerian-epithelial derived member (E-MTAB-15475)		E-MTAB-15475-derived
M1	PLEKHG1	source	INCLUDED_analysis_ready	fetal-Mullerian-epithelial derived member (E-MTAB-15475)		E-MTAB-15475-derived
M1	PLLP	source	INCLUDED_analysis_ready	fetal-Mullerian-epithelial derived member (E-MTAB-15475)		E-MTAB-15475-derived
M1	PLPP2	source	INCLUDED_analysis_ready	fetal-Mullerian-epithelial derived member (E-MTAB-15475)		E-MTAB-15475-derived
M1	PLXNB1	source	INCLUDED_analysis_ready	fetal-Mullerian-epithelial derived member (E-MTAB-15475)		E-MTAB-15475-derived
M1	PNOC	source	INCLUDED_analysis_ready	fetal-Mullerian-epithelial derived member (E-MTAB-15475)		E-MTAB-15475-derived
M1	PPM1H	source	INCLUDED_analysis_ready	fetal-Mullerian-epithelial derived member (E-MTAB-15475)		E-MTAB-15475-derived
M1	PPP1R16A	source	INCLUDED_analysis_ready	fetal-Mullerian-epithelial derived member (E-MTAB-15475)		E-MTAB-15475-derived
M1	PPP1R9A	source	INCLUDED_analysis_ready	fetal-Mullerian-epithelial derived member (E-MTAB-15475)		E-MTAB-15475-derived
M1	PPP2R2B	source	INCLUDED_analysis_ready	fetal-Mullerian-epithelial derived member (E-MTAB-15475)		E-MTAB-15475-derived
M1	PRSS8	source	INCLUDED_analysis_ready	fetal-Mullerian-epithelial derived member (E-MTAB-15475)		E-MTAB-15475-derived
M1	PSAT1	source	INCLUDED_analysis_ready	fetal-Mullerian-epithelial derived member (E-MTAB-15475)		E-MTAB-15475-derived
M1	PTGS1	source	INCLUDED_analysis_ready	fetal-Mullerian-epithelial derived member (E-MTAB-15475)		E-MTAB-15475-derived
M1	RAB3IP	source	INCLUDED_analysis_ready	fetal-Mullerian-epithelial derived member (E-MTAB-15475)		E-MTAB-15475-derived
M1	RAI2	source	INCLUDED_analysis_ready	fetal-Mullerian-epithelial derived member (E-MTAB-15475)		E-MTAB-15475-derived
M1	RASSF7	source	INCLUDED_analysis_ready	fetal-Mullerian-epithelial derived member (E-MTAB-15475)		E-MTAB-15475-derived
M1	RBM47	source	INCLUDED_analysis_ready	fetal-Mullerian-epithelial derived member (E-MTAB-15475)		E-MTAB-15475-derived
M1	REC8	source	INCLUDED_analysis_ready	fetal-Mullerian-epithelial derived member (E-MTAB-15475)		E-MTAB-15475-derived
M1	RGL3	source	INCLUDED_analysis_ready	fetal-Mullerian-epithelial derived member (E-MTAB-15475)		E-MTAB-15475-derived
M1	RNASE1	source	INCLUDED_analysis_ready	fetal-Mullerian-epithelial derived member (E-MTAB-15475)		E-MTAB-15475-derived
M1	RNF144B	source	INCLUDED_analysis_ready	fetal-Mullerian-epithelial derived member (E-MTAB-15475)		E-MTAB-15475-derived
M1	RNF180	source	INCLUDED_analysis_ready	fetal-Mullerian-epithelial derived member (E-MTAB-15475)		E-MTAB-15475-derived
M1	RNPC3	source	INCLUDED_analysis_ready	fetal-Mullerian-epithelial derived member (E-MTAB-15475)		E-MTAB-15475-derived
M1	RRAS2	source	INCLUDED_analysis_ready	fetal-Mullerian-epithelial derived member (E-MTAB-15475)		E-MTAB-15475-derived
M1	SAMHD1	source	EXCLUDED_analysis_ready	composition-overlap ESTIMATE (immune)	immune	SI_geneset
M1	SCARA3	source	INCLUDED_analysis_ready	fetal-Mullerian-epithelial derived member (E-MTAB-15475)		E-MTAB-15475-derived
M1	SCGB2A1	source	INCLUDED_analysis_ready	fetal-Mullerian-epithelial derived member (E-MTAB-15475)		E-MTAB-15475-derived
M1	SCML1	source	INCLUDED_analysis_ready	fetal-Mullerian-epithelial derived member (E-MTAB-15475)		E-MTAB-15475-derived
M1	SCX	source	INCLUDED_analysis_ready	fetal-Mullerian-epithelial derived member (E-MTAB-15475)		E-MTAB-15475-derived
M1	SEMA3B	source	INCLUDED_analysis_ready	fetal-Mullerian-epithelial derived member (E-MTAB-15475)		E-MTAB-15475-derived
M1	SEMA3E	source	INCLUDED_analysis_ready	fetal-Mullerian-epithelial derived member (E-MTAB-15475)		E-MTAB-15475-derived
M1	SERINC5	source	INCLUDED_analysis_ready	fetal-Mullerian-epithelial derived member (E-MTAB-15475)		E-MTAB-15475-derived
M1	SERPINE2	source	INCLUDED_analysis_ready	fetal-Mullerian-epithelial derived member (E-MTAB-15475)		E-MTAB-15475-derived
M1	SFT2D2	source	INCLUDED_analysis_ready	fetal-Mullerian-epithelial derived member (E-MTAB-15475)		E-MTAB-15475-derived
M1	SH3RF1	source	INCLUDED_analysis_ready	fetal-Mullerian-epithelial derived member (E-MTAB-15475)		E-MTAB-15475-derived
M1	SLC14A1	source	INCLUDED_analysis_ready	fetal-Mullerian-epithelial derived member (E-MTAB-15475)		E-MTAB-15475-derived
M1	SLC1A3	source	INCLUDED_analysis_ready	fetal-Mullerian-epithelial derived member (E-MTAB-15475)		E-MTAB-15475-derived
M1	SLC25A13	source	INCLUDED_analysis_ready	fetal-Mullerian-epithelial derived member (E-MTAB-15475)		E-MTAB-15475-derived
M1	SLC34A2	source	INCLUDED_analysis_ready	fetal-Mullerian-epithelial derived member (E-MTAB-15475)		E-MTAB-15475-derived
M1	SLC4A7	source	INCLUDED_analysis_ready	fetal-Mullerian-epithelial derived member (E-MTAB-15475)		E-MTAB-15475-derived
M1	SLFN5	source	INCLUDED_analysis_ready	fetal-Mullerian-epithelial derived member (E-MTAB-15475)		E-MTAB-15475-derived
M1	SLPI	source	INCLUDED_analysis_ready	fetal-Mullerian-epithelial derived member (E-MTAB-15475)		E-MTAB-15475-derived
M1	SORBS2	source	INCLUDED_analysis_ready	fetal-Mullerian-epithelial derived member (E-MTAB-15475)		E-MTAB-15475-derived
M1	SOX17	source	INCLUDED_analysis_ready	fetal-Mullerian-epithelial derived member (E-MTAB-15475)		E-MTAB-15475-derived
M1	SOX5	source	INCLUDED_analysis_ready	fetal-Mullerian-epithelial derived member (E-MTAB-15475)		E-MTAB-15475-derived
M1	SOX6	source	INCLUDED_analysis_ready	fetal-Mullerian-epithelial derived member (E-MTAB-15475)		E-MTAB-15475-derived
M1	SOX9	source	INCLUDED_analysis_ready	fetal-Mullerian-epithelial derived member (E-MTAB-15475)		E-MTAB-15475-derived
M1	SPOCK3	source	INCLUDED_analysis_ready	fetal-Mullerian-epithelial derived member (E-MTAB-15475)		E-MTAB-15475-derived
M1	SPON1	source	EXCLUDED_analysis_ready	composition-overlap ESTIMATE (stromal)	stromal	SI_geneset
M1	SPPL2B	source	INCLUDED_analysis_ready	fetal-Mullerian-epithelial derived member (E-MTAB-15475)		E-MTAB-15475-derived
M1	SRGAP3	source	INCLUDED_analysis_ready	fetal-Mullerian-epithelial derived member (E-MTAB-15475)		E-MTAB-15475-derived
M1	ST14	source	INCLUDED_analysis_ready	fetal-Mullerian-epithelial derived member (E-MTAB-15475)		E-MTAB-15475-derived
M1	STON2	source	INCLUDED_analysis_ready	fetal-Mullerian-epithelial derived member (E-MTAB-15475)		E-MTAB-15475-derived
M1	STX18	source	INCLUDED_analysis_ready	fetal-Mullerian-epithelial derived member (E-MTAB-15475)		E-MTAB-15475-derived
M1	STXBP6	source	INCLUDED_analysis_ready	fetal-Mullerian-epithelial derived member (E-MTAB-15475)		E-MTAB-15475-derived
M1	SUMF1	source	INCLUDED_analysis_ready	fetal-Mullerian-epithelial derived member (E-MTAB-15475)		E-MTAB-15475-derived
M1	SYK	source	INCLUDED_analysis_ready	fetal-Mullerian-epithelial derived member (E-MTAB-15475)		E-MTAB-15475-derived
M1	TCTEX1D2	source	INCLUDED_analysis_ready	fetal-Mullerian-epithelial derived member (E-MTAB-15475)		E-MTAB-15475-derived
M1	TEC	source	INCLUDED_analysis_ready	fetal-Mullerian-epithelial derived member (E-MTAB-15475)		E-MTAB-15475-derived
M1	THSD4	source	INCLUDED_analysis_ready	fetal-Mullerian-epithelial derived member (E-MTAB-15475)		E-MTAB-15475-derived
M1	TLE2	source	INCLUDED_analysis_ready	fetal-Mullerian-epithelial derived member (E-MTAB-15475)		E-MTAB-15475-derived
M1	TM7SF2	source	INCLUDED_analysis_ready	fetal-Mullerian-epithelial derived member (E-MTAB-15475)		E-MTAB-15475-derived
M1	TMC4	source	INCLUDED_analysis_ready	fetal-Mullerian-epithelial derived member (E-MTAB-15475)		E-MTAB-15475-derived
M1	TMEM139	source	INCLUDED_analysis_ready	fetal-Mullerian-epithelial derived member (E-MTAB-15475)		E-MTAB-15475-derived
M1	TMEM238	source	INCLUDED_analysis_ready	fetal-Mullerian-epithelial derived member (E-MTAB-15475)		E-MTAB-15475-derived
M1	TNFRSF12A	source	INCLUDED_analysis_ready	fetal-Mullerian-epithelial derived member (E-MTAB-15475)		E-MTAB-15475-derived
M1	TOM1L1	source	INCLUDED_analysis_ready	fetal-Mullerian-epithelial derived member (E-MTAB-15475)		E-MTAB-15475-derived
M1	TPD52L1	source	INCLUDED_analysis_ready	fetal-Mullerian-epithelial derived member (E-MTAB-15475)		E-MTAB-15475-derived
M1	TRIM2	source	INCLUDED_analysis_ready	fetal-Mullerian-epithelial derived member (E-MTAB-15475)		E-MTAB-15475-derived
M1	TSPAN1	source	INCLUDED_analysis_ready	fetal-Mullerian-epithelial derived member (E-MTAB-15475)		E-MTAB-15475-derived
M1	TSPAN7	source	INCLUDED_analysis_ready	fetal-Mullerian-epithelial derived member (E-MTAB-15475)		E-MTAB-15475-derived
M1	UCA1	source	INCLUDED_analysis_ready	fetal-Mullerian-epithelial derived member (E-MTAB-15475)		E-MTAB-15475-derived
M1	UCP2	source	INCLUDED_analysis_ready	fetal-Mullerian-epithelial derived member (E-MTAB-15475)		E-MTAB-15475-derived
M1	UGT2B7	source	INCLUDED_analysis_ready	fetal-Mullerian-epithelial derived member (E-MTAB-15475)		E-MTAB-15475-derived
M1	WFDC2	source	INCLUDED_analysis_ready	fetal-Mullerian-epithelial derived member (E-MTAB-15475)		E-MTAB-15475-derived
M1	WNT11	source	INCLUDED_analysis_ready	fetal-Mullerian-epithelial derived member (E-MTAB-15475)		E-MTAB-15475-derived
M1	WNT7A	source	INCLUDED_analysis_ready	fetal-Mullerian-epithelial derived member (E-MTAB-15475)		E-MTAB-15475-derived
M1	ZMYND8	source	INCLUDED_analysis_ready	fetal-Mullerian-epithelial derived member (E-MTAB-15475)		E-MTAB-15475-derived
M1	ZNF33A	source	INCLUDED_analysis_ready	fetal-Mullerian-epithelial derived member (E-MTAB-15475)		E-MTAB-15475-derived
M1	ZNF579	source	INCLUDED_analysis_ready	fetal-Mullerian-epithelial derived member (E-MTAB-15475)		E-MTAB-15475-derived
M1	ZNF608	source	INCLUDED_analysis_ready	fetal-Mullerian-epithelial derived member (E-MTAB-15475)		E-MTAB-15475-derived
M1	ZNF618	source	INCLUDED_analysis_ready	fetal-Mullerian-epithelial derived member (E-MTAB-15475)		E-MTAB-15475-derived
M1	ZNF83	source	INCLUDED_analysis_ready	fetal-Mullerian-epithelial derived member (E-MTAB-15475)		E-MTAB-15475-derived
M1	ZNRF3	source	INCLUDED_analysis_ready	fetal-Mullerian-epithelial derived member (E-MTAB-15475)		E-MTAB-15475-derived
compact_M1	ABHD11	source	INCLUDED_analysis_ready	compact sensitivity member (donor_fraction>=0.90 & log2FC>=1.0)		E-MTAB-15475-derived
compact_M1	ADAM28	source	INCLUDED_analysis_ready	compact sensitivity member (donor_fraction>=0.90 & log2FC>=1.0)		E-MTAB-15475-derived
compact_M1	ADGRA3	source	INCLUDED_analysis_ready	compact sensitivity member (donor_fraction>=0.90 & log2FC>=1.0)		E-MTAB-15475-derived
compact_M1	AIFM1	source	INCLUDED_analysis_ready	compact sensitivity member (donor_fraction>=0.90 & log2FC>=1.0)		E-MTAB-15475-derived
compact_M1	AP1M2	source	INCLUDED_analysis_ready	compact sensitivity member (donor_fraction>=0.90 & log2FC>=1.0)		E-MTAB-15475-derived
compact_M1	AP1S2	source	INCLUDED_analysis_ready	compact sensitivity member (donor_fraction>=0.90 & log2FC>=1.0)		E-MTAB-15475-derived
compact_M1	ARL4C	source	INCLUDED_analysis_ready	compact sensitivity member (donor_fraction>=0.90 & log2FC>=1.0)		E-MTAB-15475-derived
compact_M1	ARSD	source	INCLUDED_analysis_ready	compact sensitivity member (donor_fraction>=0.90 & log2FC>=1.0)		E-MTAB-15475-derived
compact_M1	ARSJ	source	INCLUDED_analysis_ready	compact sensitivity member (donor_fraction>=0.90 & log2FC>=1.0)		E-MTAB-15475-derived
compact_M1	ASAP2	source	INCLUDED_analysis_ready	compact sensitivity member (donor_fraction>=0.90 & log2FC>=1.0)		E-MTAB-15475-derived
compact_M1	ASRGL1	source	INCLUDED_analysis_ready	compact sensitivity member (donor_fraction>=0.90 & log2FC>=1.0)		E-MTAB-15475-derived
compact_M1	BCAT1	source	INCLUDED_analysis_ready	compact sensitivity member (donor_fraction>=0.90 & log2FC>=1.0)		E-MTAB-15475-derived
compact_M1	BEX1	source	INCLUDED_analysis_ready	compact sensitivity member (donor_fraction>=0.90 & log2FC>=1.0)		E-MTAB-15475-derived
compact_M1	BICD1	source	INCLUDED_analysis_ready	compact sensitivity member (donor_fraction>=0.90 & log2FC>=1.0)		E-MTAB-15475-derived
compact_M1	C19orf33	source	INCLUDED_analysis_ready	compact sensitivity member (donor_fraction>=0.90 & log2FC>=1.0)		E-MTAB-15475-derived
compact_M1	C2orf88	source	INCLUDED_analysis_ready	compact sensitivity member (donor_fraction>=0.90 & log2FC>=1.0)		E-MTAB-15475-derived
compact_M1	CAPS	source	INCLUDED_analysis_ready	compact sensitivity member (donor_fraction>=0.90 & log2FC>=1.0)		E-MTAB-15475-derived
compact_M1	CD24	source	INCLUDED_analysis_ready	compact sensitivity member (donor_fraction>=0.90 & log2FC>=1.0)		E-MTAB-15475-derived
compact_M1	CD74	source	EXCLUDED_analysis_ready	composition-overlap ESTIMATE (immune)	immune	SI_geneset
compact_M1	CDH2	source	INCLUDED_analysis_ready	compact sensitivity member (donor_fraction>=0.90 & log2FC>=1.0)		E-MTAB-15475-derived
compact_M1	CERNA2	source	INCLUDED_analysis_ready	compact sensitivity member (donor_fraction>=0.90 & log2FC>=1.0)		E-MTAB-15475-derived
compact_M1	CFI	source	INCLUDED_analysis_ready	compact sensitivity member (donor_fraction>=0.90 & log2FC>=1.0)		E-MTAB-15475-derived
compact_M1	CHD7	source	INCLUDED_analysis_ready	compact sensitivity member (donor_fraction>=0.90 & log2FC>=1.0)		E-MTAB-15475-derived
compact_M1	CHL1	source	INCLUDED_analysis_ready	compact sensitivity member (donor_fraction>=0.90 & log2FC>=1.0)		E-MTAB-15475-derived
compact_M1	CLDN3	source	INCLUDED_analysis_ready	compact sensitivity member (donor_fraction>=0.90 & log2FC>=1.0)		E-MTAB-15475-derived
compact_M1	CLDN6	source	INCLUDED_analysis_ready	compact sensitivity member (donor_fraction>=0.90 & log2FC>=1.0)		E-MTAB-15475-derived
compact_M1	CMTM7	source	INCLUDED_analysis_ready	compact sensitivity member (donor_fraction>=0.90 & log2FC>=1.0)		E-MTAB-15475-derived
compact_M1	COL9A2	source	INCLUDED_analysis_ready	compact sensitivity member (donor_fraction>=0.90 & log2FC>=1.0)		E-MTAB-15475-derived
compact_M1	CPXM2	source	INCLUDED_analysis_ready	compact sensitivity member (donor_fraction>=0.90 & log2FC>=1.0)		E-MTAB-15475-derived
compact_M1	CRISPLD1	source	INCLUDED_analysis_ready	compact sensitivity member (donor_fraction>=0.90 & log2FC>=1.0)		E-MTAB-15475-derived
compact_M1	CTNNA2	source	INCLUDED_analysis_ready	compact sensitivity member (donor_fraction>=0.90 & log2FC>=1.0)		E-MTAB-15475-derived
compact_M1	CTTNBP2	source	INCLUDED_analysis_ready	compact sensitivity member (donor_fraction>=0.90 & log2FC>=1.0)		E-MTAB-15475-derived
compact_M1	CTXN1	source	INCLUDED_analysis_ready	compact sensitivity member (donor_fraction>=0.90 & log2FC>=1.0)		E-MTAB-15475-derived
compact_M1	CUEDC1	source	INCLUDED_analysis_ready	compact sensitivity member (donor_fraction>=0.90 & log2FC>=1.0)		E-MTAB-15475-derived
compact_M1	CXXC5	source	INCLUDED_analysis_ready	compact sensitivity member (donor_fraction>=0.90 & log2FC>=1.0)		E-MTAB-15475-derived
compact_M1	CYSTM1	source	INCLUDED_analysis_ready	compact sensitivity member (donor_fraction>=0.90 & log2FC>=1.0)		E-MTAB-15475-derived
compact_M1	CYTOR	source	INCLUDED_analysis_ready	compact sensitivity member (donor_fraction>=0.90 & log2FC>=1.0)		E-MTAB-15475-derived
compact_M1	CYYR1	source	INCLUDED_analysis_ready	compact sensitivity member (donor_fraction>=0.90 & log2FC>=1.0)		E-MTAB-15475-derived
compact_M1	DACH1	source	INCLUDED_analysis_ready	compact sensitivity member (donor_fraction>=0.90 & log2FC>=1.0)		E-MTAB-15475-derived
compact_M1	DAPL1	source	INCLUDED_analysis_ready	compact sensitivity member (donor_fraction>=0.90 & log2FC>=1.0)		E-MTAB-15475-derived
compact_M1	DCDC2	source	INCLUDED_analysis_ready	compact sensitivity member (donor_fraction>=0.90 & log2FC>=1.0)		E-MTAB-15475-derived
compact_M1	DHCR24	source	INCLUDED_analysis_ready	compact sensitivity member (donor_fraction>=0.90 & log2FC>=1.0)		E-MTAB-15475-derived
compact_M1	DIPK1B	source	INCLUDED_analysis_ready	compact sensitivity member (donor_fraction>=0.90 & log2FC>=1.0)		E-MTAB-15475-derived
compact_M1	DLGAP1	source	INCLUDED_analysis_ready	compact sensitivity member (donor_fraction>=0.90 & log2FC>=1.0)		E-MTAB-15475-derived
compact_M1	DNALI1	source	INCLUDED_analysis_ready	compact sensitivity member (donor_fraction>=0.90 & log2FC>=1.0)		E-MTAB-15475-derived
compact_M1	DOK5	source	INCLUDED_analysis_ready	compact sensitivity member (donor_fraction>=0.90 & log2FC>=1.0)		E-MTAB-15475-derived
compact_M1	DUSP8	source	INCLUDED_analysis_ready	compact sensitivity member (donor_fraction>=0.90 & log2FC>=1.0)		E-MTAB-15475-derived
compact_M1	ELF3	source	INCLUDED_analysis_ready	compact sensitivity member (donor_fraction>=0.90 & log2FC>=1.0)		E-MTAB-15475-derived
compact_M1	EMID1	source	INCLUDED_analysis_ready	compact sensitivity member (donor_fraction>=0.90 & log2FC>=1.0)		E-MTAB-15475-derived
compact_M1	EMX2	source	INCLUDED_analysis_ready	compact sensitivity member (donor_fraction>=0.90 & log2FC>=1.0)		E-MTAB-15475-derived
compact_M1	EMX2OS	source	INCLUDED_analysis_ready	compact sensitivity member (donor_fraction>=0.90 & log2FC>=1.0)		E-MTAB-15475-derived
compact_M1	EPB41L5	source	INCLUDED_analysis_ready	compact sensitivity member (donor_fraction>=0.90 & log2FC>=1.0)		E-MTAB-15475-derived
compact_M1	EPCAM	source	INCLUDED_analysis_ready	compact sensitivity member (donor_fraction>=0.90 & log2FC>=1.0)		E-MTAB-15475-derived
compact_M1	EPS8L1	source	INCLUDED_analysis_ready	compact sensitivity member (donor_fraction>=0.90 & log2FC>=1.0)		E-MTAB-15475-derived
compact_M1	ERBB4	source	INCLUDED_analysis_ready	compact sensitivity member (donor_fraction>=0.90 & log2FC>=1.0)		E-MTAB-15475-derived
compact_M1	ESR1	source	INCLUDED_analysis_ready	compact sensitivity member (donor_fraction>=0.90 & log2FC>=1.0)		E-MTAB-15475-derived
compact_M1	FGF18	source	INCLUDED_analysis_ready	compact sensitivity member (donor_fraction>=0.90 & log2FC>=1.0)		E-MTAB-15475-derived
compact_M1	FGF9	source	INCLUDED_analysis_ready	compact sensitivity member (donor_fraction>=0.90 & log2FC>=1.0)		E-MTAB-15475-derived
compact_M1	FGFRL1	source	INCLUDED_analysis_ready	compact sensitivity member (donor_fraction>=0.90 & log2FC>=1.0)		E-MTAB-15475-derived
compact_M1	FOLR1	source	INCLUDED_analysis_ready	compact sensitivity member (donor_fraction>=0.90 & log2FC>=1.0)		E-MTAB-15475-derived
compact_M1	FOXJ1	source	INCLUDED_analysis_ready	compact sensitivity member (donor_fraction>=0.90 & log2FC>=1.0)		E-MTAB-15475-derived
compact_M1	GCHFR	source	INCLUDED_analysis_ready	compact sensitivity member (donor_fraction>=0.90 & log2FC>=1.0)		E-MTAB-15475-derived
compact_M1	GMPR	source	INCLUDED_analysis_ready	compact sensitivity member (donor_fraction>=0.90 & log2FC>=1.0)		E-MTAB-15475-derived
compact_M1	GPRC5B	source	INCLUDED_analysis_ready	compact sensitivity member (donor_fraction>=0.90 & log2FC>=1.0)		E-MTAB-15475-derived
compact_M1	GRB7	source	INCLUDED_analysis_ready	compact sensitivity member (donor_fraction>=0.90 & log2FC>=1.0)		E-MTAB-15475-derived
compact_M1	HIPK2	source	INCLUDED_analysis_ready	compact sensitivity member (donor_fraction>=0.90 & log2FC>=1.0)		E-MTAB-15475-derived
compact_M1	HIVEP2	source	INCLUDED_analysis_ready	compact sensitivity member (donor_fraction>=0.90 & log2FC>=1.0)		E-MTAB-15475-derived
compact_M1	HMGA2	source	INCLUDED_analysis_ready	compact sensitivity member (donor_fraction>=0.90 & log2FC>=1.0)		E-MTAB-15475-derived
compact_M1	HOMER2	source	INCLUDED_analysis_ready	compact sensitivity member (donor_fraction>=0.90 & log2FC>=1.0)		E-MTAB-15475-derived
compact_M1	HOXB2	source	INCLUDED_analysis_ready	compact sensitivity member (donor_fraction>=0.90 & log2FC>=1.0)		E-MTAB-15475-derived
compact_M1	HOXB3	source	INCLUDED_analysis_ready	compact sensitivity member (donor_fraction>=0.90 & log2FC>=1.0)		E-MTAB-15475-derived
compact_M1	HOXB4	source	INCLUDED_analysis_ready	compact sensitivity member (donor_fraction>=0.90 & log2FC>=1.0)		E-MTAB-15475-derived
compact_M1	HPGD	source	INCLUDED_analysis_ready	compact sensitivity member (donor_fraction>=0.90 & log2FC>=1.0)		E-MTAB-15475-derived
compact_M1	HPN	source	INCLUDED_analysis_ready	compact sensitivity member (donor_fraction>=0.90 & log2FC>=1.0)		E-MTAB-15475-derived
compact_M1	ICA1	source	INCLUDED_analysis_ready	compact sensitivity member (donor_fraction>=0.90 & log2FC>=1.0)		E-MTAB-15475-derived
compact_M1	IGF2BP3	source	INCLUDED_analysis_ready	compact sensitivity member (donor_fraction>=0.90 & log2FC>=1.0)		E-MTAB-15475-derived
compact_M1	IQCA1	source	INCLUDED_analysis_ready	compact sensitivity member (donor_fraction>=0.90 & log2FC>=1.0)		E-MTAB-15475-derived
compact_M1	IQCK	source	INCLUDED_analysis_ready	compact sensitivity member (donor_fraction>=0.90 & log2FC>=1.0)		E-MTAB-15475-derived
compact_M1	IQGAP2	source	INCLUDED_analysis_ready	compact sensitivity member (donor_fraction>=0.90 & log2FC>=1.0)		E-MTAB-15475-derived
compact_M1	ITGB8	source	INCLUDED_analysis_ready	compact sensitivity member (donor_fraction>=0.90 & log2FC>=1.0)		E-MTAB-15475-derived
compact_M1	KCNMA1	source	INCLUDED_analysis_ready	compact sensitivity member (donor_fraction>=0.90 & log2FC>=1.0)		E-MTAB-15475-derived
compact_M1	KCTD1	source	INCLUDED_analysis_ready	compact sensitivity member (donor_fraction>=0.90 & log2FC>=1.0)		E-MTAB-15475-derived
compact_M1	KIAA1217	source	INCLUDED_analysis_ready	compact sensitivity member (donor_fraction>=0.90 & log2FC>=1.0)		E-MTAB-15475-derived
compact_M1	KIF12	source	INCLUDED_analysis_ready	compact sensitivity member (donor_fraction>=0.90 & log2FC>=1.0)		E-MTAB-15475-derived
compact_M1	KIF9	source	INCLUDED_analysis_ready	compact sensitivity member (donor_fraction>=0.90 & log2FC>=1.0)		E-MTAB-15475-derived
compact_M1	KRT7	source	INCLUDED_analysis_ready	compact sensitivity member (donor_fraction>=0.90 & log2FC>=1.0)		E-MTAB-15475-derived
compact_M1	LGMN	source	INCLUDED_analysis_ready	compact sensitivity member (donor_fraction>=0.90 & log2FC>=1.0)		E-MTAB-15475-derived
compact_M1	LGR5	source	INCLUDED_analysis_ready	compact sensitivity member (donor_fraction>=0.90 & log2FC>=1.0)		E-MTAB-15475-derived
compact_M1	LHX1	source	INCLUDED_analysis_ready	compact sensitivity member (donor_fraction>=0.90 & log2FC>=1.0)		E-MTAB-15475-derived
compact_M1	LINC00665	source	INCLUDED_analysis_ready	compact sensitivity member (donor_fraction>=0.90 & log2FC>=1.0)		E-MTAB-15475-derived
compact_M1	LINC02672	source	INCLUDED_analysis_ready	compact sensitivity member (donor_fraction>=0.90 & log2FC>=1.0)		E-MTAB-15475-derived
compact_M1	LRIG1	source	INCLUDED_analysis_ready	compact sensitivity member (donor_fraction>=0.90 & log2FC>=1.0)		E-MTAB-15475-derived
compact_M1	LRRTM1	source	INCLUDED_analysis_ready	compact sensitivity member (donor_fraction>=0.90 & log2FC>=1.0)		E-MTAB-15475-derived
compact_M1	LYPD1	source	INCLUDED_analysis_ready	compact sensitivity member (donor_fraction>=0.90 & log2FC>=1.0)		E-MTAB-15475-derived
compact_M1	MAL2	source	INCLUDED_analysis_ready	compact sensitivity member (donor_fraction>=0.90 & log2FC>=1.0)		E-MTAB-15475-derived
compact_M1	MAP2K6	source	INCLUDED_analysis_ready	compact sensitivity member (donor_fraction>=0.90 & log2FC>=1.0)		E-MTAB-15475-derived
compact_M1	MAP3K1	source	INCLUDED_analysis_ready	compact sensitivity member (donor_fraction>=0.90 & log2FC>=1.0)		E-MTAB-15475-derived
compact_M1	MAP3K21	source	INCLUDED_analysis_ready	compact sensitivity member (donor_fraction>=0.90 & log2FC>=1.0)		E-MTAB-15475-derived
compact_M1	MECOM	source	INCLUDED_analysis_ready	compact sensitivity member (donor_fraction>=0.90 & log2FC>=1.0)		E-MTAB-15475-derived
compact_M1	MET	source	INCLUDED_analysis_ready	compact sensitivity member (donor_fraction>=0.90 & log2FC>=1.0)		E-MTAB-15475-derived
compact_M1	MLF1	source	INCLUDED_analysis_ready	compact sensitivity member (donor_fraction>=0.90 & log2FC>=1.0)		E-MTAB-15475-derived
compact_M1	MMP7	source	INCLUDED_analysis_ready	compact sensitivity member (donor_fraction>=0.90 & log2FC>=1.0)		E-MTAB-15475-derived
compact_M1	MSLN	source	INCLUDED_analysis_ready	compact sensitivity member (donor_fraction>=0.90 & log2FC>=1.0)		E-MTAB-15475-derived
compact_M1	MSX1	source	INCLUDED_analysis_ready	compact sensitivity member (donor_fraction>=0.90 & log2FC>=1.0)		E-MTAB-15475-derived
compact_M1	MSX2	source	INCLUDED_analysis_ready	compact sensitivity member (donor_fraction>=0.90 & log2FC>=1.0)		E-MTAB-15475-derived
compact_M1	MT1F	source	INCLUDED_analysis_ready	compact sensitivity member (donor_fraction>=0.90 & log2FC>=1.0)		E-MTAB-15475-derived
compact_M1	MUC1	source	INCLUDED_analysis_ready	compact sensitivity member (donor_fraction>=0.90 & log2FC>=1.0)		E-MTAB-15475-derived
compact_M1	MUC16	source	INCLUDED_analysis_ready	compact sensitivity member (donor_fraction>=0.90 & log2FC>=1.0)		E-MTAB-15475-derived
compact_M1	MUC20	source	INCLUDED_analysis_ready	compact sensitivity member (donor_fraction>=0.90 & log2FC>=1.0)		E-MTAB-15475-derived
compact_M1	MYEF2	source	INCLUDED_analysis_ready	compact sensitivity member (donor_fraction>=0.90 & log2FC>=1.0)		E-MTAB-15475-derived
compact_M1	NAALADL2	source	INCLUDED_analysis_ready	compact sensitivity member (donor_fraction>=0.90 & log2FC>=1.0)		E-MTAB-15475-derived
compact_M1	NEDD9	source	INCLUDED_analysis_ready	compact sensitivity member (donor_fraction>=0.90 & log2FC>=1.0)		E-MTAB-15475-derived
compact_M1	NLGN4X	source	INCLUDED_analysis_ready	compact sensitivity member (donor_fraction>=0.90 & log2FC>=1.0)		E-MTAB-15475-derived
compact_M1	NRCAM	source	INCLUDED_analysis_ready	compact sensitivity member (donor_fraction>=0.90 & log2FC>=1.0)		E-MTAB-15475-derived
compact_M1	NRXN3	source	INCLUDED_analysis_ready	compact sensitivity member (donor_fraction>=0.90 & log2FC>=1.0)		E-MTAB-15475-derived
compact_M1	NUAK2	source	INCLUDED_analysis_ready	compact sensitivity member (donor_fraction>=0.90 & log2FC>=1.0)		E-MTAB-15475-derived
compact_M1	PAM	source	INCLUDED_analysis_ready	compact sensitivity member (donor_fraction>=0.90 & log2FC>=1.0)		E-MTAB-15475-derived
compact_M1	PART1	source	INCLUDED_analysis_ready	compact sensitivity member (donor_fraction>=0.90 & log2FC>=1.0)		E-MTAB-15475-derived
compact_M1	PATZ1	source	INCLUDED_analysis_ready	compact sensitivity member (donor_fraction>=0.90 & log2FC>=1.0)		E-MTAB-15475-derived
compact_M1	PAX2	source	INCLUDED_analysis_ready	compact sensitivity member (donor_fraction>=0.90 & log2FC>=1.0)		E-MTAB-15475-derived
compact_M1	PAX8	source	INCLUDED_analysis_ready	compact sensitivity member (donor_fraction>=0.90 & log2FC>=1.0)		E-MTAB-15475-derived
compact_M1	PAX8-AS1	source	INCLUDED_analysis_ready	compact sensitivity member (donor_fraction>=0.90 & log2FC>=1.0)		E-MTAB-15475-derived
compact_M1	PCSK1N	source	INCLUDED_analysis_ready	compact sensitivity member (donor_fraction>=0.90 & log2FC>=1.0)		E-MTAB-15475-derived
compact_M1	PDE3A	source	INCLUDED_analysis_ready	compact sensitivity member (donor_fraction>=0.90 & log2FC>=1.0)		E-MTAB-15475-derived
compact_M1	PITPNA	source	INCLUDED_analysis_ready	compact sensitivity member (donor_fraction>=0.90 & log2FC>=1.0)		E-MTAB-15475-derived
compact_M1	PKP2	source	INCLUDED_analysis_ready	compact sensitivity member (donor_fraction>=0.90 & log2FC>=1.0)		E-MTAB-15475-derived
compact_M1	PLEKHG1	source	INCLUDED_analysis_ready	compact sensitivity member (donor_fraction>=0.90 & log2FC>=1.0)		E-MTAB-15475-derived
compact_M1	PLLP	source	INCLUDED_analysis_ready	compact sensitivity member (donor_fraction>=0.90 & log2FC>=1.0)		E-MTAB-15475-derived
compact_M1	PLXNB1	source	INCLUDED_analysis_ready	compact sensitivity member (donor_fraction>=0.90 & log2FC>=1.0)		E-MTAB-15475-derived
compact_M1	PNOC	source	INCLUDED_analysis_ready	compact sensitivity member (donor_fraction>=0.90 & log2FC>=1.0)		E-MTAB-15475-derived
compact_M1	PPM1H	source	INCLUDED_analysis_ready	compact sensitivity member (donor_fraction>=0.90 & log2FC>=1.0)		E-MTAB-15475-derived
compact_M1	PPP1R16A	source	INCLUDED_analysis_ready	compact sensitivity member (donor_fraction>=0.90 & log2FC>=1.0)		E-MTAB-15475-derived
compact_M1	PPP1R9A	source	INCLUDED_analysis_ready	compact sensitivity member (donor_fraction>=0.90 & log2FC>=1.0)		E-MTAB-15475-derived
compact_M1	PPP2R2B	source	INCLUDED_analysis_ready	compact sensitivity member (donor_fraction>=0.90 & log2FC>=1.0)		E-MTAB-15475-derived
compact_M1	PRSS8	source	INCLUDED_analysis_ready	compact sensitivity member (donor_fraction>=0.90 & log2FC>=1.0)		E-MTAB-15475-derived
compact_M1	PSAT1	source	INCLUDED_analysis_ready	compact sensitivity member (donor_fraction>=0.90 & log2FC>=1.0)		E-MTAB-15475-derived
compact_M1	PTGS1	source	INCLUDED_analysis_ready	compact sensitivity member (donor_fraction>=0.90 & log2FC>=1.0)		E-MTAB-15475-derived
compact_M1	RAB3IP	source	INCLUDED_analysis_ready	compact sensitivity member (donor_fraction>=0.90 & log2FC>=1.0)		E-MTAB-15475-derived
compact_M1	RAI2	source	INCLUDED_analysis_ready	compact sensitivity member (donor_fraction>=0.90 & log2FC>=1.0)		E-MTAB-15475-derived
compact_M1	RASSF7	source	INCLUDED_analysis_ready	compact sensitivity member (donor_fraction>=0.90 & log2FC>=1.0)		E-MTAB-15475-derived
compact_M1	REC8	source	INCLUDED_analysis_ready	compact sensitivity member (donor_fraction>=0.90 & log2FC>=1.0)		E-MTAB-15475-derived
compact_M1	RGL3	source	INCLUDED_analysis_ready	compact sensitivity member (donor_fraction>=0.90 & log2FC>=1.0)		E-MTAB-15475-derived
compact_M1	RNASE1	source	INCLUDED_analysis_ready	compact sensitivity member (donor_fraction>=0.90 & log2FC>=1.0)		E-MTAB-15475-derived
compact_M1	RNF144B	source	INCLUDED_analysis_ready	compact sensitivity member (donor_fraction>=0.90 & log2FC>=1.0)		E-MTAB-15475-derived
compact_M1	RNF180	source	INCLUDED_analysis_ready	compact sensitivity member (donor_fraction>=0.90 & log2FC>=1.0)		E-MTAB-15475-derived
compact_M1	RNPC3	source	INCLUDED_analysis_ready	compact sensitivity member (donor_fraction>=0.90 & log2FC>=1.0)		E-MTAB-15475-derived
compact_M1	SAMHD1	source	EXCLUDED_analysis_ready	composition-overlap ESTIMATE (immune)	immune	SI_geneset
compact_M1	SCARA3	source	INCLUDED_analysis_ready	compact sensitivity member (donor_fraction>=0.90 & log2FC>=1.0)		E-MTAB-15475-derived
compact_M1	SCGB2A1	source	INCLUDED_analysis_ready	compact sensitivity member (donor_fraction>=0.90 & log2FC>=1.0)		E-MTAB-15475-derived
compact_M1	SCML1	source	INCLUDED_analysis_ready	compact sensitivity member (donor_fraction>=0.90 & log2FC>=1.0)		E-MTAB-15475-derived
compact_M1	SCX	source	INCLUDED_analysis_ready	compact sensitivity member (donor_fraction>=0.90 & log2FC>=1.0)		E-MTAB-15475-derived
compact_M1	SEMA3B	source	INCLUDED_analysis_ready	compact sensitivity member (donor_fraction>=0.90 & log2FC>=1.0)		E-MTAB-15475-derived
compact_M1	SEMA3E	source	INCLUDED_analysis_ready	compact sensitivity member (donor_fraction>=0.90 & log2FC>=1.0)		E-MTAB-15475-derived
compact_M1	SERPINE2	source	INCLUDED_analysis_ready	compact sensitivity member (donor_fraction>=0.90 & log2FC>=1.0)		E-MTAB-15475-derived
compact_M1	SFT2D2	source	INCLUDED_analysis_ready	compact sensitivity member (donor_fraction>=0.90 & log2FC>=1.0)		E-MTAB-15475-derived
compact_M1	SLC1A3	source	INCLUDED_analysis_ready	compact sensitivity member (donor_fraction>=0.90 & log2FC>=1.0)		E-MTAB-15475-derived
compact_M1	SLC25A13	source	INCLUDED_analysis_ready	compact sensitivity member (donor_fraction>=0.90 & log2FC>=1.0)		E-MTAB-15475-derived
compact_M1	SLC34A2	source	INCLUDED_analysis_ready	compact sensitivity member (donor_fraction>=0.90 & log2FC>=1.0)		E-MTAB-15475-derived
compact_M1	SLC4A7	source	INCLUDED_analysis_ready	compact sensitivity member (donor_fraction>=0.90 & log2FC>=1.0)		E-MTAB-15475-derived
compact_M1	SLFN5	source	INCLUDED_analysis_ready	compact sensitivity member (donor_fraction>=0.90 & log2FC>=1.0)		E-MTAB-15475-derived
compact_M1	SLPI	source	INCLUDED_analysis_ready	compact sensitivity member (donor_fraction>=0.90 & log2FC>=1.0)		E-MTAB-15475-derived
compact_M1	SORBS2	source	INCLUDED_analysis_ready	compact sensitivity member (donor_fraction>=0.90 & log2FC>=1.0)		E-MTAB-15475-derived
compact_M1	SOX17	source	INCLUDED_analysis_ready	compact sensitivity member (donor_fraction>=0.90 & log2FC>=1.0)		E-MTAB-15475-derived
compact_M1	SOX5	source	INCLUDED_analysis_ready	compact sensitivity member (donor_fraction>=0.90 & log2FC>=1.0)		E-MTAB-15475-derived
compact_M1	SOX6	source	INCLUDED_analysis_ready	compact sensitivity member (donor_fraction>=0.90 & log2FC>=1.0)		E-MTAB-15475-derived
compact_M1	SPOCK3	source	INCLUDED_analysis_ready	compact sensitivity member (donor_fraction>=0.90 & log2FC>=1.0)		E-MTAB-15475-derived
compact_M1	SPON1	source	EXCLUDED_analysis_ready	composition-overlap ESTIMATE (stromal)	stromal	SI_geneset
compact_M1	SRGAP3	source	INCLUDED_analysis_ready	compact sensitivity member (donor_fraction>=0.90 & log2FC>=1.0)		E-MTAB-15475-derived
compact_M1	STON2	source	INCLUDED_analysis_ready	compact sensitivity member (donor_fraction>=0.90 & log2FC>=1.0)		E-MTAB-15475-derived
compact_M1	STX18	source	INCLUDED_analysis_ready	compact sensitivity member (donor_fraction>=0.90 & log2FC>=1.0)		E-MTAB-15475-derived
compact_M1	STXBP6	source	INCLUDED_analysis_ready	compact sensitivity member (donor_fraction>=0.90 & log2FC>=1.0)		E-MTAB-15475-derived
compact_M1	SYK	source	INCLUDED_analysis_ready	compact sensitivity member (donor_fraction>=0.90 & log2FC>=1.0)		E-MTAB-15475-derived
compact_M1	TEC	source	INCLUDED_analysis_ready	compact sensitivity member (donor_fraction>=0.90 & log2FC>=1.0)		E-MTAB-15475-derived
compact_M1	THSD4	source	INCLUDED_analysis_ready	compact sensitivity member (donor_fraction>=0.90 & log2FC>=1.0)		E-MTAB-15475-derived
compact_M1	TM7SF2	source	INCLUDED_analysis_ready	compact sensitivity member (donor_fraction>=0.90 & log2FC>=1.0)		E-MTAB-15475-derived
compact_M1	TMEM139	source	INCLUDED_analysis_ready	compact sensitivity member (donor_fraction>=0.90 & log2FC>=1.0)		E-MTAB-15475-derived
compact_M1	TPD52L1	source	INCLUDED_analysis_ready	compact sensitivity member (donor_fraction>=0.90 & log2FC>=1.0)		E-MTAB-15475-derived
compact_M1	TRIM2	source	INCLUDED_analysis_ready	compact sensitivity member (donor_fraction>=0.90 & log2FC>=1.0)		E-MTAB-15475-derived
compact_M1	TSPAN1	source	INCLUDED_analysis_ready	compact sensitivity member (donor_fraction>=0.90 & log2FC>=1.0)		E-MTAB-15475-derived
compact_M1	TSPAN7	source	INCLUDED_analysis_ready	compact sensitivity member (donor_fraction>=0.90 & log2FC>=1.0)		E-MTAB-15475-derived
compact_M1	UCP2	source	INCLUDED_analysis_ready	compact sensitivity member (donor_fraction>=0.90 & log2FC>=1.0)		E-MTAB-15475-derived
compact_M1	UGT2B7	source	INCLUDED_analysis_ready	compact sensitivity member (donor_fraction>=0.90 & log2FC>=1.0)		E-MTAB-15475-derived
compact_M1	WFDC2	source	INCLUDED_analysis_ready	compact sensitivity member (donor_fraction>=0.90 & log2FC>=1.0)		E-MTAB-15475-derived
compact_M1	WNT11	source	INCLUDED_analysis_ready	compact sensitivity member (donor_fraction>=0.90 & log2FC>=1.0)		E-MTAB-15475-derived
compact_M1	WNT7A	source	INCLUDED_analysis_ready	compact sensitivity member (donor_fraction>=0.90 & log2FC>=1.0)		E-MTAB-15475-derived
compact_M1	ZNF608	source	INCLUDED_analysis_ready	compact sensitivity member (donor_fraction>=0.90 & log2FC>=1.0)		E-MTAB-15475-derived
compact_M1	ZNF618	source	INCLUDED_analysis_ready	compact sensitivity member (donor_fraction>=0.90 & log2FC>=1.0)		E-MTAB-15475-derived
compact_M1	ZNF83	source	INCLUDED_analysis_ready	compact sensitivity member (donor_fraction>=0.90 & log2FC>=1.0)		E-MTAB-15475-derived
M3_primary	ABCA1	source	INCLUDED_analysis_ready	CollecTRI-signed regulon member (CORE_TF or admitted target)		CollecTRI + GENCODE v36
M3_primary	ABCA3	source	INCLUDED_analysis_ready	CollecTRI-signed regulon member (CORE_TF or admitted target)		CollecTRI + GENCODE v36
M3_primary	ABCB1	source	INCLUDED_analysis_ready	CollecTRI-signed regulon member (CORE_TF or admitted target)		CollecTRI + GENCODE v36
M3_primary	ABCC2	source	INCLUDED_analysis_ready	CollecTRI-signed regulon member (CORE_TF or admitted target)		CollecTRI + GENCODE v36
M3_primary	ABCC3	source	INCLUDED_analysis_ready	CollecTRI-signed regulon member (CORE_TF or admitted target)		CollecTRI + GENCODE v36
M3_primary	ABCC8	source	INCLUDED_analysis_ready	CollecTRI-signed regulon member (CORE_TF or admitted target)		CollecTRI + GENCODE v36
M3_primary	ABCG2	source	INCLUDED_analysis_ready	CollecTRI-signed regulon member (CORE_TF or admitted target)		CollecTRI + GENCODE v36
M3_primary	ACAN	source	INCLUDED_analysis_ready	CollecTRI-signed regulon member (CORE_TF or admitted target)		CollecTRI + GENCODE v36
M3_primary	ACHE	source	INCLUDED_analysis_ready	CollecTRI-signed regulon member (CORE_TF or admitted target)		CollecTRI + GENCODE v36
M3_primary	ACTR6	source	INCLUDED_analysis_ready	CollecTRI-signed regulon member (CORE_TF or admitted target)		CollecTRI + GENCODE v36
M3_primary	ACVR1	source	INCLUDED_analysis_ready	CollecTRI-signed regulon member (CORE_TF or admitted target)		CollecTRI + GENCODE v36
M3_primary	ADAM17	source	INCLUDED_analysis_ready	CollecTRI-signed regulon member (CORE_TF or admitted target)		CollecTRI + GENCODE v36
M3_primary	ADAMTS16	source	INCLUDED_analysis_ready	CollecTRI-signed regulon member (CORE_TF or admitted target)		CollecTRI + GENCODE v36
M3_primary	ADAT2	source	INCLUDED_analysis_ready	CollecTRI-signed regulon member (CORE_TF or admitted target)		CollecTRI + GENCODE v36
M3_primary	ADCYAP1	source	INCLUDED_analysis_ready	CollecTRI-signed regulon member (CORE_TF or admitted target)		CollecTRI + GENCODE v36
M3_primary	ADGRE5	source	INCLUDED_analysis_ready	CollecTRI-signed regulon member (CORE_TF or admitted target)		CollecTRI + GENCODE v36
M3_primary	ADH1A	source	INCLUDED_analysis_ready	CollecTRI-signed regulon member (CORE_TF or admitted target)		CollecTRI + GENCODE v36
M3_primary	ADH1C	source	INCLUDED_analysis_ready	CollecTRI-signed regulon member (CORE_TF or admitted target)		CollecTRI + GENCODE v36
M3_primary	ADORA2B	source	INCLUDED_analysis_ready	CollecTRI-signed regulon member (CORE_TF or admitted target)		CollecTRI + GENCODE v36
M3_primary	ADRA1D	source	INCLUDED_analysis_ready	CollecTRI-signed regulon member (CORE_TF or admitted target)		CollecTRI + GENCODE v36
M3_primary	AFP	source	INCLUDED_analysis_ready	CollecTRI-signed regulon member (CORE_TF or admitted target)		CollecTRI + GENCODE v36
M3_primary	AGR2	source	INCLUDED_analysis_ready	CollecTRI-signed regulon member (CORE_TF or admitted target)		CollecTRI + GENCODE v36
M3_primary	AGXT	source	INCLUDED_analysis_ready	CollecTRI-signed regulon member (CORE_TF or admitted target)		CollecTRI + GENCODE v36
M3_primary	AHSG	source	INCLUDED_analysis_ready	CollecTRI-signed regulon member (CORE_TF or admitted target)		CollecTRI + GENCODE v36
M3_primary	ALDH1A2	source	INCLUDED_analysis_ready	CollecTRI-signed regulon member (CORE_TF or admitted target)		CollecTRI + GENCODE v36
M3_primary	ALPL	source	INCLUDED_analysis_ready	CollecTRI-signed regulon member (CORE_TF or admitted target)		CollecTRI + GENCODE v36
M3_primary	AMELX	source	INCLUDED_analysis_ready	CollecTRI-signed regulon member (CORE_TF or admitted target)		CollecTRI + GENCODE v36
M3_primary	AMER1	source	INCLUDED_analysis_ready	CollecTRI-signed regulon member (CORE_TF or admitted target)		CollecTRI + GENCODE v36
M3_primary	AMH	source	INCLUDED_analysis_ready	CollecTRI-signed regulon member (CORE_TF or admitted target)		CollecTRI + GENCODE v36
M3_primary	AMHR2	source	INCLUDED_analysis_ready	CollecTRI-signed regulon member (CORE_TF or admitted target)		CollecTRI + GENCODE v36
M3_primary	ANGPT2	source	INCLUDED_analysis_ready	CollecTRI-signed regulon member (CORE_TF or admitted target)		CollecTRI + GENCODE v36
M3_primary	ANO2	source	INCLUDED_analysis_ready	CollecTRI-signed regulon member (CORE_TF or admitted target)		CollecTRI + GENCODE v36
M3_primary	APBA1	source	INCLUDED_analysis_ready	CollecTRI-signed regulon member (CORE_TF or admitted target)		CollecTRI + GENCODE v36
M3_primary	APOA1	source	INCLUDED_analysis_ready	CollecTRI-signed regulon member (CORE_TF or admitted target)		CollecTRI + GENCODE v36
M3_primary	APOB	source	INCLUDED_analysis_ready	CollecTRI-signed regulon member (CORE_TF or admitted target)		CollecTRI + GENCODE v36
M3_primary	APOM	source	INCLUDED_analysis_ready	CollecTRI-signed regulon member (CORE_TF or admitted target)		CollecTRI + GENCODE v36
M3_primary	AQP2	source	INCLUDED_analysis_ready	CollecTRI-signed regulon member (CORE_TF or admitted target)		CollecTRI + GENCODE v36
M3_primary	AQP3	source	INCLUDED_analysis_ready	CollecTRI-signed regulon member (CORE_TF or admitted target)		CollecTRI + GENCODE v36
M3_primary	AQP9	source	INCLUDED_analysis_ready	CollecTRI-signed regulon member (CORE_TF or admitted target)		CollecTRI + GENCODE v36
M3_primary	AR	source	INCLUDED_analysis_ready	CollecTRI-signed regulon member (CORE_TF or admitted target)		CollecTRI + GENCODE v36
M3_primary	AREG	source	INCLUDED_analysis_ready	CollecTRI-signed regulon member (CORE_TF or admitted target)		CollecTRI + GENCODE v36
M3_primary	ARHGEF1	source	INCLUDED_analysis_ready	CollecTRI-signed regulon member (CORE_TF or admitted target)		CollecTRI + GENCODE v36
M3_primary	ARNT2	source	INCLUDED_analysis_ready	CollecTRI-signed regulon member (CORE_TF or admitted target)		CollecTRI + GENCODE v36
M3_primary	ARRDC4	source	INCLUDED_analysis_ready	CollecTRI-signed regulon member (CORE_TF or admitted target)		CollecTRI + GENCODE v36
M3_primary	ASAH2	source	INCLUDED_analysis_ready	CollecTRI-signed regulon member (CORE_TF or admitted target)		CollecTRI + GENCODE v36
M3_primary	ASXL3	source	INCLUDED_analysis_ready	CollecTRI-signed regulon member (CORE_TF or admitted target)		CollecTRI + GENCODE v36
M3_primary	ATOH1	source	INCLUDED_analysis_ready	CollecTRI-signed regulon member (CORE_TF or admitted target)		CollecTRI + GENCODE v36
M3_primary	ATOH7	source	INCLUDED_analysis_ready	CollecTRI-signed regulon member (CORE_TF or admitted target)		CollecTRI + GENCODE v36
M3_primary	ATP7A	source	INCLUDED_analysis_ready	CollecTRI-signed regulon member (CORE_TF or admitted target)		CollecTRI + GENCODE v36
M3_primary	AXIN2	source	INCLUDED_analysis_ready	CollecTRI-signed regulon member (CORE_TF or admitted target)		CollecTRI + GENCODE v36
M3_primary	AZGP1	source	INCLUDED_analysis_ready	CollecTRI-signed regulon member (CORE_TF or admitted target)		CollecTRI + GENCODE v36
M3_primary	BAIAP3	source	INCLUDED_analysis_ready	CollecTRI-signed regulon member (CORE_TF or admitted target)		CollecTRI + GENCODE v36
M3_primary	BAK1	source	INCLUDED_analysis_ready	CollecTRI-signed regulon member (CORE_TF or admitted target)		CollecTRI + GENCODE v36
M3_primary	BCAS3	source	INCLUDED_analysis_ready	CollecTRI-signed regulon member (CORE_TF or admitted target)		CollecTRI + GENCODE v36
M3_primary	BCL2L1	source	INCLUDED_analysis_ready	CollecTRI-signed regulon member (CORE_TF or admitted target)		CollecTRI + GENCODE v36
M3_primary	BEST1	source	INCLUDED_analysis_ready	CollecTRI-signed regulon member (CORE_TF or admitted target)		CollecTRI + GENCODE v36
M3_primary	BGLAP	source	INCLUDED_analysis_ready	CollecTRI-signed regulon member (CORE_TF or admitted target)		CollecTRI + GENCODE v36
M3_primary	BHLHA15	source	INCLUDED_analysis_ready	CollecTRI-signed regulon member (CORE_TF or admitted target)		CollecTRI + GENCODE v36
M3_primary	BHLHE22	source	INCLUDED_analysis_ready	CollecTRI-signed regulon member (CORE_TF or admitted target)		CollecTRI + GENCODE v36
M3_primary	BHLHE40	source	INCLUDED_analysis_ready	CollecTRI-signed regulon member (CORE_TF or admitted target)		CollecTRI + GENCODE v36
M3_primary	BHLHE41	source	INCLUDED_analysis_ready	CollecTRI-signed regulon member (CORE_TF or admitted target)		CollecTRI + GENCODE v36
M3_primary	BIRC3	source	INCLUDED_analysis_ready	CollecTRI-signed regulon member (CORE_TF or admitted target)		CollecTRI + GENCODE v36
M3_primary	BMP2	source	INCLUDED_analysis_ready	CollecTRI-signed regulon member (CORE_TF or admitted target)		CollecTRI + GENCODE v36
M3_primary	BMP4	source	INCLUDED_analysis_ready	CollecTRI-signed regulon member (CORE_TF or admitted target)		CollecTRI + GENCODE v36
M3_primary	BMP7	source	INCLUDED_analysis_ready	CollecTRI-signed regulon member (CORE_TF or admitted target)		CollecTRI + GENCODE v36
M3_primary	BMPER	source	INCLUDED_analysis_ready	CollecTRI-signed regulon member (CORE_TF or admitted target)		CollecTRI + GENCODE v36
M3_primary	BPIFA4P	source	INCLUDED_analysis_ready	CollecTRI-signed regulon member (CORE_TF or admitted target)		CollecTRI + GENCODE v36
M3_primary	BPIFB1	source	INCLUDED_analysis_ready	CollecTRI-signed regulon member (CORE_TF or admitted target)		CollecTRI + GENCODE v36
M3_primary	BTN1A1	source	INCLUDED_analysis_ready	CollecTRI-signed regulon member (CORE_TF or admitted target)		CollecTRI + GENCODE v36
M3_primary	CA2	source	INCLUDED_analysis_ready	CollecTRI-signed regulon member (CORE_TF or admitted target)		CollecTRI + GENCODE v36
M3_primary	CACNA1S	source	INCLUDED_analysis_ready	CollecTRI-signed regulon member (CORE_TF or admitted target)		CollecTRI + GENCODE v36
M3_primary	CADM1	source	INCLUDED_analysis_ready	CollecTRI-signed regulon member (CORE_TF or admitted target)		CollecTRI + GENCODE v36
M3_primary	CALCA	source	INCLUDED_analysis_ready	CollecTRI-signed regulon member (CORE_TF or admitted target)		CollecTRI + GENCODE v36
M3_primary	CAMK2A	source	INCLUDED_analysis_ready	CollecTRI-signed regulon member (CORE_TF or admitted target)		CollecTRI + GENCODE v36
M3_primary	CAMP	source	INCLUDED_analysis_ready	CollecTRI-signed regulon member (CORE_TF or admitted target)		CollecTRI + GENCODE v36
M3_primary	CAPN5	source	INCLUDED_analysis_ready	CollecTRI-signed regulon member (CORE_TF or admitted target)		CollecTRI + GENCODE v36
M3_primary	CASP3	source	INCLUDED_analysis_ready	CollecTRI-signed regulon member (CORE_TF or admitted target)		CollecTRI + GENCODE v36
M3_primary	CATSPER1	source	INCLUDED_analysis_ready	CollecTRI-signed regulon member (CORE_TF or admitted target)		CollecTRI + GENCODE v36
M3_primary	CBLN4	source	INCLUDED_analysis_ready	CollecTRI-signed regulon member (CORE_TF or admitted target)		CollecTRI + GENCODE v36
M3_primary	CBX2	source	INCLUDED_analysis_ready	CollecTRI-signed regulon member (CORE_TF or admitted target)		CollecTRI + GENCODE v36
M3_primary	CCL27	source	INCLUDED_analysis_ready	CollecTRI-signed regulon member (CORE_TF or admitted target)		CollecTRI + GENCODE v36
M3_primary	CCN3	source	INCLUDED_analysis_ready	CollecTRI-signed regulon member (CORE_TF or admitted target)		CollecTRI + GENCODE v36
M3_primary	CCNA1	source	INCLUDED_analysis_ready	CollecTRI-signed regulon member (CORE_TF or admitted target)		CollecTRI + GENCODE v36
M3_primary	CCR5	source	INCLUDED_analysis_ready	CollecTRI-signed regulon member (CORE_TF or admitted target)		CollecTRI + GENCODE v36
M3_primary	CCRL2	source	INCLUDED_analysis_ready	CollecTRI-signed regulon member (CORE_TF or admitted target)		CollecTRI + GENCODE v36
M3_primary	CD28	source	INCLUDED_analysis_ready	CollecTRI-signed regulon member (CORE_TF or admitted target)		CollecTRI + GENCODE v36
M3_primary	CD34	source	INCLUDED_analysis_ready	CollecTRI-signed regulon member (CORE_TF or admitted target)		CollecTRI + GENCODE v36
M3_primary	CD38	source	INCLUDED_analysis_ready	CollecTRI-signed regulon member (CORE_TF or admitted target)		CollecTRI + GENCODE v36
M3_primary	CD40LG	source	INCLUDED_analysis_ready	CollecTRI-signed regulon member (CORE_TF or admitted target)		CollecTRI + GENCODE v36
M3_primary	CD5	source	INCLUDED_analysis_ready	CollecTRI-signed regulon member (CORE_TF or admitted target)		CollecTRI + GENCODE v36
M3_primary	CD80	source	INCLUDED_analysis_ready	CollecTRI-signed regulon member (CORE_TF or admitted target)		CollecTRI + GENCODE v36
M3_primary	CDH1	source	INCLUDED_analysis_ready	CollecTRI-signed regulon member (CORE_TF or admitted target)		CollecTRI + GENCODE v36
M3_primary	CDH17	source	INCLUDED_analysis_ready	CollecTRI-signed regulon member (CORE_TF or admitted target)		CollecTRI + GENCODE v36
M3_primary	CDH2	source	INCLUDED_analysis_ready	CollecTRI-signed regulon member (CORE_TF or admitted target)		CollecTRI + GENCODE v36
M3_primary	CDH3	source	INCLUDED_analysis_ready	CollecTRI-signed regulon member (CORE_TF or admitted target)		CollecTRI + GENCODE v36
M3_primary	CDKN2B	source	INCLUDED_analysis_ready	CollecTRI-signed regulon member (CORE_TF or admitted target)		CollecTRI + GENCODE v36
M3_primary	CDKN2D	source	INCLUDED_analysis_ready	CollecTRI-signed regulon member (CORE_TF or admitted target)		CollecTRI + GENCODE v36
M3_primary	CDX2	source	INCLUDED_analysis_ready	CollecTRI-signed regulon member (CORE_TF or admitted target)		CollecTRI + GENCODE v36
M3_primary	CDX4	source	INCLUDED_analysis_ready	CollecTRI-signed regulon member (CORE_TF or admitted target)		CollecTRI + GENCODE v36
M3_primary	CEACAM1	source	INCLUDED_analysis_ready	CollecTRI-signed regulon member (CORE_TF or admitted target)		CollecTRI + GENCODE v36
M3_primary	CEBPA	source	INCLUDED_analysis_ready	CollecTRI-signed regulon member (CORE_TF or admitted target)		CollecTRI + GENCODE v36
M3_primary	CFC1	source	INCLUDED_analysis_ready	CollecTRI-signed regulon member (CORE_TF or admitted target)		CollecTRI + GENCODE v36
M3_primary	CFH	source	INCLUDED_analysis_ready	CollecTRI-signed regulon member (CORE_TF or admitted target)		CollecTRI + GENCODE v36
M3_primary	CFTR	source	INCLUDED_analysis_ready	CollecTRI-signed regulon member (CORE_TF or admitted target)		CollecTRI + GENCODE v36
M3_primary	CGA	source	INCLUDED_analysis_ready	CollecTRI-signed regulon member (CORE_TF or admitted target)		CollecTRI + GENCODE v36
M3_primary	CHRD	source	INCLUDED_analysis_ready	CollecTRI-signed regulon member (CORE_TF or admitted target)		CollecTRI + GENCODE v36
M3_primary	CHST2	source	INCLUDED_analysis_ready	CollecTRI-signed regulon member (CORE_TF or admitted target)		CollecTRI + GENCODE v36
M3_primary	CHST4	source	INCLUDED_analysis_ready	CollecTRI-signed regulon member (CORE_TF or admitted target)		CollecTRI + GENCODE v36
M3_primary	CKM	source	INCLUDED_analysis_ready	CollecTRI-signed regulon member (CORE_TF or admitted target)		CollecTRI + GENCODE v36
M3_primary	CLDN7	source	INCLUDED_analysis_ready	CollecTRI-signed regulon member (CORE_TF or admitted target)		CollecTRI + GENCODE v36
M3_primary	CLIC3	source	INCLUDED_analysis_ready	CollecTRI-signed regulon member (CORE_TF or admitted target)		CollecTRI + GENCODE v36
M3_primary	COL10A1	source	EXCLUDED_analysis_ready	composition-overlap ESTIMATE (stromal)	stromal	SI_geneset
M3_primary	COL11A2	source	INCLUDED_analysis_ready	CollecTRI-signed regulon member (CORE_TF or admitted target)		CollecTRI + GENCODE v36
M3_primary	COL2A1	source	INCLUDED_analysis_ready	CollecTRI-signed regulon member (CORE_TF or admitted target)		CollecTRI + GENCODE v36
M3_primary	COL9A1	source	INCLUDED_analysis_ready	CollecTRI-signed regulon member (CORE_TF or admitted target)		CollecTRI + GENCODE v36
M3_primary	COL9A2	source	INCLUDED_analysis_ready	CollecTRI-signed regulon member (CORE_TF or admitted target)		CollecTRI + GENCODE v36
M3_primary	COMP	source	EXCLUDED_analysis_ready	composition-overlap ESTIMATE (stromal)	stromal	SI_geneset
M3_primary	COP1	source	INCLUDED_analysis_ready	CollecTRI-signed regulon member (CORE_TF or admitted target)		CollecTRI + GENCODE v36
M3_primary	CPA3	source	INCLUDED_analysis_ready	CollecTRI-signed regulon member (CORE_TF or admitted target)		CollecTRI + GENCODE v36
M3_primary	CPT1A	source	INCLUDED_analysis_ready	CollecTRI-signed regulon member (CORE_TF or admitted target)		CollecTRI + GENCODE v36
M3_primary	CSF1	source	INCLUDED_analysis_ready	CollecTRI-signed regulon member (CORE_TF or admitted target)		CollecTRI + GENCODE v36
M3_primary	CSF2	source	INCLUDED_analysis_ready	CollecTRI-signed regulon member (CORE_TF or admitted target)		CollecTRI + GENCODE v36
M3_primary	CSF3	source	INCLUDED_analysis_ready	CollecTRI-signed regulon member (CORE_TF or admitted target)		CollecTRI + GENCODE v36
M3_primary	CTLA4	source	INCLUDED_analysis_ready	CollecTRI-signed regulon member (CORE_TF or admitted target)		CollecTRI + GENCODE v36
M3_primary	CTNNA2	source	INCLUDED_analysis_ready	CollecTRI-signed regulon member (CORE_TF or admitted target)		CollecTRI + GENCODE v36
M3_primary	CX3CL1	source	INCLUDED_analysis_ready	CollecTRI-signed regulon member (CORE_TF or admitted target)		CollecTRI + GENCODE v36
M3_primary	CXCL1	source	INCLUDED_analysis_ready	CollecTRI-signed regulon member (CORE_TF or admitted target)		CollecTRI + GENCODE v36
M3_primary	CXCR4	source	INCLUDED_analysis_ready	CollecTRI-signed regulon member (CORE_TF or admitted target)		CollecTRI + GENCODE v36
M3_primary	CXXC5	source	INCLUDED_analysis_ready	CollecTRI-signed regulon member (CORE_TF or admitted target)		CollecTRI + GENCODE v36
M3_primary	CYBB	source	EXCLUDED_analysis_ready	composition-overlap ESTIMATE (immune)	immune	SI_geneset
M3_primary	CYP17A1	source	INCLUDED_analysis_ready	CollecTRI-signed regulon member (CORE_TF or admitted target)		CollecTRI + GENCODE v36
M3_primary	CYP19A1	source	INCLUDED_analysis_ready	CollecTRI-signed regulon member (CORE_TF or admitted target)		CollecTRI + GENCODE v36
M3_primary	CYP26B1	source	INCLUDED_analysis_ready	CollecTRI-signed regulon member (CORE_TF or admitted target)		CollecTRI + GENCODE v36
M3_primary	CYP2A13	source	INCLUDED_analysis_ready	CollecTRI-signed regulon member (CORE_TF or admitted target)		CollecTRI + GENCODE v36
M3_primary	CYP2B6	source	INCLUDED_analysis_ready	CollecTRI-signed regulon member (CORE_TF or admitted target)		CollecTRI + GENCODE v36
M3_primary	CYP2C19	source	INCLUDED_analysis_ready	CollecTRI-signed regulon member (CORE_TF or admitted target)		CollecTRI + GENCODE v36
M3_primary	CYP2C9	source	INCLUDED_analysis_ready	CollecTRI-signed regulon member (CORE_TF or admitted target)		CollecTRI + GENCODE v36
M3_primary	CYP3A4	source	INCLUDED_analysis_ready	CollecTRI-signed regulon member (CORE_TF or admitted target)		CollecTRI + GENCODE v36
M3_primary	CYP3A7	source	INCLUDED_analysis_ready	CollecTRI-signed regulon member (CORE_TF or admitted target)		CollecTRI + GENCODE v36
M3_primary	DACH1	source	INCLUDED_analysis_ready	CollecTRI-signed regulon member (CORE_TF or admitted target)		CollecTRI + GENCODE v36
M3_primary	DAPK1	source	INCLUDED_analysis_ready	CollecTRI-signed regulon member (CORE_TF or admitted target)		CollecTRI + GENCODE v36
M3_primary	DBH	source	INCLUDED_analysis_ready	CollecTRI-signed regulon member (CORE_TF or admitted target)		CollecTRI + GENCODE v36
M3_primary	DCC	source	INCLUDED_analysis_ready	CollecTRI-signed regulon member (CORE_TF or admitted target)		CollecTRI + GENCODE v36
M3_primary	DCT	source	INCLUDED_analysis_ready	CollecTRI-signed regulon member (CORE_TF or admitted target)		CollecTRI + GENCODE v36
M3_primary	DEFB1	source	INCLUDED_analysis_ready	CollecTRI-signed regulon member (CORE_TF or admitted target)		CollecTRI + GENCODE v36
M3_primary	DIO1	source	INCLUDED_analysis_ready	CollecTRI-signed regulon member (CORE_TF or admitted target)		CollecTRI + GENCODE v36
M3_primary	DIO2	source	EXCLUDED_analysis_ready	composition-overlap ESTIMATE (stromal)	stromal	SI_geneset
M3_primary	DISC1	source	INCLUDED_analysis_ready	CollecTRI-signed regulon member (CORE_TF or admitted target)		CollecTRI + GENCODE v36
M3_primary	DKK1	source	INCLUDED_analysis_ready	CollecTRI-signed regulon member (CORE_TF or admitted target)		CollecTRI + GENCODE v36
M3_primary	DLK1	source	INCLUDED_analysis_ready	CollecTRI-signed regulon member (CORE_TF or admitted target)		CollecTRI + GENCODE v36
M3_primary	DLL1	source	INCLUDED_analysis_ready	CollecTRI-signed regulon member (CORE_TF or admitted target)		CollecTRI + GENCODE v36
M3_primary	DLX2	source	INCLUDED_analysis_ready	CollecTRI-signed regulon member (CORE_TF or admitted target)		CollecTRI + GENCODE v36
M3_primary	DLX5	source	INCLUDED_analysis_ready	CollecTRI-signed regulon member (CORE_TF or admitted target)		CollecTRI + GENCODE v36
M3_primary	DLX6	source	INCLUDED_analysis_ready	CollecTRI-signed regulon member (CORE_TF or admitted target)		CollecTRI + GENCODE v36
M3_primary	DMBT1	source	INCLUDED_analysis_ready	CollecTRI-signed regulon member (CORE_TF or admitted target)		CollecTRI + GENCODE v36
M3_primary	DMRT1	source	INCLUDED_analysis_ready	CollecTRI-signed regulon member (CORE_TF or admitted target)		CollecTRI + GENCODE v36
M3_primary	DNAJC17	source	INCLUDED_analysis_ready	CollecTRI-signed regulon member (CORE_TF or admitted target)		CollecTRI + GENCODE v36
M3_primary	DNMT3L	source	INCLUDED_analysis_ready	CollecTRI-signed regulon member (CORE_TF or admitted target)		CollecTRI + GENCODE v36
M3_primary	DPPA4	source	INCLUDED_analysis_ready	CollecTRI-signed regulon member (CORE_TF or admitted target)		CollecTRI + GENCODE v36
M3_primary	DPYSL2	source	INCLUDED_analysis_ready	CollecTRI-signed regulon member (CORE_TF or admitted target)		CollecTRI + GENCODE v36
M3_primary	DSPP	source	INCLUDED_analysis_ready	CollecTRI-signed regulon member (CORE_TF or admitted target)		CollecTRI + GENCODE v36
M3_primary	DTX1	source	INCLUDED_analysis_ready	CollecTRI-signed regulon member (CORE_TF or admitted target)		CollecTRI + GENCODE v36
M3_primary	DUOX1	source	INCLUDED_analysis_ready	CollecTRI-signed regulon member (CORE_TF or admitted target)		CollecTRI + GENCODE v36
M3_primary	DUOX2	source	INCLUDED_analysis_ready	CollecTRI-signed regulon member (CORE_TF or admitted target)		CollecTRI + GENCODE v36
M3_primary	DUSP16	source	INCLUDED_analysis_ready	CollecTRI-signed regulon member (CORE_TF or admitted target)		CollecTRI + GENCODE v36
M3_primary	DUSP4	source	INCLUDED_analysis_ready	CollecTRI-signed regulon member (CORE_TF or admitted target)		CollecTRI + GENCODE v36
M3_primary	DUSP6	source	INCLUDED_analysis_ready	CollecTRI-signed regulon member (CORE_TF or admitted target)		CollecTRI + GENCODE v36
M3_primary	EDN1	source	INCLUDED_analysis_ready	CollecTRI-signed regulon member (CORE_TF or admitted target)		CollecTRI + GENCODE v36
M3_primary	EDNRB	source	INCLUDED_analysis_ready	CollecTRI-signed regulon member (CORE_TF or admitted target)		CollecTRI + GENCODE v36
M3_primary	EGFL7	source	INCLUDED_analysis_ready	CollecTRI-signed regulon member (CORE_TF or admitted target)		CollecTRI + GENCODE v36
M3_primary	EGFR	source	INCLUDED_analysis_ready	CollecTRI-signed regulon member (CORE_TF or admitted target)		CollecTRI + GENCODE v36
M3_primary	EMCN	source	EXCLUDED_analysis_ready	composition-overlap ESTIMATE (stromal)	stromal	SI_geneset
M3_primary	EMX2	source	INCLUDED_analysis_ready	CollecTRI-signed regulon member (CORE_TF or admitted target)		CollecTRI + GENCODE v36
M3_primary	EN1	source	INCLUDED_analysis_ready	CollecTRI-signed regulon member (CORE_TF or admitted target)		CollecTRI + GENCODE v36
M3_primary	EN2	source	INCLUDED_analysis_ready	CollecTRI-signed regulon member (CORE_TF or admitted target)		CollecTRI + GENCODE v36
M3_primary	ENPP1	source	INCLUDED_analysis_ready	CollecTRI-signed regulon member (CORE_TF or admitted target)		CollecTRI + GENCODE v36
M3_primary	EOMES	source	INCLUDED_analysis_ready	CollecTRI-signed regulon member (CORE_TF or admitted target)		CollecTRI + GENCODE v36
M3_primary	EPCAM	source	INCLUDED_analysis_ready	CollecTRI-signed regulon member (CORE_TF or admitted target)		CollecTRI + GENCODE v36
M3_primary	EPHA3	source	INCLUDED_analysis_ready	CollecTRI-signed regulon member (CORE_TF or admitted target)		CollecTRI + GENCODE v36
M3_primary	EPHA4	source	INCLUDED_analysis_ready	CollecTRI-signed regulon member (CORE_TF or admitted target)		CollecTRI + GENCODE v36
M3_primary	EPHA6	source	INCLUDED_analysis_ready	CollecTRI-signed regulon member (CORE_TF or admitted target)		CollecTRI + GENCODE v36
M3_primary	EPHA7	source	INCLUDED_analysis_ready	CollecTRI-signed regulon member (CORE_TF or admitted target)		CollecTRI + GENCODE v36
M3_primary	EPO	source	INCLUDED_analysis_ready	CollecTRI-signed regulon member (CORE_TF or admitted target)		CollecTRI + GENCODE v36
M3_primary	EPOR	source	INCLUDED_analysis_ready	CollecTRI-signed regulon member (CORE_TF or admitted target)		CollecTRI + GENCODE v36
M3_primary	EPYC	source	INCLUDED_analysis_ready	CollecTRI-signed regulon member (CORE_TF or admitted target)		CollecTRI + GENCODE v36
M3_primary	EREG	source	INCLUDED_analysis_ready	CollecTRI-signed regulon member (CORE_TF or admitted target)		CollecTRI + GENCODE v36
M3_primary	ERG	source	EXCLUDED_analysis_ready	composition-overlap ESTIMATE (stromal)	stromal	SI_geneset
M3_primary	ERVW-1	source	INCLUDED_analysis_ready	CollecTRI-signed regulon member (CORE_TF or admitted target)		CollecTRI + GENCODE v36
M3_primary	ESR1	source	INCLUDED_analysis_ready	CollecTRI-signed regulon member (CORE_TF or admitted target)		CollecTRI + GENCODE v36
M3_primary	ETS1	source	INCLUDED_analysis_ready	CollecTRI-signed regulon member (CORE_TF or admitted target)		CollecTRI + GENCODE v36
M3_primary	ETV2	source	INCLUDED_analysis_ready	CollecTRI-signed regulon member (CORE_TF or admitted target)		CollecTRI + GENCODE v36
M3_primary	EYA1	source	INCLUDED_analysis_ready	CollecTRI-signed regulon member (CORE_TF or admitted target)		CollecTRI + GENCODE v36
M3_primary	EYA2	source	INCLUDED_analysis_ready	CollecTRI-signed regulon member (CORE_TF or admitted target)		CollecTRI + GENCODE v36
M3_primary	F2	source	INCLUDED_analysis_ready	CollecTRI-signed regulon member (CORE_TF or admitted target)		CollecTRI + GENCODE v36
M3_primary	F2R	source	INCLUDED_analysis_ready	CollecTRI-signed regulon member (CORE_TF or admitted target)		CollecTRI + GENCODE v36
M3_primary	FABP3	source	INCLUDED_analysis_ready	CollecTRI-signed regulon member (CORE_TF or admitted target)		CollecTRI + GENCODE v36
M3_primary	FASLG	source	EXCLUDED_analysis_ready	composition-overlap ESTIMATE (stromal)	stromal	SI_geneset
M3_primary	FASN	source	INCLUDED_analysis_ready	CollecTRI-signed regulon member (CORE_TF or admitted target)		CollecTRI + GENCODE v36
M3_primary	FBXO11	source	INCLUDED_analysis_ready	CollecTRI-signed regulon member (CORE_TF or admitted target)		CollecTRI + GENCODE v36
M3_primary	FCER1A	source	INCLUDED_analysis_ready	CollecTRI-signed regulon member (CORE_TF or admitted target)		CollecTRI + GENCODE v36
M3_primary	FCER1G	source	EXCLUDED_analysis_ready	composition-overlap ESTIMATE (immune)	immune	SI_geneset
M3_primary	FERD3L	source	INCLUDED_analysis_ready	CollecTRI-signed regulon member (CORE_TF or admitted target)		CollecTRI + GENCODE v36
M3_primary	FGF10	source	INCLUDED_analysis_ready	CollecTRI-signed regulon member (CORE_TF or admitted target)		CollecTRI + GENCODE v36
M3_primary	FGF2	source	INCLUDED_analysis_ready	CollecTRI-signed regulon member (CORE_TF or admitted target)		CollecTRI + GENCODE v36
M3_primary	FGF4	source	INCLUDED_analysis_ready	CollecTRI-signed regulon member (CORE_TF or admitted target)		CollecTRI + GENCODE v36
M3_primary	FGF8	source	INCLUDED_analysis_ready	CollecTRI-signed regulon member (CORE_TF or admitted target)		CollecTRI + GENCODE v36
M3_primary	FGF9	source	INCLUDED_analysis_ready	CollecTRI-signed regulon member (CORE_TF or admitted target)		CollecTRI + GENCODE v36
M3_primary	FGL1	source	INCLUDED_analysis_ready	CollecTRI-signed regulon member (CORE_TF or admitted target)		CollecTRI + GENCODE v36
M3_primary	FLT3	source	INCLUDED_analysis_ready	CollecTRI-signed regulon member (CORE_TF or admitted target)		CollecTRI + GENCODE v36
M3_primary	FOXA1	source	INCLUDED_analysis_ready	CollecTRI-signed regulon member (CORE_TF or admitted target)		CollecTRI + GENCODE v36
M3_primary	FOXA2	source	INCLUDED_analysis_ready	CollecTRI-signed regulon member (CORE_TF or admitted target)		CollecTRI + GENCODE v36
M3_primary	FOXC1	source	INCLUDED_analysis_ready	CollecTRI-signed regulon member (CORE_TF or admitted target)		CollecTRI + GENCODE v36
M3_primary	FOXC2	source	INCLUDED_analysis_ready	CollecTRI-signed regulon member (CORE_TF or admitted target)		CollecTRI + GENCODE v36
M3_primary	FOXE1	source	INCLUDED_analysis_ready	CollecTRI-signed regulon member (CORE_TF or admitted target)		CollecTRI + GENCODE v36
M3_primary	FOXF1	source	EXCLUDED_analysis_ready	composition-overlap ESTIMATE (stromal)	stromal	SI_geneset
M3_primary	FOXN1	source	INCLUDED_analysis_ready	CollecTRI-signed regulon member (CORE_TF or admitted target)		CollecTRI + GENCODE v36
M3_primary	FOXO1	source	INCLUDED_analysis_ready	CollecTRI-signed regulon member (CORE_TF or admitted target)		CollecTRI + GENCODE v36
M3_primary	FOXP3	source	INCLUDED_analysis_ready	CollecTRI-signed regulon member (CORE_TF or admitted target)		CollecTRI + GENCODE v36
M3_primary	FSHB	source	INCLUDED_analysis_ready	CollecTRI-signed regulon member (CORE_TF or admitted target)		CollecTRI + GENCODE v36
M3_primary	FTO	source	INCLUDED_analysis_ready	CollecTRI-signed regulon member (CORE_TF or admitted target)		CollecTRI + GENCODE v36
M3_primary	FUT7	source	INCLUDED_analysis_ready	CollecTRI-signed regulon member (CORE_TF or admitted target)		CollecTRI + GENCODE v36
M3_primary	G6PC2	source	INCLUDED_analysis_ready	CollecTRI-signed regulon member (CORE_TF or admitted target)		CollecTRI + GENCODE v36
M3_primary	GALNT10	source	INCLUDED_analysis_ready	CollecTRI-signed regulon member (CORE_TF or admitted target)		CollecTRI + GENCODE v36
M3_primary	GAS7	source	INCLUDED_analysis_ready	CollecTRI-signed regulon member (CORE_TF or admitted target)		CollecTRI + GENCODE v36
M3_primary	GATA2	source	INCLUDED_analysis_ready	CollecTRI-signed regulon member (CORE_TF or admitted target)		CollecTRI + GENCODE v36
M3_primary	GATA3	source	INCLUDED_analysis_ready	CollecTRI-signed regulon member (CORE_TF or admitted target)		CollecTRI + GENCODE v36
M3_primary	GATA4	source	INCLUDED_analysis_ready	CollecTRI-signed regulon member (CORE_TF or admitted target)		CollecTRI + GENCODE v36
M3_primary	GBX2	source	INCLUDED_analysis_ready	CollecTRI-signed regulon member (CORE_TF or admitted target)		CollecTRI + GENCODE v36
M3_primary	GC	source	INCLUDED_analysis_ready	CollecTRI-signed regulon member (CORE_TF or admitted target)		CollecTRI + GENCODE v36
M3_primary	GCG	source	INCLUDED_analysis_ready	CollecTRI-signed regulon member (CORE_TF or admitted target)		CollecTRI + GENCODE v36
M3_primary	GCK	source	INCLUDED_analysis_ready	CollecTRI-signed regulon member (CORE_TF or admitted target)		CollecTRI + GENCODE v36
M3_primary	GCM2	source	INCLUDED_analysis_ready	CollecTRI-signed regulon member (CORE_TF or admitted target)		CollecTRI + GENCODE v36
M3_primary	GCNT4	source	INCLUDED_analysis_ready	CollecTRI-signed regulon member (CORE_TF or admitted target)		CollecTRI + GENCODE v36
M3_primary	GDNF	source	INCLUDED_analysis_ready	CollecTRI-signed regulon member (CORE_TF or admitted target)		CollecTRI + GENCODE v36
M3_primary	GFER	source	INCLUDED_analysis_ready	CollecTRI-signed regulon member (CORE_TF or admitted target)		CollecTRI + GENCODE v36
M3_primary	GFI1	source	INCLUDED_analysis_ready	CollecTRI-signed regulon member (CORE_TF or admitted target)		CollecTRI + GENCODE v36
M3_primary	GFI1B	source	INCLUDED_analysis_ready	CollecTRI-signed regulon member (CORE_TF or admitted target)		CollecTRI + GENCODE v36
M3_primary	GH1	source	INCLUDED_analysis_ready	CollecTRI-signed regulon member (CORE_TF or admitted target)		CollecTRI + GENCODE v36
M3_primary	GHRHR	source	INCLUDED_analysis_ready	CollecTRI-signed regulon member (CORE_TF or admitted target)		CollecTRI + GENCODE v36
M3_primary	GJB6	source	INCLUDED_analysis_ready	CollecTRI-signed regulon member (CORE_TF or admitted target)		CollecTRI + GENCODE v36
M3_primary	GLB1	source	INCLUDED_analysis_ready	CollecTRI-signed regulon member (CORE_TF or admitted target)		CollecTRI + GENCODE v36
M3_primary	GLI2	source	INCLUDED_analysis_ready	CollecTRI-signed regulon member (CORE_TF or admitted target)		CollecTRI + GENCODE v36
M3_primary	GLS2	source	INCLUDED_analysis_ready	CollecTRI-signed regulon member (CORE_TF or admitted target)		CollecTRI + GENCODE v36
M3_primary	GNA11	source	INCLUDED_analysis_ready	CollecTRI-signed regulon member (CORE_TF or admitted target)		CollecTRI + GENCODE v36
M3_primary	GNRHR	source	INCLUDED_analysis_ready	CollecTRI-signed regulon member (CORE_TF or admitted target)		CollecTRI + GENCODE v36
M3_primary	GPNMB	source	INCLUDED_analysis_ready	CollecTRI-signed regulon member (CORE_TF or admitted target)		CollecTRI + GENCODE v36
M3_primary	GPR146	source	INCLUDED_analysis_ready	CollecTRI-signed regulon member (CORE_TF or admitted target)		CollecTRI + GENCODE v36
M3_primary	GPR162	source	INCLUDED_analysis_ready	CollecTRI-signed regulon member (CORE_TF or admitted target)		CollecTRI + GENCODE v36
M3_primary	GREB1	source	INCLUDED_analysis_ready	CollecTRI-signed regulon member (CORE_TF or admitted target)		CollecTRI + GENCODE v36
M3_primary	GRM7	source	INCLUDED_analysis_ready	CollecTRI-signed regulon member (CORE_TF or admitted target)		CollecTRI + GENCODE v36
M3_primary	GRP	source	INCLUDED_analysis_ready	CollecTRI-signed regulon member (CORE_TF or admitted target)		CollecTRI + GENCODE v36
M3_primary	GSC	source	INCLUDED_analysis_ready	CollecTRI-signed regulon member (CORE_TF or admitted target)		CollecTRI + GENCODE v36
M3_primary	H1-5	source	INCLUDED_analysis_ready	CollecTRI-signed regulon member (CORE_TF or admitted target)		CollecTRI + GENCODE v36
M3_primary	HAND2	source	INCLUDED_analysis_ready	CollecTRI-signed regulon member (CORE_TF or admitted target)		CollecTRI + GENCODE v36
M3_primary	HAPLN1	source	INCLUDED_analysis_ready	CollecTRI-signed regulon member (CORE_TF or admitted target)		CollecTRI + GENCODE v36
M3_primary	HBE1	source	INCLUDED_analysis_ready	CollecTRI-signed regulon member (CORE_TF or admitted target)		CollecTRI + GENCODE v36
M3_primary	HBEGF	source	INCLUDED_analysis_ready	CollecTRI-signed regulon member (CORE_TF or admitted target)		CollecTRI + GENCODE v36
M3_primary	HCRT	source	INCLUDED_analysis_ready	CollecTRI-signed regulon member (CORE_TF or admitted target)		CollecTRI + GENCODE v36
M3_primary	HCRTR2	source	INCLUDED_analysis_ready	CollecTRI-signed regulon member (CORE_TF or admitted target)		CollecTRI + GENCODE v36
M3_primary	HELT	source	INCLUDED_analysis_ready	CollecTRI-signed regulon member (CORE_TF or admitted target)		CollecTRI + GENCODE v36
M3_primary	HESX1	source	INCLUDED_analysis_ready	CollecTRI-signed regulon member (CORE_TF or admitted target)		CollecTRI + GENCODE v36
M3_primary	HEY1	source	INCLUDED_analysis_ready	CollecTRI-signed regulon member (CORE_TF or admitted target)		CollecTRI + GENCODE v36
M3_primary	HHEX	source	INCLUDED_analysis_ready	CollecTRI-signed regulon member (CORE_TF or admitted target)		CollecTRI + GENCODE v36
M3_primary	HMGCS2	source	INCLUDED_analysis_ready	CollecTRI-signed regulon member (CORE_TF or admitted target)		CollecTRI + GENCODE v36
M3_primary	HNF1A	source	INCLUDED_analysis_ready	CollecTRI-signed regulon member (CORE_TF or admitted target)		CollecTRI + GENCODE v36
M3_primary	HNF4A	source	INCLUDED_analysis_ready	CollecTRI-signed regulon member (CORE_TF or admitted target)		CollecTRI + GENCODE v36
M3_primary	HOXA10	source	INCLUDED_analysis_ready	CollecTRI-signed regulon member (CORE_TF or admitted target)		CollecTRI + GENCODE v36
M3_primary	HOXA11	source	INCLUDED_analysis_ready	CollecTRI-signed regulon member (CORE_TF or admitted target)		CollecTRI + GENCODE v36
M3_primary	HOXA13	source	INCLUDED_analysis_ready	CollecTRI-signed regulon member (CORE_TF or admitted target)		CollecTRI + GENCODE v36
M3_primary	HOXA9	source	INCLUDED_analysis_ready	CollecTRI-signed regulon member (CORE_TF or admitted target)		CollecTRI + GENCODE v36
M3_primary	HOXB3	source	INCLUDED_analysis_ready	CollecTRI-signed regulon member (CORE_TF or admitted target)		CollecTRI + GENCODE v36
M3_primary	HOXB4	source	INCLUDED_analysis_ready	CollecTRI-signed regulon member (CORE_TF or admitted target)		CollecTRI + GENCODE v36
M3_primary	HP	source	INCLUDED_analysis_ready	CollecTRI-signed regulon member (CORE_TF or admitted target)		CollecTRI + GENCODE v36
M3_primary	HPGD	source	INCLUDED_analysis_ready	CollecTRI-signed regulon member (CORE_TF or admitted target)		CollecTRI + GENCODE v36
M3_primary	HPGDS	source	INCLUDED_analysis_ready	CollecTRI-signed regulon member (CORE_TF or admitted target)		CollecTRI + GENCODE v36
M3_primary	HSD17B1	source	INCLUDED_analysis_ready	CollecTRI-signed regulon member (CORE_TF or admitted target)		CollecTRI + GENCODE v36
M3_primary	HSPB2	source	INCLUDED_analysis_ready	CollecTRI-signed regulon member (CORE_TF or admitted target)		CollecTRI + GENCODE v36
M3_primary	HTR5A	source	INCLUDED_analysis_ready	CollecTRI-signed regulon member (CORE_TF or admitted target)		CollecTRI + GENCODE v36
M3_primary	HTRA2	source	INCLUDED_analysis_ready	CollecTRI-signed regulon member (CORE_TF or admitted target)		CollecTRI + GENCODE v36
M3_primary	IAPP	source	INCLUDED_analysis_ready	CollecTRI-signed regulon member (CORE_TF or admitted target)		CollecTRI + GENCODE v36
M3_primary	IBSP	source	INCLUDED_analysis_ready	CollecTRI-signed regulon member (CORE_TF or admitted target)		CollecTRI + GENCODE v36
M3_primary	ICAM4	source	INCLUDED_analysis_ready	CollecTRI-signed regulon member (CORE_TF or admitted target)		CollecTRI + GENCODE v36
M3_primary	ICOS	source	INCLUDED_analysis_ready	CollecTRI-signed regulon member (CORE_TF or admitted target)		CollecTRI + GENCODE v36
M3_primary	IFNG	source	INCLUDED_analysis_ready	CollecTRI-signed regulon member (CORE_TF or admitted target)		CollecTRI + GENCODE v36
M3_primary	IGF1	source	EXCLUDED_analysis_ready	composition-overlap ESTIMATE (stromal)	stromal	SI_geneset
M3_primary	IGFBP1	source	INCLUDED_analysis_ready	CollecTRI-signed regulon member (CORE_TF or admitted target)		CollecTRI + GENCODE v36
M3_primary	IHH	source	INCLUDED_analysis_ready	CollecTRI-signed regulon member (CORE_TF or admitted target)		CollecTRI + GENCODE v36
M3_primary	IL10	source	INCLUDED_analysis_ready	CollecTRI-signed regulon member (CORE_TF or admitted target)		CollecTRI + GENCODE v36
M3_primary	IL11	source	INCLUDED_analysis_ready	CollecTRI-signed regulon member (CORE_TF or admitted target)		CollecTRI + GENCODE v36
M3_primary	IL12RB1	source	INCLUDED_analysis_ready	CollecTRI-signed regulon member (CORE_TF or admitted target)		CollecTRI + GENCODE v36
M3_primary	IL12RB2	source	INCLUDED_analysis_ready	CollecTRI-signed regulon member (CORE_TF or admitted target)		CollecTRI + GENCODE v36
M3_primary	IL13	source	INCLUDED_analysis_ready	CollecTRI-signed regulon member (CORE_TF or admitted target)		CollecTRI + GENCODE v36
M3_primary	IL15	source	INCLUDED_analysis_ready	CollecTRI-signed regulon member (CORE_TF or admitted target)		CollecTRI + GENCODE v36
M3_primary	IL18R1	source	EXCLUDED_analysis_ready	composition-overlap ESTIMATE (stromal)	stromal	SI_geneset
M3_primary	IL1B	source	EXCLUDED_analysis_ready	composition-overlap ESTIMATE (stromal)	stromal	SI_geneset
M3_primary	IL1RL1	source	INCLUDED_analysis_ready	CollecTRI-signed regulon member (CORE_TF or admitted target)		CollecTRI + GENCODE v36
M3_primary	IL24	source	INCLUDED_analysis_ready	CollecTRI-signed regulon member (CORE_TF or admitted target)		CollecTRI + GENCODE v36
M3_primary	IL2RB	source	EXCLUDED_analysis_ready	composition-overlap ESTIMATE (immune)	immune	SI_geneset
M3_primary	IL3	source	INCLUDED_analysis_ready	CollecTRI-signed regulon member (CORE_TF or admitted target)		CollecTRI + GENCODE v36
M3_primary	IL4	source	INCLUDED_analysis_ready	CollecTRI-signed regulon member (CORE_TF or admitted target)		CollecTRI + GENCODE v36
M3_primary	IL5	source	INCLUDED_analysis_ready	CollecTRI-signed regulon member (CORE_TF or admitted target)		CollecTRI + GENCODE v36
M3_primary	IL6	source	INCLUDED_analysis_ready	CollecTRI-signed regulon member (CORE_TF or admitted target)		CollecTRI + GENCODE v36
M3_primary	IL7R	source	EXCLUDED_analysis_ready	composition-overlap ESTIMATE (immune)	immune	SI_geneset
M3_primary	INHA	source	INCLUDED_analysis_ready	CollecTRI-signed regulon member (CORE_TF or admitted target)		CollecTRI + GENCODE v36
M3_primary	INS	source	INCLUDED_analysis_ready	CollecTRI-signed regulon member (CORE_TF or admitted target)		CollecTRI + GENCODE v36
M3_primary	INSR	source	INCLUDED_analysis_ready	CollecTRI-signed regulon member (CORE_TF or admitted target)		CollecTRI + GENCODE v36
M3_primary	IRF8	source	EXCLUDED_analysis_ready	composition-overlap ESTIMATE (immune)	immune	SI_geneset
M3_primary	IRS2	source	INCLUDED_analysis_ready	CollecTRI-signed regulon member (CORE_TF or admitted target)		CollecTRI + GENCODE v36
M3_primary	ITGA10	source	INCLUDED_analysis_ready	CollecTRI-signed regulon member (CORE_TF or admitted target)		CollecTRI + GENCODE v36
M3_primary	ITGA4	source	EXCLUDED_analysis_ready	composition-overlap ESTIMATE (immune)	immune	SI_geneset
M3_primary	ITGAX	source	INCLUDED_analysis_ready	CollecTRI-signed regulon member (CORE_TF or admitted target)		CollecTRI + GENCODE v36
M3_primary	ITGB3	source	INCLUDED_analysis_ready	CollecTRI-signed regulon member (CORE_TF or admitted target)		CollecTRI + GENCODE v36
M3_primary	KAT2B	source	INCLUDED_analysis_ready	CollecTRI-signed regulon member (CORE_TF or admitted target)		CollecTRI + GENCODE v36
M3_primary	KCNJ11	source	INCLUDED_analysis_ready	CollecTRI-signed regulon member (CORE_TF or admitted target)		CollecTRI + GENCODE v36
M3_primary	KDR	source	EXCLUDED_analysis_ready	composition-overlap ESTIMATE (stromal)	stromal	SI_geneset
M3_primary	KIRREL2	source	INCLUDED_analysis_ready	CollecTRI-signed regulon member (CORE_TF or admitted target)		CollecTRI + GENCODE v36
M3_primary	KIT	source	INCLUDED_analysis_ready	CollecTRI-signed regulon member (CORE_TF or admitted target)		CollecTRI + GENCODE v36
M3_primary	KLF1	source	INCLUDED_analysis_ready	CollecTRI-signed regulon member (CORE_TF or admitted target)		CollecTRI + GENCODE v36
M3_primary	KLF9	source	INCLUDED_analysis_ready	CollecTRI-signed regulon member (CORE_TF or admitted target)		CollecTRI + GENCODE v36
M3_primary	KLK1	source	INCLUDED_analysis_ready	CollecTRI-signed regulon member (CORE_TF or admitted target)		CollecTRI + GENCODE v36
M3_primary	KLK3	source	INCLUDED_analysis_ready	CollecTRI-signed regulon member (CORE_TF or admitted target)		CollecTRI + GENCODE v36
M3_primary	KLRC1	source	INCLUDED_analysis_ready	CollecTRI-signed regulon member (CORE_TF or admitted target)		CollecTRI + GENCODE v36
M3_primary	L1CAM	source	INCLUDED_analysis_ready	CollecTRI-signed regulon member (CORE_TF or admitted target)		CollecTRI + GENCODE v36
M3_primary	LAMA1	source	INCLUDED_analysis_ready	CollecTRI-signed regulon member (CORE_TF or admitted target)		CollecTRI + GENCODE v36
M3_primary	LAMA3	source	INCLUDED_analysis_ready	CollecTRI-signed regulon member (CORE_TF or admitted target)		CollecTRI + GENCODE v36
M3_primary	LCN8	source	INCLUDED_analysis_ready	CollecTRI-signed regulon member (CORE_TF or admitted target)		CollecTRI + GENCODE v36
M3_primary	LEF1	source	INCLUDED_analysis_ready	CollecTRI-signed regulon member (CORE_TF or admitted target)		CollecTRI + GENCODE v36
M3_primary	LEFTY2	source	INCLUDED_analysis_ready	CollecTRI-signed regulon member (CORE_TF or admitted target)		CollecTRI + GENCODE v36
M3_primary	LHB	source	INCLUDED_analysis_ready	CollecTRI-signed regulon member (CORE_TF or admitted target)		CollecTRI + GENCODE v36
M3_primary	LHX1	source	INCLUDED_analysis_ready	CollecTRI-signed regulon member (CORE_TF or admitted target)		CollecTRI + GENCODE v36
M3_primary	LMO1	source	INCLUDED_analysis_ready	CollecTRI-signed regulon member (CORE_TF or admitted target)		CollecTRI + GENCODE v36
M3_primary	LMX1A	source	INCLUDED_analysis_ready	CollecTRI-signed regulon member (CORE_TF or admitted target)		CollecTRI + GENCODE v36
M3_primary	LMX1B	source	INCLUDED_analysis_ready	CollecTRI-signed regulon member (CORE_TF or admitted target)		CollecTRI + GENCODE v36
M3_primary	LORICRIN	source	INCLUDED_analysis_ready	CollecTRI-signed regulon member (CORE_TF or admitted target)		CollecTRI + GENCODE v36
M3_primary	LRMDA	source	INCLUDED_analysis_ready	CollecTRI-signed regulon member (CORE_TF or admitted target)		CollecTRI + GENCODE v36
M3_primary	LRP5	source	INCLUDED_analysis_ready	CollecTRI-signed regulon member (CORE_TF or admitted target)		CollecTRI + GENCODE v36
M3_primary	LRRC61	source	INCLUDED_analysis_ready	CollecTRI-signed regulon member (CORE_TF or admitted target)		CollecTRI + GENCODE v36
M3_primary	LXN	source	INCLUDED_analysis_ready	CollecTRI-signed regulon member (CORE_TF or admitted target)		CollecTRI + GENCODE v36
M3_primary	LYL1	source	INCLUDED_analysis_ready	CollecTRI-signed regulon member (CORE_TF or admitted target)		CollecTRI + GENCODE v36
M3_primary	MAB21L1	source	INCLUDED_analysis_ready	CollecTRI-signed regulon member (CORE_TF or admitted target)		CollecTRI + GENCODE v36
M3_primary	MACC1	source	INCLUDED_analysis_ready	CollecTRI-signed regulon member (CORE_TF or admitted target)		CollecTRI + GENCODE v36
M3_primary	MATN1	source	INCLUDED_analysis_ready	CollecTRI-signed regulon member (CORE_TF or admitted target)		CollecTRI + GENCODE v36
M3_primary	MBP	source	INCLUDED_analysis_ready	CollecTRI-signed regulon member (CORE_TF or admitted target)		CollecTRI + GENCODE v36
M3_primary	MDM2	source	INCLUDED_analysis_ready	CollecTRI-signed regulon member (CORE_TF or admitted target)		CollecTRI + GENCODE v36
M3_primary	MECOM	source	INCLUDED_analysis_ready	CollecTRI-signed regulon member (CORE_TF or admitted target)		CollecTRI + GENCODE v36
M3_primary	MEF2C	source	INCLUDED_analysis_ready	CollecTRI-signed regulon member (CORE_TF or admitted target)		CollecTRI + GENCODE v36
M3_primary	MEN1	source	INCLUDED_analysis_ready	CollecTRI-signed regulon member (CORE_TF or admitted target)		CollecTRI + GENCODE v36
M3_primary	MIA	source	INCLUDED_analysis_ready	CollecTRI-signed regulon member (CORE_TF or admitted target)		CollecTRI + GENCODE v36
M3_primary	MICA	source	INCLUDED_analysis_ready	CollecTRI-signed regulon member (CORE_TF or admitted target)		CollecTRI + GENCODE v36
M3_primary	MICB	source	INCLUDED_analysis_ready	CollecTRI-signed regulon member (CORE_TF or admitted target)		CollecTRI + GENCODE v36
M3_primary	MITF	source	INCLUDED_analysis_ready	CollecTRI-signed regulon member (CORE_TF or admitted target)		CollecTRI + GENCODE v36
M3_primary	MLXIPL	source	INCLUDED_analysis_ready	CollecTRI-signed regulon member (CORE_TF or admitted target)		CollecTRI + GENCODE v36
M3_primary	MMP1	source	INCLUDED_analysis_ready	CollecTRI-signed regulon member (CORE_TF or admitted target)		CollecTRI + GENCODE v36
M3_primary	MMP7	source	INCLUDED_analysis_ready	CollecTRI-signed regulon member (CORE_TF or admitted target)		CollecTRI + GENCODE v36
M3_primary	MMP9	source	INCLUDED_analysis_ready	CollecTRI-signed regulon member (CORE_TF or admitted target)		CollecTRI + GENCODE v36
M3_primary	MS4A2	source	INCLUDED_analysis_ready	CollecTRI-signed regulon member (CORE_TF or admitted target)		CollecTRI + GENCODE v36
M3_primary	MSI2	source	INCLUDED_analysis_ready	CollecTRI-signed regulon member (CORE_TF or admitted target)		CollecTRI + GENCODE v36
M3_primary	MSX1	source	INCLUDED_analysis_ready	CollecTRI-signed regulon member (CORE_TF or admitted target)		CollecTRI + GENCODE v36
M3_primary	MSX2	source	INCLUDED_analysis_ready	CollecTRI-signed regulon member (CORE_TF or admitted target)		CollecTRI + GENCODE v36
M3_primary	MUC1	source	INCLUDED_analysis_ready	CollecTRI-signed regulon member (CORE_TF or admitted target)		CollecTRI + GENCODE v36
M3_primary	MUC2	source	INCLUDED_analysis_ready	CollecTRI-signed regulon member (CORE_TF or admitted target)		CollecTRI + GENCODE v36
M3_primary	MUC5B	source	INCLUDED_analysis_ready	CollecTRI-signed regulon member (CORE_TF or admitted target)		CollecTRI + GENCODE v36
M3_primary	MYB	source	INCLUDED_analysis_ready	CollecTRI-signed regulon member (CORE_TF or admitted target)		CollecTRI + GENCODE v36
M3_primary	MYCN	source	INCLUDED_analysis_ready	CollecTRI-signed regulon member (CORE_TF or admitted target)		CollecTRI + GENCODE v36
M3_primary	MYH3	source	INCLUDED_analysis_ready	CollecTRI-signed regulon member (CORE_TF or admitted target)		CollecTRI + GENCODE v36
M3_primary	MYLK	source	INCLUDED_analysis_ready	CollecTRI-signed regulon member (CORE_TF or admitted target)		CollecTRI + GENCODE v36
M3_primary	MYOCD	source	INCLUDED_analysis_ready	CollecTRI-signed regulon member (CORE_TF or admitted target)		CollecTRI + GENCODE v36
M3_primary	MYOD1	source	INCLUDED_analysis_ready	CollecTRI-signed regulon member (CORE_TF or admitted target)		CollecTRI + GENCODE v36
M3_primary	MYOG	source	INCLUDED_analysis_ready	CollecTRI-signed regulon member (CORE_TF or admitted target)		CollecTRI + GENCODE v36
M3_primary	MYRIP	source	INCLUDED_analysis_ready	CollecTRI-signed regulon member (CORE_TF or admitted target)		CollecTRI + GENCODE v36
M3_primary	NAIP	source	INCLUDED_analysis_ready	CollecTRI-signed regulon member (CORE_TF or admitted target)		CollecTRI + GENCODE v36
M3_primary	NCF2	source	EXCLUDED_analysis_ready	composition-overlap ESTIMATE (immune)	immune	SI_geneset
M3_primary	NCOA3	source	INCLUDED_analysis_ready	CollecTRI-signed regulon member (CORE_TF or admitted target)		CollecTRI + GENCODE v36
M3_primary	NES	source	INCLUDED_analysis_ready	CollecTRI-signed regulon member (CORE_TF or admitted target)		CollecTRI + GENCODE v36
M3_primary	NETO1	source	INCLUDED_analysis_ready	CollecTRI-signed regulon member (CORE_TF or admitted target)		CollecTRI + GENCODE v36
M3_primary	NEUROD1	source	INCLUDED_analysis_ready	CollecTRI-signed regulon member (CORE_TF or admitted target)		CollecTRI + GENCODE v36
M3_primary	NEUROG2	source	INCLUDED_analysis_ready	CollecTRI-signed regulon member (CORE_TF or admitted target)		CollecTRI + GENCODE v36
M3_primary	NEUROG3	source	INCLUDED_analysis_ready	CollecTRI-signed regulon member (CORE_TF or admitted target)		CollecTRI + GENCODE v36
M3_primary	NFE2	source	INCLUDED_analysis_ready	CollecTRI-signed regulon member (CORE_TF or admitted target)		CollecTRI + GENCODE v36
M3_primary	NFKB1	source	INCLUDED_analysis_ready	CollecTRI-signed regulon member (CORE_TF or admitted target)		CollecTRI + GENCODE v36
M3_primary	NFKBIB	source	INCLUDED_analysis_ready	CollecTRI-signed regulon member (CORE_TF or admitted target)		CollecTRI + GENCODE v36
M3_primary	NFYA	source	INCLUDED_analysis_ready	CollecTRI-signed regulon member (CORE_TF or admitted target)		CollecTRI + GENCODE v36
M3_primary	NKX2-1	source	INCLUDED_analysis_ready	CollecTRI-signed regulon member (CORE_TF or admitted target)		CollecTRI + GENCODE v36
M3_primary	NKX2-2	source	INCLUDED_analysis_ready	CollecTRI-signed regulon member (CORE_TF or admitted target)		CollecTRI + GENCODE v36
M3_primary	NKX3-1	source	INCLUDED_analysis_ready	CollecTRI-signed regulon member (CORE_TF or admitted target)		CollecTRI + GENCODE v36
M3_primary	NKX3-2	source	INCLUDED_analysis_ready	CollecTRI-signed regulon member (CORE_TF or admitted target)		CollecTRI + GENCODE v36
M3_primary	NOS2	source	INCLUDED_analysis_ready	CollecTRI-signed regulon member (CORE_TF or admitted target)		CollecTRI + GENCODE v36
M3_primary	NOS3	source	INCLUDED_analysis_ready	CollecTRI-signed regulon member (CORE_TF or admitted target)		CollecTRI + GENCODE v36
M3_primary	NOTCH1	source	INCLUDED_analysis_ready	CollecTRI-signed regulon member (CORE_TF or admitted target)		CollecTRI + GENCODE v36
M3_primary	NOTCH3	source	INCLUDED_analysis_ready	CollecTRI-signed regulon member (CORE_TF or admitted target)		CollecTRI + GENCODE v36
M3_primary	NPHS1	source	INCLUDED_analysis_ready	CollecTRI-signed regulon member (CORE_TF or admitted target)		CollecTRI + GENCODE v36
M3_primary	NPPA	source	INCLUDED_analysis_ready	CollecTRI-signed regulon member (CORE_TF or admitted target)		CollecTRI + GENCODE v36
M3_primary	NPR1	source	INCLUDED_analysis_ready	CollecTRI-signed regulon member (CORE_TF or admitted target)		CollecTRI + GENCODE v36
M3_primary	NPY	source	INCLUDED_analysis_ready	CollecTRI-signed regulon member (CORE_TF or admitted target)		CollecTRI + GENCODE v36
M3_primary	NR0B1	source	INCLUDED_analysis_ready	CollecTRI-signed regulon member (CORE_TF or admitted target)		CollecTRI + GENCODE v36
M3_primary	NR0B2	source	INCLUDED_analysis_ready	CollecTRI-signed regulon member (CORE_TF or admitted target)		CollecTRI + GENCODE v36
M3_primary	NR4A2	source	INCLUDED_analysis_ready	CollecTRI-signed regulon member (CORE_TF or admitted target)		CollecTRI + GENCODE v36
M3_primary	NR5A1	source	INCLUDED_analysis_ready	CollecTRI-signed regulon member (CORE_TF or admitted target)		CollecTRI + GENCODE v36
M3_primary	NR5A2	source	INCLUDED_analysis_ready	CollecTRI-signed regulon member (CORE_TF or admitted target)		CollecTRI + GENCODE v36
M3_primary	NRCAM	source	INCLUDED_analysis_ready	CollecTRI-signed regulon member (CORE_TF or admitted target)		CollecTRI + GENCODE v36
M3_primary	NTF3	source	INCLUDED_analysis_ready	CollecTRI-signed regulon member (CORE_TF or admitted target)		CollecTRI + GENCODE v36
M3_primary	NTRK2	source	INCLUDED_analysis_ready	CollecTRI-signed regulon member (CORE_TF or admitted target)		CollecTRI + GENCODE v36
M3_primary	NUP210	source	INCLUDED_analysis_ready	CollecTRI-signed regulon member (CORE_TF or admitted target)		CollecTRI + GENCODE v36
M3_primary	NWD1	source	INCLUDED_analysis_ready	CollecTRI-signed regulon member (CORE_TF or admitted target)		CollecTRI + GENCODE v36
M3_primary	ONECUT1	source	INCLUDED_analysis_ready	CollecTRI-signed regulon member (CORE_TF or admitted target)		CollecTRI + GENCODE v36
M3_primary	OPRM1	source	INCLUDED_analysis_ready	CollecTRI-signed regulon member (CORE_TF or admitted target)		CollecTRI + GENCODE v36
M3_primary	PACSIN1	source	INCLUDED_analysis_ready	CollecTRI-signed regulon member (CORE_TF or admitted target)		CollecTRI + GENCODE v36
M3_primary	PAEP	source	INCLUDED_analysis_ready	CollecTRI-signed regulon member (CORE_TF or admitted target)		CollecTRI + GENCODE v36
M3_primary	PAX2	source	INCLUDED_analysis_ready	CollecTRI-signed regulon member (CORE_TF or admitted target)		CollecTRI + GENCODE v36
M3_primary	PAX3	source	INCLUDED_analysis_ready	CollecTRI-signed regulon member (CORE_TF or admitted target)		CollecTRI + GENCODE v36
M3_primary	PAX5	source	INCLUDED_analysis_ready	CollecTRI-signed regulon member (CORE_TF or admitted target)		CollecTRI + GENCODE v36
M3_primary	PAX6	source	INCLUDED_analysis_ready	CollecTRI-signed regulon member (CORE_TF or admitted target)		CollecTRI + GENCODE v36
M3_primary	PAX8	source	INCLUDED_analysis_ready	CollecTRI-signed regulon member (CORE_TF or admitted target)		CollecTRI + GENCODE v36
M3_primary	PC	source	INCLUDED_analysis_ready	CollecTRI-signed regulon member (CORE_TF or admitted target)		CollecTRI + GENCODE v36
M3_primary	PCK1	source	INCLUDED_analysis_ready	CollecTRI-signed regulon member (CORE_TF or admitted target)		CollecTRI + GENCODE v36
M3_primary	PDE3A	source	INCLUDED_analysis_ready	CollecTRI-signed regulon member (CORE_TF or admitted target)		CollecTRI + GENCODE v36
M3_primary	PDE7B	source	INCLUDED_analysis_ready	CollecTRI-signed regulon member (CORE_TF or admitted target)		CollecTRI + GENCODE v36
M3_primary	PDE9A	source	INCLUDED_analysis_ready	CollecTRI-signed regulon member (CORE_TF or admitted target)		CollecTRI + GENCODE v36
M3_primary	PDGFA	source	INCLUDED_analysis_ready	CollecTRI-signed regulon member (CORE_TF or admitted target)		CollecTRI + GENCODE v36
M3_primary	PDGFRL	source	INCLUDED_analysis_ready	CollecTRI-signed regulon member (CORE_TF or admitted target)		CollecTRI + GENCODE v36
M3_primary	PDX1	source	INCLUDED_analysis_ready	CollecTRI-signed regulon member (CORE_TF or admitted target)		CollecTRI + GENCODE v36
M3_primary	PER1	source	INCLUDED_analysis_ready	CollecTRI-signed regulon member (CORE_TF or admitted target)		CollecTRI + GENCODE v36
M3_primary	PHEX	source	INCLUDED_analysis_ready	CollecTRI-signed regulon member (CORE_TF or admitted target)		CollecTRI + GENCODE v36
M3_primary	PI3	source	INCLUDED_analysis_ready	CollecTRI-signed regulon member (CORE_TF or admitted target)		CollecTRI + GENCODE v36
M3_primary	PIK3CA	source	INCLUDED_analysis_ready	CollecTRI-signed regulon member (CORE_TF or admitted target)		CollecTRI + GENCODE v36
M3_primary	PITX1	source	INCLUDED_analysis_ready	CollecTRI-signed regulon member (CORE_TF or admitted target)		CollecTRI + GENCODE v36
M3_primary	PITX2	source	INCLUDED_analysis_ready	CollecTRI-signed regulon member (CORE_TF or admitted target)		CollecTRI + GENCODE v36
M3_primary	PKNOX1	source	INCLUDED_analysis_ready	CollecTRI-signed regulon member (CORE_TF or admitted target)		CollecTRI + GENCODE v36
M3_primary	PLAAT4	source	INCLUDED_analysis_ready	CollecTRI-signed regulon member (CORE_TF or admitted target)		CollecTRI + GENCODE v36
M3_primary	PLSCR2	source	INCLUDED_analysis_ready	CollecTRI-signed regulon member (CORE_TF or admitted target)		CollecTRI + GENCODE v36
M3_primary	PODXL	source	INCLUDED_analysis_ready	CollecTRI-signed regulon member (CORE_TF or admitted target)		CollecTRI + GENCODE v36
M3_primary	POU3F2	source	INCLUDED_analysis_ready	CollecTRI-signed regulon member (CORE_TF or admitted target)		CollecTRI + GENCODE v36
M3_primary	POU3F3	source	INCLUDED_analysis_ready	CollecTRI-signed regulon member (CORE_TF or admitted target)		CollecTRI + GENCODE v36
M3_primary	POU4F2	source	INCLUDED_analysis_ready	CollecTRI-signed regulon member (CORE_TF or admitted target)		CollecTRI + GENCODE v36
M3_primary	POU5F1	source	INCLUDED_analysis_ready	CollecTRI-signed regulon member (CORE_TF or admitted target)		CollecTRI + GENCODE v36
M3_primary	PPARG	source	INCLUDED_analysis_ready	CollecTRI-signed regulon member (CORE_TF or admitted target)		CollecTRI + GENCODE v36
M3_primary	PPIL2	source	INCLUDED_analysis_ready	CollecTRI-signed regulon member (CORE_TF or admitted target)		CollecTRI + GENCODE v36
M3_primary	PPP1R3C	source	INCLUDED_analysis_ready	CollecTRI-signed regulon member (CORE_TF or admitted target)		CollecTRI + GENCODE v36
M3_primary	PRAME	source	INCLUDED_analysis_ready	CollecTRI-signed regulon member (CORE_TF or admitted target)		CollecTRI + GENCODE v36
M3_primary	PRDM16	source	INCLUDED_analysis_ready	CollecTRI-signed regulon member (CORE_TF or admitted target)		CollecTRI + GENCODE v36
M3_primary	PRELP	source	INCLUDED_analysis_ready	CollecTRI-signed regulon member (CORE_TF or admitted target)		CollecTRI + GENCODE v36
M3_primary	PRG2	source	INCLUDED_analysis_ready	CollecTRI-signed regulon member (CORE_TF or admitted target)		CollecTRI + GENCODE v36
M3_primary	PRKN	source	INCLUDED_analysis_ready	CollecTRI-signed regulon member (CORE_TF or admitted target)		CollecTRI + GENCODE v36
M3_primary	PRL	source	INCLUDED_analysis_ready	CollecTRI-signed regulon member (CORE_TF or admitted target)		CollecTRI + GENCODE v36
M3_primary	PRM1	source	INCLUDED_analysis_ready	CollecTRI-signed regulon member (CORE_TF or admitted target)		CollecTRI + GENCODE v36
M3_primary	PSD4	source	INCLUDED_analysis_ready	CollecTRI-signed regulon member (CORE_TF or admitted target)		CollecTRI + GENCODE v36
M3_primary	PTCH1	source	INCLUDED_analysis_ready	CollecTRI-signed regulon member (CORE_TF or admitted target)		CollecTRI + GENCODE v36
M3_primary	PTGER3	source	EXCLUDED_analysis_ready	composition-overlap ESTIMATE (stromal)	stromal	SI_geneset
M3_primary	PTGER4	source	EXCLUDED_analysis_ready	composition-overlap ESTIMATE (immune)	immune	SI_geneset
M3_primary	PTH	source	INCLUDED_analysis_ready	CollecTRI-signed regulon member (CORE_TF or admitted target)		CollecTRI + GENCODE v36
M3_primary	PTH2R	source	INCLUDED_analysis_ready	CollecTRI-signed regulon member (CORE_TF or admitted target)		CollecTRI + GENCODE v36
M3_primary	PTHLH	source	INCLUDED_analysis_ready	CollecTRI-signed regulon member (CORE_TF or admitted target)		CollecTRI + GENCODE v36
M3_primary	RAG1	source	INCLUDED_analysis_ready	CollecTRI-signed regulon member (CORE_TF or admitted target)		CollecTRI + GENCODE v36
M3_primary	RAG2	source	INCLUDED_analysis_ready	CollecTRI-signed regulon member (CORE_TF or admitted target)		CollecTRI + GENCODE v36
M3_primary	RAPGEF3	source	INCLUDED_analysis_ready	CollecTRI-signed regulon member (CORE_TF or admitted target)		CollecTRI + GENCODE v36
M3_primary	RCAN1	source	INCLUDED_analysis_ready	CollecTRI-signed regulon member (CORE_TF or admitted target)		CollecTRI + GENCODE v36
M3_primary	REG3G	source	INCLUDED_analysis_ready	CollecTRI-signed regulon member (CORE_TF or admitted target)		CollecTRI + GENCODE v36
M3_primary	RELN	source	INCLUDED_analysis_ready	CollecTRI-signed regulon member (CORE_TF or admitted target)		CollecTRI + GENCODE v36
M3_primary	REN	source	INCLUDED_analysis_ready	CollecTRI-signed regulon member (CORE_TF or admitted target)		CollecTRI + GENCODE v36
M3_primary	RET	source	INCLUDED_analysis_ready	CollecTRI-signed regulon member (CORE_TF or admitted target)		CollecTRI + GENCODE v36
M3_primary	RGR	source	INCLUDED_analysis_ready	CollecTRI-signed regulon member (CORE_TF or admitted target)		CollecTRI + GENCODE v36
M3_primary	RHOH	source	EXCLUDED_analysis_ready	composition-overlap ESTIMATE (immune)	immune	SI_geneset
M3_primary	RLBP1	source	INCLUDED_analysis_ready	CollecTRI-signed regulon member (CORE_TF or admitted target)		CollecTRI + GENCODE v36
M3_primary	RNASE2	source	INCLUDED_analysis_ready	CollecTRI-signed regulon member (CORE_TF or admitted target)		CollecTRI + GENCODE v36
M3_primary	ROBO3	source	INCLUDED_analysis_ready	CollecTRI-signed regulon member (CORE_TF or admitted target)		CollecTRI + GENCODE v36
M3_primary	ROBO4	source	INCLUDED_analysis_ready	CollecTRI-signed regulon member (CORE_TF or admitted target)		CollecTRI + GENCODE v36
M3_primary	RPE65	source	INCLUDED_analysis_ready	CollecTRI-signed regulon member (CORE_TF or admitted target)		CollecTRI + GENCODE v36
M3_primary	RTN4IP1	source	INCLUDED_analysis_ready	CollecTRI-signed regulon member (CORE_TF or admitted target)		CollecTRI + GENCODE v36
M3_primary	RUNX2	source	INCLUDED_analysis_ready	CollecTRI-signed regulon member (CORE_TF or admitted target)		CollecTRI + GENCODE v36
M3_primary	RUNX3	source	INCLUDED_analysis_ready	CollecTRI-signed regulon member (CORE_TF or admitted target)		CollecTRI + GENCODE v36
M3_primary	RXFP2	source	INCLUDED_analysis_ready	CollecTRI-signed regulon member (CORE_TF or admitted target)		CollecTRI + GENCODE v36
M3_primary	SALL1	source	INCLUDED_analysis_ready	CollecTRI-signed regulon member (CORE_TF or admitted target)		CollecTRI + GENCODE v36
M3_primary	SALL2	source	INCLUDED_analysis_ready	CollecTRI-signed regulon member (CORE_TF or admitted target)		CollecTRI + GENCODE v36
M3_primary	SALL3	source	INCLUDED_analysis_ready	CollecTRI-signed regulon member (CORE_TF or admitted target)		CollecTRI + GENCODE v36
M3_primary	SAMHD1	source	EXCLUDED_analysis_ready	composition-overlap ESTIMATE (immune)	immune	SI_geneset
M3_primary	SCGB1A1	source	INCLUDED_analysis_ready	CollecTRI-signed regulon member (CORE_TF or admitted target)		CollecTRI + GENCODE v36
M3_primary	SDC1	source	INCLUDED_analysis_ready	CollecTRI-signed regulon member (CORE_TF or admitted target)		CollecTRI + GENCODE v36
M3_primary	SELE	source	INCLUDED_analysis_ready	CollecTRI-signed regulon member (CORE_TF or admitted target)		CollecTRI + GENCODE v36
M3_primary	SERPINC1	source	INCLUDED_analysis_ready	CollecTRI-signed regulon member (CORE_TF or admitted target)		CollecTRI + GENCODE v36
M3_primary	SFTPB	source	INCLUDED_analysis_ready	CollecTRI-signed regulon member (CORE_TF or admitted target)		CollecTRI + GENCODE v36
M3_primary	SGCA	source	INCLUDED_analysis_ready	CollecTRI-signed regulon member (CORE_TF or admitted target)		CollecTRI + GENCODE v36
M3_primary	SHH	source	INCLUDED_analysis_ready	CollecTRI-signed regulon member (CORE_TF or admitted target)		CollecTRI + GENCODE v36
M3_primary	SHOX	source	INCLUDED_analysis_ready	CollecTRI-signed regulon member (CORE_TF or admitted target)		CollecTRI + GENCODE v36
M3_primary	SIM1	source	INCLUDED_analysis_ready	CollecTRI-signed regulon member (CORE_TF or admitted target)		CollecTRI + GENCODE v36
M3_primary	SIX1	source	INCLUDED_analysis_ready	CollecTRI-signed regulon member (CORE_TF or admitted target)		CollecTRI + GENCODE v36
M3_primary	SIX3	source	INCLUDED_analysis_ready	CollecTRI-signed regulon member (CORE_TF or admitted target)		CollecTRI + GENCODE v36
M3_primary	SKI	source	INCLUDED_analysis_ready	CollecTRI-signed regulon member (CORE_TF or admitted target)		CollecTRI + GENCODE v36
M3_primary	SKP2	source	INCLUDED_analysis_ready	CollecTRI-signed regulon member (CORE_TF or admitted target)		CollecTRI + GENCODE v36
M3_primary	SLC10A1	source	INCLUDED_analysis_ready	CollecTRI-signed regulon member (CORE_TF or admitted target)		CollecTRI + GENCODE v36
M3_primary	SLC10A4	source	INCLUDED_analysis_ready	CollecTRI-signed regulon member (CORE_TF or admitted target)		CollecTRI + GENCODE v36
M3_primary	SLC24A3	source	INCLUDED_analysis_ready	CollecTRI-signed regulon member (CORE_TF or admitted target)		CollecTRI + GENCODE v36
M3_primary	SLC29A4	source	INCLUDED_analysis_ready	CollecTRI-signed regulon member (CORE_TF or admitted target)		CollecTRI + GENCODE v36
M3_primary	SLC2A2	source	INCLUDED_analysis_ready	CollecTRI-signed regulon member (CORE_TF or admitted target)		CollecTRI + GENCODE v36
M3_primary	SLC31A1	source	INCLUDED_analysis_ready	CollecTRI-signed regulon member (CORE_TF or admitted target)		CollecTRI + GENCODE v36
M3_primary	SLC3A1	source	INCLUDED_analysis_ready	CollecTRI-signed regulon member (CORE_TF or admitted target)		CollecTRI + GENCODE v36
M3_primary	SLC4A4	source	INCLUDED_analysis_ready	CollecTRI-signed regulon member (CORE_TF or admitted target)		CollecTRI + GENCODE v36
M3_primary	SLC5A5	source	INCLUDED_analysis_ready	CollecTRI-signed regulon member (CORE_TF or admitted target)		CollecTRI + GENCODE v36
M3_primary	SLC6A19	source	INCLUDED_analysis_ready	CollecTRI-signed regulon member (CORE_TF or admitted target)		CollecTRI + GENCODE v36
M3_primary	SLC6A6	source	INCLUDED_analysis_ready	CollecTRI-signed regulon member (CORE_TF or admitted target)		CollecTRI + GENCODE v36
M3_primary	SLCO1B1	source	INCLUDED_analysis_ready	CollecTRI-signed regulon member (CORE_TF or admitted target)		CollecTRI + GENCODE v36
M3_primary	SLCO1B3	source	INCLUDED_analysis_ready	CollecTRI-signed regulon member (CORE_TF or admitted target)		CollecTRI + GENCODE v36
M3_primary	SLCO4C1	source	INCLUDED_analysis_ready	CollecTRI-signed regulon member (CORE_TF or admitted target)		CollecTRI + GENCODE v36
M3_primary	SLIT1	source	INCLUDED_analysis_ready	CollecTRI-signed regulon member (CORE_TF or admitted target)		CollecTRI + GENCODE v36
M3_primary	SLIT2	source	INCLUDED_analysis_ready	CollecTRI-signed regulon member (CORE_TF or admitted target)		CollecTRI + GENCODE v36
M3_primary	SLURP1	source	INCLUDED_analysis_ready	CollecTRI-signed regulon member (CORE_TF or admitted target)		CollecTRI + GENCODE v36
M3_primary	SNAI1	source	INCLUDED_analysis_ready	CollecTRI-signed regulon member (CORE_TF or admitted target)		CollecTRI + GENCODE v36
M3_primary	SNAPC1	source	INCLUDED_analysis_ready	CollecTRI-signed regulon member (CORE_TF or admitted target)		CollecTRI + GENCODE v36
M3_primary	SNCA	source	INCLUDED_analysis_ready	CollecTRI-signed regulon member (CORE_TF or admitted target)		CollecTRI + GENCODE v36
M3_primary	SNURF	source	INCLUDED_analysis_ready	CollecTRI-signed regulon member (CORE_TF or admitted target)		CollecTRI + GENCODE v36
M3_primary	SOST	source	INCLUDED_analysis_ready	CollecTRI-signed regulon member (CORE_TF or admitted target)		CollecTRI + GENCODE v36
M3_primary	SOSTDC1	source	INCLUDED_analysis_ready	CollecTRI-signed regulon member (CORE_TF or admitted target)		CollecTRI + GENCODE v36
M3_primary	SOX10	source	INCLUDED_analysis_ready	CollecTRI-signed regulon member (CORE_TF or admitted target)		CollecTRI + GENCODE v36
M3_primary	SOX14	source	INCLUDED_analysis_ready	CollecTRI-signed regulon member (CORE_TF or admitted target)		CollecTRI + GENCODE v36
M3_primary	SOX17	source	INCLUDED_analysis_ready	CollecTRI-signed regulon member (CORE_TF or admitted target)		CollecTRI + GENCODE v36
M3_primary	SOX2	source	INCLUDED_analysis_ready	CollecTRI-signed regulon member (CORE_TF or admitted target)		CollecTRI + GENCODE v36
M3_primary	SOX9	source	INCLUDED_analysis_ready	CollecTRI-signed regulon member (CORE_TF or admitted target)		CollecTRI + GENCODE v36
M3_primary	SP7	source	INCLUDED_analysis_ready	CollecTRI-signed regulon member (CORE_TF or admitted target)		CollecTRI + GENCODE v36
M3_primary	SP8	source	INCLUDED_analysis_ready	CollecTRI-signed regulon member (CORE_TF or admitted target)		CollecTRI + GENCODE v36
M3_primary	SPAST	source	INCLUDED_analysis_ready	CollecTRI-signed regulon member (CORE_TF or admitted target)		CollecTRI + GENCODE v36
M3_primary	SPEF2	source	INCLUDED_analysis_ready	CollecTRI-signed regulon member (CORE_TF or admitted target)		CollecTRI + GENCODE v36
M3_primary	SPI1	source	INCLUDED_analysis_ready	CollecTRI-signed regulon member (CORE_TF or admitted target)		CollecTRI + GENCODE v36
M3_primary	SPP1	source	INCLUDED_analysis_ready	CollecTRI-signed regulon member (CORE_TF or admitted target)		CollecTRI + GENCODE v36
M3_primary	SRY	source	INCLUDED_analysis_ready	CollecTRI-signed regulon member (CORE_TF or admitted target)		CollecTRI + GENCODE v36
M3_primary	SST	source	INCLUDED_analysis_ready	CollecTRI-signed regulon member (CORE_TF or admitted target)		CollecTRI + GENCODE v36
M3_primary	ST18	source	INCLUDED_analysis_ready	CollecTRI-signed regulon member (CORE_TF or admitted target)		CollecTRI + GENCODE v36
M3_primary	ST8SIA6	source	INCLUDED_analysis_ready	CollecTRI-signed regulon member (CORE_TF or admitted target)		CollecTRI + GENCODE v36
M3_primary	STAR	source	INCLUDED_analysis_ready	CollecTRI-signed regulon member (CORE_TF or admitted target)		CollecTRI + GENCODE v36
M3_primary	STAT1	source	INCLUDED_analysis_ready	CollecTRI-signed regulon member (CORE_TF or admitted target)		CollecTRI + GENCODE v36
M3_primary	STAT4	source	INCLUDED_analysis_ready	CollecTRI-signed regulon member (CORE_TF or admitted target)		CollecTRI + GENCODE v36
M3_primary	STS	source	INCLUDED_analysis_ready	CollecTRI-signed regulon member (CORE_TF or admitted target)		CollecTRI + GENCODE v36
M3_primary	STXBP1	source	INCLUDED_analysis_ready	CollecTRI-signed regulon member (CORE_TF or admitted target)		CollecTRI + GENCODE v36
M3_primary	SULF1	source	EXCLUDED_analysis_ready	composition-overlap ESTIMATE (stromal)	stromal	SI_geneset
M3_primary	SULF2	source	INCLUDED_analysis_ready	CollecTRI-signed regulon member (CORE_TF or admitted target)		CollecTRI + GENCODE v36
M3_primary	SULT2A1	source	INCLUDED_analysis_ready	CollecTRI-signed regulon member (CORE_TF or admitted target)		CollecTRI + GENCODE v36
M3_primary	SYTL4	source	INCLUDED_analysis_ready	CollecTRI-signed regulon member (CORE_TF or admitted target)		CollecTRI + GENCODE v36
M3_primary	TAC1	source	INCLUDED_analysis_ready	CollecTRI-signed regulon member (CORE_TF or admitted target)		CollecTRI + GENCODE v36
M3_primary	TAGLN	source	INCLUDED_analysis_ready	CollecTRI-signed regulon member (CORE_TF or admitted target)		CollecTRI + GENCODE v36
M3_primary	TAL1	source	INCLUDED_analysis_ready	CollecTRI-signed regulon member (CORE_TF or admitted target)		CollecTRI + GENCODE v36
M3_primary	TAT	source	INCLUDED_analysis_ready	CollecTRI-signed regulon member (CORE_TF or admitted target)		CollecTRI + GENCODE v36
M3_primary	TBATA	source	INCLUDED_analysis_ready	CollecTRI-signed regulon member (CORE_TF or admitted target)		CollecTRI + GENCODE v36
M3_primary	TBX18	source	INCLUDED_analysis_ready	CollecTRI-signed regulon member (CORE_TF or admitted target)		CollecTRI + GENCODE v36
M3_primary	TBX20	source	INCLUDED_analysis_ready	CollecTRI-signed regulon member (CORE_TF or admitted target)		CollecTRI + GENCODE v36
M3_primary	TBX6	source	INCLUDED_analysis_ready	CollecTRI-signed regulon member (CORE_TF or admitted target)		CollecTRI + GENCODE v36
M3_primary	TBXA2R	source	INCLUDED_analysis_ready	CollecTRI-signed regulon member (CORE_TF or admitted target)		CollecTRI + GENCODE v36
M3_primary	TCF21	source	EXCLUDED_analysis_ready	composition-overlap ESTIMATE (stromal)	stromal	SI_geneset
M3_primary	TEK	source	INCLUDED_analysis_ready	CollecTRI-signed regulon member (CORE_TF or admitted target)		CollecTRI + GENCODE v36
M3_primary	TERT	source	INCLUDED_analysis_ready	CollecTRI-signed regulon member (CORE_TF or admitted target)		CollecTRI + GENCODE v36
M3_primary	TET2	source	INCLUDED_analysis_ready	CollecTRI-signed regulon member (CORE_TF or admitted target)		CollecTRI + GENCODE v36
M3_primary	TFAP2A	source	INCLUDED_analysis_ready	CollecTRI-signed regulon member (CORE_TF or admitted target)		CollecTRI + GENCODE v36
M3_primary	TFAP2E	source	INCLUDED_analysis_ready	CollecTRI-signed regulon member (CORE_TF or admitted target)		CollecTRI + GENCODE v36
M3_primary	TFF1	source	INCLUDED_analysis_ready	CollecTRI-signed regulon member (CORE_TF or admitted target)		CollecTRI + GENCODE v36
M3_primary	TG	source	INCLUDED_analysis_ready	CollecTRI-signed regulon member (CORE_TF or admitted target)		CollecTRI + GENCODE v36
M3_primary	TGFB2	source	INCLUDED_analysis_ready	CollecTRI-signed regulon member (CORE_TF or admitted target)		CollecTRI + GENCODE v36
M3_primary	TGFB3	source	INCLUDED_analysis_ready	CollecTRI-signed regulon member (CORE_TF or admitted target)		CollecTRI + GENCODE v36
M3_primary	TGFBR1	source	INCLUDED_analysis_ready	CollecTRI-signed regulon member (CORE_TF or admitted target)		CollecTRI + GENCODE v36
M3_primary	TH	source	INCLUDED_analysis_ready	CollecTRI-signed regulon member (CORE_TF or admitted target)		CollecTRI + GENCODE v36
M3_primary	THBS1	source	INCLUDED_analysis_ready	CollecTRI-signed regulon member (CORE_TF or admitted target)		CollecTRI + GENCODE v36
M3_primary	TLR5	source	INCLUDED_analysis_ready	CollecTRI-signed regulon member (CORE_TF or admitted target)		CollecTRI + GENCODE v36
M3_primary	TMEM30B	source	INCLUDED_analysis_ready	CollecTRI-signed regulon member (CORE_TF or admitted target)		CollecTRI + GENCODE v36
M3_primary	TMPRSS5	source	INCLUDED_analysis_ready	CollecTRI-signed regulon member (CORE_TF or admitted target)		CollecTRI + GENCODE v36
M3_primary	TNF	source	INCLUDED_analysis_ready	CollecTRI-signed regulon member (CORE_TF or admitted target)		CollecTRI + GENCODE v36
M3_primary	TNFAIP8L1	source	INCLUDED_analysis_ready	CollecTRI-signed regulon member (CORE_TF or admitted target)		CollecTRI + GENCODE v36
M3_primary	TNFRSF11A	source	INCLUDED_analysis_ready	CollecTRI-signed regulon member (CORE_TF or admitted target)		CollecTRI + GENCODE v36
M3_primary	TOX	source	INCLUDED_analysis_ready	CollecTRI-signed regulon member (CORE_TF or admitted target)		CollecTRI + GENCODE v36
M3_primary	TPO	source	INCLUDED_analysis_ready	CollecTRI-signed regulon member (CORE_TF or admitted target)		CollecTRI + GENCODE v36
M3_primary	TPTE	source	INCLUDED_analysis_ready	CollecTRI-signed regulon member (CORE_TF or admitted target)		CollecTRI + GENCODE v36
M3_primary	TRDV1	source	INCLUDED_analysis_ready	CollecTRI-signed regulon member (CORE_TF or admitted target)		CollecTRI + GENCODE v36
M3_primary	TRH	source	INCLUDED_analysis_ready	CollecTRI-signed regulon member (CORE_TF or admitted target)		CollecTRI + GENCODE v36
M3_primary	TSHB	source	INCLUDED_analysis_ready	CollecTRI-signed regulon member (CORE_TF or admitted target)		CollecTRI + GENCODE v36
M3_primary	TSHR	source	INCLUDED_analysis_ready	CollecTRI-signed regulon member (CORE_TF or admitted target)		CollecTRI + GENCODE v36
M3_primary	TTF1	source	INCLUDED_analysis_ready	CollecTRI-signed regulon member (CORE_TF or admitted target)		CollecTRI + GENCODE v36
M3_primary	TTR	source	INCLUDED_analysis_ready	CollecTRI-signed regulon member (CORE_TF or admitted target)		CollecTRI + GENCODE v36
M3_primary	TUBB3	source	INCLUDED_analysis_ready	CollecTRI-signed regulon member (CORE_TF or admitted target)		CollecTRI + GENCODE v36
M3_primary	TYR	source	INCLUDED_analysis_ready	CollecTRI-signed regulon member (CORE_TF or admitted target)		CollecTRI + GENCODE v36
M3_primary	UGT2B17	source	INCLUDED_analysis_ready	CollecTRI-signed regulon member (CORE_TF or admitted target)		CollecTRI + GENCODE v36
M3_primary	USP18	source	INCLUDED_analysis_ready	CollecTRI-signed regulon member (CORE_TF or admitted target)		CollecTRI + GENCODE v36
M3_primary	USP21	source	INCLUDED_analysis_ready	CollecTRI-signed regulon member (CORE_TF or admitted target)		CollecTRI + GENCODE v36
M3_primary	UST	source	INCLUDED_analysis_ready	CollecTRI-signed regulon member (CORE_TF or admitted target)		CollecTRI + GENCODE v36
M3_primary	VCAM1	source	EXCLUDED_analysis_ready	composition-overlap ESTIMATE (stromal)	stromal	SI_geneset
M3_primary	VDR	source	INCLUDED_analysis_ready	CollecTRI-signed regulon member (CORE_TF or admitted target)		CollecTRI + GENCODE v36
M3_primary	VEGFC	source	INCLUDED_analysis_ready	CollecTRI-signed regulon member (CORE_TF or admitted target)		CollecTRI + GENCODE v36
M3_primary	VNN1	source	INCLUDED_analysis_ready	CollecTRI-signed regulon member (CORE_TF or admitted target)		CollecTRI + GENCODE v36
M3_primary	VWA5A	source	INCLUDED_analysis_ready	CollecTRI-signed regulon member (CORE_TF or admitted target)		CollecTRI + GENCODE v36
M3_primary	WASF1	source	INCLUDED_analysis_ready	CollecTRI-signed regulon member (CORE_TF or admitted target)		CollecTRI + GENCODE v36
M3_primary	WDR5	source	INCLUDED_analysis_ready	CollecTRI-signed regulon member (CORE_TF or admitted target)		CollecTRI + GENCODE v36
M3_primary	WNT1	source	INCLUDED_analysis_ready	CollecTRI-signed regulon member (CORE_TF or admitted target)		CollecTRI + GENCODE v36
M3_primary	WNT10B	source	INCLUDED_analysis_ready	CollecTRI-signed regulon member (CORE_TF or admitted target)		CollecTRI + GENCODE v36
M3_primary	WNT2	source	EXCLUDED_analysis_ready	composition-overlap ESTIMATE (stromal)	stromal	SI_geneset
M3_primary	WNT3A	source	INCLUDED_analysis_ready	CollecTRI-signed regulon member (CORE_TF or admitted target)		CollecTRI + GENCODE v36
M3_primary	WNT4	source	INCLUDED_analysis_ready	CollecTRI-signed regulon member (CORE_TF or admitted target)		CollecTRI + GENCODE v36
M3_primary	WNT5A	source	INCLUDED_analysis_ready	CollecTRI-signed regulon member (CORE_TF or admitted target)		CollecTRI + GENCODE v36
M3_primary	WNT6	source	INCLUDED_analysis_ready	CollecTRI-signed regulon member (CORE_TF or admitted target)		CollecTRI + GENCODE v36
M3_primary	WNT7A	source	INCLUDED_analysis_ready	CollecTRI-signed regulon member (CORE_TF or admitted target)		CollecTRI + GENCODE v36
M3_primary	WNT7B	source	INCLUDED_analysis_ready	CollecTRI-signed regulon member (CORE_TF or admitted target)		CollecTRI + GENCODE v36
M3_primary	WT1	source	INCLUDED_analysis_ready	CollecTRI-signed regulon member (CORE_TF or admitted target)		CollecTRI + GENCODE v36
M3_primary	XKR3	source	INCLUDED_analysis_ready	CollecTRI-signed regulon member (CORE_TF or admitted target)		CollecTRI + GENCODE v36
M3_primary	XPO4	source	INCLUDED_analysis_ready	CollecTRI-signed regulon member (CORE_TF or admitted target)		CollecTRI + GENCODE v36
M3_primary	ZBTB7B	source	INCLUDED_analysis_ready	CollecTRI-signed regulon member (CORE_TF or admitted target)		CollecTRI + GENCODE v36
M3_primary	ZHX2	source	INCLUDED_analysis_ready	CollecTRI-signed regulon member (CORE_TF or admitted target)		CollecTRI + GENCODE v36
M3_primary	ZNF202	source	INCLUDED_analysis_ready	CollecTRI-signed regulon member (CORE_TF or admitted target)		CollecTRI + GENCODE v36
M3_primary	ZNF217	source	INCLUDED_analysis_ready	CollecTRI-signed regulon member (CORE_TF or admitted target)		CollecTRI + GENCODE v36
M3_primary	ZNF507	source	INCLUDED_analysis_ready	CollecTRI-signed regulon member (CORE_TF or admitted target)		CollecTRI + GENCODE v36
M3_primary	ZXDC	source	INCLUDED_analysis_ready	CollecTRI-signed regulon member (CORE_TF or admitted target)		CollecTRI + GENCODE v36
M3_sensitivity	ABCA3	member	INCLUDED_sensitivity	PRE-FROZEN SENSITIVITY (DoRothEA A/B + CollecTRI ChIP/motif), not primary		DoRothEA A/B + CollecTRI ChIP/motif
M3_sensitivity	ABCA4	member	INCLUDED_sensitivity	PRE-FROZEN SENSITIVITY (DoRothEA A/B + CollecTRI ChIP/motif), not primary		DoRothEA A/B + CollecTRI ChIP/motif
M3_sensitivity	ABCB1	member	INCLUDED_sensitivity	PRE-FROZEN SENSITIVITY (DoRothEA A/B + CollecTRI ChIP/motif), not primary		DoRothEA A/B + CollecTRI ChIP/motif
M3_sensitivity	ABCC2	member	INCLUDED_sensitivity	PRE-FROZEN SENSITIVITY (DoRothEA A/B + CollecTRI ChIP/motif), not primary		DoRothEA A/B + CollecTRI ChIP/motif
M3_sensitivity	ABCC4	member	INCLUDED_sensitivity	PRE-FROZEN SENSITIVITY (DoRothEA A/B + CollecTRI ChIP/motif), not primary		DoRothEA A/B + CollecTRI ChIP/motif
M3_sensitivity	ABLIM1	member	INCLUDED_sensitivity	PRE-FROZEN SENSITIVITY (DoRothEA A/B + CollecTRI ChIP/motif), not primary		DoRothEA A/B + CollecTRI ChIP/motif
M3_sensitivity	ACER3	member	INCLUDED_sensitivity	PRE-FROZEN SENSITIVITY (DoRothEA A/B + CollecTRI ChIP/motif), not primary		DoRothEA A/B + CollecTRI ChIP/motif
M3_sensitivity	ACKR1	member	INCLUDED_sensitivity	PRE-FROZEN SENSITIVITY (DoRothEA A/B + CollecTRI ChIP/motif), not primary		DoRothEA A/B + CollecTRI ChIP/motif
M3_sensitivity	ADAM12	member	INCLUDED_sensitivity	PRE-FROZEN SENSITIVITY (DoRothEA A/B + CollecTRI ChIP/motif), not primary		DoRothEA A/B + CollecTRI ChIP/motif
M3_sensitivity	ADAMTSL1	member	INCLUDED_sensitivity	PRE-FROZEN SENSITIVITY (DoRothEA A/B + CollecTRI ChIP/motif), not primary		DoRothEA A/B + CollecTRI ChIP/motif
M3_sensitivity	ADD3	member	INCLUDED_sensitivity	PRE-FROZEN SENSITIVITY (DoRothEA A/B + CollecTRI ChIP/motif), not primary		DoRothEA A/B + CollecTRI ChIP/motif
M3_sensitivity	ADGRG6	member	INCLUDED_sensitivity	PRE-FROZEN SENSITIVITY (DoRothEA A/B + CollecTRI ChIP/motif), not primary		DoRothEA A/B + CollecTRI ChIP/motif
M3_sensitivity	ADGRL2	member	INCLUDED_sensitivity	PRE-FROZEN SENSITIVITY (DoRothEA A/B + CollecTRI ChIP/motif), not primary		DoRothEA A/B + CollecTRI ChIP/motif
M3_sensitivity	ADGRV1	member	INCLUDED_sensitivity	PRE-FROZEN SENSITIVITY (DoRothEA A/B + CollecTRI ChIP/motif), not primary		DoRothEA A/B + CollecTRI ChIP/motif
M3_sensitivity	ADH1A	member	INCLUDED_sensitivity	PRE-FROZEN SENSITIVITY (DoRothEA A/B + CollecTRI ChIP/motif), not primary		DoRothEA A/B + CollecTRI ChIP/motif
M3_sensitivity	AFAP1	member	INCLUDED_sensitivity	PRE-FROZEN SENSITIVITY (DoRothEA A/B + CollecTRI ChIP/motif), not primary		DoRothEA A/B + CollecTRI ChIP/motif
M3_sensitivity	AFF1	member	INCLUDED_sensitivity	PRE-FROZEN SENSITIVITY (DoRothEA A/B + CollecTRI ChIP/motif), not primary		DoRothEA A/B + CollecTRI ChIP/motif
M3_sensitivity	AFF3	member	INCLUDED_sensitivity	PRE-FROZEN SENSITIVITY (DoRothEA A/B + CollecTRI ChIP/motif), not primary		DoRothEA A/B + CollecTRI ChIP/motif
M3_sensitivity	AFP	member	INCLUDED_sensitivity	PRE-FROZEN SENSITIVITY (DoRothEA A/B + CollecTRI ChIP/motif), not primary		DoRothEA A/B + CollecTRI ChIP/motif
M3_sensitivity	AGAP1	member	INCLUDED_sensitivity	PRE-FROZEN SENSITIVITY (DoRothEA A/B + CollecTRI ChIP/motif), not primary		DoRothEA A/B + CollecTRI ChIP/motif
M3_sensitivity	AGR2	member	INCLUDED_sensitivity	PRE-FROZEN SENSITIVITY (DoRothEA A/B + CollecTRI ChIP/motif), not primary		DoRothEA A/B + CollecTRI ChIP/motif
M3_sensitivity	AHI1	member	INCLUDED_sensitivity	PRE-FROZEN SENSITIVITY (DoRothEA A/B + CollecTRI ChIP/motif), not primary		DoRothEA A/B + CollecTRI ChIP/motif
M3_sensitivity	AHNAK	member	INCLUDED_sensitivity	PRE-FROZEN SENSITIVITY (DoRothEA A/B + CollecTRI ChIP/motif), not primary		DoRothEA A/B + CollecTRI ChIP/motif
M3_sensitivity	AHSG	member	INCLUDED_sensitivity	PRE-FROZEN SENSITIVITY (DoRothEA A/B + CollecTRI ChIP/motif), not primary		DoRothEA A/B + CollecTRI ChIP/motif
M3_sensitivity	AKAP13	member	INCLUDED_sensitivity	PRE-FROZEN SENSITIVITY (DoRothEA A/B + CollecTRI ChIP/motif), not primary		DoRothEA A/B + CollecTRI ChIP/motif
M3_sensitivity	AKAP6	member	INCLUDED_sensitivity	PRE-FROZEN SENSITIVITY (DoRothEA A/B + CollecTRI ChIP/motif), not primary		DoRothEA A/B + CollecTRI ChIP/motif
M3_sensitivity	ALCAM	member	INCLUDED_sensitivity	PRE-FROZEN SENSITIVITY (DoRothEA A/B + CollecTRI ChIP/motif), not primary		DoRothEA A/B + CollecTRI ChIP/motif
M3_sensitivity	ALDH1A2	member	INCLUDED_sensitivity	PRE-FROZEN SENSITIVITY (DoRothEA A/B + CollecTRI ChIP/motif), not primary		DoRothEA A/B + CollecTRI ChIP/motif
M3_sensitivity	ALK	member	INCLUDED_sensitivity	PRE-FROZEN SENSITIVITY (DoRothEA A/B + CollecTRI ChIP/motif), not primary		DoRothEA A/B + CollecTRI ChIP/motif
M3_sensitivity	AMBRA1	member	INCLUDED_sensitivity	PRE-FROZEN SENSITIVITY (DoRothEA A/B + CollecTRI ChIP/motif), not primary		DoRothEA A/B + CollecTRI ChIP/motif
M3_sensitivity	AMELX	member	INCLUDED_sensitivity	PRE-FROZEN SENSITIVITY (DoRothEA A/B + CollecTRI ChIP/motif), not primary		DoRothEA A/B + CollecTRI ChIP/motif
M3_sensitivity	AMH	member	INCLUDED_sensitivity	PRE-FROZEN SENSITIVITY (DoRothEA A/B + CollecTRI ChIP/motif), not primary		DoRothEA A/B + CollecTRI ChIP/motif
M3_sensitivity	AMOTL1	member	INCLUDED_sensitivity	PRE-FROZEN SENSITIVITY (DoRothEA A/B + CollecTRI ChIP/motif), not primary		DoRothEA A/B + CollecTRI ChIP/motif
M3_sensitivity	AMPD3	member	INCLUDED_sensitivity	PRE-FROZEN SENSITIVITY (DoRothEA A/B + CollecTRI ChIP/motif), not primary		DoRothEA A/B + CollecTRI ChIP/motif
M3_sensitivity	ANGPT1	member	INCLUDED_sensitivity	PRE-FROZEN SENSITIVITY (DoRothEA A/B + CollecTRI ChIP/motif), not primary		DoRothEA A/B + CollecTRI ChIP/motif
M3_sensitivity	ANGPT2	member	INCLUDED_sensitivity	PRE-FROZEN SENSITIVITY (DoRothEA A/B + CollecTRI ChIP/motif), not primary		DoRothEA A/B + CollecTRI ChIP/motif
M3_sensitivity	ANK3	member	INCLUDED_sensitivity	PRE-FROZEN SENSITIVITY (DoRothEA A/B + CollecTRI ChIP/motif), not primary		DoRothEA A/B + CollecTRI ChIP/motif
M3_sensitivity	ANKFN1	member	INCLUDED_sensitivity	PRE-FROZEN SENSITIVITY (DoRothEA A/B + CollecTRI ChIP/motif), not primary		DoRothEA A/B + CollecTRI ChIP/motif
M3_sensitivity	ANKRD28	member	INCLUDED_sensitivity	PRE-FROZEN SENSITIVITY (DoRothEA A/B + CollecTRI ChIP/motif), not primary		DoRothEA A/B + CollecTRI ChIP/motif
M3_sensitivity	ANKRD44	member	INCLUDED_sensitivity	PRE-FROZEN SENSITIVITY (DoRothEA A/B + CollecTRI ChIP/motif), not primary		DoRothEA A/B + CollecTRI ChIP/motif
M3_sensitivity	ANKS1B	member	INCLUDED_sensitivity	PRE-FROZEN SENSITIVITY (DoRothEA A/B + CollecTRI ChIP/motif), not primary		DoRothEA A/B + CollecTRI ChIP/motif
M3_sensitivity	ANO6	member	INCLUDED_sensitivity	PRE-FROZEN SENSITIVITY (DoRothEA A/B + CollecTRI ChIP/motif), not primary		DoRothEA A/B + CollecTRI ChIP/motif
M3_sensitivity	APBA1	member	INCLUDED_sensitivity	PRE-FROZEN SENSITIVITY (DoRothEA A/B + CollecTRI ChIP/motif), not primary		DoRothEA A/B + CollecTRI ChIP/motif
M3_sensitivity	APEX1	member	INCLUDED_sensitivity	PRE-FROZEN SENSITIVITY (DoRothEA A/B + CollecTRI ChIP/motif), not primary		DoRothEA A/B + CollecTRI ChIP/motif
M3_sensitivity	APOA1	member	INCLUDED_sensitivity	PRE-FROZEN SENSITIVITY (DoRothEA A/B + CollecTRI ChIP/motif), not primary		DoRothEA A/B + CollecTRI ChIP/motif
M3_sensitivity	APOB	member	INCLUDED_sensitivity	PRE-FROZEN SENSITIVITY (DoRothEA A/B + CollecTRI ChIP/motif), not primary		DoRothEA A/B + CollecTRI ChIP/motif
M3_sensitivity	APOM	member	INCLUDED_sensitivity	PRE-FROZEN SENSITIVITY (DoRothEA A/B + CollecTRI ChIP/motif), not primary		DoRothEA A/B + CollecTRI ChIP/motif
M3_sensitivity	APP	member	INCLUDED_sensitivity	PRE-FROZEN SENSITIVITY (DoRothEA A/B + CollecTRI ChIP/motif), not primary		DoRothEA A/B + CollecTRI ChIP/motif
M3_sensitivity	AR	member	INCLUDED_sensitivity	PRE-FROZEN SENSITIVITY (DoRothEA A/B + CollecTRI ChIP/motif), not primary		DoRothEA A/B + CollecTRI ChIP/motif
M3_sensitivity	ARHGAP10	member	INCLUDED_sensitivity	PRE-FROZEN SENSITIVITY (DoRothEA A/B + CollecTRI ChIP/motif), not primary		DoRothEA A/B + CollecTRI ChIP/motif
M3_sensitivity	ARHGAP15	member	INCLUDED_sensitivity	PRE-FROZEN SENSITIVITY (DoRothEA A/B + CollecTRI ChIP/motif), not primary		DoRothEA A/B + CollecTRI ChIP/motif
M3_sensitivity	ARHGAP24	member	INCLUDED_sensitivity	PRE-FROZEN SENSITIVITY (DoRothEA A/B + CollecTRI ChIP/motif), not primary		DoRothEA A/B + CollecTRI ChIP/motif
M3_sensitivity	ARHGAP25	member	INCLUDED_sensitivity	PRE-FROZEN SENSITIVITY (DoRothEA A/B + CollecTRI ChIP/motif), not primary		DoRothEA A/B + CollecTRI ChIP/motif
M3_sensitivity	ARHGAP26	member	INCLUDED_sensitivity	PRE-FROZEN SENSITIVITY (DoRothEA A/B + CollecTRI ChIP/motif), not primary		DoRothEA A/B + CollecTRI ChIP/motif
M3_sensitivity	ARHGAP32	member	INCLUDED_sensitivity	PRE-FROZEN SENSITIVITY (DoRothEA A/B + CollecTRI ChIP/motif), not primary		DoRothEA A/B + CollecTRI ChIP/motif
M3_sensitivity	ARHGAP42	member	INCLUDED_sensitivity	PRE-FROZEN SENSITIVITY (DoRothEA A/B + CollecTRI ChIP/motif), not primary		DoRothEA A/B + CollecTRI ChIP/motif
M3_sensitivity	ARHGAP6	member	INCLUDED_sensitivity	PRE-FROZEN SENSITIVITY (DoRothEA A/B + CollecTRI ChIP/motif), not primary		DoRothEA A/B + CollecTRI ChIP/motif
M3_sensitivity	ARHGEF3	member	INCLUDED_sensitivity	PRE-FROZEN SENSITIVITY (DoRothEA A/B + CollecTRI ChIP/motif), not primary		DoRothEA A/B + CollecTRI ChIP/motif
M3_sensitivity	ARID1B	member	INCLUDED_sensitivity	PRE-FROZEN SENSITIVITY (DoRothEA A/B + CollecTRI ChIP/motif), not primary		DoRothEA A/B + CollecTRI ChIP/motif
M3_sensitivity	ARID5B	member	INCLUDED_sensitivity	PRE-FROZEN SENSITIVITY (DoRothEA A/B + CollecTRI ChIP/motif), not primary		DoRothEA A/B + CollecTRI ChIP/motif
M3_sensitivity	ARNT2	member	INCLUDED_sensitivity	PRE-FROZEN SENSITIVITY (DoRothEA A/B + CollecTRI ChIP/motif), not primary		DoRothEA A/B + CollecTRI ChIP/motif
M3_sensitivity	ARRDC4	member	INCLUDED_sensitivity	PRE-FROZEN SENSITIVITY (DoRothEA A/B + CollecTRI ChIP/motif), not primary		DoRothEA A/B + CollecTRI ChIP/motif
M3_sensitivity	ARSG	member	INCLUDED_sensitivity	PRE-FROZEN SENSITIVITY (DoRothEA A/B + CollecTRI ChIP/motif), not primary		DoRothEA A/B + CollecTRI ChIP/motif
M3_sensitivity	ASAP1	member	INCLUDED_sensitivity	PRE-FROZEN SENSITIVITY (DoRothEA A/B + CollecTRI ChIP/motif), not primary		DoRothEA A/B + CollecTRI ChIP/motif
M3_sensitivity	ATP2B1	member	INCLUDED_sensitivity	PRE-FROZEN SENSITIVITY (DoRothEA A/B + CollecTRI ChIP/motif), not primary		DoRothEA A/B + CollecTRI ChIP/motif
M3_sensitivity	ATP8B4	member	INCLUDED_sensitivity	PRE-FROZEN SENSITIVITY (DoRothEA A/B + CollecTRI ChIP/motif), not primary		DoRothEA A/B + CollecTRI ChIP/motif
M3_sensitivity	ATRNL1	member	INCLUDED_sensitivity	PRE-FROZEN SENSITIVITY (DoRothEA A/B + CollecTRI ChIP/motif), not primary		DoRothEA A/B + CollecTRI ChIP/motif
M3_sensitivity	ATXN10	member	INCLUDED_sensitivity	PRE-FROZEN SENSITIVITY (DoRothEA A/B + CollecTRI ChIP/motif), not primary		DoRothEA A/B + CollecTRI ChIP/motif
M3_sensitivity	ATXN7	member	INCLUDED_sensitivity	PRE-FROZEN SENSITIVITY (DoRothEA A/B + CollecTRI ChIP/motif), not primary		DoRothEA A/B + CollecTRI ChIP/motif
M3_sensitivity	AUTS2	member	INCLUDED_sensitivity	PRE-FROZEN SENSITIVITY (DoRothEA A/B + CollecTRI ChIP/motif), not primary		DoRothEA A/B + CollecTRI ChIP/motif
M3_sensitivity	AZGP1	member	INCLUDED_sensitivity	PRE-FROZEN SENSITIVITY (DoRothEA A/B + CollecTRI ChIP/motif), not primary		DoRothEA A/B + CollecTRI ChIP/motif
M3_sensitivity	BACH2	member	INCLUDED_sensitivity	PRE-FROZEN SENSITIVITY (DoRothEA A/B + CollecTRI ChIP/motif), not primary		DoRothEA A/B + CollecTRI ChIP/motif
M3_sensitivity	BAIAP3	member	INCLUDED_sensitivity	PRE-FROZEN SENSITIVITY (DoRothEA A/B + CollecTRI ChIP/motif), not primary		DoRothEA A/B + CollecTRI ChIP/motif
M3_sensitivity	BANK1	member	INCLUDED_sensitivity	PRE-FROZEN SENSITIVITY (DoRothEA A/B + CollecTRI ChIP/motif), not primary		DoRothEA A/B + CollecTRI ChIP/motif
M3_sensitivity	BCAR3	member	INCLUDED_sensitivity	PRE-FROZEN SENSITIVITY (DoRothEA A/B + CollecTRI ChIP/motif), not primary		DoRothEA A/B + CollecTRI ChIP/motif
M3_sensitivity	BCAS3	member	INCLUDED_sensitivity	PRE-FROZEN SENSITIVITY (DoRothEA A/B + CollecTRI ChIP/motif), not primary		DoRothEA A/B + CollecTRI ChIP/motif
M3_sensitivity	BCL2	member	INCLUDED_sensitivity	PRE-FROZEN SENSITIVITY (DoRothEA A/B + CollecTRI ChIP/motif), not primary		DoRothEA A/B + CollecTRI ChIP/motif
M3_sensitivity	BCL2L1	member	INCLUDED_sensitivity	PRE-FROZEN SENSITIVITY (DoRothEA A/B + CollecTRI ChIP/motif), not primary		DoRothEA A/B + CollecTRI ChIP/motif
M3_sensitivity	BCOR	member	INCLUDED_sensitivity	PRE-FROZEN SENSITIVITY (DoRothEA A/B + CollecTRI ChIP/motif), not primary		DoRothEA A/B + CollecTRI ChIP/motif
M3_sensitivity	BGLAP	member	INCLUDED_sensitivity	PRE-FROZEN SENSITIVITY (DoRothEA A/B + CollecTRI ChIP/motif), not primary		DoRothEA A/B + CollecTRI ChIP/motif
M3_sensitivity	BHLHE40	member	INCLUDED_sensitivity	PRE-FROZEN SENSITIVITY (DoRothEA A/B + CollecTRI ChIP/motif), not primary		DoRothEA A/B + CollecTRI ChIP/motif
M3_sensitivity	BLCAP	member	INCLUDED_sensitivity	PRE-FROZEN SENSITIVITY (DoRothEA A/B + CollecTRI ChIP/motif), not primary		DoRothEA A/B + CollecTRI ChIP/motif
M3_sensitivity	BMPER	member	INCLUDED_sensitivity	PRE-FROZEN SENSITIVITY (DoRothEA A/B + CollecTRI ChIP/motif), not primary		DoRothEA A/B + CollecTRI ChIP/motif
M3_sensitivity	BMPR1B	member	INCLUDED_sensitivity	PRE-FROZEN SENSITIVITY (DoRothEA A/B + CollecTRI ChIP/motif), not primary		DoRothEA A/B + CollecTRI ChIP/motif
M3_sensitivity	BNC2	member	INCLUDED_sensitivity	PRE-FROZEN SENSITIVITY (DoRothEA A/B + CollecTRI ChIP/motif), not primary		DoRothEA A/B + CollecTRI ChIP/motif
M3_sensitivity	BPIFB1	member	INCLUDED_sensitivity	PRE-FROZEN SENSITIVITY (DoRothEA A/B + CollecTRI ChIP/motif), not primary		DoRothEA A/B + CollecTRI ChIP/motif
M3_sensitivity	BRIP1	member	INCLUDED_sensitivity	PRE-FROZEN SENSITIVITY (DoRothEA A/B + CollecTRI ChIP/motif), not primary		DoRothEA A/B + CollecTRI ChIP/motif
M3_sensitivity	CACHD1	member	INCLUDED_sensitivity	PRE-FROZEN SENSITIVITY (DoRothEA A/B + CollecTRI ChIP/motif), not primary		DoRothEA A/B + CollecTRI ChIP/motif
M3_sensitivity	CACNA1S	member	INCLUDED_sensitivity	PRE-FROZEN SENSITIVITY (DoRothEA A/B + CollecTRI ChIP/motif), not primary		DoRothEA A/B + CollecTRI ChIP/motif
M3_sensitivity	CACNA2D1	member	INCLUDED_sensitivity	PRE-FROZEN SENSITIVITY (DoRothEA A/B + CollecTRI ChIP/motif), not primary		DoRothEA A/B + CollecTRI ChIP/motif
M3_sensitivity	CADM1	member	INCLUDED_sensitivity	PRE-FROZEN SENSITIVITY (DoRothEA A/B + CollecTRI ChIP/motif), not primary		DoRothEA A/B + CollecTRI ChIP/motif
M3_sensitivity	CALD1	member	INCLUDED_sensitivity	PRE-FROZEN SENSITIVITY (DoRothEA A/B + CollecTRI ChIP/motif), not primary		DoRothEA A/B + CollecTRI ChIP/motif
M3_sensitivity	CAMK2D	member	INCLUDED_sensitivity	PRE-FROZEN SENSITIVITY (DoRothEA A/B + CollecTRI ChIP/motif), not primary		DoRothEA A/B + CollecTRI ChIP/motif
M3_sensitivity	CAMKMT	member	INCLUDED_sensitivity	PRE-FROZEN SENSITIVITY (DoRothEA A/B + CollecTRI ChIP/motif), not primary		DoRothEA A/B + CollecTRI ChIP/motif
M3_sensitivity	CAPN2	member	INCLUDED_sensitivity	PRE-FROZEN SENSITIVITY (DoRothEA A/B + CollecTRI ChIP/motif), not primary		DoRothEA A/B + CollecTRI ChIP/motif
M3_sensitivity	CAST	member	INCLUDED_sensitivity	PRE-FROZEN SENSITIVITY (DoRothEA A/B + CollecTRI ChIP/motif), not primary		DoRothEA A/B + CollecTRI ChIP/motif
M3_sensitivity	CAT	member	INCLUDED_sensitivity	PRE-FROZEN SENSITIVITY (DoRothEA A/B + CollecTRI ChIP/motif), not primary		DoRothEA A/B + CollecTRI ChIP/motif
M3_sensitivity	CBLB	member	INCLUDED_sensitivity	PRE-FROZEN SENSITIVITY (DoRothEA A/B + CollecTRI ChIP/motif), not primary		DoRothEA A/B + CollecTRI ChIP/motif
M3_sensitivity	CCDC12	member	INCLUDED_sensitivity	PRE-FROZEN SENSITIVITY (DoRothEA A/B + CollecTRI ChIP/motif), not primary		DoRothEA A/B + CollecTRI ChIP/motif
M3_sensitivity	CCDC88C	member	INCLUDED_sensitivity	PRE-FROZEN SENSITIVITY (DoRothEA A/B + CollecTRI ChIP/motif), not primary		DoRothEA A/B + CollecTRI ChIP/motif
M3_sensitivity	CCDC91	member	INCLUDED_sensitivity	PRE-FROZEN SENSITIVITY (DoRothEA A/B + CollecTRI ChIP/motif), not primary		DoRothEA A/B + CollecTRI ChIP/motif
M3_sensitivity	CCM2	member	INCLUDED_sensitivity	PRE-FROZEN SENSITIVITY (DoRothEA A/B + CollecTRI ChIP/motif), not primary		DoRothEA A/B + CollecTRI ChIP/motif
M3_sensitivity	CCN2	member	INCLUDED_sensitivity	PRE-FROZEN SENSITIVITY (DoRothEA A/B + CollecTRI ChIP/motif), not primary		DoRothEA A/B + CollecTRI ChIP/motif
M3_sensitivity	CCN3	member	INCLUDED_sensitivity	PRE-FROZEN SENSITIVITY (DoRothEA A/B + CollecTRI ChIP/motif), not primary		DoRothEA A/B + CollecTRI ChIP/motif
M3_sensitivity	CCND1	member	INCLUDED_sensitivity	PRE-FROZEN SENSITIVITY (DoRothEA A/B + CollecTRI ChIP/motif), not primary		DoRothEA A/B + CollecTRI ChIP/motif
M3_sensitivity	CCNY	member	INCLUDED_sensitivity	PRE-FROZEN SENSITIVITY (DoRothEA A/B + CollecTRI ChIP/motif), not primary		DoRothEA A/B + CollecTRI ChIP/motif
M3_sensitivity	CCRL2	member	INCLUDED_sensitivity	PRE-FROZEN SENSITIVITY (DoRothEA A/B + CollecTRI ChIP/motif), not primary		DoRothEA A/B + CollecTRI ChIP/motif
M3_sensitivity	CCSER1	member	INCLUDED_sensitivity	PRE-FROZEN SENSITIVITY (DoRothEA A/B + CollecTRI ChIP/motif), not primary		DoRothEA A/B + CollecTRI ChIP/motif
M3_sensitivity	CD28	member	INCLUDED_sensitivity	PRE-FROZEN SENSITIVITY (DoRothEA A/B + CollecTRI ChIP/motif), not primary		DoRothEA A/B + CollecTRI ChIP/motif
M3_sensitivity	CD34	member	INCLUDED_sensitivity	PRE-FROZEN SENSITIVITY (DoRothEA A/B + CollecTRI ChIP/motif), not primary		DoRothEA A/B + CollecTRI ChIP/motif
M3_sensitivity	CD3E	member	INCLUDED_sensitivity	PRE-FROZEN SENSITIVITY (DoRothEA A/B + CollecTRI ChIP/motif), not primary		DoRothEA A/B + CollecTRI ChIP/motif
M3_sensitivity	CD40LG	member	INCLUDED_sensitivity	PRE-FROZEN SENSITIVITY (DoRothEA A/B + CollecTRI ChIP/motif), not primary		DoRothEA A/B + CollecTRI ChIP/motif
M3_sensitivity	CD8A	member	INCLUDED_sensitivity	PRE-FROZEN SENSITIVITY (DoRothEA A/B + CollecTRI ChIP/motif), not primary		DoRothEA A/B + CollecTRI ChIP/motif
M3_sensitivity	CD8B	member	INCLUDED_sensitivity	PRE-FROZEN SENSITIVITY (DoRothEA A/B + CollecTRI ChIP/motif), not primary		DoRothEA A/B + CollecTRI ChIP/motif
M3_sensitivity	CDC42BPA	member	INCLUDED_sensitivity	PRE-FROZEN SENSITIVITY (DoRothEA A/B + CollecTRI ChIP/motif), not primary		DoRothEA A/B + CollecTRI ChIP/motif
M3_sensitivity	CDC42EP3	member	INCLUDED_sensitivity	PRE-FROZEN SENSITIVITY (DoRothEA A/B + CollecTRI ChIP/motif), not primary		DoRothEA A/B + CollecTRI ChIP/motif
M3_sensitivity	CDH1	member	INCLUDED_sensitivity	PRE-FROZEN SENSITIVITY (DoRothEA A/B + CollecTRI ChIP/motif), not primary		DoRothEA A/B + CollecTRI ChIP/motif
M3_sensitivity	CDH18	member	INCLUDED_sensitivity	PRE-FROZEN SENSITIVITY (DoRothEA A/B + CollecTRI ChIP/motif), not primary		DoRothEA A/B + CollecTRI ChIP/motif
M3_sensitivity	CDK14	member	INCLUDED_sensitivity	PRE-FROZEN SENSITIVITY (DoRothEA A/B + CollecTRI ChIP/motif), not primary		DoRothEA A/B + CollecTRI ChIP/motif
M3_sensitivity	CDK6	member	INCLUDED_sensitivity	PRE-FROZEN SENSITIVITY (DoRothEA A/B + CollecTRI ChIP/motif), not primary		DoRothEA A/B + CollecTRI ChIP/motif
M3_sensitivity	CDKAL1	member	INCLUDED_sensitivity	PRE-FROZEN SENSITIVITY (DoRothEA A/B + CollecTRI ChIP/motif), not primary		DoRothEA A/B + CollecTRI ChIP/motif
M3_sensitivity	CDKN1A	member	INCLUDED_sensitivity	PRE-FROZEN SENSITIVITY (DoRothEA A/B + CollecTRI ChIP/motif), not primary		DoRothEA A/B + CollecTRI ChIP/motif
M3_sensitivity	CDX2	member	INCLUDED_sensitivity	PRE-FROZEN SENSITIVITY (DoRothEA A/B + CollecTRI ChIP/motif), not primary		DoRothEA A/B + CollecTRI ChIP/motif
M3_sensitivity	CDYL	member	INCLUDED_sensitivity	PRE-FROZEN SENSITIVITY (DoRothEA A/B + CollecTRI ChIP/motif), not primary		DoRothEA A/B + CollecTRI ChIP/motif
M3_sensitivity	CEACAM1	member	INCLUDED_sensitivity	PRE-FROZEN SENSITIVITY (DoRothEA A/B + CollecTRI ChIP/motif), not primary		DoRothEA A/B + CollecTRI ChIP/motif
M3_sensitivity	CEMIP2	member	INCLUDED_sensitivity	PRE-FROZEN SENSITIVITY (DoRothEA A/B + CollecTRI ChIP/motif), not primary		DoRothEA A/B + CollecTRI ChIP/motif
M3_sensitivity	CEP112	member	INCLUDED_sensitivity	PRE-FROZEN SENSITIVITY (DoRothEA A/B + CollecTRI ChIP/motif), not primary		DoRothEA A/B + CollecTRI ChIP/motif
M3_sensitivity	CEP128	member	INCLUDED_sensitivity	PRE-FROZEN SENSITIVITY (DoRothEA A/B + CollecTRI ChIP/motif), not primary		DoRothEA A/B + CollecTRI ChIP/motif
M3_sensitivity	CFTR	member	INCLUDED_sensitivity	PRE-FROZEN SENSITIVITY (DoRothEA A/B + CollecTRI ChIP/motif), not primary		DoRothEA A/B + CollecTRI ChIP/motif
M3_sensitivity	CGA	member	INCLUDED_sensitivity	PRE-FROZEN SENSITIVITY (DoRothEA A/B + CollecTRI ChIP/motif), not primary		DoRothEA A/B + CollecTRI ChIP/motif
M3_sensitivity	CHN2	member	INCLUDED_sensitivity	PRE-FROZEN SENSITIVITY (DoRothEA A/B + CollecTRI ChIP/motif), not primary		DoRothEA A/B + CollecTRI ChIP/motif
M3_sensitivity	CHST9	member	INCLUDED_sensitivity	PRE-FROZEN SENSITIVITY (DoRothEA A/B + CollecTRI ChIP/motif), not primary		DoRothEA A/B + CollecTRI ChIP/motif
M3_sensitivity	CIAO1	member	INCLUDED_sensitivity	PRE-FROZEN SENSITIVITY (DoRothEA A/B + CollecTRI ChIP/motif), not primary		DoRothEA A/B + CollecTRI ChIP/motif
M3_sensitivity	CITED2	member	INCLUDED_sensitivity	PRE-FROZEN SENSITIVITY (DoRothEA A/B + CollecTRI ChIP/motif), not primary		DoRothEA A/B + CollecTRI ChIP/motif
M3_sensitivity	CLDN7	member	INCLUDED_sensitivity	PRE-FROZEN SENSITIVITY (DoRothEA A/B + CollecTRI ChIP/motif), not primary		DoRothEA A/B + CollecTRI ChIP/motif
M3_sensitivity	CLEC16A	member	INCLUDED_sensitivity	PRE-FROZEN SENSITIVITY (DoRothEA A/B + CollecTRI ChIP/motif), not primary		DoRothEA A/B + CollecTRI ChIP/motif
M3_sensitivity	CLMN	member	INCLUDED_sensitivity	PRE-FROZEN SENSITIVITY (DoRothEA A/B + CollecTRI ChIP/motif), not primary		DoRothEA A/B + CollecTRI ChIP/motif
M3_sensitivity	CNBD1	member	INCLUDED_sensitivity	PRE-FROZEN SENSITIVITY (DoRothEA A/B + CollecTRI ChIP/motif), not primary		DoRothEA A/B + CollecTRI ChIP/motif
M3_sensitivity	CNIH3	member	INCLUDED_sensitivity	PRE-FROZEN SENSITIVITY (DoRothEA A/B + CollecTRI ChIP/motif), not primary		DoRothEA A/B + CollecTRI ChIP/motif
M3_sensitivity	CNTN3	member	INCLUDED_sensitivity	PRE-FROZEN SENSITIVITY (DoRothEA A/B + CollecTRI ChIP/motif), not primary		DoRothEA A/B + CollecTRI ChIP/motif
M3_sensitivity	CNTNAP2	member	INCLUDED_sensitivity	PRE-FROZEN SENSITIVITY (DoRothEA A/B + CollecTRI ChIP/motif), not primary		DoRothEA A/B + CollecTRI ChIP/motif
M3_sensitivity	COL14A1	member	INCLUDED_sensitivity	PRE-FROZEN SENSITIVITY (DoRothEA A/B + CollecTRI ChIP/motif), not primary		DoRothEA A/B + CollecTRI ChIP/motif
M3_sensitivity	COL1A2	member	INCLUDED_sensitivity	PRE-FROZEN SENSITIVITY (DoRothEA A/B + CollecTRI ChIP/motif), not primary		DoRothEA A/B + CollecTRI ChIP/motif
M3_sensitivity	COL21A1	member	INCLUDED_sensitivity	PRE-FROZEN SENSITIVITY (DoRothEA A/B + CollecTRI ChIP/motif), not primary		DoRothEA A/B + CollecTRI ChIP/motif
M3_sensitivity	COL25A1	member	INCLUDED_sensitivity	PRE-FROZEN SENSITIVITY (DoRothEA A/B + CollecTRI ChIP/motif), not primary		DoRothEA A/B + CollecTRI ChIP/motif
M3_sensitivity	COL5A1	member	INCLUDED_sensitivity	PRE-FROZEN SENSITIVITY (DoRothEA A/B + CollecTRI ChIP/motif), not primary		DoRothEA A/B + CollecTRI ChIP/motif
M3_sensitivity	COL9A1	member	INCLUDED_sensitivity	PRE-FROZEN SENSITIVITY (DoRothEA A/B + CollecTRI ChIP/motif), not primary		DoRothEA A/B + CollecTRI ChIP/motif
M3_sensitivity	COMP	member	INCLUDED_sensitivity	PRE-FROZEN SENSITIVITY (DoRothEA A/B + CollecTRI ChIP/motif), not primary		DoRothEA A/B + CollecTRI ChIP/motif
M3_sensitivity	CPA3	member	INCLUDED_sensitivity	PRE-FROZEN SENSITIVITY (DoRothEA A/B + CollecTRI ChIP/motif), not primary		DoRothEA A/B + CollecTRI ChIP/motif
M3_sensitivity	CPEB4	member	INCLUDED_sensitivity	PRE-FROZEN SENSITIVITY (DoRothEA A/B + CollecTRI ChIP/motif), not primary		DoRothEA A/B + CollecTRI ChIP/motif
M3_sensitivity	CPNE4	member	INCLUDED_sensitivity	PRE-FROZEN SENSITIVITY (DoRothEA A/B + CollecTRI ChIP/motif), not primary		DoRothEA A/B + CollecTRI ChIP/motif
M3_sensitivity	CRADD	member	INCLUDED_sensitivity	PRE-FROZEN SENSITIVITY (DoRothEA A/B + CollecTRI ChIP/motif), not primary		DoRothEA A/B + CollecTRI ChIP/motif
M3_sensitivity	CREB5	member	INCLUDED_sensitivity	PRE-FROZEN SENSITIVITY (DoRothEA A/B + CollecTRI ChIP/motif), not primary		DoRothEA A/B + CollecTRI ChIP/motif
M3_sensitivity	CRIM1	member	INCLUDED_sensitivity	PRE-FROZEN SENSITIVITY (DoRothEA A/B + CollecTRI ChIP/motif), not primary		DoRothEA A/B + CollecTRI ChIP/motif
M3_sensitivity	CSF1	member	INCLUDED_sensitivity	PRE-FROZEN SENSITIVITY (DoRothEA A/B + CollecTRI ChIP/motif), not primary		DoRothEA A/B + CollecTRI ChIP/motif
M3_sensitivity	CSGALNACT1	member	INCLUDED_sensitivity	PRE-FROZEN SENSITIVITY (DoRothEA A/B + CollecTRI ChIP/motif), not primary		DoRothEA A/B + CollecTRI ChIP/motif
M3_sensitivity	CTBS	member	INCLUDED_sensitivity	PRE-FROZEN SENSITIVITY (DoRothEA A/B + CollecTRI ChIP/motif), not primary		DoRothEA A/B + CollecTRI ChIP/motif
M3_sensitivity	CTNNA1	member	INCLUDED_sensitivity	PRE-FROZEN SENSITIVITY (DoRothEA A/B + CollecTRI ChIP/motif), not primary		DoRothEA A/B + CollecTRI ChIP/motif
M3_sensitivity	CTNND2	member	INCLUDED_sensitivity	PRE-FROZEN SENSITIVITY (DoRothEA A/B + CollecTRI ChIP/motif), not primary		DoRothEA A/B + CollecTRI ChIP/motif
M3_sensitivity	CTSH	member	INCLUDED_sensitivity	PRE-FROZEN SENSITIVITY (DoRothEA A/B + CollecTRI ChIP/motif), not primary		DoRothEA A/B + CollecTRI ChIP/motif
M3_sensitivity	CUBN	member	INCLUDED_sensitivity	PRE-FROZEN SENSITIVITY (DoRothEA A/B + CollecTRI ChIP/motif), not primary		DoRothEA A/B + CollecTRI ChIP/motif
M3_sensitivity	CUEDC1	member	INCLUDED_sensitivity	PRE-FROZEN SENSITIVITY (DoRothEA A/B + CollecTRI ChIP/motif), not primary		DoRothEA A/B + CollecTRI ChIP/motif
M3_sensitivity	CUX1	member	INCLUDED_sensitivity	PRE-FROZEN SENSITIVITY (DoRothEA A/B + CollecTRI ChIP/motif), not primary		DoRothEA A/B + CollecTRI ChIP/motif
M3_sensitivity	CYBB	member	INCLUDED_sensitivity	PRE-FROZEN SENSITIVITY (DoRothEA A/B + CollecTRI ChIP/motif), not primary		DoRothEA A/B + CollecTRI ChIP/motif
M3_sensitivity	CYP19A1	member	INCLUDED_sensitivity	PRE-FROZEN SENSITIVITY (DoRothEA A/B + CollecTRI ChIP/motif), not primary		DoRothEA A/B + CollecTRI ChIP/motif
M3_sensitivity	CYP24A1	member	INCLUDED_sensitivity	PRE-FROZEN SENSITIVITY (DoRothEA A/B + CollecTRI ChIP/motif), not primary		DoRothEA A/B + CollecTRI ChIP/motif
M3_sensitivity	CYP7A1	member	INCLUDED_sensitivity	PRE-FROZEN SENSITIVITY (DoRothEA A/B + CollecTRI ChIP/motif), not primary		DoRothEA A/B + CollecTRI ChIP/motif
M3_sensitivity	CYRIB	member	INCLUDED_sensitivity	PRE-FROZEN SENSITIVITY (DoRothEA A/B + CollecTRI ChIP/motif), not primary		DoRothEA A/B + CollecTRI ChIP/motif
M3_sensitivity	DAAM1	member	INCLUDED_sensitivity	PRE-FROZEN SENSITIVITY (DoRothEA A/B + CollecTRI ChIP/motif), not primary		DoRothEA A/B + CollecTRI ChIP/motif
M3_sensitivity	DAB2IP	member	INCLUDED_sensitivity	PRE-FROZEN SENSITIVITY (DoRothEA A/B + CollecTRI ChIP/motif), not primary		DoRothEA A/B + CollecTRI ChIP/motif
M3_sensitivity	DBH	member	INCLUDED_sensitivity	PRE-FROZEN SENSITIVITY (DoRothEA A/B + CollecTRI ChIP/motif), not primary		DoRothEA A/B + CollecTRI ChIP/motif
M3_sensitivity	DCLK1	member	INCLUDED_sensitivity	PRE-FROZEN SENSITIVITY (DoRothEA A/B + CollecTRI ChIP/motif), not primary		DoRothEA A/B + CollecTRI ChIP/motif
M3_sensitivity	DENND1A	member	INCLUDED_sensitivity	PRE-FROZEN SENSITIVITY (DoRothEA A/B + CollecTRI ChIP/motif), not primary		DoRothEA A/B + CollecTRI ChIP/motif
M3_sensitivity	DENND1B	member	INCLUDED_sensitivity	PRE-FROZEN SENSITIVITY (DoRothEA A/B + CollecTRI ChIP/motif), not primary		DoRothEA A/B + CollecTRI ChIP/motif
M3_sensitivity	DGKB	member	INCLUDED_sensitivity	PRE-FROZEN SENSITIVITY (DoRothEA A/B + CollecTRI ChIP/motif), not primary		DoRothEA A/B + CollecTRI ChIP/motif
M3_sensitivity	DIO2	member	INCLUDED_sensitivity	PRE-FROZEN SENSITIVITY (DoRothEA A/B + CollecTRI ChIP/motif), not primary		DoRothEA A/B + CollecTRI ChIP/motif
M3_sensitivity	DIP2C	member	INCLUDED_sensitivity	PRE-FROZEN SENSITIVITY (DoRothEA A/B + CollecTRI ChIP/motif), not primary		DoRothEA A/B + CollecTRI ChIP/motif
M3_sensitivity	DIPK2B	member	INCLUDED_sensitivity	PRE-FROZEN SENSITIVITY (DoRothEA A/B + CollecTRI ChIP/motif), not primary		DoRothEA A/B + CollecTRI ChIP/motif
M3_sensitivity	DIS3L2	member	INCLUDED_sensitivity	PRE-FROZEN SENSITIVITY (DoRothEA A/B + CollecTRI ChIP/motif), not primary		DoRothEA A/B + CollecTRI ChIP/motif
M3_sensitivity	DLC1	member	INCLUDED_sensitivity	PRE-FROZEN SENSITIVITY (DoRothEA A/B + CollecTRI ChIP/motif), not primary		DoRothEA A/B + CollecTRI ChIP/motif
M3_sensitivity	DLEU1	member	INCLUDED_sensitivity	PRE-FROZEN SENSITIVITY (DoRothEA A/B + CollecTRI ChIP/motif), not primary		DoRothEA A/B + CollecTRI ChIP/motif
M3_sensitivity	DLG1	member	INCLUDED_sensitivity	PRE-FROZEN SENSITIVITY (DoRothEA A/B + CollecTRI ChIP/motif), not primary		DoRothEA A/B + CollecTRI ChIP/motif
M3_sensitivity	DLG2	member	INCLUDED_sensitivity	PRE-FROZEN SENSITIVITY (DoRothEA A/B + CollecTRI ChIP/motif), not primary		DoRothEA A/B + CollecTRI ChIP/motif
M3_sensitivity	DLK1	member	INCLUDED_sensitivity	PRE-FROZEN SENSITIVITY (DoRothEA A/B + CollecTRI ChIP/motif), not primary		DoRothEA A/B + CollecTRI ChIP/motif
M3_sensitivity	DLX2	member	INCLUDED_sensitivity	PRE-FROZEN SENSITIVITY (DoRothEA A/B + CollecTRI ChIP/motif), not primary		DoRothEA A/B + CollecTRI ChIP/motif
M3_sensitivity	DLX5	member	INCLUDED_sensitivity	PRE-FROZEN SENSITIVITY (DoRothEA A/B + CollecTRI ChIP/motif), not primary		DoRothEA A/B + CollecTRI ChIP/motif
M3_sensitivity	DMD	member	INCLUDED_sensitivity	PRE-FROZEN SENSITIVITY (DoRothEA A/B + CollecTRI ChIP/motif), not primary		DoRothEA A/B + CollecTRI ChIP/motif
M3_sensitivity	DNAH11	member	INCLUDED_sensitivity	PRE-FROZEN SENSITIVITY (DoRothEA A/B + CollecTRI ChIP/motif), not primary		DoRothEA A/B + CollecTRI ChIP/motif
M3_sensitivity	DNAJC5B	member	INCLUDED_sensitivity	PRE-FROZEN SENSITIVITY (DoRothEA A/B + CollecTRI ChIP/motif), not primary		DoRothEA A/B + CollecTRI ChIP/motif
M3_sensitivity	DNMBP	member	INCLUDED_sensitivity	PRE-FROZEN SENSITIVITY (DoRothEA A/B + CollecTRI ChIP/motif), not primary		DoRothEA A/B + CollecTRI ChIP/motif
M3_sensitivity	DOCK10	member	INCLUDED_sensitivity	PRE-FROZEN SENSITIVITY (DoRothEA A/B + CollecTRI ChIP/motif), not primary		DoRothEA A/B + CollecTRI ChIP/motif
M3_sensitivity	DOCK4	member	INCLUDED_sensitivity	PRE-FROZEN SENSITIVITY (DoRothEA A/B + CollecTRI ChIP/motif), not primary		DoRothEA A/B + CollecTRI ChIP/motif
M3_sensitivity	DOCK5	member	INCLUDED_sensitivity	PRE-FROZEN SENSITIVITY (DoRothEA A/B + CollecTRI ChIP/motif), not primary		DoRothEA A/B + CollecTRI ChIP/motif
M3_sensitivity	DPYD	member	INCLUDED_sensitivity	PRE-FROZEN SENSITIVITY (DoRothEA A/B + CollecTRI ChIP/motif), not primary		DoRothEA A/B + CollecTRI ChIP/motif
M3_sensitivity	DPYSL2	member	INCLUDED_sensitivity	PRE-FROZEN SENSITIVITY (DoRothEA A/B + CollecTRI ChIP/motif), not primary		DoRothEA A/B + CollecTRI ChIP/motif
M3_sensitivity	DSCAM	member	INCLUDED_sensitivity	PRE-FROZEN SENSITIVITY (DoRothEA A/B + CollecTRI ChIP/motif), not primary		DoRothEA A/B + CollecTRI ChIP/motif
M3_sensitivity	DSPP	member	INCLUDED_sensitivity	PRE-FROZEN SENSITIVITY (DoRothEA A/B + CollecTRI ChIP/motif), not primary		DoRothEA A/B + CollecTRI ChIP/motif
M3_sensitivity	DST	member	INCLUDED_sensitivity	PRE-FROZEN SENSITIVITY (DoRothEA A/B + CollecTRI ChIP/motif), not primary		DoRothEA A/B + CollecTRI ChIP/motif
M3_sensitivity	DTNA	member	INCLUDED_sensitivity	PRE-FROZEN SENSITIVITY (DoRothEA A/B + CollecTRI ChIP/motif), not primary		DoRothEA A/B + CollecTRI ChIP/motif
M3_sensitivity	DTNB	member	INCLUDED_sensitivity	PRE-FROZEN SENSITIVITY (DoRothEA A/B + CollecTRI ChIP/motif), not primary		DoRothEA A/B + CollecTRI ChIP/motif
M3_sensitivity	DTNBP1	member	INCLUDED_sensitivity	PRE-FROZEN SENSITIVITY (DoRothEA A/B + CollecTRI ChIP/motif), not primary		DoRothEA A/B + CollecTRI ChIP/motif
M3_sensitivity	DUSP10	member	INCLUDED_sensitivity	PRE-FROZEN SENSITIVITY (DoRothEA A/B + CollecTRI ChIP/motif), not primary		DoRothEA A/B + CollecTRI ChIP/motif
M3_sensitivity	DYM	member	INCLUDED_sensitivity	PRE-FROZEN SENSITIVITY (DoRothEA A/B + CollecTRI ChIP/motif), not primary		DoRothEA A/B + CollecTRI ChIP/motif
M3_sensitivity	DYNC2H1	member	INCLUDED_sensitivity	PRE-FROZEN SENSITIVITY (DoRothEA A/B + CollecTRI ChIP/motif), not primary		DoRothEA A/B + CollecTRI ChIP/motif
M3_sensitivity	DYRK1A	member	INCLUDED_sensitivity	PRE-FROZEN SENSITIVITY (DoRothEA A/B + CollecTRI ChIP/motif), not primary		DoRothEA A/B + CollecTRI ChIP/motif
M3_sensitivity	E2F1	member	INCLUDED_sensitivity	PRE-FROZEN SENSITIVITY (DoRothEA A/B + CollecTRI ChIP/motif), not primary		DoRothEA A/B + CollecTRI ChIP/motif
M3_sensitivity	EBF1	member	INCLUDED_sensitivity	PRE-FROZEN SENSITIVITY (DoRothEA A/B + CollecTRI ChIP/motif), not primary		DoRothEA A/B + CollecTRI ChIP/motif
M3_sensitivity	ECE1	member	INCLUDED_sensitivity	PRE-FROZEN SENSITIVITY (DoRothEA A/B + CollecTRI ChIP/motif), not primary		DoRothEA A/B + CollecTRI ChIP/motif
M3_sensitivity	EDN1	member	INCLUDED_sensitivity	PRE-FROZEN SENSITIVITY (DoRothEA A/B + CollecTRI ChIP/motif), not primary		DoRothEA A/B + CollecTRI ChIP/motif
M3_sensitivity	EFCAB2	member	INCLUDED_sensitivity	PRE-FROZEN SENSITIVITY (DoRothEA A/B + CollecTRI ChIP/motif), not primary		DoRothEA A/B + CollecTRI ChIP/motif
M3_sensitivity	EFHC1	member	INCLUDED_sensitivity	PRE-FROZEN SENSITIVITY (DoRothEA A/B + CollecTRI ChIP/motif), not primary		DoRothEA A/B + CollecTRI ChIP/motif
M3_sensitivity	EFNA5	member	INCLUDED_sensitivity	PRE-FROZEN SENSITIVITY (DoRothEA A/B + CollecTRI ChIP/motif), not primary		DoRothEA A/B + CollecTRI ChIP/motif
M3_sensitivity	EGFL7	member	INCLUDED_sensitivity	PRE-FROZEN SENSITIVITY (DoRothEA A/B + CollecTRI ChIP/motif), not primary		DoRothEA A/B + CollecTRI ChIP/motif
M3_sensitivity	EGFR	member	INCLUDED_sensitivity	PRE-FROZEN SENSITIVITY (DoRothEA A/B + CollecTRI ChIP/motif), not primary		DoRothEA A/B + CollecTRI ChIP/motif
M3_sensitivity	EGLN3	member	INCLUDED_sensitivity	PRE-FROZEN SENSITIVITY (DoRothEA A/B + CollecTRI ChIP/motif), not primary		DoRothEA A/B + CollecTRI ChIP/motif
M3_sensitivity	EGR1	member	INCLUDED_sensitivity	PRE-FROZEN SENSITIVITY (DoRothEA A/B + CollecTRI ChIP/motif), not primary		DoRothEA A/B + CollecTRI ChIP/motif
M3_sensitivity	EHF	member	INCLUDED_sensitivity	PRE-FROZEN SENSITIVITY (DoRothEA A/B + CollecTRI ChIP/motif), not primary		DoRothEA A/B + CollecTRI ChIP/motif
M3_sensitivity	EIF3H	member	INCLUDED_sensitivity	PRE-FROZEN SENSITIVITY (DoRothEA A/B + CollecTRI ChIP/motif), not primary		DoRothEA A/B + CollecTRI ChIP/motif
M3_sensitivity	ELAPOR1	member	INCLUDED_sensitivity	PRE-FROZEN SENSITIVITY (DoRothEA A/B + CollecTRI ChIP/motif), not primary		DoRothEA A/B + CollecTRI ChIP/motif
M3_sensitivity	ELAPOR2	member	INCLUDED_sensitivity	PRE-FROZEN SENSITIVITY (DoRothEA A/B + CollecTRI ChIP/motif), not primary		DoRothEA A/B + CollecTRI ChIP/motif
M3_sensitivity	ELMO1	member	INCLUDED_sensitivity	PRE-FROZEN SENSITIVITY (DoRothEA A/B + CollecTRI ChIP/motif), not primary		DoRothEA A/B + CollecTRI ChIP/motif
M3_sensitivity	EMCN	member	INCLUDED_sensitivity	PRE-FROZEN SENSITIVITY (DoRothEA A/B + CollecTRI ChIP/motif), not primary		DoRothEA A/B + CollecTRI ChIP/motif
M3_sensitivity	EML4	member	INCLUDED_sensitivity	PRE-FROZEN SENSITIVITY (DoRothEA A/B + CollecTRI ChIP/motif), not primary		DoRothEA A/B + CollecTRI ChIP/motif
M3_sensitivity	EMX2	member	INCLUDED_sensitivity	PRE-FROZEN SENSITIVITY (DoRothEA A/B + CollecTRI ChIP/motif), not primary		DoRothEA A/B + CollecTRI ChIP/motif
M3_sensitivity	ENAH	member	INCLUDED_sensitivity	PRE-FROZEN SENSITIVITY (DoRothEA A/B + CollecTRI ChIP/motif), not primary		DoRothEA A/B + CollecTRI ChIP/motif
M3_sensitivity	ENPP1	member	INCLUDED_sensitivity	PRE-FROZEN SENSITIVITY (DoRothEA A/B + CollecTRI ChIP/motif), not primary		DoRothEA A/B + CollecTRI ChIP/motif
M3_sensitivity	ENPP2	member	INCLUDED_sensitivity	PRE-FROZEN SENSITIVITY (DoRothEA A/B + CollecTRI ChIP/motif), not primary		DoRothEA A/B + CollecTRI ChIP/motif
M3_sensitivity	EPAS1	member	INCLUDED_sensitivity	PRE-FROZEN SENSITIVITY (DoRothEA A/B + CollecTRI ChIP/motif), not primary		DoRothEA A/B + CollecTRI ChIP/motif
M3_sensitivity	EPB41L2	member	INCLUDED_sensitivity	PRE-FROZEN SENSITIVITY (DoRothEA A/B + CollecTRI ChIP/motif), not primary		DoRothEA A/B + CollecTRI ChIP/motif
M3_sensitivity	EPHA7	member	INCLUDED_sensitivity	PRE-FROZEN SENSITIVITY (DoRothEA A/B + CollecTRI ChIP/motif), not primary		DoRothEA A/B + CollecTRI ChIP/motif
M3_sensitivity	EPO	member	INCLUDED_sensitivity	PRE-FROZEN SENSITIVITY (DoRothEA A/B + CollecTRI ChIP/motif), not primary		DoRothEA A/B + CollecTRI ChIP/motif
M3_sensitivity	EPOR	member	INCLUDED_sensitivity	PRE-FROZEN SENSITIVITY (DoRothEA A/B + CollecTRI ChIP/motif), not primary		DoRothEA A/B + CollecTRI ChIP/motif
M3_sensitivity	EPS8	member	INCLUDED_sensitivity	PRE-FROZEN SENSITIVITY (DoRothEA A/B + CollecTRI ChIP/motif), not primary		DoRothEA A/B + CollecTRI ChIP/motif
M3_sensitivity	ERBB4	member	INCLUDED_sensitivity	PRE-FROZEN SENSITIVITY (DoRothEA A/B + CollecTRI ChIP/motif), not primary		DoRothEA A/B + CollecTRI ChIP/motif
M3_sensitivity	ERC1	member	INCLUDED_sensitivity	PRE-FROZEN SENSITIVITY (DoRothEA A/B + CollecTRI ChIP/motif), not primary		DoRothEA A/B + CollecTRI ChIP/motif
M3_sensitivity	ERC2	member	INCLUDED_sensitivity	PRE-FROZEN SENSITIVITY (DoRothEA A/B + CollecTRI ChIP/motif), not primary		DoRothEA A/B + CollecTRI ChIP/motif
M3_sensitivity	ERG	member	INCLUDED_sensitivity	PRE-FROZEN SENSITIVITY (DoRothEA A/B + CollecTRI ChIP/motif), not primary		DoRothEA A/B + CollecTRI ChIP/motif
M3_sensitivity	ESR1	member	INCLUDED_sensitivity	PRE-FROZEN SENSITIVITY (DoRothEA A/B + CollecTRI ChIP/motif), not primary		DoRothEA A/B + CollecTRI ChIP/motif
M3_sensitivity	ESRRG	member	INCLUDED_sensitivity	PRE-FROZEN SENSITIVITY (DoRothEA A/B + CollecTRI ChIP/motif), not primary		DoRothEA A/B + CollecTRI ChIP/motif
M3_sensitivity	ETS1	member	INCLUDED_sensitivity	PRE-FROZEN SENSITIVITY (DoRothEA A/B + CollecTRI ChIP/motif), not primary		DoRothEA A/B + CollecTRI ChIP/motif
M3_sensitivity	ETV6	member	INCLUDED_sensitivity	PRE-FROZEN SENSITIVITY (DoRothEA A/B + CollecTRI ChIP/motif), not primary		DoRothEA A/B + CollecTRI ChIP/motif
M3_sensitivity	EVL	member	INCLUDED_sensitivity	PRE-FROZEN SENSITIVITY (DoRothEA A/B + CollecTRI ChIP/motif), not primary		DoRothEA A/B + CollecTRI ChIP/motif
M3_sensitivity	EXOC4	member	INCLUDED_sensitivity	PRE-FROZEN SENSITIVITY (DoRothEA A/B + CollecTRI ChIP/motif), not primary		DoRothEA A/B + CollecTRI ChIP/motif
M3_sensitivity	EXOC6	member	INCLUDED_sensitivity	PRE-FROZEN SENSITIVITY (DoRothEA A/B + CollecTRI ChIP/motif), not primary		DoRothEA A/B + CollecTRI ChIP/motif
M3_sensitivity	EXOC6B	member	INCLUDED_sensitivity	PRE-FROZEN SENSITIVITY (DoRothEA A/B + CollecTRI ChIP/motif), not primary		DoRothEA A/B + CollecTRI ChIP/motif
M3_sensitivity	EXT1	member	INCLUDED_sensitivity	PRE-FROZEN SENSITIVITY (DoRothEA A/B + CollecTRI ChIP/motif), not primary		DoRothEA A/B + CollecTRI ChIP/motif
M3_sensitivity	EYA2	member	INCLUDED_sensitivity	PRE-FROZEN SENSITIVITY (DoRothEA A/B + CollecTRI ChIP/motif), not primary		DoRothEA A/B + CollecTRI ChIP/motif
M3_sensitivity	EYS	member	INCLUDED_sensitivity	PRE-FROZEN SENSITIVITY (DoRothEA A/B + CollecTRI ChIP/motif), not primary		DoRothEA A/B + CollecTRI ChIP/motif
M3_sensitivity	F2	member	INCLUDED_sensitivity	PRE-FROZEN SENSITIVITY (DoRothEA A/B + CollecTRI ChIP/motif), not primary		DoRothEA A/B + CollecTRI ChIP/motif
M3_sensitivity	FAF1	member	INCLUDED_sensitivity	PRE-FROZEN SENSITIVITY (DoRothEA A/B + CollecTRI ChIP/motif), not primary		DoRothEA A/B + CollecTRI ChIP/motif
M3_sensitivity	FAM13A	member	INCLUDED_sensitivity	PRE-FROZEN SENSITIVITY (DoRothEA A/B + CollecTRI ChIP/motif), not primary		DoRothEA A/B + CollecTRI ChIP/motif
M3_sensitivity	FAM171A1	member	INCLUDED_sensitivity	PRE-FROZEN SENSITIVITY (DoRothEA A/B + CollecTRI ChIP/motif), not primary		DoRothEA A/B + CollecTRI ChIP/motif
M3_sensitivity	FAT1	member	INCLUDED_sensitivity	PRE-FROZEN SENSITIVITY (DoRothEA A/B + CollecTRI ChIP/motif), not primary		DoRothEA A/B + CollecTRI ChIP/motif
M3_sensitivity	FBXL17	member	INCLUDED_sensitivity	PRE-FROZEN SENSITIVITY (DoRothEA A/B + CollecTRI ChIP/motif), not primary		DoRothEA A/B + CollecTRI ChIP/motif
M3_sensitivity	FBXO11	member	INCLUDED_sensitivity	PRE-FROZEN SENSITIVITY (DoRothEA A/B + CollecTRI ChIP/motif), not primary		DoRothEA A/B + CollecTRI ChIP/motif
M3_sensitivity	FBXW11	member	INCLUDED_sensitivity	PRE-FROZEN SENSITIVITY (DoRothEA A/B + CollecTRI ChIP/motif), not primary		DoRothEA A/B + CollecTRI ChIP/motif
M3_sensitivity	FCER1A	member	INCLUDED_sensitivity	PRE-FROZEN SENSITIVITY (DoRothEA A/B + CollecTRI ChIP/motif), not primary		DoRothEA A/B + CollecTRI ChIP/motif
M3_sensitivity	FDPS	member	INCLUDED_sensitivity	PRE-FROZEN SENSITIVITY (DoRothEA A/B + CollecTRI ChIP/motif), not primary		DoRothEA A/B + CollecTRI ChIP/motif
M3_sensitivity	FERMT2	member	INCLUDED_sensitivity	PRE-FROZEN SENSITIVITY (DoRothEA A/B + CollecTRI ChIP/motif), not primary		DoRothEA A/B + CollecTRI ChIP/motif
M3_sensitivity	FGD5	member	INCLUDED_sensitivity	PRE-FROZEN SENSITIVITY (DoRothEA A/B + CollecTRI ChIP/motif), not primary		DoRothEA A/B + CollecTRI ChIP/motif
M3_sensitivity	FGF9	member	INCLUDED_sensitivity	PRE-FROZEN SENSITIVITY (DoRothEA A/B + CollecTRI ChIP/motif), not primary		DoRothEA A/B + CollecTRI ChIP/motif
M3_sensitivity	FGGY	member	INCLUDED_sensitivity	PRE-FROZEN SENSITIVITY (DoRothEA A/B + CollecTRI ChIP/motif), not primary		DoRothEA A/B + CollecTRI ChIP/motif
M3_sensitivity	FGL1	member	INCLUDED_sensitivity	PRE-FROZEN SENSITIVITY (DoRothEA A/B + CollecTRI ChIP/motif), not primary		DoRothEA A/B + CollecTRI ChIP/motif
M3_sensitivity	FHIT	member	INCLUDED_sensitivity	PRE-FROZEN SENSITIVITY (DoRothEA A/B + CollecTRI ChIP/motif), not primary		DoRothEA A/B + CollecTRI ChIP/motif
M3_sensitivity	FHL2	member	INCLUDED_sensitivity	PRE-FROZEN SENSITIVITY (DoRothEA A/B + CollecTRI ChIP/motif), not primary		DoRothEA A/B + CollecTRI ChIP/motif
M3_sensitivity	FHOD3	member	INCLUDED_sensitivity	PRE-FROZEN SENSITIVITY (DoRothEA A/B + CollecTRI ChIP/motif), not primary		DoRothEA A/B + CollecTRI ChIP/motif
M3_sensitivity	FIGN	member	INCLUDED_sensitivity	PRE-FROZEN SENSITIVITY (DoRothEA A/B + CollecTRI ChIP/motif), not primary		DoRothEA A/B + CollecTRI ChIP/motif
M3_sensitivity	FILIP1L	member	INCLUDED_sensitivity	PRE-FROZEN SENSITIVITY (DoRothEA A/B + CollecTRI ChIP/motif), not primary		DoRothEA A/B + CollecTRI ChIP/motif
M3_sensitivity	FLI1	member	INCLUDED_sensitivity	PRE-FROZEN SENSITIVITY (DoRothEA A/B + CollecTRI ChIP/motif), not primary		DoRothEA A/B + CollecTRI ChIP/motif
M3_sensitivity	FLNB	member	INCLUDED_sensitivity	PRE-FROZEN SENSITIVITY (DoRothEA A/B + CollecTRI ChIP/motif), not primary		DoRothEA A/B + CollecTRI ChIP/motif
M3_sensitivity	FLT1	member	INCLUDED_sensitivity	PRE-FROZEN SENSITIVITY (DoRothEA A/B + CollecTRI ChIP/motif), not primary		DoRothEA A/B + CollecTRI ChIP/motif
M3_sensitivity	FLT3	member	INCLUDED_sensitivity	PRE-FROZEN SENSITIVITY (DoRothEA A/B + CollecTRI ChIP/motif), not primary		DoRothEA A/B + CollecTRI ChIP/motif
M3_sensitivity	FMN1	member	INCLUDED_sensitivity	PRE-FROZEN SENSITIVITY (DoRothEA A/B + CollecTRI ChIP/motif), not primary		DoRothEA A/B + CollecTRI ChIP/motif
M3_sensitivity	FMN2	member	INCLUDED_sensitivity	PRE-FROZEN SENSITIVITY (DoRothEA A/B + CollecTRI ChIP/motif), not primary		DoRothEA A/B + CollecTRI ChIP/motif
M3_sensitivity	FN1	member	INCLUDED_sensitivity	PRE-FROZEN SENSITIVITY (DoRothEA A/B + CollecTRI ChIP/motif), not primary		DoRothEA A/B + CollecTRI ChIP/motif
M3_sensitivity	FNDC3B	member	INCLUDED_sensitivity	PRE-FROZEN SENSITIVITY (DoRothEA A/B + CollecTRI ChIP/motif), not primary		DoRothEA A/B + CollecTRI ChIP/motif
M3_sensitivity	FNIP2	member	INCLUDED_sensitivity	PRE-FROZEN SENSITIVITY (DoRothEA A/B + CollecTRI ChIP/motif), not primary		DoRothEA A/B + CollecTRI ChIP/motif
M3_sensitivity	FOCAD	member	INCLUDED_sensitivity	PRE-FROZEN SENSITIVITY (DoRothEA A/B + CollecTRI ChIP/motif), not primary		DoRothEA A/B + CollecTRI ChIP/motif
M3_sensitivity	FOXA2	member	INCLUDED_sensitivity	PRE-FROZEN SENSITIVITY (DoRothEA A/B + CollecTRI ChIP/motif), not primary		DoRothEA A/B + CollecTRI ChIP/motif
M3_sensitivity	FOXC1	member	INCLUDED_sensitivity	PRE-FROZEN SENSITIVITY (DoRothEA A/B + CollecTRI ChIP/motif), not primary		DoRothEA A/B + CollecTRI ChIP/motif
M3_sensitivity	FOXJ3	member	INCLUDED_sensitivity	PRE-FROZEN SENSITIVITY (DoRothEA A/B + CollecTRI ChIP/motif), not primary		DoRothEA A/B + CollecTRI ChIP/motif
M3_sensitivity	FOXN3	member	INCLUDED_sensitivity	PRE-FROZEN SENSITIVITY (DoRothEA A/B + CollecTRI ChIP/motif), not primary		DoRothEA A/B + CollecTRI ChIP/motif
M3_sensitivity	FOXO3	member	INCLUDED_sensitivity	PRE-FROZEN SENSITIVITY (DoRothEA A/B + CollecTRI ChIP/motif), not primary		DoRothEA A/B + CollecTRI ChIP/motif
M3_sensitivity	FOXP1	member	INCLUDED_sensitivity	PRE-FROZEN SENSITIVITY (DoRothEA A/B + CollecTRI ChIP/motif), not primary		DoRothEA A/B + CollecTRI ChIP/motif
M3_sensitivity	FRMD3	member	INCLUDED_sensitivity	PRE-FROZEN SENSITIVITY (DoRothEA A/B + CollecTRI ChIP/motif), not primary		DoRothEA A/B + CollecTRI ChIP/motif
M3_sensitivity	FRMD4B	member	INCLUDED_sensitivity	PRE-FROZEN SENSITIVITY (DoRothEA A/B + CollecTRI ChIP/motif), not primary		DoRothEA A/B + CollecTRI ChIP/motif
M3_sensitivity	FRY	member	INCLUDED_sensitivity	PRE-FROZEN SENSITIVITY (DoRothEA A/B + CollecTRI ChIP/motif), not primary		DoRothEA A/B + CollecTRI ChIP/motif
M3_sensitivity	FRYL	member	INCLUDED_sensitivity	PRE-FROZEN SENSITIVITY (DoRothEA A/B + CollecTRI ChIP/motif), not primary		DoRothEA A/B + CollecTRI ChIP/motif
M3_sensitivity	FSIP1	member	INCLUDED_sensitivity	PRE-FROZEN SENSITIVITY (DoRothEA A/B + CollecTRI ChIP/motif), not primary		DoRothEA A/B + CollecTRI ChIP/motif
M3_sensitivity	FSTL5	member	INCLUDED_sensitivity	PRE-FROZEN SENSITIVITY (DoRothEA A/B + CollecTRI ChIP/motif), not primary		DoRothEA A/B + CollecTRI ChIP/motif
M3_sensitivity	FTO	member	INCLUDED_sensitivity	PRE-FROZEN SENSITIVITY (DoRothEA A/B + CollecTRI ChIP/motif), not primary		DoRothEA A/B + CollecTRI ChIP/motif
M3_sensitivity	FYB1	member	INCLUDED_sensitivity	PRE-FROZEN SENSITIVITY (DoRothEA A/B + CollecTRI ChIP/motif), not primary		DoRothEA A/B + CollecTRI ChIP/motif
M3_sensitivity	FYN	member	INCLUDED_sensitivity	PRE-FROZEN SENSITIVITY (DoRothEA A/B + CollecTRI ChIP/motif), not primary		DoRothEA A/B + CollecTRI ChIP/motif
M3_sensitivity	GABBR2	member	INCLUDED_sensitivity	PRE-FROZEN SENSITIVITY (DoRothEA A/B + CollecTRI ChIP/motif), not primary		DoRothEA A/B + CollecTRI ChIP/motif
M3_sensitivity	GALNT10	member	INCLUDED_sensitivity	PRE-FROZEN SENSITIVITY (DoRothEA A/B + CollecTRI ChIP/motif), not primary		DoRothEA A/B + CollecTRI ChIP/motif
M3_sensitivity	GALNT2	member	INCLUDED_sensitivity	PRE-FROZEN SENSITIVITY (DoRothEA A/B + CollecTRI ChIP/motif), not primary		DoRothEA A/B + CollecTRI ChIP/motif
M3_sensitivity	GATA1	member	INCLUDED_sensitivity	PRE-FROZEN SENSITIVITY (DoRothEA A/B + CollecTRI ChIP/motif), not primary		DoRothEA A/B + CollecTRI ChIP/motif
M3_sensitivity	GATA2	member	INCLUDED_sensitivity	PRE-FROZEN SENSITIVITY (DoRothEA A/B + CollecTRI ChIP/motif), not primary		DoRothEA A/B + CollecTRI ChIP/motif
M3_sensitivity	GATA3	member	INCLUDED_sensitivity	PRE-FROZEN SENSITIVITY (DoRothEA A/B + CollecTRI ChIP/motif), not primary		DoRothEA A/B + CollecTRI ChIP/motif
M3_sensitivity	GCG	member	INCLUDED_sensitivity	PRE-FROZEN SENSITIVITY (DoRothEA A/B + CollecTRI ChIP/motif), not primary		DoRothEA A/B + CollecTRI ChIP/motif
M3_sensitivity	GCNT4	member	INCLUDED_sensitivity	PRE-FROZEN SENSITIVITY (DoRothEA A/B + CollecTRI ChIP/motif), not primary		DoRothEA A/B + CollecTRI ChIP/motif
M3_sensitivity	GHR	member	INCLUDED_sensitivity	PRE-FROZEN SENSITIVITY (DoRothEA A/B + CollecTRI ChIP/motif), not primary		DoRothEA A/B + CollecTRI ChIP/motif
M3_sensitivity	GLI3	member	INCLUDED_sensitivity	PRE-FROZEN SENSITIVITY (DoRothEA A/B + CollecTRI ChIP/motif), not primary		DoRothEA A/B + CollecTRI ChIP/motif
M3_sensitivity	GLIS3	member	INCLUDED_sensitivity	PRE-FROZEN SENSITIVITY (DoRothEA A/B + CollecTRI ChIP/motif), not primary		DoRothEA A/B + CollecTRI ChIP/motif
M3_sensitivity	GMDS	member	INCLUDED_sensitivity	PRE-FROZEN SENSITIVITY (DoRothEA A/B + CollecTRI ChIP/motif), not primary		DoRothEA A/B + CollecTRI ChIP/motif
M3_sensitivity	GNAQ	member	INCLUDED_sensitivity	PRE-FROZEN SENSITIVITY (DoRothEA A/B + CollecTRI ChIP/motif), not primary		DoRothEA A/B + CollecTRI ChIP/motif
M3_sensitivity	GNRHR	member	INCLUDED_sensitivity	PRE-FROZEN SENSITIVITY (DoRothEA A/B + CollecTRI ChIP/motif), not primary		DoRothEA A/B + CollecTRI ChIP/motif
M3_sensitivity	GPATCH2	member	INCLUDED_sensitivity	PRE-FROZEN SENSITIVITY (DoRothEA A/B + CollecTRI ChIP/motif), not primary		DoRothEA A/B + CollecTRI ChIP/motif
M3_sensitivity	GPR146	member	INCLUDED_sensitivity	PRE-FROZEN SENSITIVITY (DoRothEA A/B + CollecTRI ChIP/motif), not primary		DoRothEA A/B + CollecTRI ChIP/motif
M3_sensitivity	GRAMD2B	member	INCLUDED_sensitivity	PRE-FROZEN SENSITIVITY (DoRothEA A/B + CollecTRI ChIP/motif), not primary		DoRothEA A/B + CollecTRI ChIP/motif
M3_sensitivity	GRB10	member	INCLUDED_sensitivity	PRE-FROZEN SENSITIVITY (DoRothEA A/B + CollecTRI ChIP/motif), not primary		DoRothEA A/B + CollecTRI ChIP/motif
M3_sensitivity	GREB1	member	INCLUDED_sensitivity	PRE-FROZEN SENSITIVITY (DoRothEA A/B + CollecTRI ChIP/motif), not primary		DoRothEA A/B + CollecTRI ChIP/motif
M3_sensitivity	GRHL2	member	INCLUDED_sensitivity	PRE-FROZEN SENSITIVITY (DoRothEA A/B + CollecTRI ChIP/motif), not primary		DoRothEA A/B + CollecTRI ChIP/motif
M3_sensitivity	GRIK2	member	INCLUDED_sensitivity	PRE-FROZEN SENSITIVITY (DoRothEA A/B + CollecTRI ChIP/motif), not primary		DoRothEA A/B + CollecTRI ChIP/motif
M3_sensitivity	GRM7	member	INCLUDED_sensitivity	PRE-FROZEN SENSITIVITY (DoRothEA A/B + CollecTRI ChIP/motif), not primary		DoRothEA A/B + CollecTRI ChIP/motif
M3_sensitivity	GSE1	member	INCLUDED_sensitivity	PRE-FROZEN SENSITIVITY (DoRothEA A/B + CollecTRI ChIP/motif), not primary		DoRothEA A/B + CollecTRI ChIP/motif
M3_sensitivity	GTDC1	member	INCLUDED_sensitivity	PRE-FROZEN SENSITIVITY (DoRothEA A/B + CollecTRI ChIP/motif), not primary		DoRothEA A/B + CollecTRI ChIP/motif
M3_sensitivity	GULP1	member	INCLUDED_sensitivity	PRE-FROZEN SENSITIVITY (DoRothEA A/B + CollecTRI ChIP/motif), not primary		DoRothEA A/B + CollecTRI ChIP/motif
M3_sensitivity	HAPLN1	member	INCLUDED_sensitivity	PRE-FROZEN SENSITIVITY (DoRothEA A/B + CollecTRI ChIP/motif), not primary		DoRothEA A/B + CollecTRI ChIP/motif
M3_sensitivity	HDAC4	member	INCLUDED_sensitivity	PRE-FROZEN SENSITIVITY (DoRothEA A/B + CollecTRI ChIP/motif), not primary		DoRothEA A/B + CollecTRI ChIP/motif
M3_sensitivity	HDAC9	member	INCLUDED_sensitivity	PRE-FROZEN SENSITIVITY (DoRothEA A/B + CollecTRI ChIP/motif), not primary		DoRothEA A/B + CollecTRI ChIP/motif
M3_sensitivity	HECW2	member	INCLUDED_sensitivity	PRE-FROZEN SENSITIVITY (DoRothEA A/B + CollecTRI ChIP/motif), not primary		DoRothEA A/B + CollecTRI ChIP/motif
M3_sensitivity	HERC1	member	INCLUDED_sensitivity	PRE-FROZEN SENSITIVITY (DoRothEA A/B + CollecTRI ChIP/motif), not primary		DoRothEA A/B + CollecTRI ChIP/motif
M3_sensitivity	HES1	member	INCLUDED_sensitivity	PRE-FROZEN SENSITIVITY (DoRothEA A/B + CollecTRI ChIP/motif), not primary		DoRothEA A/B + CollecTRI ChIP/motif
M3_sensitivity	HHEX	member	INCLUDED_sensitivity	PRE-FROZEN SENSITIVITY (DoRothEA A/B + CollecTRI ChIP/motif), not primary		DoRothEA A/B + CollecTRI ChIP/motif
M3_sensitivity	HIVEP1	member	INCLUDED_sensitivity	PRE-FROZEN SENSITIVITY (DoRothEA A/B + CollecTRI ChIP/motif), not primary		DoRothEA A/B + CollecTRI ChIP/motif
M3_sensitivity	HIVEP2	member	INCLUDED_sensitivity	PRE-FROZEN SENSITIVITY (DoRothEA A/B + CollecTRI ChIP/motif), not primary		DoRothEA A/B + CollecTRI ChIP/motif
M3_sensitivity	HIVEP3	member	INCLUDED_sensitivity	PRE-FROZEN SENSITIVITY (DoRothEA A/B + CollecTRI ChIP/motif), not primary		DoRothEA A/B + CollecTRI ChIP/motif
M3_sensitivity	HMCN1	member	INCLUDED_sensitivity	PRE-FROZEN SENSITIVITY (DoRothEA A/B + CollecTRI ChIP/motif), not primary		DoRothEA A/B + CollecTRI ChIP/motif
M3_sensitivity	HMGB1	member	INCLUDED_sensitivity	PRE-FROZEN SENSITIVITY (DoRothEA A/B + CollecTRI ChIP/motif), not primary		DoRothEA A/B + CollecTRI ChIP/motif
M3_sensitivity	HNF1A	member	INCLUDED_sensitivity	PRE-FROZEN SENSITIVITY (DoRothEA A/B + CollecTRI ChIP/motif), not primary		DoRothEA A/B + CollecTRI ChIP/motif
M3_sensitivity	HNF4A	member	INCLUDED_sensitivity	PRE-FROZEN SENSITIVITY (DoRothEA A/B + CollecTRI ChIP/motif), not primary		DoRothEA A/B + CollecTRI ChIP/motif
M3_sensitivity	HOXA10	member	INCLUDED_sensitivity	PRE-FROZEN SENSITIVITY (DoRothEA A/B + CollecTRI ChIP/motif), not primary		DoRothEA A/B + CollecTRI ChIP/motif
M3_sensitivity	HOXA11	member	INCLUDED_sensitivity	PRE-FROZEN SENSITIVITY (DoRothEA A/B + CollecTRI ChIP/motif), not primary		DoRothEA A/B + CollecTRI ChIP/motif
M3_sensitivity	HOXA13	member	INCLUDED_sensitivity	PRE-FROZEN SENSITIVITY (DoRothEA A/B + CollecTRI ChIP/motif), not primary		DoRothEA A/B + CollecTRI ChIP/motif
M3_sensitivity	HOXA9	member	INCLUDED_sensitivity	PRE-FROZEN SENSITIVITY (DoRothEA A/B + CollecTRI ChIP/motif), not primary		DoRothEA A/B + CollecTRI ChIP/motif
M3_sensitivity	HSD17B1	member	INCLUDED_sensitivity	PRE-FROZEN SENSITIVITY (DoRothEA A/B + CollecTRI ChIP/motif), not primary		DoRothEA A/B + CollecTRI ChIP/motif
M3_sensitivity	HTR5A	member	INCLUDED_sensitivity	PRE-FROZEN SENSITIVITY (DoRothEA A/B + CollecTRI ChIP/motif), not primary		DoRothEA A/B + CollecTRI ChIP/motif
M3_sensitivity	ICAM4	member	INCLUDED_sensitivity	PRE-FROZEN SENSITIVITY (DoRothEA A/B + CollecTRI ChIP/motif), not primary		DoRothEA A/B + CollecTRI ChIP/motif
M3_sensitivity	ICOS	member	INCLUDED_sensitivity	PRE-FROZEN SENSITIVITY (DoRothEA A/B + CollecTRI ChIP/motif), not primary		DoRothEA A/B + CollecTRI ChIP/motif
M3_sensitivity	IER5	member	INCLUDED_sensitivity	PRE-FROZEN SENSITIVITY (DoRothEA A/B + CollecTRI ChIP/motif), not primary		DoRothEA A/B + CollecTRI ChIP/motif
M3_sensitivity	IFNG	member	INCLUDED_sensitivity	PRE-FROZEN SENSITIVITY (DoRothEA A/B + CollecTRI ChIP/motif), not primary		DoRothEA A/B + CollecTRI ChIP/motif
M3_sensitivity	IGF1	member	INCLUDED_sensitivity	PRE-FROZEN SENSITIVITY (DoRothEA A/B + CollecTRI ChIP/motif), not primary		DoRothEA A/B + CollecTRI ChIP/motif
M3_sensitivity	IGF1R	member	INCLUDED_sensitivity	PRE-FROZEN SENSITIVITY (DoRothEA A/B + CollecTRI ChIP/motif), not primary		DoRothEA A/B + CollecTRI ChIP/motif
M3_sensitivity	IGF2	member	INCLUDED_sensitivity	PRE-FROZEN SENSITIVITY (DoRothEA A/B + CollecTRI ChIP/motif), not primary		DoRothEA A/B + CollecTRI ChIP/motif
M3_sensitivity	IGFBP1	member	INCLUDED_sensitivity	PRE-FROZEN SENSITIVITY (DoRothEA A/B + CollecTRI ChIP/motif), not primary		DoRothEA A/B + CollecTRI ChIP/motif
M3_sensitivity	IL12RB2	member	INCLUDED_sensitivity	PRE-FROZEN SENSITIVITY (DoRothEA A/B + CollecTRI ChIP/motif), not primary		DoRothEA A/B + CollecTRI ChIP/motif
M3_sensitivity	IL13	member	INCLUDED_sensitivity	PRE-FROZEN SENSITIVITY (DoRothEA A/B + CollecTRI ChIP/motif), not primary		DoRothEA A/B + CollecTRI ChIP/motif
M3_sensitivity	IL1R1	member	INCLUDED_sensitivity	PRE-FROZEN SENSITIVITY (DoRothEA A/B + CollecTRI ChIP/motif), not primary		DoRothEA A/B + CollecTRI ChIP/motif
M3_sensitivity	IL1RL1	member	INCLUDED_sensitivity	PRE-FROZEN SENSITIVITY (DoRothEA A/B + CollecTRI ChIP/motif), not primary		DoRothEA A/B + CollecTRI ChIP/motif
M3_sensitivity	IL2RA	member	INCLUDED_sensitivity	PRE-FROZEN SENSITIVITY (DoRothEA A/B + CollecTRI ChIP/motif), not primary		DoRothEA A/B + CollecTRI ChIP/motif
M3_sensitivity	IL2RB	member	INCLUDED_sensitivity	PRE-FROZEN SENSITIVITY (DoRothEA A/B + CollecTRI ChIP/motif), not primary		DoRothEA A/B + CollecTRI ChIP/motif
M3_sensitivity	IL4	member	INCLUDED_sensitivity	PRE-FROZEN SENSITIVITY (DoRothEA A/B + CollecTRI ChIP/motif), not primary		DoRothEA A/B + CollecTRI ChIP/motif
M3_sensitivity	IL4R	member	INCLUDED_sensitivity	PRE-FROZEN SENSITIVITY (DoRothEA A/B + CollecTRI ChIP/motif), not primary		DoRothEA A/B + CollecTRI ChIP/motif
M3_sensitivity	IL5	member	INCLUDED_sensitivity	PRE-FROZEN SENSITIVITY (DoRothEA A/B + CollecTRI ChIP/motif), not primary		DoRothEA A/B + CollecTRI ChIP/motif
M3_sensitivity	IMMP2L	member	INCLUDED_sensitivity	PRE-FROZEN SENSITIVITY (DoRothEA A/B + CollecTRI ChIP/motif), not primary		DoRothEA A/B + CollecTRI ChIP/motif
M3_sensitivity	INHA	member	INCLUDED_sensitivity	PRE-FROZEN SENSITIVITY (DoRothEA A/B + CollecTRI ChIP/motif), not primary		DoRothEA A/B + CollecTRI ChIP/motif
M3_sensitivity	INPP4B	member	INCLUDED_sensitivity	PRE-FROZEN SENSITIVITY (DoRothEA A/B + CollecTRI ChIP/motif), not primary		DoRothEA A/B + CollecTRI ChIP/motif
M3_sensitivity	IQCJ	member	INCLUDED_sensitivity	PRE-FROZEN SENSITIVITY (DoRothEA A/B + CollecTRI ChIP/motif), not primary		DoRothEA A/B + CollecTRI ChIP/motif
M3_sensitivity	IQGAP2	member	INCLUDED_sensitivity	PRE-FROZEN SENSITIVITY (DoRothEA A/B + CollecTRI ChIP/motif), not primary		DoRothEA A/B + CollecTRI ChIP/motif
M3_sensitivity	ITGA8	member	INCLUDED_sensitivity	PRE-FROZEN SENSITIVITY (DoRothEA A/B + CollecTRI ChIP/motif), not primary		DoRothEA A/B + CollecTRI ChIP/motif
M3_sensitivity	ITGB3	member	INCLUDED_sensitivity	PRE-FROZEN SENSITIVITY (DoRothEA A/B + CollecTRI ChIP/motif), not primary		DoRothEA A/B + CollecTRI ChIP/motif
M3_sensitivity	ITGB5	member	INCLUDED_sensitivity	PRE-FROZEN SENSITIVITY (DoRothEA A/B + CollecTRI ChIP/motif), not primary		DoRothEA A/B + CollecTRI ChIP/motif
M3_sensitivity	ITGB6	member	INCLUDED_sensitivity	PRE-FROZEN SENSITIVITY (DoRothEA A/B + CollecTRI ChIP/motif), not primary		DoRothEA A/B + CollecTRI ChIP/motif
M3_sensitivity	ITPK1	member	INCLUDED_sensitivity	PRE-FROZEN SENSITIVITY (DoRothEA A/B + CollecTRI ChIP/motif), not primary		DoRothEA A/B + CollecTRI ChIP/motif
M3_sensitivity	ITPR1	member	INCLUDED_sensitivity	PRE-FROZEN SENSITIVITY (DoRothEA A/B + CollecTRI ChIP/motif), not primary		DoRothEA A/B + CollecTRI ChIP/motif
M3_sensitivity	ITPR2	member	INCLUDED_sensitivity	PRE-FROZEN SENSITIVITY (DoRothEA A/B + CollecTRI ChIP/motif), not primary		DoRothEA A/B + CollecTRI ChIP/motif
M3_sensitivity	ITSN1	member	INCLUDED_sensitivity	PRE-FROZEN SENSITIVITY (DoRothEA A/B + CollecTRI ChIP/motif), not primary		DoRothEA A/B + CollecTRI ChIP/motif
M3_sensitivity	JARID2	member	INCLUDED_sensitivity	PRE-FROZEN SENSITIVITY (DoRothEA A/B + CollecTRI ChIP/motif), not primary		DoRothEA A/B + CollecTRI ChIP/motif
M3_sensitivity	JMJD1C	member	INCLUDED_sensitivity	PRE-FROZEN SENSITIVITY (DoRothEA A/B + CollecTRI ChIP/motif), not primary		DoRothEA A/B + CollecTRI ChIP/motif
M3_sensitivity	KALRN	member	INCLUDED_sensitivity	PRE-FROZEN SENSITIVITY (DoRothEA A/B + CollecTRI ChIP/motif), not primary		DoRothEA A/B + CollecTRI ChIP/motif
M3_sensitivity	KAT2B	member	INCLUDED_sensitivity	PRE-FROZEN SENSITIVITY (DoRothEA A/B + CollecTRI ChIP/motif), not primary		DoRothEA A/B + CollecTRI ChIP/motif
M3_sensitivity	KAT6B	member	INCLUDED_sensitivity	PRE-FROZEN SENSITIVITY (DoRothEA A/B + CollecTRI ChIP/motif), not primary		DoRothEA A/B + CollecTRI ChIP/motif
M3_sensitivity	KAZN	member	INCLUDED_sensitivity	PRE-FROZEN SENSITIVITY (DoRothEA A/B + CollecTRI ChIP/motif), not primary		DoRothEA A/B + CollecTRI ChIP/motif
M3_sensitivity	KCNK1	member	INCLUDED_sensitivity	PRE-FROZEN SENSITIVITY (DoRothEA A/B + CollecTRI ChIP/motif), not primary		DoRothEA A/B + CollecTRI ChIP/motif
M3_sensitivity	KCNK2	member	INCLUDED_sensitivity	PRE-FROZEN SENSITIVITY (DoRothEA A/B + CollecTRI ChIP/motif), not primary		DoRothEA A/B + CollecTRI ChIP/motif
M3_sensitivity	KCNMA1	member	INCLUDED_sensitivity	PRE-FROZEN SENSITIVITY (DoRothEA A/B + CollecTRI ChIP/motif), not primary		DoRothEA A/B + CollecTRI ChIP/motif
M3_sensitivity	KCNMB2	member	INCLUDED_sensitivity	PRE-FROZEN SENSITIVITY (DoRothEA A/B + CollecTRI ChIP/motif), not primary		DoRothEA A/B + CollecTRI ChIP/motif
M3_sensitivity	KCTD3	member	INCLUDED_sensitivity	PRE-FROZEN SENSITIVITY (DoRothEA A/B + CollecTRI ChIP/motif), not primary		DoRothEA A/B + CollecTRI ChIP/motif
M3_sensitivity	KDM4C	member	INCLUDED_sensitivity	PRE-FROZEN SENSITIVITY (DoRothEA A/B + CollecTRI ChIP/motif), not primary		DoRothEA A/B + CollecTRI ChIP/motif
M3_sensitivity	KDM6A	member	INCLUDED_sensitivity	PRE-FROZEN SENSITIVITY (DoRothEA A/B + CollecTRI ChIP/motif), not primary		DoRothEA A/B + CollecTRI ChIP/motif
M3_sensitivity	KIAA1217	member	INCLUDED_sensitivity	PRE-FROZEN SENSITIVITY (DoRothEA A/B + CollecTRI ChIP/motif), not primary		DoRothEA A/B + CollecTRI ChIP/motif
M3_sensitivity	KIF21A	member	INCLUDED_sensitivity	PRE-FROZEN SENSITIVITY (DoRothEA A/B + CollecTRI ChIP/motif), not primary		DoRothEA A/B + CollecTRI ChIP/motif
M3_sensitivity	KLF1	member	INCLUDED_sensitivity	PRE-FROZEN SENSITIVITY (DoRothEA A/B + CollecTRI ChIP/motif), not primary		DoRothEA A/B + CollecTRI ChIP/motif
M3_sensitivity	KMT2E	member	INCLUDED_sensitivity	PRE-FROZEN SENSITIVITY (DoRothEA A/B + CollecTRI ChIP/motif), not primary		DoRothEA A/B + CollecTRI ChIP/motif
M3_sensitivity	LAMC1	member	INCLUDED_sensitivity	PRE-FROZEN SENSITIVITY (DoRothEA A/B + CollecTRI ChIP/motif), not primary		DoRothEA A/B + CollecTRI ChIP/motif
M3_sensitivity	LARGE1	member	INCLUDED_sensitivity	PRE-FROZEN SENSITIVITY (DoRothEA A/B + CollecTRI ChIP/motif), not primary		DoRothEA A/B + CollecTRI ChIP/motif
M3_sensitivity	LDB2	member	INCLUDED_sensitivity	PRE-FROZEN SENSITIVITY (DoRothEA A/B + CollecTRI ChIP/motif), not primary		DoRothEA A/B + CollecTRI ChIP/motif
M3_sensitivity	LHFPL2	member	INCLUDED_sensitivity	PRE-FROZEN SENSITIVITY (DoRothEA A/B + CollecTRI ChIP/motif), not primary		DoRothEA A/B + CollecTRI ChIP/motif
M3_sensitivity	LHX1	member	INCLUDED_sensitivity	PRE-FROZEN SENSITIVITY (DoRothEA A/B + CollecTRI ChIP/motif), not primary		DoRothEA A/B + CollecTRI ChIP/motif
M3_sensitivity	LIMA1	member	INCLUDED_sensitivity	PRE-FROZEN SENSITIVITY (DoRothEA A/B + CollecTRI ChIP/motif), not primary		DoRothEA A/B + CollecTRI ChIP/motif
M3_sensitivity	LIMCH1	member	INCLUDED_sensitivity	PRE-FROZEN SENSITIVITY (DoRothEA A/B + CollecTRI ChIP/motif), not primary		DoRothEA A/B + CollecTRI ChIP/motif
M3_sensitivity	LMBR1	member	INCLUDED_sensitivity	PRE-FROZEN SENSITIVITY (DoRothEA A/B + CollecTRI ChIP/motif), not primary		DoRothEA A/B + CollecTRI ChIP/motif
M3_sensitivity	LPP	member	INCLUDED_sensitivity	PRE-FROZEN SENSITIVITY (DoRothEA A/B + CollecTRI ChIP/motif), not primary		DoRothEA A/B + CollecTRI ChIP/motif
M3_sensitivity	LRBA	member	INCLUDED_sensitivity	PRE-FROZEN SENSITIVITY (DoRothEA A/B + CollecTRI ChIP/motif), not primary		DoRothEA A/B + CollecTRI ChIP/motif
M3_sensitivity	LRCH1	member	INCLUDED_sensitivity	PRE-FROZEN SENSITIVITY (DoRothEA A/B + CollecTRI ChIP/motif), not primary		DoRothEA A/B + CollecTRI ChIP/motif
M3_sensitivity	LRIG1	member	INCLUDED_sensitivity	PRE-FROZEN SENSITIVITY (DoRothEA A/B + CollecTRI ChIP/motif), not primary		DoRothEA A/B + CollecTRI ChIP/motif
M3_sensitivity	LRP1B	member	INCLUDED_sensitivity	PRE-FROZEN SENSITIVITY (DoRothEA A/B + CollecTRI ChIP/motif), not primary		DoRothEA A/B + CollecTRI ChIP/motif
M3_sensitivity	LSAMP	member	INCLUDED_sensitivity	PRE-FROZEN SENSITIVITY (DoRothEA A/B + CollecTRI ChIP/motif), not primary		DoRothEA A/B + CollecTRI ChIP/motif
M3_sensitivity	LTBP1	member	INCLUDED_sensitivity	PRE-FROZEN SENSITIVITY (DoRothEA A/B + CollecTRI ChIP/motif), not primary		DoRothEA A/B + CollecTRI ChIP/motif
M3_sensitivity	LUZP2	member	INCLUDED_sensitivity	PRE-FROZEN SENSITIVITY (DoRothEA A/B + CollecTRI ChIP/motif), not primary		DoRothEA A/B + CollecTRI ChIP/motif
M3_sensitivity	LYL1	member	INCLUDED_sensitivity	PRE-FROZEN SENSITIVITY (DoRothEA A/B + CollecTRI ChIP/motif), not primary		DoRothEA A/B + CollecTRI ChIP/motif
M3_sensitivity	LYPD6B	member	INCLUDED_sensitivity	PRE-FROZEN SENSITIVITY (DoRothEA A/B + CollecTRI ChIP/motif), not primary		DoRothEA A/B + CollecTRI ChIP/motif
M3_sensitivity	LYZL1	member	INCLUDED_sensitivity	PRE-FROZEN SENSITIVITY (DoRothEA A/B + CollecTRI ChIP/motif), not primary		DoRothEA A/B + CollecTRI ChIP/motif
M3_sensitivity	MACF1	member	INCLUDED_sensitivity	PRE-FROZEN SENSITIVITY (DoRothEA A/B + CollecTRI ChIP/motif), not primary		DoRothEA A/B + CollecTRI ChIP/motif
M3_sensitivity	MACROD2	member	INCLUDED_sensitivity	PRE-FROZEN SENSITIVITY (DoRothEA A/B + CollecTRI ChIP/motif), not primary		DoRothEA A/B + CollecTRI ChIP/motif
M3_sensitivity	MAD1L1	member	INCLUDED_sensitivity	PRE-FROZEN SENSITIVITY (DoRothEA A/B + CollecTRI ChIP/motif), not primary		DoRothEA A/B + CollecTRI ChIP/motif
M3_sensitivity	MAF	member	INCLUDED_sensitivity	PRE-FROZEN SENSITIVITY (DoRothEA A/B + CollecTRI ChIP/motif), not primary		DoRothEA A/B + CollecTRI ChIP/motif
M3_sensitivity	MAFK	member	INCLUDED_sensitivity	PRE-FROZEN SENSITIVITY (DoRothEA A/B + CollecTRI ChIP/motif), not primary		DoRothEA A/B + CollecTRI ChIP/motif
M3_sensitivity	MAGI1	member	INCLUDED_sensitivity	PRE-FROZEN SENSITIVITY (DoRothEA A/B + CollecTRI ChIP/motif), not primary		DoRothEA A/B + CollecTRI ChIP/motif
M3_sensitivity	MALRD1	member	INCLUDED_sensitivity	PRE-FROZEN SENSITIVITY (DoRothEA A/B + CollecTRI ChIP/motif), not primary		DoRothEA A/B + CollecTRI ChIP/motif
M3_sensitivity	MAML2	member	INCLUDED_sensitivity	PRE-FROZEN SENSITIVITY (DoRothEA A/B + CollecTRI ChIP/motif), not primary		DoRothEA A/B + CollecTRI ChIP/motif
M3_sensitivity	MAML3	member	INCLUDED_sensitivity	PRE-FROZEN SENSITIVITY (DoRothEA A/B + CollecTRI ChIP/motif), not primary		DoRothEA A/B + CollecTRI ChIP/motif
M3_sensitivity	MAP2	member	INCLUDED_sensitivity	PRE-FROZEN SENSITIVITY (DoRothEA A/B + CollecTRI ChIP/motif), not primary		DoRothEA A/B + CollecTRI ChIP/motif
M3_sensitivity	MAP4K4	member	INCLUDED_sensitivity	PRE-FROZEN SENSITIVITY (DoRothEA A/B + CollecTRI ChIP/motif), not primary		DoRothEA A/B + CollecTRI ChIP/motif
M3_sensitivity	MAPK10	member	INCLUDED_sensitivity	PRE-FROZEN SENSITIVITY (DoRothEA A/B + CollecTRI ChIP/motif), not primary		DoRothEA A/B + CollecTRI ChIP/motif
M3_sensitivity	MAPKAP1	member	INCLUDED_sensitivity	PRE-FROZEN SENSITIVITY (DoRothEA A/B + CollecTRI ChIP/motif), not primary		DoRothEA A/B + CollecTRI ChIP/motif
M3_sensitivity	MARCHF10	member	INCLUDED_sensitivity	PRE-FROZEN SENSITIVITY (DoRothEA A/B + CollecTRI ChIP/motif), not primary		DoRothEA A/B + CollecTRI ChIP/motif
M3_sensitivity	MARCHF3	member	INCLUDED_sensitivity	PRE-FROZEN SENSITIVITY (DoRothEA A/B + CollecTRI ChIP/motif), not primary		DoRothEA A/B + CollecTRI ChIP/motif
M3_sensitivity	MAST4	member	INCLUDED_sensitivity	PRE-FROZEN SENSITIVITY (DoRothEA A/B + CollecTRI ChIP/motif), not primary		DoRothEA A/B + CollecTRI ChIP/motif
M3_sensitivity	MATN1	member	INCLUDED_sensitivity	PRE-FROZEN SENSITIVITY (DoRothEA A/B + CollecTRI ChIP/motif), not primary		DoRothEA A/B + CollecTRI ChIP/motif
M3_sensitivity	MB21D2	member	INCLUDED_sensitivity	PRE-FROZEN SENSITIVITY (DoRothEA A/B + CollecTRI ChIP/motif), not primary		DoRothEA A/B + CollecTRI ChIP/motif
M3_sensitivity	MBNL1	member	INCLUDED_sensitivity	PRE-FROZEN SENSITIVITY (DoRothEA A/B + CollecTRI ChIP/motif), not primary		DoRothEA A/B + CollecTRI ChIP/motif
M3_sensitivity	MBNL2	member	INCLUDED_sensitivity	PRE-FROZEN SENSITIVITY (DoRothEA A/B + CollecTRI ChIP/motif), not primary		DoRothEA A/B + CollecTRI ChIP/motif
M3_sensitivity	MCC	member	INCLUDED_sensitivity	PRE-FROZEN SENSITIVITY (DoRothEA A/B + CollecTRI ChIP/motif), not primary		DoRothEA A/B + CollecTRI ChIP/motif
M3_sensitivity	MCF2L2	member	INCLUDED_sensitivity	PRE-FROZEN SENSITIVITY (DoRothEA A/B + CollecTRI ChIP/motif), not primary		DoRothEA A/B + CollecTRI ChIP/motif
M3_sensitivity	MDM2	member	INCLUDED_sensitivity	PRE-FROZEN SENSITIVITY (DoRothEA A/B + CollecTRI ChIP/motif), not primary		DoRothEA A/B + CollecTRI ChIP/motif
M3_sensitivity	ME3	member	INCLUDED_sensitivity	PRE-FROZEN SENSITIVITY (DoRothEA A/B + CollecTRI ChIP/motif), not primary		DoRothEA A/B + CollecTRI ChIP/motif
M3_sensitivity	MECOM	member	INCLUDED_sensitivity	PRE-FROZEN SENSITIVITY (DoRothEA A/B + CollecTRI ChIP/motif), not primary		DoRothEA A/B + CollecTRI ChIP/motif
M3_sensitivity	MED13L	member	INCLUDED_sensitivity	PRE-FROZEN SENSITIVITY (DoRothEA A/B + CollecTRI ChIP/motif), not primary		DoRothEA A/B + CollecTRI ChIP/motif
M3_sensitivity	MEF2C	member	INCLUDED_sensitivity	PRE-FROZEN SENSITIVITY (DoRothEA A/B + CollecTRI ChIP/motif), not primary		DoRothEA A/B + CollecTRI ChIP/motif
M3_sensitivity	MET	member	INCLUDED_sensitivity	PRE-FROZEN SENSITIVITY (DoRothEA A/B + CollecTRI ChIP/motif), not primary		DoRothEA A/B + CollecTRI ChIP/motif
M3_sensitivity	MIA	member	INCLUDED_sensitivity	PRE-FROZEN SENSITIVITY (DoRothEA A/B + CollecTRI ChIP/motif), not primary		DoRothEA A/B + CollecTRI ChIP/motif
M3_sensitivity	MICAL2	member	INCLUDED_sensitivity	PRE-FROZEN SENSITIVITY (DoRothEA A/B + CollecTRI ChIP/motif), not primary		DoRothEA A/B + CollecTRI ChIP/motif
M3_sensitivity	MID1	member	INCLUDED_sensitivity	PRE-FROZEN SENSITIVITY (DoRothEA A/B + CollecTRI ChIP/motif), not primary		DoRothEA A/B + CollecTRI ChIP/motif
M3_sensitivity	MIDEAS	member	INCLUDED_sensitivity	PRE-FROZEN SENSITIVITY (DoRothEA A/B + CollecTRI ChIP/motif), not primary		DoRothEA A/B + CollecTRI ChIP/motif
M3_sensitivity	MIPOL1	member	INCLUDED_sensitivity	PRE-FROZEN SENSITIVITY (DoRothEA A/B + CollecTRI ChIP/motif), not primary		DoRothEA A/B + CollecTRI ChIP/motif
M3_sensitivity	MITF	member	INCLUDED_sensitivity	PRE-FROZEN SENSITIVITY (DoRothEA A/B + CollecTRI ChIP/motif), not primary		DoRothEA A/B + CollecTRI ChIP/motif
M3_sensitivity	MLLT3	member	INCLUDED_sensitivity	PRE-FROZEN SENSITIVITY (DoRothEA A/B + CollecTRI ChIP/motif), not primary		DoRothEA A/B + CollecTRI ChIP/motif
M3_sensitivity	MME	member	INCLUDED_sensitivity	PRE-FROZEN SENSITIVITY (DoRothEA A/B + CollecTRI ChIP/motif), not primary		DoRothEA A/B + CollecTRI ChIP/motif
M3_sensitivity	MPDZ	member	INCLUDED_sensitivity	PRE-FROZEN SENSITIVITY (DoRothEA A/B + CollecTRI ChIP/motif), not primary		DoRothEA A/B + CollecTRI ChIP/motif
M3_sensitivity	MRPS27	member	INCLUDED_sensitivity	PRE-FROZEN SENSITIVITY (DoRothEA A/B + CollecTRI ChIP/motif), not primary		DoRothEA A/B + CollecTRI ChIP/motif
M3_sensitivity	MS4A2	member	INCLUDED_sensitivity	PRE-FROZEN SENSITIVITY (DoRothEA A/B + CollecTRI ChIP/motif), not primary		DoRothEA A/B + CollecTRI ChIP/motif
M3_sensitivity	MSI2	member	INCLUDED_sensitivity	PRE-FROZEN SENSITIVITY (DoRothEA A/B + CollecTRI ChIP/motif), not primary		DoRothEA A/B + CollecTRI ChIP/motif
M3_sensitivity	MSX1	member	INCLUDED_sensitivity	PRE-FROZEN SENSITIVITY (DoRothEA A/B + CollecTRI ChIP/motif), not primary		DoRothEA A/B + CollecTRI ChIP/motif
M3_sensitivity	MSX2	member	INCLUDED_sensitivity	PRE-FROZEN SENSITIVITY (DoRothEA A/B + CollecTRI ChIP/motif), not primary		DoRothEA A/B + CollecTRI ChIP/motif
M3_sensitivity	MTHFD1L	member	INCLUDED_sensitivity	PRE-FROZEN SENSITIVITY (DoRothEA A/B + CollecTRI ChIP/motif), not primary		DoRothEA A/B + CollecTRI ChIP/motif
M3_sensitivity	MTSS1	member	INCLUDED_sensitivity	PRE-FROZEN SENSITIVITY (DoRothEA A/B + CollecTRI ChIP/motif), not primary		DoRothEA A/B + CollecTRI ChIP/motif
M3_sensitivity	MTUS1	member	INCLUDED_sensitivity	PRE-FROZEN SENSITIVITY (DoRothEA A/B + CollecTRI ChIP/motif), not primary		DoRothEA A/B + CollecTRI ChIP/motif
M3_sensitivity	MUC4	member	INCLUDED_sensitivity	PRE-FROZEN SENSITIVITY (DoRothEA A/B + CollecTRI ChIP/motif), not primary		DoRothEA A/B + CollecTRI ChIP/motif
M3_sensitivity	MYB	member	INCLUDED_sensitivity	PRE-FROZEN SENSITIVITY (DoRothEA A/B + CollecTRI ChIP/motif), not primary		DoRothEA A/B + CollecTRI ChIP/motif
M3_sensitivity	MYC	member	INCLUDED_sensitivity	PRE-FROZEN SENSITIVITY (DoRothEA A/B + CollecTRI ChIP/motif), not primary		DoRothEA A/B + CollecTRI ChIP/motif
M3_sensitivity	MYCBP2	member	INCLUDED_sensitivity	PRE-FROZEN SENSITIVITY (DoRothEA A/B + CollecTRI ChIP/motif), not primary		DoRothEA A/B + CollecTRI ChIP/motif
M3_sensitivity	MYCN	member	INCLUDED_sensitivity	PRE-FROZEN SENSITIVITY (DoRothEA A/B + CollecTRI ChIP/motif), not primary		DoRothEA A/B + CollecTRI ChIP/motif
M3_sensitivity	MYLK	member	INCLUDED_sensitivity	PRE-FROZEN SENSITIVITY (DoRothEA A/B + CollecTRI ChIP/motif), not primary		DoRothEA A/B + CollecTRI ChIP/motif
M3_sensitivity	MYO1B	member	INCLUDED_sensitivity	PRE-FROZEN SENSITIVITY (DoRothEA A/B + CollecTRI ChIP/motif), not primary		DoRothEA A/B + CollecTRI ChIP/motif
M3_sensitivity	MYOF	member	INCLUDED_sensitivity	PRE-FROZEN SENSITIVITY (DoRothEA A/B + CollecTRI ChIP/motif), not primary		DoRothEA A/B + CollecTRI ChIP/motif
M3_sensitivity	MYRIP	member	INCLUDED_sensitivity	PRE-FROZEN SENSITIVITY (DoRothEA A/B + CollecTRI ChIP/motif), not primary		DoRothEA A/B + CollecTRI ChIP/motif
M3_sensitivity	NAALADL2	member	INCLUDED_sensitivity	PRE-FROZEN SENSITIVITY (DoRothEA A/B + CollecTRI ChIP/motif), not primary		DoRothEA A/B + CollecTRI ChIP/motif
M3_sensitivity	NACA2	member	INCLUDED_sensitivity	PRE-FROZEN SENSITIVITY (DoRothEA A/B + CollecTRI ChIP/motif), not primary		DoRothEA A/B + CollecTRI ChIP/motif
M3_sensitivity	NAV2	member	INCLUDED_sensitivity	PRE-FROZEN SENSITIVITY (DoRothEA A/B + CollecTRI ChIP/motif), not primary		DoRothEA A/B + CollecTRI ChIP/motif
M3_sensitivity	NAV3	member	INCLUDED_sensitivity	PRE-FROZEN SENSITIVITY (DoRothEA A/B + CollecTRI ChIP/motif), not primary		DoRothEA A/B + CollecTRI ChIP/motif
M3_sensitivity	NBAS	member	INCLUDED_sensitivity	PRE-FROZEN SENSITIVITY (DoRothEA A/B + CollecTRI ChIP/motif), not primary		DoRothEA A/B + CollecTRI ChIP/motif
M3_sensitivity	NCALD	member	INCLUDED_sensitivity	PRE-FROZEN SENSITIVITY (DoRothEA A/B + CollecTRI ChIP/motif), not primary		DoRothEA A/B + CollecTRI ChIP/motif
M3_sensitivity	NCAM1	member	INCLUDED_sensitivity	PRE-FROZEN SENSITIVITY (DoRothEA A/B + CollecTRI ChIP/motif), not primary		DoRothEA A/B + CollecTRI ChIP/motif
M3_sensitivity	NCAM2	member	INCLUDED_sensitivity	PRE-FROZEN SENSITIVITY (DoRothEA A/B + CollecTRI ChIP/motif), not primary		DoRothEA A/B + CollecTRI ChIP/motif
M3_sensitivity	NCOA1	member	INCLUDED_sensitivity	PRE-FROZEN SENSITIVITY (DoRothEA A/B + CollecTRI ChIP/motif), not primary		DoRothEA A/B + CollecTRI ChIP/motif
M3_sensitivity	NCOA3	member	INCLUDED_sensitivity	PRE-FROZEN SENSITIVITY (DoRothEA A/B + CollecTRI ChIP/motif), not primary		DoRothEA A/B + CollecTRI ChIP/motif
M3_sensitivity	NCOR2	member	INCLUDED_sensitivity	PRE-FROZEN SENSITIVITY (DoRothEA A/B + CollecTRI ChIP/motif), not primary		DoRothEA A/B + CollecTRI ChIP/motif
M3_sensitivity	NDUFAF6	member	INCLUDED_sensitivity	PRE-FROZEN SENSITIVITY (DoRothEA A/B + CollecTRI ChIP/motif), not primary		DoRothEA A/B + CollecTRI ChIP/motif
M3_sensitivity	NEDD4L	member	INCLUDED_sensitivity	PRE-FROZEN SENSITIVITY (DoRothEA A/B + CollecTRI ChIP/motif), not primary		DoRothEA A/B + CollecTRI ChIP/motif
M3_sensitivity	NEDD9	member	INCLUDED_sensitivity	PRE-FROZEN SENSITIVITY (DoRothEA A/B + CollecTRI ChIP/motif), not primary		DoRothEA A/B + CollecTRI ChIP/motif
M3_sensitivity	NEK7	member	INCLUDED_sensitivity	PRE-FROZEN SENSITIVITY (DoRothEA A/B + CollecTRI ChIP/motif), not primary		DoRothEA A/B + CollecTRI ChIP/motif
M3_sensitivity	NEO1	member	INCLUDED_sensitivity	PRE-FROZEN SENSITIVITY (DoRothEA A/B + CollecTRI ChIP/motif), not primary		DoRothEA A/B + CollecTRI ChIP/motif
M3_sensitivity	NETO1	member	INCLUDED_sensitivity	PRE-FROZEN SENSITIVITY (DoRothEA A/B + CollecTRI ChIP/motif), not primary		DoRothEA A/B + CollecTRI ChIP/motif
M3_sensitivity	NFASC	member	INCLUDED_sensitivity	PRE-FROZEN SENSITIVITY (DoRothEA A/B + CollecTRI ChIP/motif), not primary		DoRothEA A/B + CollecTRI ChIP/motif
M3_sensitivity	NFATC2	member	INCLUDED_sensitivity	PRE-FROZEN SENSITIVITY (DoRothEA A/B + CollecTRI ChIP/motif), not primary		DoRothEA A/B + CollecTRI ChIP/motif
M3_sensitivity	NFE2	member	INCLUDED_sensitivity	PRE-FROZEN SENSITIVITY (DoRothEA A/B + CollecTRI ChIP/motif), not primary		DoRothEA A/B + CollecTRI ChIP/motif
M3_sensitivity	NFIA	member	INCLUDED_sensitivity	PRE-FROZEN SENSITIVITY (DoRothEA A/B + CollecTRI ChIP/motif), not primary		DoRothEA A/B + CollecTRI ChIP/motif
M3_sensitivity	NFIB	member	INCLUDED_sensitivity	PRE-FROZEN SENSITIVITY (DoRothEA A/B + CollecTRI ChIP/motif), not primary		DoRothEA A/B + CollecTRI ChIP/motif
M3_sensitivity	NFKB1	member	INCLUDED_sensitivity	PRE-FROZEN SENSITIVITY (DoRothEA A/B + CollecTRI ChIP/motif), not primary		DoRothEA A/B + CollecTRI ChIP/motif
M3_sensitivity	NIBAN1	member	INCLUDED_sensitivity	PRE-FROZEN SENSITIVITY (DoRothEA A/B + CollecTRI ChIP/motif), not primary		DoRothEA A/B + CollecTRI ChIP/motif
M3_sensitivity	NKX2-1	member	INCLUDED_sensitivity	PRE-FROZEN SENSITIVITY (DoRothEA A/B + CollecTRI ChIP/motif), not primary		DoRothEA A/B + CollecTRI ChIP/motif
M3_sensitivity	NKX3-2	member	INCLUDED_sensitivity	PRE-FROZEN SENSITIVITY (DoRothEA A/B + CollecTRI ChIP/motif), not primary		DoRothEA A/B + CollecTRI ChIP/motif
M3_sensitivity	NLGN1	member	INCLUDED_sensitivity	PRE-FROZEN SENSITIVITY (DoRothEA A/B + CollecTRI ChIP/motif), not primary		DoRothEA A/B + CollecTRI ChIP/motif
M3_sensitivity	NME7	member	INCLUDED_sensitivity	PRE-FROZEN SENSITIVITY (DoRothEA A/B + CollecTRI ChIP/motif), not primary		DoRothEA A/B + CollecTRI ChIP/motif
M3_sensitivity	NOS3	member	INCLUDED_sensitivity	PRE-FROZEN SENSITIVITY (DoRothEA A/B + CollecTRI ChIP/motif), not primary		DoRothEA A/B + CollecTRI ChIP/motif
M3_sensitivity	NPAS3	member	INCLUDED_sensitivity	PRE-FROZEN SENSITIVITY (DoRothEA A/B + CollecTRI ChIP/motif), not primary		DoRothEA A/B + CollecTRI ChIP/motif
M3_sensitivity	NPHS1	member	INCLUDED_sensitivity	PRE-FROZEN SENSITIVITY (DoRothEA A/B + CollecTRI ChIP/motif), not primary		DoRothEA A/B + CollecTRI ChIP/motif
M3_sensitivity	NR0B2	member	INCLUDED_sensitivity	PRE-FROZEN SENSITIVITY (DoRothEA A/B + CollecTRI ChIP/motif), not primary		DoRothEA A/B + CollecTRI ChIP/motif
M3_sensitivity	NR3C2	member	INCLUDED_sensitivity	PRE-FROZEN SENSITIVITY (DoRothEA A/B + CollecTRI ChIP/motif), not primary		DoRothEA A/B + CollecTRI ChIP/motif
M3_sensitivity	NR5A1	member	INCLUDED_sensitivity	PRE-FROZEN SENSITIVITY (DoRothEA A/B + CollecTRI ChIP/motif), not primary		DoRothEA A/B + CollecTRI ChIP/motif
M3_sensitivity	NRCAM	member	INCLUDED_sensitivity	PRE-FROZEN SENSITIVITY (DoRothEA A/B + CollecTRI ChIP/motif), not primary		DoRothEA A/B + CollecTRI ChIP/motif
M3_sensitivity	NRG3	member	INCLUDED_sensitivity	PRE-FROZEN SENSITIVITY (DoRothEA A/B + CollecTRI ChIP/motif), not primary		DoRothEA A/B + CollecTRI ChIP/motif
M3_sensitivity	NRP1	member	INCLUDED_sensitivity	PRE-FROZEN SENSITIVITY (DoRothEA A/B + CollecTRI ChIP/motif), not primary		DoRothEA A/B + CollecTRI ChIP/motif
M3_sensitivity	NRP2	member	INCLUDED_sensitivity	PRE-FROZEN SENSITIVITY (DoRothEA A/B + CollecTRI ChIP/motif), not primary		DoRothEA A/B + CollecTRI ChIP/motif
M3_sensitivity	NRXN3	member	INCLUDED_sensitivity	PRE-FROZEN SENSITIVITY (DoRothEA A/B + CollecTRI ChIP/motif), not primary		DoRothEA A/B + CollecTRI ChIP/motif
M3_sensitivity	NSMAF	member	INCLUDED_sensitivity	PRE-FROZEN SENSITIVITY (DoRothEA A/B + CollecTRI ChIP/motif), not primary		DoRothEA A/B + CollecTRI ChIP/motif
M3_sensitivity	ODC1	member	INCLUDED_sensitivity	PRE-FROZEN SENSITIVITY (DoRothEA A/B + CollecTRI ChIP/motif), not primary		DoRothEA A/B + CollecTRI ChIP/motif
M3_sensitivity	OFCC1	member	INCLUDED_sensitivity	PRE-FROZEN SENSITIVITY (DoRothEA A/B + CollecTRI ChIP/motif), not primary		DoRothEA A/B + CollecTRI ChIP/motif
M3_sensitivity	OSBPL10	member	INCLUDED_sensitivity	PRE-FROZEN SENSITIVITY (DoRothEA A/B + CollecTRI ChIP/motif), not primary		DoRothEA A/B + CollecTRI ChIP/motif
M3_sensitivity	OSBPL3	member	INCLUDED_sensitivity	PRE-FROZEN SENSITIVITY (DoRothEA A/B + CollecTRI ChIP/motif), not primary		DoRothEA A/B + CollecTRI ChIP/motif
M3_sensitivity	OSBPL8	member	INCLUDED_sensitivity	PRE-FROZEN SENSITIVITY (DoRothEA A/B + CollecTRI ChIP/motif), not primary		DoRothEA A/B + CollecTRI ChIP/motif
M3_sensitivity	OSBPL9	member	INCLUDED_sensitivity	PRE-FROZEN SENSITIVITY (DoRothEA A/B + CollecTRI ChIP/motif), not primary		DoRothEA A/B + CollecTRI ChIP/motif
M3_sensitivity	P3H2	member	INCLUDED_sensitivity	PRE-FROZEN SENSITIVITY (DoRothEA A/B + CollecTRI ChIP/motif), not primary		DoRothEA A/B + CollecTRI ChIP/motif
M3_sensitivity	PACRG	member	INCLUDED_sensitivity	PRE-FROZEN SENSITIVITY (DoRothEA A/B + CollecTRI ChIP/motif), not primary		DoRothEA A/B + CollecTRI ChIP/motif
M3_sensitivity	PACS1	member	INCLUDED_sensitivity	PRE-FROZEN SENSITIVITY (DoRothEA A/B + CollecTRI ChIP/motif), not primary		DoRothEA A/B + CollecTRI ChIP/motif
M3_sensitivity	PACSIN2	member	INCLUDED_sensitivity	PRE-FROZEN SENSITIVITY (DoRothEA A/B + CollecTRI ChIP/motif), not primary		DoRothEA A/B + CollecTRI ChIP/motif
M3_sensitivity	PAG1	member	INCLUDED_sensitivity	PRE-FROZEN SENSITIVITY (DoRothEA A/B + CollecTRI ChIP/motif), not primary		DoRothEA A/B + CollecTRI ChIP/motif
M3_sensitivity	PALLD	member	INCLUDED_sensitivity	PRE-FROZEN SENSITIVITY (DoRothEA A/B + CollecTRI ChIP/motif), not primary		DoRothEA A/B + CollecTRI ChIP/motif
M3_sensitivity	PAM	member	INCLUDED_sensitivity	PRE-FROZEN SENSITIVITY (DoRothEA A/B + CollecTRI ChIP/motif), not primary		DoRothEA A/B + CollecTRI ChIP/motif
M3_sensitivity	PARD3	member	INCLUDED_sensitivity	PRE-FROZEN SENSITIVITY (DoRothEA A/B + CollecTRI ChIP/motif), not primary		DoRothEA A/B + CollecTRI ChIP/motif
M3_sensitivity	PARD3B	member	INCLUDED_sensitivity	PRE-FROZEN SENSITIVITY (DoRothEA A/B + CollecTRI ChIP/motif), not primary		DoRothEA A/B + CollecTRI ChIP/motif
M3_sensitivity	PARD6B	member	INCLUDED_sensitivity	PRE-FROZEN SENSITIVITY (DoRothEA A/B + CollecTRI ChIP/motif), not primary		DoRothEA A/B + CollecTRI ChIP/motif
M3_sensitivity	PAX2	member	INCLUDED_sensitivity	PRE-FROZEN SENSITIVITY (DoRothEA A/B + CollecTRI ChIP/motif), not primary		DoRothEA A/B + CollecTRI ChIP/motif
M3_sensitivity	PAX5	member	INCLUDED_sensitivity	PRE-FROZEN SENSITIVITY (DoRothEA A/B + CollecTRI ChIP/motif), not primary		DoRothEA A/B + CollecTRI ChIP/motif
M3_sensitivity	PAX8	member	INCLUDED_sensitivity	PRE-FROZEN SENSITIVITY (DoRothEA A/B + CollecTRI ChIP/motif), not primary		DoRothEA A/B + CollecTRI ChIP/motif
M3_sensitivity	PBX1	member	INCLUDED_sensitivity	PRE-FROZEN SENSITIVITY (DoRothEA A/B + CollecTRI ChIP/motif), not primary		DoRothEA A/B + CollecTRI ChIP/motif
M3_sensitivity	PBX3	member	INCLUDED_sensitivity	PRE-FROZEN SENSITIVITY (DoRothEA A/B + CollecTRI ChIP/motif), not primary		DoRothEA A/B + CollecTRI ChIP/motif
M3_sensitivity	PCDH15	member	INCLUDED_sensitivity	PRE-FROZEN SENSITIVITY (DoRothEA A/B + CollecTRI ChIP/motif), not primary		DoRothEA A/B + CollecTRI ChIP/motif
M3_sensitivity	PCDH9	member	INCLUDED_sensitivity	PRE-FROZEN SENSITIVITY (DoRothEA A/B + CollecTRI ChIP/motif), not primary		DoRothEA A/B + CollecTRI ChIP/motif
M3_sensitivity	PCK1	member	INCLUDED_sensitivity	PRE-FROZEN SENSITIVITY (DoRothEA A/B + CollecTRI ChIP/motif), not primary		DoRothEA A/B + CollecTRI ChIP/motif
M3_sensitivity	PCLO	member	INCLUDED_sensitivity	PRE-FROZEN SENSITIVITY (DoRothEA A/B + CollecTRI ChIP/motif), not primary		DoRothEA A/B + CollecTRI ChIP/motif
M3_sensitivity	PCNX1	member	INCLUDED_sensitivity	PRE-FROZEN SENSITIVITY (DoRothEA A/B + CollecTRI ChIP/motif), not primary		DoRothEA A/B + CollecTRI ChIP/motif
M3_sensitivity	PCNX2	member	INCLUDED_sensitivity	PRE-FROZEN SENSITIVITY (DoRothEA A/B + CollecTRI ChIP/motif), not primary		DoRothEA A/B + CollecTRI ChIP/motif
M3_sensitivity	PDE10A	member	INCLUDED_sensitivity	PRE-FROZEN SENSITIVITY (DoRothEA A/B + CollecTRI ChIP/motif), not primary		DoRothEA A/B + CollecTRI ChIP/motif
M3_sensitivity	PDE3A	member	INCLUDED_sensitivity	PRE-FROZEN SENSITIVITY (DoRothEA A/B + CollecTRI ChIP/motif), not primary		DoRothEA A/B + CollecTRI ChIP/motif
M3_sensitivity	PDE4B	member	INCLUDED_sensitivity	PRE-FROZEN SENSITIVITY (DoRothEA A/B + CollecTRI ChIP/motif), not primary		DoRothEA A/B + CollecTRI ChIP/motif
M3_sensitivity	PDE4D	member	INCLUDED_sensitivity	PRE-FROZEN SENSITIVITY (DoRothEA A/B + CollecTRI ChIP/motif), not primary		DoRothEA A/B + CollecTRI ChIP/motif
M3_sensitivity	PDE7B	member	INCLUDED_sensitivity	PRE-FROZEN SENSITIVITY (DoRothEA A/B + CollecTRI ChIP/motif), not primary		DoRothEA A/B + CollecTRI ChIP/motif
M3_sensitivity	PDGFA	member	INCLUDED_sensitivity	PRE-FROZEN SENSITIVITY (DoRothEA A/B + CollecTRI ChIP/motif), not primary		DoRothEA A/B + CollecTRI ChIP/motif
M3_sensitivity	PDLIM5	member	INCLUDED_sensitivity	PRE-FROZEN SENSITIVITY (DoRothEA A/B + CollecTRI ChIP/motif), not primary		DoRothEA A/B + CollecTRI ChIP/motif
M3_sensitivity	PDX1	member	INCLUDED_sensitivity	PRE-FROZEN SENSITIVITY (DoRothEA A/B + CollecTRI ChIP/motif), not primary		DoRothEA A/B + CollecTRI ChIP/motif
M3_sensitivity	PDZRN3	member	INCLUDED_sensitivity	PRE-FROZEN SENSITIVITY (DoRothEA A/B + CollecTRI ChIP/motif), not primary		DoRothEA A/B + CollecTRI ChIP/motif
M3_sensitivity	PECAM1	member	INCLUDED_sensitivity	PRE-FROZEN SENSITIVITY (DoRothEA A/B + CollecTRI ChIP/motif), not primary		DoRothEA A/B + CollecTRI ChIP/motif
M3_sensitivity	PHACTR1	member	INCLUDED_sensitivity	PRE-FROZEN SENSITIVITY (DoRothEA A/B + CollecTRI ChIP/motif), not primary		DoRothEA A/B + CollecTRI ChIP/motif
M3_sensitivity	PHACTR2	member	INCLUDED_sensitivity	PRE-FROZEN SENSITIVITY (DoRothEA A/B + CollecTRI ChIP/motif), not primary		DoRothEA A/B + CollecTRI ChIP/motif
M3_sensitivity	PHGDH	member	INCLUDED_sensitivity	PRE-FROZEN SENSITIVITY (DoRothEA A/B + CollecTRI ChIP/motif), not primary		DoRothEA A/B + CollecTRI ChIP/motif
M3_sensitivity	PHLDB2	member	INCLUDED_sensitivity	PRE-FROZEN SENSITIVITY (DoRothEA A/B + CollecTRI ChIP/motif), not primary		DoRothEA A/B + CollecTRI ChIP/motif
M3_sensitivity	PHLPP1	member	INCLUDED_sensitivity	PRE-FROZEN SENSITIVITY (DoRothEA A/B + CollecTRI ChIP/motif), not primary		DoRothEA A/B + CollecTRI ChIP/motif
M3_sensitivity	PIEZO2	member	INCLUDED_sensitivity	PRE-FROZEN SENSITIVITY (DoRothEA A/B + CollecTRI ChIP/motif), not primary		DoRothEA A/B + CollecTRI ChIP/motif
M3_sensitivity	PIK3R1	member	INCLUDED_sensitivity	PRE-FROZEN SENSITIVITY (DoRothEA A/B + CollecTRI ChIP/motif), not primary		DoRothEA A/B + CollecTRI ChIP/motif
M3_sensitivity	PIP4K2A	member	INCLUDED_sensitivity	PRE-FROZEN SENSITIVITY (DoRothEA A/B + CollecTRI ChIP/motif), not primary		DoRothEA A/B + CollecTRI ChIP/motif
M3_sensitivity	PLCB1	member	INCLUDED_sensitivity	PRE-FROZEN SENSITIVITY (DoRothEA A/B + CollecTRI ChIP/motif), not primary		DoRothEA A/B + CollecTRI ChIP/motif
M3_sensitivity	PLCB4	member	INCLUDED_sensitivity	PRE-FROZEN SENSITIVITY (DoRothEA A/B + CollecTRI ChIP/motif), not primary		DoRothEA A/B + CollecTRI ChIP/motif
M3_sensitivity	PLCL1	member	INCLUDED_sensitivity	PRE-FROZEN SENSITIVITY (DoRothEA A/B + CollecTRI ChIP/motif), not primary		DoRothEA A/B + CollecTRI ChIP/motif
M3_sensitivity	PLD1	member	INCLUDED_sensitivity	PRE-FROZEN SENSITIVITY (DoRothEA A/B + CollecTRI ChIP/motif), not primary		DoRothEA A/B + CollecTRI ChIP/motif
M3_sensitivity	PLEKHA7	member	INCLUDED_sensitivity	PRE-FROZEN SENSITIVITY (DoRothEA A/B + CollecTRI ChIP/motif), not primary		DoRothEA A/B + CollecTRI ChIP/motif
M3_sensitivity	PLSCR2	member	INCLUDED_sensitivity	PRE-FROZEN SENSITIVITY (DoRothEA A/B + CollecTRI ChIP/motif), not primary		DoRothEA A/B + CollecTRI ChIP/motif
M3_sensitivity	PLXNA2	member	INCLUDED_sensitivity	PRE-FROZEN SENSITIVITY (DoRothEA A/B + CollecTRI ChIP/motif), not primary		DoRothEA A/B + CollecTRI ChIP/motif
M3_sensitivity	PMEPA1	member	INCLUDED_sensitivity	PRE-FROZEN SENSITIVITY (DoRothEA A/B + CollecTRI ChIP/motif), not primary		DoRothEA A/B + CollecTRI ChIP/motif
M3_sensitivity	PNPLA8	member	INCLUDED_sensitivity	PRE-FROZEN SENSITIVITY (DoRothEA A/B + CollecTRI ChIP/motif), not primary		DoRothEA A/B + CollecTRI ChIP/motif
M3_sensitivity	PODXL	member	INCLUDED_sensitivity	PRE-FROZEN SENSITIVITY (DoRothEA A/B + CollecTRI ChIP/motif), not primary		DoRothEA A/B + CollecTRI ChIP/motif
M3_sensitivity	PPARG	member	INCLUDED_sensitivity	PRE-FROZEN SENSITIVITY (DoRothEA A/B + CollecTRI ChIP/motif), not primary		DoRothEA A/B + CollecTRI ChIP/motif
M3_sensitivity	PPFIA2	member	INCLUDED_sensitivity	PRE-FROZEN SENSITIVITY (DoRothEA A/B + CollecTRI ChIP/motif), not primary		DoRothEA A/B + CollecTRI ChIP/motif
M3_sensitivity	PPFIBP2	member	INCLUDED_sensitivity	PRE-FROZEN SENSITIVITY (DoRothEA A/B + CollecTRI ChIP/motif), not primary		DoRothEA A/B + CollecTRI ChIP/motif
M3_sensitivity	PPM1H	member	INCLUDED_sensitivity	PRE-FROZEN SENSITIVITY (DoRothEA A/B + CollecTRI ChIP/motif), not primary		DoRothEA A/B + CollecTRI ChIP/motif
M3_sensitivity	PPP1R15A	member	INCLUDED_sensitivity	PRE-FROZEN SENSITIVITY (DoRothEA A/B + CollecTRI ChIP/motif), not primary		DoRothEA A/B + CollecTRI ChIP/motif
M3_sensitivity	PPP1R3C	member	INCLUDED_sensitivity	PRE-FROZEN SENSITIVITY (DoRothEA A/B + CollecTRI ChIP/motif), not primary		DoRothEA A/B + CollecTRI ChIP/motif
M3_sensitivity	PPP3CA	member	INCLUDED_sensitivity	PRE-FROZEN SENSITIVITY (DoRothEA A/B + CollecTRI ChIP/motif), not primary		DoRothEA A/B + CollecTRI ChIP/motif
M3_sensitivity	PRAME	member	INCLUDED_sensitivity	PRE-FROZEN SENSITIVITY (DoRothEA A/B + CollecTRI ChIP/motif), not primary		DoRothEA A/B + CollecTRI ChIP/motif
M3_sensitivity	PREX1	member	INCLUDED_sensitivity	PRE-FROZEN SENSITIVITY (DoRothEA A/B + CollecTRI ChIP/motif), not primary		DoRothEA A/B + CollecTRI ChIP/motif
M3_sensitivity	PRICKLE2	member	INCLUDED_sensitivity	PRE-FROZEN SENSITIVITY (DoRothEA A/B + CollecTRI ChIP/motif), not primary		DoRothEA A/B + CollecTRI ChIP/motif
M3_sensitivity	PRKAG2	member	INCLUDED_sensitivity	PRE-FROZEN SENSITIVITY (DoRothEA A/B + CollecTRI ChIP/motif), not primary		DoRothEA A/B + CollecTRI ChIP/motif
M3_sensitivity	PRKAR2B	member	INCLUDED_sensitivity	PRE-FROZEN SENSITIVITY (DoRothEA A/B + CollecTRI ChIP/motif), not primary		DoRothEA A/B + CollecTRI ChIP/motif
M3_sensitivity	PRKCE	member	INCLUDED_sensitivity	PRE-FROZEN SENSITIVITY (DoRothEA A/B + CollecTRI ChIP/motif), not primary		DoRothEA A/B + CollecTRI ChIP/motif
M3_sensitivity	PRKCH	member	INCLUDED_sensitivity	PRE-FROZEN SENSITIVITY (DoRothEA A/B + CollecTRI ChIP/motif), not primary		DoRothEA A/B + CollecTRI ChIP/motif
M3_sensitivity	PRKCQ	member	INCLUDED_sensitivity	PRE-FROZEN SENSITIVITY (DoRothEA A/B + CollecTRI ChIP/motif), not primary		DoRothEA A/B + CollecTRI ChIP/motif
M3_sensitivity	PRKD1	member	INCLUDED_sensitivity	PRE-FROZEN SENSITIVITY (DoRothEA A/B + CollecTRI ChIP/motif), not primary		DoRothEA A/B + CollecTRI ChIP/motif
M3_sensitivity	PRKN	member	INCLUDED_sensitivity	PRE-FROZEN SENSITIVITY (DoRothEA A/B + CollecTRI ChIP/motif), not primary		DoRothEA A/B + CollecTRI ChIP/motif
M3_sensitivity	PRLR	member	INCLUDED_sensitivity	PRE-FROZEN SENSITIVITY (DoRothEA A/B + CollecTRI ChIP/motif), not primary		DoRothEA A/B + CollecTRI ChIP/motif
M3_sensitivity	PRUNE2	member	INCLUDED_sensitivity	PRE-FROZEN SENSITIVITY (DoRothEA A/B + CollecTRI ChIP/motif), not primary		DoRothEA A/B + CollecTRI ChIP/motif
M3_sensitivity	PSD3	member	INCLUDED_sensitivity	PRE-FROZEN SENSITIVITY (DoRothEA A/B + CollecTRI ChIP/motif), not primary		DoRothEA A/B + CollecTRI ChIP/motif
M3_sensitivity	PSD4	member	INCLUDED_sensitivity	PRE-FROZEN SENSITIVITY (DoRothEA A/B + CollecTRI ChIP/motif), not primary		DoRothEA A/B + CollecTRI ChIP/motif
M3_sensitivity	PTK2	member	INCLUDED_sensitivity	PRE-FROZEN SENSITIVITY (DoRothEA A/B + CollecTRI ChIP/motif), not primary		DoRothEA A/B + CollecTRI ChIP/motif
M3_sensitivity	PTK2B	member	INCLUDED_sensitivity	PRE-FROZEN SENSITIVITY (DoRothEA A/B + CollecTRI ChIP/motif), not primary		DoRothEA A/B + CollecTRI ChIP/motif
M3_sensitivity	PTPN7	member	INCLUDED_sensitivity	PRE-FROZEN SENSITIVITY (DoRothEA A/B + CollecTRI ChIP/motif), not primary		DoRothEA A/B + CollecTRI ChIP/motif
M3_sensitivity	PTPRJ	member	INCLUDED_sensitivity	PRE-FROZEN SENSITIVITY (DoRothEA A/B + CollecTRI ChIP/motif), not primary		DoRothEA A/B + CollecTRI ChIP/motif
M3_sensitivity	PTPRK	member	INCLUDED_sensitivity	PRE-FROZEN SENSITIVITY (DoRothEA A/B + CollecTRI ChIP/motif), not primary		DoRothEA A/B + CollecTRI ChIP/motif
M3_sensitivity	PTPRM	member	INCLUDED_sensitivity	PRE-FROZEN SENSITIVITY (DoRothEA A/B + CollecTRI ChIP/motif), not primary		DoRothEA A/B + CollecTRI ChIP/motif
M3_sensitivity	RAD23B	member	INCLUDED_sensitivity	PRE-FROZEN SENSITIVITY (DoRothEA A/B + CollecTRI ChIP/motif), not primary		DoRothEA A/B + CollecTRI ChIP/motif
M3_sensitivity	RAD51B	member	INCLUDED_sensitivity	PRE-FROZEN SENSITIVITY (DoRothEA A/B + CollecTRI ChIP/motif), not primary		DoRothEA A/B + CollecTRI ChIP/motif
M3_sensitivity	RAG1	member	INCLUDED_sensitivity	PRE-FROZEN SENSITIVITY (DoRothEA A/B + CollecTRI ChIP/motif), not primary		DoRothEA A/B + CollecTRI ChIP/motif
M3_sensitivity	RAG2	member	INCLUDED_sensitivity	PRE-FROZEN SENSITIVITY (DoRothEA A/B + CollecTRI ChIP/motif), not primary		DoRothEA A/B + CollecTRI ChIP/motif
M3_sensitivity	RALGAPA2	member	INCLUDED_sensitivity	PRE-FROZEN SENSITIVITY (DoRothEA A/B + CollecTRI ChIP/motif), not primary		DoRothEA A/B + CollecTRI ChIP/motif
M3_sensitivity	RAPGEF1	member	INCLUDED_sensitivity	PRE-FROZEN SENSITIVITY (DoRothEA A/B + CollecTRI ChIP/motif), not primary		DoRothEA A/B + CollecTRI ChIP/motif
M3_sensitivity	RAPGEF2	member	INCLUDED_sensitivity	PRE-FROZEN SENSITIVITY (DoRothEA A/B + CollecTRI ChIP/motif), not primary		DoRothEA A/B + CollecTRI ChIP/motif
M3_sensitivity	RAPGEF4	member	INCLUDED_sensitivity	PRE-FROZEN SENSITIVITY (DoRothEA A/B + CollecTRI ChIP/motif), not primary		DoRothEA A/B + CollecTRI ChIP/motif
M3_sensitivity	RAPGEF5	member	INCLUDED_sensitivity	PRE-FROZEN SENSITIVITY (DoRothEA A/B + CollecTRI ChIP/motif), not primary		DoRothEA A/B + CollecTRI ChIP/motif
M3_sensitivity	RARA	member	INCLUDED_sensitivity	PRE-FROZEN SENSITIVITY (DoRothEA A/B + CollecTRI ChIP/motif), not primary		DoRothEA A/B + CollecTRI ChIP/motif
M3_sensitivity	RASAL2	member	INCLUDED_sensitivity	PRE-FROZEN SENSITIVITY (DoRothEA A/B + CollecTRI ChIP/motif), not primary		DoRothEA A/B + CollecTRI ChIP/motif
M3_sensitivity	RASEF	member	INCLUDED_sensitivity	PRE-FROZEN SENSITIVITY (DoRothEA A/B + CollecTRI ChIP/motif), not primary		DoRothEA A/B + CollecTRI ChIP/motif
M3_sensitivity	RBFOX2	member	INCLUDED_sensitivity	PRE-FROZEN SENSITIVITY (DoRothEA A/B + CollecTRI ChIP/motif), not primary		DoRothEA A/B + CollecTRI ChIP/motif
M3_sensitivity	RBM47	member	INCLUDED_sensitivity	PRE-FROZEN SENSITIVITY (DoRothEA A/B + CollecTRI ChIP/motif), not primary		DoRothEA A/B + CollecTRI ChIP/motif
M3_sensitivity	RBMS1	member	INCLUDED_sensitivity	PRE-FROZEN SENSITIVITY (DoRothEA A/B + CollecTRI ChIP/motif), not primary		DoRothEA A/B + CollecTRI ChIP/motif
M3_sensitivity	RBMS3	member	INCLUDED_sensitivity	PRE-FROZEN SENSITIVITY (DoRothEA A/B + CollecTRI ChIP/motif), not primary		DoRothEA A/B + CollecTRI ChIP/motif
M3_sensitivity	RBPJ	member	INCLUDED_sensitivity	PRE-FROZEN SENSITIVITY (DoRothEA A/B + CollecTRI ChIP/motif), not primary		DoRothEA A/B + CollecTRI ChIP/motif
M3_sensitivity	RBPMS	member	INCLUDED_sensitivity	PRE-FROZEN SENSITIVITY (DoRothEA A/B + CollecTRI ChIP/motif), not primary		DoRothEA A/B + CollecTRI ChIP/motif
M3_sensitivity	RCAN3	member	INCLUDED_sensitivity	PRE-FROZEN SENSITIVITY (DoRothEA A/B + CollecTRI ChIP/motif), not primary		DoRothEA A/B + CollecTRI ChIP/motif
M3_sensitivity	RELN	member	INCLUDED_sensitivity	PRE-FROZEN SENSITIVITY (DoRothEA A/B + CollecTRI ChIP/motif), not primary		DoRothEA A/B + CollecTRI ChIP/motif
M3_sensitivity	RERE	member	INCLUDED_sensitivity	PRE-FROZEN SENSITIVITY (DoRothEA A/B + CollecTRI ChIP/motif), not primary		DoRothEA A/B + CollecTRI ChIP/motif
M3_sensitivity	RFTN1	member	INCLUDED_sensitivity	PRE-FROZEN SENSITIVITY (DoRothEA A/B + CollecTRI ChIP/motif), not primary		DoRothEA A/B + CollecTRI ChIP/motif
M3_sensitivity	RFX3	member	INCLUDED_sensitivity	PRE-FROZEN SENSITIVITY (DoRothEA A/B + CollecTRI ChIP/motif), not primary		DoRothEA A/B + CollecTRI ChIP/motif
M3_sensitivity	RGR	member	INCLUDED_sensitivity	PRE-FROZEN SENSITIVITY (DoRothEA A/B + CollecTRI ChIP/motif), not primary		DoRothEA A/B + CollecTRI ChIP/motif
M3_sensitivity	RGS6	member	INCLUDED_sensitivity	PRE-FROZEN SENSITIVITY (DoRothEA A/B + CollecTRI ChIP/motif), not primary		DoRothEA A/B + CollecTRI ChIP/motif
M3_sensitivity	RHOBTB3	member	INCLUDED_sensitivity	PRE-FROZEN SENSITIVITY (DoRothEA A/B + CollecTRI ChIP/motif), not primary		DoRothEA A/B + CollecTRI ChIP/motif
M3_sensitivity	RHOH	member	INCLUDED_sensitivity	PRE-FROZEN SENSITIVITY (DoRothEA A/B + CollecTRI ChIP/motif), not primary		DoRothEA A/B + CollecTRI ChIP/motif
M3_sensitivity	RIMS1	member	INCLUDED_sensitivity	PRE-FROZEN SENSITIVITY (DoRothEA A/B + CollecTRI ChIP/motif), not primary		DoRothEA A/B + CollecTRI ChIP/motif
M3_sensitivity	RIMS2	member	INCLUDED_sensitivity	PRE-FROZEN SENSITIVITY (DoRothEA A/B + CollecTRI ChIP/motif), not primary		DoRothEA A/B + CollecTRI ChIP/motif
M3_sensitivity	RIT2	member	INCLUDED_sensitivity	PRE-FROZEN SENSITIVITY (DoRothEA A/B + CollecTRI ChIP/motif), not primary		DoRothEA A/B + CollecTRI ChIP/motif
M3_sensitivity	RND3	member	INCLUDED_sensitivity	PRE-FROZEN SENSITIVITY (DoRothEA A/B + CollecTRI ChIP/motif), not primary		DoRothEA A/B + CollecTRI ChIP/motif
M3_sensitivity	RNF150	member	INCLUDED_sensitivity	PRE-FROZEN SENSITIVITY (DoRothEA A/B + CollecTRI ChIP/motif), not primary		DoRothEA A/B + CollecTRI ChIP/motif
M3_sensitivity	ROBO1	member	INCLUDED_sensitivity	PRE-FROZEN SENSITIVITY (DoRothEA A/B + CollecTRI ChIP/motif), not primary		DoRothEA A/B + CollecTRI ChIP/motif
M3_sensitivity	RPH3A	member	INCLUDED_sensitivity	PRE-FROZEN SENSITIVITY (DoRothEA A/B + CollecTRI ChIP/motif), not primary		DoRothEA A/B + CollecTRI ChIP/motif
M3_sensitivity	RPS6KA2	member	INCLUDED_sensitivity	PRE-FROZEN SENSITIVITY (DoRothEA A/B + CollecTRI ChIP/motif), not primary		DoRothEA A/B + CollecTRI ChIP/motif
M3_sensitivity	RTN4	member	INCLUDED_sensitivity	PRE-FROZEN SENSITIVITY (DoRothEA A/B + CollecTRI ChIP/motif), not primary		DoRothEA A/B + CollecTRI ChIP/motif
M3_sensitivity	RTTN	member	INCLUDED_sensitivity	PRE-FROZEN SENSITIVITY (DoRothEA A/B + CollecTRI ChIP/motif), not primary		DoRothEA A/B + CollecTRI ChIP/motif
M3_sensitivity	RUNX1	member	INCLUDED_sensitivity	PRE-FROZEN SENSITIVITY (DoRothEA A/B + CollecTRI ChIP/motif), not primary		DoRothEA A/B + CollecTRI ChIP/motif
M3_sensitivity	RUNX2	member	INCLUDED_sensitivity	PRE-FROZEN SENSITIVITY (DoRothEA A/B + CollecTRI ChIP/motif), not primary		DoRothEA A/B + CollecTRI ChIP/motif
M3_sensitivity	RXRA	member	INCLUDED_sensitivity	PRE-FROZEN SENSITIVITY (DoRothEA A/B + CollecTRI ChIP/motif), not primary		DoRothEA A/B + CollecTRI ChIP/motif
M3_sensitivity	RYR2	member	INCLUDED_sensitivity	PRE-FROZEN SENSITIVITY (DoRothEA A/B + CollecTRI ChIP/motif), not primary		DoRothEA A/B + CollecTRI ChIP/motif
M3_sensitivity	SALL1	member	INCLUDED_sensitivity	PRE-FROZEN SENSITIVITY (DoRothEA A/B + CollecTRI ChIP/motif), not primary		DoRothEA A/B + CollecTRI ChIP/motif
M3_sensitivity	SAMD4A	member	INCLUDED_sensitivity	PRE-FROZEN SENSITIVITY (DoRothEA A/B + CollecTRI ChIP/motif), not primary		DoRothEA A/B + CollecTRI ChIP/motif
M3_sensitivity	SASH1	member	INCLUDED_sensitivity	PRE-FROZEN SENSITIVITY (DoRothEA A/B + CollecTRI ChIP/motif), not primary		DoRothEA A/B + CollecTRI ChIP/motif
M3_sensitivity	SATB1	member	INCLUDED_sensitivity	PRE-FROZEN SENSITIVITY (DoRothEA A/B + CollecTRI ChIP/motif), not primary		DoRothEA A/B + CollecTRI ChIP/motif
M3_sensitivity	SBF2	member	INCLUDED_sensitivity	PRE-FROZEN SENSITIVITY (DoRothEA A/B + CollecTRI ChIP/motif), not primary		DoRothEA A/B + CollecTRI ChIP/motif
M3_sensitivity	SCAPER	member	INCLUDED_sensitivity	PRE-FROZEN SENSITIVITY (DoRothEA A/B + CollecTRI ChIP/motif), not primary		DoRothEA A/B + CollecTRI ChIP/motif
M3_sensitivity	SCGB1A1	member	INCLUDED_sensitivity	PRE-FROZEN SENSITIVITY (DoRothEA A/B + CollecTRI ChIP/motif), not primary		DoRothEA A/B + CollecTRI ChIP/motif
M3_sensitivity	SCMH1	member	INCLUDED_sensitivity	PRE-FROZEN SENSITIVITY (DoRothEA A/B + CollecTRI ChIP/motif), not primary		DoRothEA A/B + CollecTRI ChIP/motif
M3_sensitivity	SEC14L1	member	INCLUDED_sensitivity	PRE-FROZEN SENSITIVITY (DoRothEA A/B + CollecTRI ChIP/motif), not primary		DoRothEA A/B + CollecTRI ChIP/motif
M3_sensitivity	SEMA3A	member	INCLUDED_sensitivity	PRE-FROZEN SENSITIVITY (DoRothEA A/B + CollecTRI ChIP/motif), not primary		DoRothEA A/B + CollecTRI ChIP/motif
M3_sensitivity	SEMA3C	member	INCLUDED_sensitivity	PRE-FROZEN SENSITIVITY (DoRothEA A/B + CollecTRI ChIP/motif), not primary		DoRothEA A/B + CollecTRI ChIP/motif
M3_sensitivity	SEMA6A	member	INCLUDED_sensitivity	PRE-FROZEN SENSITIVITY (DoRothEA A/B + CollecTRI ChIP/motif), not primary		DoRothEA A/B + CollecTRI ChIP/motif
M3_sensitivity	SEPTIN7	member	INCLUDED_sensitivity	PRE-FROZEN SENSITIVITY (DoRothEA A/B + CollecTRI ChIP/motif), not primary		DoRothEA A/B + CollecTRI ChIP/motif
M3_sensitivity	SEPTIN9	member	INCLUDED_sensitivity	PRE-FROZEN SENSITIVITY (DoRothEA A/B + CollecTRI ChIP/motif), not primary		DoRothEA A/B + CollecTRI ChIP/motif
M3_sensitivity	SGK1	member	INCLUDED_sensitivity	PRE-FROZEN SENSITIVITY (DoRothEA A/B + CollecTRI ChIP/motif), not primary		DoRothEA A/B + CollecTRI ChIP/motif
M3_sensitivity	SGMS1	member	INCLUDED_sensitivity	PRE-FROZEN SENSITIVITY (DoRothEA A/B + CollecTRI ChIP/motif), not primary		DoRothEA A/B + CollecTRI ChIP/motif
M3_sensitivity	SGPL1	member	INCLUDED_sensitivity	PRE-FROZEN SENSITIVITY (DoRothEA A/B + CollecTRI ChIP/motif), not primary		DoRothEA A/B + CollecTRI ChIP/motif
M3_sensitivity	SH3KBP1	member	INCLUDED_sensitivity	PRE-FROZEN SENSITIVITY (DoRothEA A/B + CollecTRI ChIP/motif), not primary		DoRothEA A/B + CollecTRI ChIP/motif
M3_sensitivity	SH3RF1	member	INCLUDED_sensitivity	PRE-FROZEN SENSITIVITY (DoRothEA A/B + CollecTRI ChIP/motif), not primary		DoRothEA A/B + CollecTRI ChIP/motif
M3_sensitivity	SHANK2	member	INCLUDED_sensitivity	PRE-FROZEN SENSITIVITY (DoRothEA A/B + CollecTRI ChIP/motif), not primary		DoRothEA A/B + CollecTRI ChIP/motif
M3_sensitivity	SHROOM3	member	INCLUDED_sensitivity	PRE-FROZEN SENSITIVITY (DoRothEA A/B + CollecTRI ChIP/motif), not primary		DoRothEA A/B + CollecTRI ChIP/motif
M3_sensitivity	SIK3	member	INCLUDED_sensitivity	PRE-FROZEN SENSITIVITY (DoRothEA A/B + CollecTRI ChIP/motif), not primary		DoRothEA A/B + CollecTRI ChIP/motif
M3_sensitivity	SIL1	member	INCLUDED_sensitivity	PRE-FROZEN SENSITIVITY (DoRothEA A/B + CollecTRI ChIP/motif), not primary		DoRothEA A/B + CollecTRI ChIP/motif
M3_sensitivity	SIPA1L1	member	INCLUDED_sensitivity	PRE-FROZEN SENSITIVITY (DoRothEA A/B + CollecTRI ChIP/motif), not primary		DoRothEA A/B + CollecTRI ChIP/motif
M3_sensitivity	SIPA1L2	member	INCLUDED_sensitivity	PRE-FROZEN SENSITIVITY (DoRothEA A/B + CollecTRI ChIP/motif), not primary		DoRothEA A/B + CollecTRI ChIP/motif
M3_sensitivity	SIX1	member	INCLUDED_sensitivity	PRE-FROZEN SENSITIVITY (DoRothEA A/B + CollecTRI ChIP/motif), not primary		DoRothEA A/B + CollecTRI ChIP/motif
M3_sensitivity	SLC22A23	member	INCLUDED_sensitivity	PRE-FROZEN SENSITIVITY (DoRothEA A/B + CollecTRI ChIP/motif), not primary		DoRothEA A/B + CollecTRI ChIP/motif
M3_sensitivity	SLC24A3	member	INCLUDED_sensitivity	PRE-FROZEN SENSITIVITY (DoRothEA A/B + CollecTRI ChIP/motif), not primary		DoRothEA A/B + CollecTRI ChIP/motif
M3_sensitivity	SLC38A1	member	INCLUDED_sensitivity	PRE-FROZEN SENSITIVITY (DoRothEA A/B + CollecTRI ChIP/motif), not primary		DoRothEA A/B + CollecTRI ChIP/motif
M3_sensitivity	SLC44A1	member	INCLUDED_sensitivity	PRE-FROZEN SENSITIVITY (DoRothEA A/B + CollecTRI ChIP/motif), not primary		DoRothEA A/B + CollecTRI ChIP/motif
M3_sensitivity	SLC5A5	member	INCLUDED_sensitivity	PRE-FROZEN SENSITIVITY (DoRothEA A/B + CollecTRI ChIP/motif), not primary		DoRothEA A/B + CollecTRI ChIP/motif
M3_sensitivity	SLC6A6	member	INCLUDED_sensitivity	PRE-FROZEN SENSITIVITY (DoRothEA A/B + CollecTRI ChIP/motif), not primary		DoRothEA A/B + CollecTRI ChIP/motif
M3_sensitivity	SLC8A1	member	INCLUDED_sensitivity	PRE-FROZEN SENSITIVITY (DoRothEA A/B + CollecTRI ChIP/motif), not primary		DoRothEA A/B + CollecTRI ChIP/motif
M3_sensitivity	SLCO4C1	member	INCLUDED_sensitivity	PRE-FROZEN SENSITIVITY (DoRothEA A/B + CollecTRI ChIP/motif), not primary		DoRothEA A/B + CollecTRI ChIP/motif
M3_sensitivity	SLIT2	member	INCLUDED_sensitivity	PRE-FROZEN SENSITIVITY (DoRothEA A/B + CollecTRI ChIP/motif), not primary		DoRothEA A/B + CollecTRI ChIP/motif
M3_sensitivity	SLIT3	member	INCLUDED_sensitivity	PRE-FROZEN SENSITIVITY (DoRothEA A/B + CollecTRI ChIP/motif), not primary		DoRothEA A/B + CollecTRI ChIP/motif
M3_sensitivity	SLX4IP	member	INCLUDED_sensitivity	PRE-FROZEN SENSITIVITY (DoRothEA A/B + CollecTRI ChIP/motif), not primary		DoRothEA A/B + CollecTRI ChIP/motif
M3_sensitivity	SMAD3	member	INCLUDED_sensitivity	PRE-FROZEN SENSITIVITY (DoRothEA A/B + CollecTRI ChIP/motif), not primary		DoRothEA A/B + CollecTRI ChIP/motif
M3_sensitivity	SMYD3	member	INCLUDED_sensitivity	PRE-FROZEN SENSITIVITY (DoRothEA A/B + CollecTRI ChIP/motif), not primary		DoRothEA A/B + CollecTRI ChIP/motif
M3_sensitivity	SND1	member	INCLUDED_sensitivity	PRE-FROZEN SENSITIVITY (DoRothEA A/B + CollecTRI ChIP/motif), not primary		DoRothEA A/B + CollecTRI ChIP/motif
M3_sensitivity	SNX25	member	INCLUDED_sensitivity	PRE-FROZEN SENSITIVITY (DoRothEA A/B + CollecTRI ChIP/motif), not primary		DoRothEA A/B + CollecTRI ChIP/motif
M3_sensitivity	SOD1	member	INCLUDED_sensitivity	PRE-FROZEN SENSITIVITY (DoRothEA A/B + CollecTRI ChIP/motif), not primary		DoRothEA A/B + CollecTRI ChIP/motif
M3_sensitivity	SORBS1	member	INCLUDED_sensitivity	PRE-FROZEN SENSITIVITY (DoRothEA A/B + CollecTRI ChIP/motif), not primary		DoRothEA A/B + CollecTRI ChIP/motif
M3_sensitivity	SORBS2	member	INCLUDED_sensitivity	PRE-FROZEN SENSITIVITY (DoRothEA A/B + CollecTRI ChIP/motif), not primary		DoRothEA A/B + CollecTRI ChIP/motif
M3_sensitivity	SOX17	member	INCLUDED_sensitivity	PRE-FROZEN SENSITIVITY (DoRothEA A/B + CollecTRI ChIP/motif), not primary		DoRothEA A/B + CollecTRI ChIP/motif
M3_sensitivity	SOX6	member	INCLUDED_sensitivity	PRE-FROZEN SENSITIVITY (DoRothEA A/B + CollecTRI ChIP/motif), not primary		DoRothEA A/B + CollecTRI ChIP/motif
M3_sensitivity	SOX9	member	INCLUDED_sensitivity	PRE-FROZEN SENSITIVITY (DoRothEA A/B + CollecTRI ChIP/motif), not primary		DoRothEA A/B + CollecTRI ChIP/motif
M3_sensitivity	SPATS2L	member	INCLUDED_sensitivity	PRE-FROZEN SENSITIVITY (DoRothEA A/B + CollecTRI ChIP/motif), not primary		DoRothEA A/B + CollecTRI ChIP/motif
M3_sensitivity	SPECC1L	member	INCLUDED_sensitivity	PRE-FROZEN SENSITIVITY (DoRothEA A/B + CollecTRI ChIP/motif), not primary		DoRothEA A/B + CollecTRI ChIP/motif
M3_sensitivity	SPEF2	member	INCLUDED_sensitivity	PRE-FROZEN SENSITIVITY (DoRothEA A/B + CollecTRI ChIP/motif), not primary		DoRothEA A/B + CollecTRI ChIP/motif
M3_sensitivity	SPI1	member	INCLUDED_sensitivity	PRE-FROZEN SENSITIVITY (DoRothEA A/B + CollecTRI ChIP/motif), not primary		DoRothEA A/B + CollecTRI ChIP/motif
M3_sensitivity	SPIRE1	member	INCLUDED_sensitivity	PRE-FROZEN SENSITIVITY (DoRothEA A/B + CollecTRI ChIP/motif), not primary		DoRothEA A/B + CollecTRI ChIP/motif
M3_sensitivity	SPOCK1	member	INCLUDED_sensitivity	PRE-FROZEN SENSITIVITY (DoRothEA A/B + CollecTRI ChIP/motif), not primary		DoRothEA A/B + CollecTRI ChIP/motif
M3_sensitivity	SPP1	member	INCLUDED_sensitivity	PRE-FROZEN SENSITIVITY (DoRothEA A/B + CollecTRI ChIP/motif), not primary		DoRothEA A/B + CollecTRI ChIP/motif
M3_sensitivity	SPRED2	member	INCLUDED_sensitivity	PRE-FROZEN SENSITIVITY (DoRothEA A/B + CollecTRI ChIP/motif), not primary		DoRothEA A/B + CollecTRI ChIP/motif
M3_sensitivity	SPRY1	member	INCLUDED_sensitivity	PRE-FROZEN SENSITIVITY (DoRothEA A/B + CollecTRI ChIP/motif), not primary		DoRothEA A/B + CollecTRI ChIP/motif
M3_sensitivity	SPTBN1	member	INCLUDED_sensitivity	PRE-FROZEN SENSITIVITY (DoRothEA A/B + CollecTRI ChIP/motif), not primary		DoRothEA A/B + CollecTRI ChIP/motif
M3_sensitivity	SSBP2	member	INCLUDED_sensitivity	PRE-FROZEN SENSITIVITY (DoRothEA A/B + CollecTRI ChIP/motif), not primary		DoRothEA A/B + CollecTRI ChIP/motif
M3_sensitivity	SSBP3	member	INCLUDED_sensitivity	PRE-FROZEN SENSITIVITY (DoRothEA A/B + CollecTRI ChIP/motif), not primary		DoRothEA A/B + CollecTRI ChIP/motif
M3_sensitivity	SST	member	INCLUDED_sensitivity	PRE-FROZEN SENSITIVITY (DoRothEA A/B + CollecTRI ChIP/motif), not primary		DoRothEA A/B + CollecTRI ChIP/motif
M3_sensitivity	ST18	member	INCLUDED_sensitivity	PRE-FROZEN SENSITIVITY (DoRothEA A/B + CollecTRI ChIP/motif), not primary		DoRothEA A/B + CollecTRI ChIP/motif
M3_sensitivity	ST3GAL1	member	INCLUDED_sensitivity	PRE-FROZEN SENSITIVITY (DoRothEA A/B + CollecTRI ChIP/motif), not primary		DoRothEA A/B + CollecTRI ChIP/motif
M3_sensitivity	ST6GAL1	member	INCLUDED_sensitivity	PRE-FROZEN SENSITIVITY (DoRothEA A/B + CollecTRI ChIP/motif), not primary		DoRothEA A/B + CollecTRI ChIP/motif
M3_sensitivity	ST7	member	INCLUDED_sensitivity	PRE-FROZEN SENSITIVITY (DoRothEA A/B + CollecTRI ChIP/motif), not primary		DoRothEA A/B + CollecTRI ChIP/motif
M3_sensitivity	ST8SIA6	member	INCLUDED_sensitivity	PRE-FROZEN SENSITIVITY (DoRothEA A/B + CollecTRI ChIP/motif), not primary		DoRothEA A/B + CollecTRI ChIP/motif
M3_sensitivity	STARD13	member	INCLUDED_sensitivity	PRE-FROZEN SENSITIVITY (DoRothEA A/B + CollecTRI ChIP/motif), not primary		DoRothEA A/B + CollecTRI ChIP/motif
M3_sensitivity	STIM1	member	INCLUDED_sensitivity	PRE-FROZEN SENSITIVITY (DoRothEA A/B + CollecTRI ChIP/motif), not primary		DoRothEA A/B + CollecTRI ChIP/motif
M3_sensitivity	STK3	member	INCLUDED_sensitivity	PRE-FROZEN SENSITIVITY (DoRothEA A/B + CollecTRI ChIP/motif), not primary		DoRothEA A/B + CollecTRI ChIP/motif
M3_sensitivity	STK39	member	INCLUDED_sensitivity	PRE-FROZEN SENSITIVITY (DoRothEA A/B + CollecTRI ChIP/motif), not primary		DoRothEA A/B + CollecTRI ChIP/motif
M3_sensitivity	STXBP5	member	INCLUDED_sensitivity	PRE-FROZEN SENSITIVITY (DoRothEA A/B + CollecTRI ChIP/motif), not primary		DoRothEA A/B + CollecTRI ChIP/motif
M3_sensitivity	STXBP6	member	INCLUDED_sensitivity	PRE-FROZEN SENSITIVITY (DoRothEA A/B + CollecTRI ChIP/motif), not primary		DoRothEA A/B + CollecTRI ChIP/motif
M3_sensitivity	SULT2A1	member	INCLUDED_sensitivity	PRE-FROZEN SENSITIVITY (DoRothEA A/B + CollecTRI ChIP/motif), not primary		DoRothEA A/B + CollecTRI ChIP/motif
M3_sensitivity	SUMO1P1	member	INCLUDED_sensitivity	PRE-FROZEN SENSITIVITY (DoRothEA A/B + CollecTRI ChIP/motif), not primary		DoRothEA A/B + CollecTRI ChIP/motif
M3_sensitivity	SVIL	member	INCLUDED_sensitivity	PRE-FROZEN SENSITIVITY (DoRothEA A/B + CollecTRI ChIP/motif), not primary		DoRothEA A/B + CollecTRI ChIP/motif
M3_sensitivity	SYBU	member	INCLUDED_sensitivity	PRE-FROZEN SENSITIVITY (DoRothEA A/B + CollecTRI ChIP/motif), not primary		DoRothEA A/B + CollecTRI ChIP/motif
M3_sensitivity	SYNE1	member	INCLUDED_sensitivity	PRE-FROZEN SENSITIVITY (DoRothEA A/B + CollecTRI ChIP/motif), not primary		DoRothEA A/B + CollecTRI ChIP/motif
M3_sensitivity	SYNE2	member	INCLUDED_sensitivity	PRE-FROZEN SENSITIVITY (DoRothEA A/B + CollecTRI ChIP/motif), not primary		DoRothEA A/B + CollecTRI ChIP/motif
M3_sensitivity	SYNJ2	member	INCLUDED_sensitivity	PRE-FROZEN SENSITIVITY (DoRothEA A/B + CollecTRI ChIP/motif), not primary		DoRothEA A/B + CollecTRI ChIP/motif
M3_sensitivity	SYT1	member	INCLUDED_sensitivity	PRE-FROZEN SENSITIVITY (DoRothEA A/B + CollecTRI ChIP/motif), not primary		DoRothEA A/B + CollecTRI ChIP/motif
M3_sensitivity	SYTL2	member	INCLUDED_sensitivity	PRE-FROZEN SENSITIVITY (DoRothEA A/B + CollecTRI ChIP/motif), not primary		DoRothEA A/B + CollecTRI ChIP/motif
M3_sensitivity	TAC1	member	INCLUDED_sensitivity	PRE-FROZEN SENSITIVITY (DoRothEA A/B + CollecTRI ChIP/motif), not primary		DoRothEA A/B + CollecTRI ChIP/motif
M3_sensitivity	TACC1	member	INCLUDED_sensitivity	PRE-FROZEN SENSITIVITY (DoRothEA A/B + CollecTRI ChIP/motif), not primary		DoRothEA A/B + CollecTRI ChIP/motif
M3_sensitivity	TACC2	member	INCLUDED_sensitivity	PRE-FROZEN SENSITIVITY (DoRothEA A/B + CollecTRI ChIP/motif), not primary		DoRothEA A/B + CollecTRI ChIP/motif
M3_sensitivity	TAL1	member	INCLUDED_sensitivity	PRE-FROZEN SENSITIVITY (DoRothEA A/B + CollecTRI ChIP/motif), not primary		DoRothEA A/B + CollecTRI ChIP/motif
M3_sensitivity	TANC1	member	INCLUDED_sensitivity	PRE-FROZEN SENSITIVITY (DoRothEA A/B + CollecTRI ChIP/motif), not primary		DoRothEA A/B + CollecTRI ChIP/motif
M3_sensitivity	TAOK3	member	INCLUDED_sensitivity	PRE-FROZEN SENSITIVITY (DoRothEA A/B + CollecTRI ChIP/motif), not primary		DoRothEA A/B + CollecTRI ChIP/motif
M3_sensitivity	TBC1D1	member	INCLUDED_sensitivity	PRE-FROZEN SENSITIVITY (DoRothEA A/B + CollecTRI ChIP/motif), not primary		DoRothEA A/B + CollecTRI ChIP/motif
M3_sensitivity	TBC1D5	member	INCLUDED_sensitivity	PRE-FROZEN SENSITIVITY (DoRothEA A/B + CollecTRI ChIP/motif), not primary		DoRothEA A/B + CollecTRI ChIP/motif
M3_sensitivity	TBL1XR1	member	INCLUDED_sensitivity	PRE-FROZEN SENSITIVITY (DoRothEA A/B + CollecTRI ChIP/motif), not primary		DoRothEA A/B + CollecTRI ChIP/motif
M3_sensitivity	TBX18	member	INCLUDED_sensitivity	PRE-FROZEN SENSITIVITY (DoRothEA A/B + CollecTRI ChIP/motif), not primary		DoRothEA A/B + CollecTRI ChIP/motif
M3_sensitivity	TBXA2R	member	INCLUDED_sensitivity	PRE-FROZEN SENSITIVITY (DoRothEA A/B + CollecTRI ChIP/motif), not primary		DoRothEA A/B + CollecTRI ChIP/motif
M3_sensitivity	TCF12	member	INCLUDED_sensitivity	PRE-FROZEN SENSITIVITY (DoRothEA A/B + CollecTRI ChIP/motif), not primary		DoRothEA A/B + CollecTRI ChIP/motif
M3_sensitivity	TCF4	member	INCLUDED_sensitivity	PRE-FROZEN SENSITIVITY (DoRothEA A/B + CollecTRI ChIP/motif), not primary		DoRothEA A/B + CollecTRI ChIP/motif
M3_sensitivity	TCF7L2	member	INCLUDED_sensitivity	PRE-FROZEN SENSITIVITY (DoRothEA A/B + CollecTRI ChIP/motif), not primary		DoRothEA A/B + CollecTRI ChIP/motif
M3_sensitivity	TEAD1	member	INCLUDED_sensitivity	PRE-FROZEN SENSITIVITY (DoRothEA A/B + CollecTRI ChIP/motif), not primary		DoRothEA A/B + CollecTRI ChIP/motif
M3_sensitivity	TEK	member	INCLUDED_sensitivity	PRE-FROZEN SENSITIVITY (DoRothEA A/B + CollecTRI ChIP/motif), not primary		DoRothEA A/B + CollecTRI ChIP/motif
M3_sensitivity	TENM4	member	INCLUDED_sensitivity	PRE-FROZEN SENSITIVITY (DoRothEA A/B + CollecTRI ChIP/motif), not primary		DoRothEA A/B + CollecTRI ChIP/motif
M3_sensitivity	TERT	member	INCLUDED_sensitivity	PRE-FROZEN SENSITIVITY (DoRothEA A/B + CollecTRI ChIP/motif), not primary		DoRothEA A/B + CollecTRI ChIP/motif
M3_sensitivity	TET2	member	INCLUDED_sensitivity	PRE-FROZEN SENSITIVITY (DoRothEA A/B + CollecTRI ChIP/motif), not primary		DoRothEA A/B + CollecTRI ChIP/motif
M3_sensitivity	TFF1	member	INCLUDED_sensitivity	PRE-FROZEN SENSITIVITY (DoRothEA A/B + CollecTRI ChIP/motif), not primary		DoRothEA A/B + CollecTRI ChIP/motif
M3_sensitivity	TG	member	INCLUDED_sensitivity	PRE-FROZEN SENSITIVITY (DoRothEA A/B + CollecTRI ChIP/motif), not primary		DoRothEA A/B + CollecTRI ChIP/motif
M3_sensitivity	TGFB2	member	INCLUDED_sensitivity	PRE-FROZEN SENSITIVITY (DoRothEA A/B + CollecTRI ChIP/motif), not primary		DoRothEA A/B + CollecTRI ChIP/motif
M3_sensitivity	TGFBR3	member	INCLUDED_sensitivity	PRE-FROZEN SENSITIVITY (DoRothEA A/B + CollecTRI ChIP/motif), not primary		DoRothEA A/B + CollecTRI ChIP/motif
M3_sensitivity	THADA	member	INCLUDED_sensitivity	PRE-FROZEN SENSITIVITY (DoRothEA A/B + CollecTRI ChIP/motif), not primary		DoRothEA A/B + CollecTRI ChIP/motif
M3_sensitivity	THBS1	member	INCLUDED_sensitivity	PRE-FROZEN SENSITIVITY (DoRothEA A/B + CollecTRI ChIP/motif), not primary		DoRothEA A/B + CollecTRI ChIP/motif
M3_sensitivity	THSD4	member	INCLUDED_sensitivity	PRE-FROZEN SENSITIVITY (DoRothEA A/B + CollecTRI ChIP/motif), not primary		DoRothEA A/B + CollecTRI ChIP/motif
M3_sensitivity	THSD7A	member	INCLUDED_sensitivity	PRE-FROZEN SENSITIVITY (DoRothEA A/B + CollecTRI ChIP/motif), not primary		DoRothEA A/B + CollecTRI ChIP/motif
M3_sensitivity	THSD7B	member	INCLUDED_sensitivity	PRE-FROZEN SENSITIVITY (DoRothEA A/B + CollecTRI ChIP/motif), not primary		DoRothEA A/B + CollecTRI ChIP/motif
M3_sensitivity	TIAM1	member	INCLUDED_sensitivity	PRE-FROZEN SENSITIVITY (DoRothEA A/B + CollecTRI ChIP/motif), not primary		DoRothEA A/B + CollecTRI ChIP/motif
M3_sensitivity	TIAM2	member	INCLUDED_sensitivity	PRE-FROZEN SENSITIVITY (DoRothEA A/B + CollecTRI ChIP/motif), not primary		DoRothEA A/B + CollecTRI ChIP/motif
M3_sensitivity	TJP2	member	INCLUDED_sensitivity	PRE-FROZEN SENSITIVITY (DoRothEA A/B + CollecTRI ChIP/motif), not primary		DoRothEA A/B + CollecTRI ChIP/motif
M3_sensitivity	TLE1	member	INCLUDED_sensitivity	PRE-FROZEN SENSITIVITY (DoRothEA A/B + CollecTRI ChIP/motif), not primary		DoRothEA A/B + CollecTRI ChIP/motif
M3_sensitivity	TLE3	member	INCLUDED_sensitivity	PRE-FROZEN SENSITIVITY (DoRothEA A/B + CollecTRI ChIP/motif), not primary		DoRothEA A/B + CollecTRI ChIP/motif
M3_sensitivity	TLE4	member	INCLUDED_sensitivity	PRE-FROZEN SENSITIVITY (DoRothEA A/B + CollecTRI ChIP/motif), not primary		DoRothEA A/B + CollecTRI ChIP/motif
M3_sensitivity	TLK1	member	INCLUDED_sensitivity	PRE-FROZEN SENSITIVITY (DoRothEA A/B + CollecTRI ChIP/motif), not primary		DoRothEA A/B + CollecTRI ChIP/motif
M3_sensitivity	TLN2	member	INCLUDED_sensitivity	PRE-FROZEN SENSITIVITY (DoRothEA A/B + CollecTRI ChIP/motif), not primary		DoRothEA A/B + CollecTRI ChIP/motif
M3_sensitivity	TLR5	member	INCLUDED_sensitivity	PRE-FROZEN SENSITIVITY (DoRothEA A/B + CollecTRI ChIP/motif), not primary		DoRothEA A/B + CollecTRI ChIP/motif
M3_sensitivity	TMEM204	member	INCLUDED_sensitivity	PRE-FROZEN SENSITIVITY (DoRothEA A/B + CollecTRI ChIP/motif), not primary		DoRothEA A/B + CollecTRI ChIP/motif
M3_sensitivity	TMSB4X	member	INCLUDED_sensitivity	PRE-FROZEN SENSITIVITY (DoRothEA A/B + CollecTRI ChIP/motif), not primary		DoRothEA A/B + CollecTRI ChIP/motif
M3_sensitivity	TMTC2	member	INCLUDED_sensitivity	PRE-FROZEN SENSITIVITY (DoRothEA A/B + CollecTRI ChIP/motif), not primary		DoRothEA A/B + CollecTRI ChIP/motif
M3_sensitivity	TNFAIP8	member	INCLUDED_sensitivity	PRE-FROZEN SENSITIVITY (DoRothEA A/B + CollecTRI ChIP/motif), not primary		DoRothEA A/B + CollecTRI ChIP/motif
M3_sensitivity	TNFAIP8L1	member	INCLUDED_sensitivity	PRE-FROZEN SENSITIVITY (DoRothEA A/B + CollecTRI ChIP/motif), not primary		DoRothEA A/B + CollecTRI ChIP/motif
M3_sensitivity	TNIK	member	INCLUDED_sensitivity	PRE-FROZEN SENSITIVITY (DoRothEA A/B + CollecTRI ChIP/motif), not primary		DoRothEA A/B + CollecTRI ChIP/motif
M3_sensitivity	TNRC6B	member	INCLUDED_sensitivity	PRE-FROZEN SENSITIVITY (DoRothEA A/B + CollecTRI ChIP/motif), not primary		DoRothEA A/B + CollecTRI ChIP/motif
M3_sensitivity	TNS3	member	INCLUDED_sensitivity	PRE-FROZEN SENSITIVITY (DoRothEA A/B + CollecTRI ChIP/motif), not primary		DoRothEA A/B + CollecTRI ChIP/motif
M3_sensitivity	TP53	member	INCLUDED_sensitivity	PRE-FROZEN SENSITIVITY (DoRothEA A/B + CollecTRI ChIP/motif), not primary		DoRothEA A/B + CollecTRI ChIP/motif
M3_sensitivity	TP63	member	INCLUDED_sensitivity	PRE-FROZEN SENSITIVITY (DoRothEA A/B + CollecTRI ChIP/motif), not primary		DoRothEA A/B + CollecTRI ChIP/motif
M3_sensitivity	TPD52	member	INCLUDED_sensitivity	PRE-FROZEN SENSITIVITY (DoRothEA A/B + CollecTRI ChIP/motif), not primary		DoRothEA A/B + CollecTRI ChIP/motif
M3_sensitivity	TPD52L1	member	INCLUDED_sensitivity	PRE-FROZEN SENSITIVITY (DoRothEA A/B + CollecTRI ChIP/motif), not primary		DoRothEA A/B + CollecTRI ChIP/motif
M3_sensitivity	TPO	member	INCLUDED_sensitivity	PRE-FROZEN SENSITIVITY (DoRothEA A/B + CollecTRI ChIP/motif), not primary		DoRothEA A/B + CollecTRI ChIP/motif
M3_sensitivity	TPRG1	member	INCLUDED_sensitivity	PRE-FROZEN SENSITIVITY (DoRothEA A/B + CollecTRI ChIP/motif), not primary		DoRothEA A/B + CollecTRI ChIP/motif
M3_sensitivity	TRAPPC9	member	INCLUDED_sensitivity	PRE-FROZEN SENSITIVITY (DoRothEA A/B + CollecTRI ChIP/motif), not primary		DoRothEA A/B + CollecTRI ChIP/motif
M3_sensitivity	TRIM37	member	INCLUDED_sensitivity	PRE-FROZEN SENSITIVITY (DoRothEA A/B + CollecTRI ChIP/motif), not primary		DoRothEA A/B + CollecTRI ChIP/motif
M3_sensitivity	TRIO	member	INCLUDED_sensitivity	PRE-FROZEN SENSITIVITY (DoRothEA A/B + CollecTRI ChIP/motif), not primary		DoRothEA A/B + CollecTRI ChIP/motif
M3_sensitivity	TRPS1	member	INCLUDED_sensitivity	PRE-FROZEN SENSITIVITY (DoRothEA A/B + CollecTRI ChIP/motif), not primary		DoRothEA A/B + CollecTRI ChIP/motif
M3_sensitivity	TSC22D2	member	INCLUDED_sensitivity	PRE-FROZEN SENSITIVITY (DoRothEA A/B + CollecTRI ChIP/motif), not primary		DoRothEA A/B + CollecTRI ChIP/motif
M3_sensitivity	TSHR	member	INCLUDED_sensitivity	PRE-FROZEN SENSITIVITY (DoRothEA A/B + CollecTRI ChIP/motif), not primary		DoRothEA A/B + CollecTRI ChIP/motif
M3_sensitivity	TTC28	member	INCLUDED_sensitivity	PRE-FROZEN SENSITIVITY (DoRothEA A/B + CollecTRI ChIP/motif), not primary		DoRothEA A/B + CollecTRI ChIP/motif
M3_sensitivity	TTR	member	INCLUDED_sensitivity	PRE-FROZEN SENSITIVITY (DoRothEA A/B + CollecTRI ChIP/motif), not primary		DoRothEA A/B + CollecTRI ChIP/motif
M3_sensitivity	TUSC3	member	INCLUDED_sensitivity	PRE-FROZEN SENSITIVITY (DoRothEA A/B + CollecTRI ChIP/motif), not primary		DoRothEA A/B + CollecTRI ChIP/motif
M3_sensitivity	TXNRD1	member	INCLUDED_sensitivity	PRE-FROZEN SENSITIVITY (DoRothEA A/B + CollecTRI ChIP/motif), not primary		DoRothEA A/B + CollecTRI ChIP/motif
M3_sensitivity	UBE2H	member	INCLUDED_sensitivity	PRE-FROZEN SENSITIVITY (DoRothEA A/B + CollecTRI ChIP/motif), not primary		DoRothEA A/B + CollecTRI ChIP/motif
M3_sensitivity	UBE2I	member	INCLUDED_sensitivity	PRE-FROZEN SENSITIVITY (DoRothEA A/B + CollecTRI ChIP/motif), not primary		DoRothEA A/B + CollecTRI ChIP/motif
M3_sensitivity	UBR3	member	INCLUDED_sensitivity	PRE-FROZEN SENSITIVITY (DoRothEA A/B + CollecTRI ChIP/motif), not primary		DoRothEA A/B + CollecTRI ChIP/motif
M3_sensitivity	UNC5C	member	INCLUDED_sensitivity	PRE-FROZEN SENSITIVITY (DoRothEA A/B + CollecTRI ChIP/motif), not primary		DoRothEA A/B + CollecTRI ChIP/motif
M3_sensitivity	UNC5D	member	INCLUDED_sensitivity	PRE-FROZEN SENSITIVITY (DoRothEA A/B + CollecTRI ChIP/motif), not primary		DoRothEA A/B + CollecTRI ChIP/motif
M3_sensitivity	UST	member	INCLUDED_sensitivity	PRE-FROZEN SENSITIVITY (DoRothEA A/B + CollecTRI ChIP/motif), not primary		DoRothEA A/B + CollecTRI ChIP/motif
M3_sensitivity	UTRN	member	INCLUDED_sensitivity	PRE-FROZEN SENSITIVITY (DoRothEA A/B + CollecTRI ChIP/motif), not primary		DoRothEA A/B + CollecTRI ChIP/motif
M3_sensitivity	UVRAG	member	INCLUDED_sensitivity	PRE-FROZEN SENSITIVITY (DoRothEA A/B + CollecTRI ChIP/motif), not primary		DoRothEA A/B + CollecTRI ChIP/motif
M3_sensitivity	VAPB	member	INCLUDED_sensitivity	PRE-FROZEN SENSITIVITY (DoRothEA A/B + CollecTRI ChIP/motif), not primary		DoRothEA A/B + CollecTRI ChIP/motif
M3_sensitivity	VAV3	member	INCLUDED_sensitivity	PRE-FROZEN SENSITIVITY (DoRothEA A/B + CollecTRI ChIP/motif), not primary		DoRothEA A/B + CollecTRI ChIP/motif
M3_sensitivity	VDR	member	INCLUDED_sensitivity	PRE-FROZEN SENSITIVITY (DoRothEA A/B + CollecTRI ChIP/motif), not primary		DoRothEA A/B + CollecTRI ChIP/motif
M3_sensitivity	VEPH1	member	INCLUDED_sensitivity	PRE-FROZEN SENSITIVITY (DoRothEA A/B + CollecTRI ChIP/motif), not primary		DoRothEA A/B + CollecTRI ChIP/motif
M3_sensitivity	VGLL4	member	INCLUDED_sensitivity	PRE-FROZEN SENSITIVITY (DoRothEA A/B + CollecTRI ChIP/motif), not primary		DoRothEA A/B + CollecTRI ChIP/motif
M3_sensitivity	VMP1	member	INCLUDED_sensitivity	PRE-FROZEN SENSITIVITY (DoRothEA A/B + CollecTRI ChIP/motif), not primary		DoRothEA A/B + CollecTRI ChIP/motif
M3_sensitivity	VPS13A	member	INCLUDED_sensitivity	PRE-FROZEN SENSITIVITY (DoRothEA A/B + CollecTRI ChIP/motif), not primary		DoRothEA A/B + CollecTRI ChIP/motif
M3_sensitivity	VPS13B	member	INCLUDED_sensitivity	PRE-FROZEN SENSITIVITY (DoRothEA A/B + CollecTRI ChIP/motif), not primary		DoRothEA A/B + CollecTRI ChIP/motif
M3_sensitivity	VPS13D	member	INCLUDED_sensitivity	PRE-FROZEN SENSITIVITY (DoRothEA A/B + CollecTRI ChIP/motif), not primary		DoRothEA A/B + CollecTRI ChIP/motif
M3_sensitivity	VPS8	member	INCLUDED_sensitivity	PRE-FROZEN SENSITIVITY (DoRothEA A/B + CollecTRI ChIP/motif), not primary		DoRothEA A/B + CollecTRI ChIP/motif
M3_sensitivity	VWA5A	member	INCLUDED_sensitivity	PRE-FROZEN SENSITIVITY (DoRothEA A/B + CollecTRI ChIP/motif), not primary		DoRothEA A/B + CollecTRI ChIP/motif
M3_sensitivity	VWF	member	INCLUDED_sensitivity	PRE-FROZEN SENSITIVITY (DoRothEA A/B + CollecTRI ChIP/motif), not primary		DoRothEA A/B + CollecTRI ChIP/motif
M3_sensitivity	WDFY3	member	INCLUDED_sensitivity	PRE-FROZEN SENSITIVITY (DoRothEA A/B + CollecTRI ChIP/motif), not primary		DoRothEA A/B + CollecTRI ChIP/motif
M3_sensitivity	WT1	member	INCLUDED_sensitivity	PRE-FROZEN SENSITIVITY (DoRothEA A/B + CollecTRI ChIP/motif), not primary		DoRothEA A/B + CollecTRI ChIP/motif
M3_sensitivity	WTAP	member	INCLUDED_sensitivity	PRE-FROZEN SENSITIVITY (DoRothEA A/B + CollecTRI ChIP/motif), not primary		DoRothEA A/B + CollecTRI ChIP/motif
M3_sensitivity	WWC1	member	INCLUDED_sensitivity	PRE-FROZEN SENSITIVITY (DoRothEA A/B + CollecTRI ChIP/motif), not primary		DoRothEA A/B + CollecTRI ChIP/motif
M3_sensitivity	WWTR1	member	INCLUDED_sensitivity	PRE-FROZEN SENSITIVITY (DoRothEA A/B + CollecTRI ChIP/motif), not primary		DoRothEA A/B + CollecTRI ChIP/motif
M3_sensitivity	XKR3	member	INCLUDED_sensitivity	PRE-FROZEN SENSITIVITY (DoRothEA A/B + CollecTRI ChIP/motif), not primary		DoRothEA A/B + CollecTRI ChIP/motif
M3_sensitivity	XXYLT1	member	INCLUDED_sensitivity	PRE-FROZEN SENSITIVITY (DoRothEA A/B + CollecTRI ChIP/motif), not primary		DoRothEA A/B + CollecTRI ChIP/motif
M3_sensitivity	XYLT1	member	INCLUDED_sensitivity	PRE-FROZEN SENSITIVITY (DoRothEA A/B + CollecTRI ChIP/motif), not primary		DoRothEA A/B + CollecTRI ChIP/motif
M3_sensitivity	ZBTB16	member	INCLUDED_sensitivity	PRE-FROZEN SENSITIVITY (DoRothEA A/B + CollecTRI ChIP/motif), not primary		DoRothEA A/B + CollecTRI ChIP/motif
M3_sensitivity	ZBTB20	member	INCLUDED_sensitivity	PRE-FROZEN SENSITIVITY (DoRothEA A/B + CollecTRI ChIP/motif), not primary		DoRothEA A/B + CollecTRI ChIP/motif
M3_sensitivity	ZBTB7C	member	INCLUDED_sensitivity	PRE-FROZEN SENSITIVITY (DoRothEA A/B + CollecTRI ChIP/motif), not primary		DoRothEA A/B + CollecTRI ChIP/motif
M3_sensitivity	ZEB1	member	INCLUDED_sensitivity	PRE-FROZEN SENSITIVITY (DoRothEA A/B + CollecTRI ChIP/motif), not primary		DoRothEA A/B + CollecTRI ChIP/motif
M3_sensitivity	ZEB2	member	INCLUDED_sensitivity	PRE-FROZEN SENSITIVITY (DoRothEA A/B + CollecTRI ChIP/motif), not primary		DoRothEA A/B + CollecTRI ChIP/motif
M3_sensitivity	ZFAND3	member	INCLUDED_sensitivity	PRE-FROZEN SENSITIVITY (DoRothEA A/B + CollecTRI ChIP/motif), not primary		DoRothEA A/B + CollecTRI ChIP/motif
M3_sensitivity	ZFPM2	member	INCLUDED_sensitivity	PRE-FROZEN SENSITIVITY (DoRothEA A/B + CollecTRI ChIP/motif), not primary		DoRothEA A/B + CollecTRI ChIP/motif
M3_sensitivity	ZMIZ1	member	INCLUDED_sensitivity	PRE-FROZEN SENSITIVITY (DoRothEA A/B + CollecTRI ChIP/motif), not primary		DoRothEA A/B + CollecTRI ChIP/motif
M3_sensitivity	ZMYND8	member	INCLUDED_sensitivity	PRE-FROZEN SENSITIVITY (DoRothEA A/B + CollecTRI ChIP/motif), not primary		DoRothEA A/B + CollecTRI ChIP/motif
M3_sensitivity	ZNF217	member	INCLUDED_sensitivity	PRE-FROZEN SENSITIVITY (DoRothEA A/B + CollecTRI ChIP/motif), not primary		DoRothEA A/B + CollecTRI ChIP/motif
M3_sensitivity	ZNF365	member	INCLUDED_sensitivity	PRE-FROZEN SENSITIVITY (DoRothEA A/B + CollecTRI ChIP/motif), not primary		DoRothEA A/B + CollecTRI ChIP/motif
M3_sensitivity	ZNF385D	member	INCLUDED_sensitivity	PRE-FROZEN SENSITIVITY (DoRothEA A/B + CollecTRI ChIP/motif), not primary		DoRothEA A/B + CollecTRI ChIP/motif
M3_sensitivity	ZNF407	member	INCLUDED_sensitivity	PRE-FROZEN SENSITIVITY (DoRothEA A/B + CollecTRI ChIP/motif), not primary		DoRothEA A/B + CollecTRI ChIP/motif
M3_sensitivity	ZNF462	member	INCLUDED_sensitivity	PRE-FROZEN SENSITIVITY (DoRothEA A/B + CollecTRI ChIP/motif), not primary		DoRothEA A/B + CollecTRI ChIP/motif
M3_sensitivity	ZNF507	member	INCLUDED_sensitivity	PRE-FROZEN SENSITIVITY (DoRothEA A/B + CollecTRI ChIP/motif), not primary		DoRothEA A/B + CollecTRI ChIP/motif
M3_sensitivity	ZNF608	member	INCLUDED_sensitivity	PRE-FROZEN SENSITIVITY (DoRothEA A/B + CollecTRI ChIP/motif), not primary		DoRothEA A/B + CollecTRI ChIP/motif
M3_sensitivity	ZNRF1	member	INCLUDED_sensitivity	PRE-FROZEN SENSITIVITY (DoRothEA A/B + CollecTRI ChIP/motif), not primary		DoRothEA A/B + CollecTRI ChIP/motif
M3_sensitivity	ZPLD1	member	INCLUDED_sensitivity	PRE-FROZEN SENSITIVITY (DoRothEA A/B + CollecTRI ChIP/motif), not primary		DoRothEA A/B + CollecTRI ChIP/motif
M3_sensitivity	ZXDC	member	INCLUDED_sensitivity	PRE-FROZEN SENSITIVITY (DoRothEA A/B + CollecTRI ChIP/motif), not primary		DoRothEA A/B + CollecTRI ChIP/motif
M4	MKI67	member	INCLUDED_covariate	COVARIATE-ONLY proliferation/progenitor control, not a developmental claim		literature-standard cell-cycle seed
M4	PCNA	member	INCLUDED_covariate	COVARIATE-ONLY proliferation/progenitor control, not a developmental claim		literature-standard cell-cycle seed
M4	E2F1	member	INCLUDED_covariate	COVARIATE-ONLY proliferation/progenitor control, not a developmental claim		literature-standard cell-cycle seed
M4	MCM2	member	INCLUDED_covariate	COVARIATE-ONLY proliferation/progenitor control, not a developmental claim		literature-standard cell-cycle seed
M4	MCM3	member	INCLUDED_covariate	COVARIATE-ONLY proliferation/progenitor control, not a developmental claim		literature-standard cell-cycle seed
M4	MCM4	member	INCLUDED_covariate	COVARIATE-ONLY proliferation/progenitor control, not a developmental claim		literature-standard cell-cycle seed
M4	MCM5	member	INCLUDED_covariate	COVARIATE-ONLY proliferation/progenitor control, not a developmental claim		literature-standard cell-cycle seed
M4	MCM6	member	INCLUDED_covariate	COVARIATE-ONLY proliferation/progenitor control, not a developmental claim		literature-standard cell-cycle seed
M4	MCM7	member	INCLUDED_covariate	COVARIATE-ONLY proliferation/progenitor control, not a developmental claim		literature-standard cell-cycle seed
M4	CCNB1	member	INCLUDED_covariate	COVARIATE-ONLY proliferation/progenitor control, not a developmental claim		literature-standard cell-cycle seed
M4	CCNB2	member	INCLUDED_covariate	COVARIATE-ONLY proliferation/progenitor control, not a developmental claim		literature-standard cell-cycle seed
M4	CCNE1	member	INCLUDED_covariate	COVARIATE-ONLY proliferation/progenitor control, not a developmental claim		literature-standard cell-cycle seed
M4	CCNA2	member	INCLUDED_covariate	COVARIATE-ONLY proliferation/progenitor control, not a developmental claim		literature-standard cell-cycle seed
M4	CDK1	member	INCLUDED_covariate	COVARIATE-ONLY proliferation/progenitor control, not a developmental claim		literature-standard cell-cycle seed
M4	CDC20	member	INCLUDED_covariate	COVARIATE-ONLY proliferation/progenitor control, not a developmental claim		literature-standard cell-cycle seed
M4	BUB1	member	INCLUDED_covariate	COVARIATE-ONLY proliferation/progenitor control, not a developmental claim		literature-standard cell-cycle seed
M4	AURKA	member	INCLUDED_covariate	COVARIATE-ONLY proliferation/progenitor control, not a developmental claim		literature-standard cell-cycle seed
M4	AURKB	member	INCLUDED_covariate	COVARIATE-ONLY proliferation/progenitor control, not a developmental claim		literature-standard cell-cycle seed
M4	TOP2A	member	INCLUDED_covariate	COVARIATE-ONLY proliferation/progenitor control, not a developmental claim		literature-standard cell-cycle seed
M4	BIRC5	member	INCLUDED_covariate	COVARIATE-ONLY proliferation/progenitor control, not a developmental claim		literature-standard cell-cycle seed
M4	FOXM1	member	INCLUDED_covariate	COVARIATE-ONLY proliferation/progenitor control, not a developmental claim		literature-standard cell-cycle seed
M4	UBE2C	member	INCLUDED_covariate	COVARIATE-ONLY proliferation/progenitor control, not a developmental claim		literature-standard cell-cycle seed
M4	TYMS	member	INCLUDED_covariate	COVARIATE-ONLY proliferation/progenitor control, not a developmental claim		literature-standard cell-cycle seed
M4	RRM2	member	INCLUDED_covariate	COVARIATE-ONLY proliferation/progenitor control, not a developmental claim		literature-standard cell-cycle seed
M4	CENPA	member	INCLUDED_covariate	COVARIATE-ONLY proliferation/progenitor control, not a developmental claim		literature-standard cell-cycle seed
M4	CENPE	member	INCLUDED_covariate	COVARIATE-ONLY proliferation/progenitor control, not a developmental claim		literature-standard cell-cycle seed
M4	PLK1	member	INCLUDED_covariate	COVARIATE-ONLY proliferation/progenitor control, not a developmental claim		literature-standard cell-cycle seed
M4	KIF11	member	INCLUDED_covariate	COVARIATE-ONLY proliferation/progenitor control, not a developmental claim		literature-standard cell-cycle seed
M4	NUSAP1	member	INCLUDED_covariate	COVARIATE-ONLY proliferation/progenitor control, not a developmental claim		literature-standard cell-cycle seed
M4	TPX2	member	INCLUDED_covariate	COVARIATE-ONLY proliferation/progenitor control, not a developmental claim		literature-standard cell-cycle seed
