target	config	contrast	locked_direction	dropped_gene	dropped_edge_count	dropped_edge_weights	dropped_edge_signs	remaining_edges	n	b	residual_sd	d	direction_pass	floor_pass	deterministic_gate_pass	bootstrap_step_id	bootstrap_seed	permutation_step_id	permutation_seed	target_config_all_deletions_point_pass
GATA2	PRIMARY	C2	negative	ADCYAP1	1	1.0	1	74	506	-4.4322939988898966	7.8427029464620901	-0.56514877959126864	True	True	True	loo_boot__PRIMARY__M3_GATA2__drop_ADCYAP1	3580817333	loo_perm__PRIMARY__M3_GATA2__drop_ADCYAP1	2104250361	False
GATA2	PRIMARY	C2	negative	ADH1A	1	1.0	1	74	506	-4.5881540132683938	7.796625613116273	-0.58847945777333932	True	True	True	loo_boot__PRIMARY__M3_GATA2__drop_ADH1A	2322531546	loo_perm__PRIMARY__M3_GATA2__drop_ADH1A	3359599552	False
GATA2	PRIMARY	C2	negative	ADH1C	1	1.0	1	74	506	-4.5398927366248643	7.6768483301071573	-0.59137455130124916	True	True	True	loo_boot__PRIMARY__M3_GATA2__drop_ADH1C	1816178939	loo_perm__PRIMARY__M3_GATA2__drop_ADH1C	1779380547	False
GATA2	PRIMARY	C2	negative	ANGPT2	1	1.0	1	74	506	-4.2559282661073468	7.7370567658970693	-0.55007070451730045	True	True	True	loo_boot__PRIMARY__M3_GATA2__drop_ANGPT2	820385388	loo_perm__PRIMARY__M3_GATA2__drop_ANGPT2	3619222968	False
GATA2	PRIMARY	C2	negative	AQP2	1	1.0	1	74	506	-5.1560907358331747	7.704964833568126	-0.66919069031563871	True	True	True	loo_boot__PRIMARY__M3_GATA2__drop_AQP2	1516899100	loo_perm__PRIMARY__M3_GATA2__drop_AQP2	2031774716	False
GATA2	PRIMARY	C2	negative	AR	1	1.0	1	74	506	-5.0933406697249595	7.6042315785805403	-0.66980346627945786	True	True	True	loo_boot__PRIMARY__M3_GATA2__drop_AR	2328362656	loo_perm__PRIMARY__M3_GATA2__drop_AR	845580949	False
GATA2	PRIMARY	C2	negative	ARRDC4	1	1.0	1	74	506	-4.5018144662652944	7.65850511226395	-0.58781895425731479	True	True	True	loo_boot__PRIMARY__M3_GATA2__drop_ARRDC4	3831272567	loo_perm__PRIMARY__M3_GATA2__drop_ARRDC4	1480246568	False
GATA2	PRIMARY	C2	negative	AZGP1	1	1.0	-1	74	506	-4.9473893819377111	7.7272548094890512	-0.64025187520182825	True	True	True	loo_boot__PRIMARY__M3_GATA2__drop_AZGP1	1012868950	loo_perm__PRIMARY__M3_GATA2__drop_AZGP1	64558888	False
GATA2	PRIMARY	C2	negative	BHLHA15	1	1.0	1	74	506	-4.0490920931845338	7.7725408695994309	-0.52094831807467989	True	True	True	loo_boot__PRIMARY__M3_GATA2__drop_BHLHA15	581311586	loo_perm__PRIMARY__M3_GATA2__drop_BHLHA15	588812009	False
GATA2	PRIMARY	C2	negative	BMP4	1	1.0	1	74	506	-4.4369147435677547	7.7545442210428881	-0.57216963590557046	True	True	True	loo_boot__PRIMARY__M3_GATA2__drop_BMP4	3790021586	loo_perm__PRIMARY__M3_GATA2__drop_BMP4	3444388407	False
GATA2	PRIMARY	C2	negative	CACNA1S	1	1.0	1	74	506	-4.3032286036446692	7.8574775050062433	-0.54766031476424193	True	True	True	loo_boot__PRIMARY__M3_GATA2__drop_CACNA1S	2646527145	loo_perm__PRIMARY__M3_GATA2__drop_CACNA1S	2350378642	False
GATA2	PRIMARY	C2	negative	CASP3	1	1.0	1	74	506	-4.4313056820434511	7.7065449359043576	-0.57500549453727934	True	True	True	loo_boot__PRIMARY__M3_GATA2__drop_CASP3	833627876	loo_perm__PRIMARY__M3_GATA2__drop_CASP3	2627201834	False
GATA2	PRIMARY	C2	negative	CCRL2	1	1.0	1	74	506	-4.7492055481946167	7.8425778774540635	-0.605566896804135	True	True	True	loo_boot__PRIMARY__M3_GATA2__drop_CCRL2	2455816641	loo_perm__PRIMARY__M3_GATA2__drop_CCRL2	1908811059	False
GATA2	PRIMARY	C2	negative	CDX2	1	1.0	1	74	506	-4.5505357224326914	7.7975869372015634	-0.58358255689622496	True	True	True	loo_boot__PRIMARY__M3_GATA2__drop_CDX2	3158315003	loo_perm__PRIMARY__M3_GATA2__drop_CDX2	3428085556	False
GATA2	PRIMARY	C2	negative	CEBPA	1	1.0	-1	74	506	-4.8525710166686622	7.5981590319202761	-0.63865088849585139	True	True	True	loo_boot__PRIMARY__M3_GATA2__drop_CEBPA	3469494130	loo_perm__PRIMARY__M3_GATA2__drop_CEBPA	962682962	False
GATA2	PRIMARY	C2	negative	CGA	1	1.0	1	74	506	-4.2185493221423584	7.7879958014516921	-0.54167329178015422	True	True	True	loo_boot__PRIMARY__M3_GATA2__drop_CGA	1054418337	loo_perm__PRIMARY__M3_GATA2__drop_CGA	652952567	False
GATA2	PRIMARY	C2	negative	CHST2	1	1.0	1	74	506	-4.9779939344804447	7.7764437873050687	-0.64013758353232708	True	True	True	loo_boot__PRIMARY__M3_GATA2__drop_CHST2	4269642859	loo_perm__PRIMARY__M3_GATA2__drop_CHST2	4169378676	False
GATA2	PRIMARY	C2	negative	COP1	1	1.0	1	74	506	-4.5850967677172534	7.6163260481009676	-0.60200899209934533	True	True	True	loo_boot__PRIMARY__M3_GATA2__drop_COP1	2294734793	loo_perm__PRIMARY__M3_GATA2__drop_COP1	1157783285	False
GATA2	PRIMARY	C2	negative	CPA3	1	1.0	1	74	506	-4.6382953413499735	7.7546692159836068	-0.5981293607971967	True	True	True	loo_boot__PRIMARY__M3_GATA2__drop_CPA3	2680814717	loo_perm__PRIMARY__M3_GATA2__drop_CPA3	3759956012	False
GATA2	PRIMARY	C2	negative	CSF2	1	1.0	1	74	506	-4.8224448481058531	7.7712018505304847	-0.62055328646194652	True	True	True	loo_boot__PRIMARY__M3_GATA2__drop_CSF2	4214562944	loo_perm__PRIMARY__M3_GATA2__drop_CSF2	1170956433	False
GATA2	PRIMARY	C2	negative	CYBB	1	1.0	-1	74	506	-4.7484572151818867	7.6353721099197163	-0.62190252771214516	True	True	True	loo_boot__PRIMARY__M3_GATA2__drop_CYBB	3119967168	loo_perm__PRIMARY__M3_GATA2__drop_CYBB	286605278	False
GATA2	PRIMARY	C2	negative	CYP19A1	1	1.0	1	74	506	-4.4031944314504514	7.7996771541869032	-0.56453547299541695	True	True	True	loo_boot__PRIMARY__M3_GATA2__drop_CYP19A1	3616036835	loo_perm__PRIMARY__M3_GATA2__drop_CYP19A1	2776523203	False
GATA2	PRIMARY	C2	negative	CYP2C19	1	1.0	1	74	506	-4.885327828895548	7.8360170681805901	-0.62344527664867	True	True	True	loo_boot__PRIMARY__M3_GATA2__drop_CYP2C19	4140860062	loo_perm__PRIMARY__M3_GATA2__drop_CYP2C19	3364421488	False
GATA2	PRIMARY	C2	negative	CYP2C9	1	1.0	1	74	506	-4.8381964463486113	7.7828824345422349	-0.62164583456581268	True	True	True	loo_boot__PRIMARY__M3_GATA2__drop_CYP2C9	1797892125	loo_perm__PRIMARY__M3_GATA2__drop_CYP2C9	661023494	False
GATA2	PRIMARY	C2	negative	DIO2	1	1.0	1	74	506	-4.785011645198523	7.684617012734992	-0.62267405613952831	True	True	True	loo_boot__PRIMARY__M3_GATA2__drop_DIO2	3714561280	loo_perm__PRIMARY__M3_GATA2__drop_DIO2	3766188893	False
GATA2	PRIMARY	C2	negative	DPYSL2	1	1.0	1	74	506	-4.4425404203902374	7.7474523022586483	-0.57341952516378636	True	True	True	loo_boot__PRIMARY__M3_GATA2__drop_DPYSL2	2501691624	loo_perm__PRIMARY__M3_GATA2__drop_DPYSL2	3321048194	False
GATA2	PRIMARY	C2	negative	EDN1	1	1.0	1	74	506	-4.3788526413222826	7.7006487776656511	-0.56863424988584832	True	True	True	loo_boot__PRIMARY__M3_GATA2__drop_EDN1	3353270948	loo_perm__PRIMARY__M3_GATA2__drop_EDN1	2365828136	False
GATA2	PRIMARY	C2	negative	EDNRB	1	1.0	1	74	506	-4.4226777602885079	7.6788177878969757	-0.5759581595046237	True	True	True	loo_boot__PRIMARY__M3_GATA2__drop_EDNRB	1301779193	loo_perm__PRIMARY__M3_GATA2__drop_EDNRB	4205114545	False
GATA2	PRIMARY	C2	negative	EGFL7	1	1.0	1	74	506	-5.1076510212480812	7.7278132998195712	-0.66094389487480687	True	True	True	loo_boot__PRIMARY__M3_GATA2__drop_EGFL7	1946841899	loo_perm__PRIMARY__M3_GATA2__drop_EGFL7	2896610151	False
GATA2	PRIMARY	C2	negative	EMCN	1	1.0	1	74	506	-5.0095529940134469	7.6975442158526537	-0.6507988591603745	True	True	True	loo_boot__PRIMARY__M3_GATA2__drop_EMCN	3326609855	loo_perm__PRIMARY__M3_GATA2__drop_EMCN	4146661830	False
GATA2	PRIMARY	C2	negative	EPO	1	1.0	-1	74	506	-4.2137087388527874	7.8304782671023139	-0.53811639533635791	True	True	True	loo_boot__PRIMARY__M3_GATA2__drop_EPO	2907495831	loo_perm__PRIMARY__M3_GATA2__drop_EPO	1646527818	False
GATA2	PRIMARY	C2	negative	ERVW-1	1	1.0	1	74	506	-4.2563228434415663	7.8468521286649162	-0.54242424524517552	True	True	True	loo_boot__PRIMARY__M3_GATA2__drop_ERVW-1	3876840658	loo_perm__PRIMARY__M3_GATA2__drop_ERVW-1	698504610	False
GATA2	PRIMARY	C2	negative	FCER1A	1	1.0	1	74	506	-4.0613464742785652	7.7931875222613849	-0.5211406068027048	True	True	True	loo_boot__PRIMARY__M3_GATA2__drop_FCER1A	3814968709	loo_perm__PRIMARY__M3_GATA2__drop_FCER1A	2162483124	False
GATA2	PRIMARY	C2	negative	FCER1G	1	1.0	1	74	506	-4.978600365552893	7.8415302535294922	-0.63490163330199645	True	True	True	loo_boot__PRIMARY__M3_GATA2__drop_FCER1G	4067146328	loo_perm__PRIMARY__M3_GATA2__drop_FCER1G	3972241679	False
GATA2	PRIMARY	C2	negative	GFI1	1	1.0	1	74	506	-4.9479464963968667	7.8115611070940298	-0.63341327406418346	True	True	True	loo_boot__PRIMARY__M3_GATA2__drop_GFI1	3094934719	loo_perm__PRIMARY__M3_GATA2__drop_GFI1	2488878622	False
GATA2	PRIMARY	C2	negative	GFI1B	1	1.0	1	74	506	-4.3670837489748209	7.8609247959042143	-0.5555432550697097	True	True	True	loo_boot__PRIMARY__M3_GATA2__drop_GFI1B	1962048980	loo_perm__PRIMARY__M3_GATA2__drop_GFI1B	3467069754	False
GATA2	PRIMARY	C2	negative	GPR146	1	1.0	1	74	506	-4.4925119287129576	7.7442605416874279	-0.58010857260415283	True	True	True	loo_boot__PRIMARY__M3_GATA2__drop_GPR146	259725374	loo_perm__PRIMARY__M3_GATA2__drop_GPR146	1826535360	False
GATA2	PRIMARY	C2	negative	HBE1	1	1.0	1	74	506	-4.3616307516265351	7.8764588463614027	-0.55375528987133948	True	True	True	loo_boot__PRIMARY__M3_GATA2__drop_HBE1	458616629	loo_perm__PRIMARY__M3_GATA2__drop_HBE1	2140318731	False
GATA2	PRIMARY	C2	negative	HCRTR2	1	1.0	1	74	506	-4.4204839516508869	7.8210064425493657	-0.56520653500573881	True	True	True	loo_boot__PRIMARY__M3_GATA2__drop_HCRTR2	3245071724	loo_perm__PRIMARY__M3_GATA2__drop_HCRTR2	3250011357	False
GATA2	PRIMARY	C2	negative	HHEX	1	1.0	1	74	506	-4.5575812451433677	7.7649303254145714	-0.5869442550213787	True	True	True	loo_boot__PRIMARY__M3_GATA2__drop_HHEX	2997784559	loo_perm__PRIMARY__M3_GATA2__drop_HHEX	1319136759	False
GATA2	PRIMARY	C2	negative	HSD17B1	1	1.0	-1	74	506	-4.161244768819472	7.7171714660073967	-0.53921890774993486	True	True	True	loo_boot__PRIMARY__M3_GATA2__drop_HSD17B1	1840448305	loo_perm__PRIMARY__M3_GATA2__drop_HSD17B1	2002359155	False
GATA2	PRIMARY	C2	negative	HTR5A	1	1.0	1	74	506	-4.4218060061158084	7.8689151993686153	-0.56193336617359968	True	True	True	loo_boot__PRIMARY__M3_GATA2__drop_HTR5A	559430636	loo_perm__PRIMARY__M3_GATA2__drop_HTR5A	2889221047	False
GATA2	PRIMARY	C2	negative	IL13	1	1.0	-1	74	506	-3.9873627822248423	7.7821882921635552	-0.51237038125124834	True	True	True	loo_boot__PRIMARY__M3_GATA2__drop_IL13	2749153477	loo_perm__PRIMARY__M3_GATA2__drop_IL13	4240661064	False
GATA2	PRIMARY	C2	negative	IL1RL1	1	1.0	1	74	506	-4.2198909560621374	7.7936012781910993	-0.54145584376643618	True	True	True	loo_boot__PRIMARY__M3_GATA2__drop_IL1RL1	270915094	loo_perm__PRIMARY__M3_GATA2__drop_IL1RL1	2755590803	False
GATA2	PRIMARY	C2	negative	IL4	1	1.0	1	74	506	-5.0591926790359167	7.7743127951536977	-0.65075754119253915	True	True	True	loo_boot__PRIMARY__M3_GATA2__drop_IL4	2264762277	loo_perm__PRIMARY__M3_GATA2__drop_IL4	700471303	False
GATA2	PRIMARY	C2	negative	IL5	1	1.0	1	74	506	-4.9588060823810594	7.7785471888407764	-0.63749771801796595	True	True	True	loo_boot__PRIMARY__M3_GATA2__drop_IL5	4082711447	loo_perm__PRIMARY__M3_GATA2__drop_IL5	3260567342	False
GATA2	PRIMARY	C2	negative	KDR	1	1.0	1	74	506	-4.1859731387758714	7.6906114420519565	-0.5442965322480261	True	True	True	loo_boot__PRIMARY__M3_GATA2__drop_KDR	525247508	loo_perm__PRIMARY__M3_GATA2__drop_KDR	1544927808	False
GATA2	PRIMARY	C2	negative	KIT	1	1.0	1	74	506	-4.0073383227917105	7.7316325541184483	-0.51830429016664803	True	True	True	loo_boot__PRIMARY__M3_GATA2__drop_KIT	2384643893	loo_perm__PRIMARY__M3_GATA2__drop_KIT	1803136361	False
GATA2	PRIMARY	C2	negative	KLF1	1	1.0	1	74	506	-4.9313670589421008	7.7031965976157819	-0.64017151794729077	True	True	True	loo_boot__PRIMARY__M3_GATA2__drop_KLF1	2959586848	loo_perm__PRIMARY__M3_GATA2__drop_KLF1	1743484728	False
GATA2	PRIMARY	C2	negative	LYL1	1	1.0	1	74	506	-4.5916866417507833	7.8100615998203642	-0.58791938873521754	True	True	True	loo_boot__PRIMARY__M3_GATA2__drop_LYL1	287984976	loo_perm__PRIMARY__M3_GATA2__drop_LYL1	1086996698	False
GATA2	PRIMARY	C2	negative	MBP	1	1.0	-1	74	506	-4.8437821879723373	7.74497316456163	-0.62540980905341825	True	True	True	loo_boot__PRIMARY__M3_GATA2__drop_MBP	1688119297	loo_perm__PRIMARY__M3_GATA2__drop_MBP	1975677679	False
GATA2	PRIMARY	C2	negative	MICA	1	1.0	1	74	506	-4.3873078734177113	7.7386154423090039	-0.56693705820180307	True	True	True	loo_boot__PRIMARY__M3_GATA2__drop_MICA	78672486	loo_perm__PRIMARY__M3_GATA2__drop_MICA	415339675	False
GATA2	PRIMARY	C2	negative	MICB	1	1.0	1	74	506	-4.37925426960782	7.7426572615876799	-0.56560094572878283	True	True	True	loo_boot__PRIMARY__M3_GATA2__drop_MICB	3057886973	loo_perm__PRIMARY__M3_GATA2__drop_MICB	1973045877	False
GATA2	PRIMARY	C2	negative	MS4A2	1	1.0	1	74	506	-4.4985048311558842	7.8198152800480578	-0.57526996099685845	True	True	True	loo_boot__PRIMARY__M3_GATA2__drop_MS4A2	4076961497	loo_perm__PRIMARY__M3_GATA2__drop_MS4A2	208590159	False
GATA2	PRIMARY	C2	negative	NFE2	1	1.0	1	74	506	-3.7805306413450239	7.6370903390253408	-0.4950223807130586	True	False	False	loo_boot__PRIMARY__M3_GATA2__drop_NFE2	3964561616	loo_perm__PRIMARY__M3_GATA2__drop_NFE2	1712034006	False
GATA2	PRIMARY	C2	negative	NOS3	1	1.0	1	74	506	-4.6939590177345565	7.7286809887792165	-0.60734283437877934	True	True	True	loo_boot__PRIMARY__M3_GATA2__drop_NOS3	2870649958	loo_perm__PRIMARY__M3_GATA2__drop_NOS3	4159193201	False
GATA2	PRIMARY	C2	negative	PDE9A	1	1.0	1	74	506	-4.6639281131222603	7.7056753438669849	-0.60525883910153599	True	True	True	loo_boot__PRIMARY__M3_GATA2__drop_PDE9A	3327219505	loo_perm__PRIMARY__M3_GATA2__drop_PDE9A	4000109714	False
GATA2	PRIMARY	C2	negative	PLSCR2	1	1.0	1	74	506	-4.3685900923603498	7.7545473350044247	-0.56335849194450205	True	True	True	loo_boot__PRIMARY__M3_GATA2__drop_PLSCR2	1040203076	loo_perm__PRIMARY__M3_GATA2__drop_PLSCR2	3353521993	False
GATA2	PRIMARY	C2	negative	PPARG	1	1.0	-1	74	506	-4.7862295475937913	7.7615849986825465	-0.61665620468064286	True	True	True	loo_boot__PRIMARY__M3_GATA2__drop_PPARG	2539630316	loo_perm__PRIMARY__M3_GATA2__drop_PPARG	2435229332	False
GATA2	PRIMARY	C2	negative	PRG2	1	1.0	-1	74	506	-4.6723719314123073	7.7883650431289668	-0.59991691523683222	True	True	True	loo_boot__PRIMARY__M3_GATA2__drop_PRG2	2861217639	loo_perm__PRIMARY__M3_GATA2__drop_PRG2	1865371841	False
GATA2	PRIMARY	C2	negative	PRKN	1	1.0	1	74	506	-4.8517400870060641	7.694530908044535	-0.63054397272400731	True	True	True	loo_boot__PRIMARY__M3_GATA2__drop_PRKN	1446556146	loo_perm__PRIMARY__M3_GATA2__drop_PRKN	281167731	False
GATA2	PRIMARY	C2	negative	PSD4	1	1.0	1	74	506	-4.8897697548221828	7.6191997278873576	-0.64176946785171263	True	True	True	loo_boot__PRIMARY__M3_GATA2__drop_PSD4	283179501	loo_perm__PRIMARY__M3_GATA2__drop_PSD4	3765899797	False
GATA2	PRIMARY	C2	negative	RAG1	1	1.0	1	74	506	-4.6282763413281387	7.728839337853465	-0.59883200297103767	True	True	True	loo_boot__PRIMARY__M3_GATA2__drop_RAG1	2842985074	loo_perm__PRIMARY__M3_GATA2__drop_RAG1	1027997834	False
GATA2	PRIMARY	C2	negative	RCAN1	1	1.0	1	74	506	-5.1833008324132237	7.6959143737976587	-0.67351331897101785	True	True	True	loo_boot__PRIMARY__M3_GATA2__drop_RCAN1	529066271	loo_perm__PRIMARY__M3_GATA2__drop_RCAN1	3561092891	False
GATA2	PRIMARY	C2	negative	RNASE2	1	1.0	1	74	506	-4.7097456326692964	7.8094402584130433	-0.60308363683242572	True	True	True	loo_boot__PRIMARY__M3_GATA2__drop_RNASE2	1453562755	loo_perm__PRIMARY__M3_GATA2__drop_RNASE2	1358329909	False
GATA2	PRIMARY	C2	negative	SKP2	1	1.0	-1	74	506	-5.1448136915563722	7.7553537225946707	-0.66338865712434547	True	True	True	loo_boot__PRIMARY__M3_GATA2__drop_SKP2	283744341	loo_perm__PRIMARY__M3_GATA2__drop_SKP2	1572368739	False
GATA2	PRIMARY	C2	negative	SNCA	1	1.0	1	74	506	-4.788713836375706	7.7247246097326023	-0.61992033092574816	True	True	True	loo_boot__PRIMARY__M3_GATA2__drop_SNCA	1248926949	loo_perm__PRIMARY__M3_GATA2__drop_SNCA	1406727595	False
GATA2	PRIMARY	C2	negative	SPI1	1	1.0	-1	74	506	-4.6555352105283347	7.5606585981389722	-0.61575789332350983	True	True	True	loo_boot__PRIMARY__M3_GATA2__drop_SPI1	1747268761	loo_perm__PRIMARY__M3_GATA2__drop_SPI1	1359394828	False
GATA2	PRIMARY	C2	negative	SULT2A1	1	1.0	1	74	506	-4.5165873521733388	7.8628240119153023	-0.57442305020803142	True	True	True	loo_boot__PRIMARY__M3_GATA2__drop_SULT2A1	3974586434	loo_perm__PRIMARY__M3_GATA2__drop_SULT2A1	3445655765	False
GATA2	PRIMARY	C2	negative	TAC1	1	1.0	1	74	506	-4.9076095202948906	7.7826690955179441	-0.63058180427087585	True	True	True	loo_boot__PRIMARY__M3_GATA2__drop_TAC1	1727412332	loo_perm__PRIMARY__M3_GATA2__drop_TAC1	2409750847	False
GATA2	PRIMARY	C2	negative	TNFAIP8L1	1	1.0	1	74	506	-4.5124849728264493	7.7704737038856804	-0.58072199260772861	True	True	True	loo_boot__PRIMARY__M3_GATA2__drop_TNFAIP8L1	3084997975	loo_perm__PRIMARY__M3_GATA2__drop_TNFAIP8L1	345424887	False
GATA2	PRIMARY	C2	negative	TRH	1	1.0	1	74	506	-4.3357946301600592	7.8008037773708949	-0.55581383071544865	True	True	True	loo_boot__PRIMARY__M3_GATA2__drop_TRH	2508286764	loo_perm__PRIMARY__M3_GATA2__drop_TRH	3011869755	False
GATA2	PRIMARY	C2	negative	TSHB	1	1.0	1	74	506	-4.5823369916326513	7.8517174510738688	-0.58360951221008739	True	True	True	loo_boot__PRIMARY__M3_GATA2__drop_TSHB	3881148752	loo_perm__PRIMARY__M3_GATA2__drop_TSHB	2487771969	False
GATA2	PRIMARY	C2	negative	VWA5A	1	1.0	1	74	506	-4.2733386925909116	7.7282045209445798	-0.55295362344636845	True	True	True	loo_boot__PRIMARY__M3_GATA2__drop_VWA5A	1493352983	loo_perm__PRIMARY__M3_GATA2__drop_VWA5A	992661694	False
GATA2	PRIMARY	C2	negative	WT1	1	1.0	1	74	506	-4.5021993045361484	7.746122066616719	-0.5812197723992979	True	True	True	loo_boot__PRIMARY__M3_GATA2__drop_WT1	4032676365	loo_perm__PRIMARY__M3_GATA2__drop_WT1	2322103702	False
GATA2	SENS_nopurity	C2	negative	ADCYAP1	1	1.0	1	74	507	-4.3276549134472937	7.8569349970486773	-0.55080701508576857	True	True	True	loo_boot__SENS_nopurity__M3_GATA2__drop_ADCYAP1	3286175658	loo_perm__SENS_nopurity__M3_GATA2__drop_ADCYAP1	1719910935	False
GATA2	SENS_nopurity	C2	negative	ADH1A	1	1.0	1	74	507	-4.480272184001393	7.8131747227898902	-0.57342531595166979	True	True	True	loo_boot__SENS_nopurity__M3_GATA2__drop_ADH1A	2980836190	loo_perm__SENS_nopurity__M3_GATA2__drop_ADH1A	1135041965	False
GATA2	SENS_nopurity	C2	negative	ADH1C	1	1.0	1	74	507	-4.4552444466914949	7.6802746171408982	-0.58008921149098558	True	True	True	loo_boot__SENS_nopurity__M3_GATA2__drop_ADH1C	2195117110	loo_perm__SENS_nopurity__M3_GATA2__drop_ADH1C	2235270469	False
GATA2	SENS_nopurity	C2	negative	ANGPT2	1	1.0	1	74	507	-4.1668074399977435	7.7419522256188946	-0.53821146379712348	True	True	True	loo_boot__SENS_nopurity__M3_GATA2__drop_ANGPT2	3068254386	loo_perm__SENS_nopurity__M3_GATA2__drop_ANGPT2	3867346053	False
GATA2	SENS_nopurity	C2	negative	AQP2	1	1.0	1	74	507	-5.0666592962458594	7.7111389291493522	-0.65705719256244599	True	True	True	loo_boot__SENS_nopurity__M3_GATA2__drop_AQP2	2800160200	loo_perm__SENS_nopurity__M3_GATA2__drop_AQP2	3559154394	False
GATA2	SENS_nopurity	C2	negative	AR	1	1.0	1	74	507	-5.0254311519368926	7.6005378645110211	-0.66119414724607817	True	True	True	loo_boot__SENS_nopurity__M3_GATA2__drop_AR	4004975489	loo_perm__SENS_nopurity__M3_GATA2__drop_AR	3969682602	False
GATA2	SENS_nopurity	C2	negative	ARRDC4	1	1.0	1	74	507	-4.417292605354767	7.6622434218238435	-0.57650121017733458	True	True	True	loo_boot__SENS_nopurity__M3_GATA2__drop_ARRDC4	2640144500	loo_perm__SENS_nopurity__M3_GATA2__drop_ARRDC4	1625208445	False
GATA2	SENS_nopurity	C2	negative	AZGP1	1	1.0	-1	74	507	-4.8587991142295479	7.7332350507774859	-0.62830097395540208	True	True	True	loo_boot__SENS_nopurity__M3_GATA2__drop_AZGP1	1962654768	loo_perm__SENS_nopurity__M3_GATA2__drop_AZGP1	1114889895	False
GATA2	SENS_nopurity	C2	negative	BHLHA15	1	1.0	1	74	507	-3.9472979444388088	7.7865626445213518	-0.5069371588779471	True	True	True	loo_boot__SENS_nopurity__M3_GATA2__drop_BHLHA15	1480771749	loo_perm__SENS_nopurity__M3_GATA2__drop_BHLHA15	1573284304	False
GATA2	SENS_nopurity	C2	negative	BMP4	1	1.0	1	74	507	-4.3468854364502967	7.7597691956688939	-0.56018231043218469	True	True	True	loo_boot__SENS_nopurity__M3_GATA2__drop_BMP4	2180639486	loo_perm__SENS_nopurity__M3_GATA2__drop_BMP4	791112776	False
GATA2	SENS_nopurity	C2	negative	CACNA1S	1	1.0	1	74	507	-4.1930458575321303	7.8754246882596828	-0.53242155483791598	True	True	True	loo_boot__SENS_nopurity__M3_GATA2__drop_CACNA1S	1127336874	loo_perm__SENS_nopurity__M3_GATA2__drop_CACNA1S	1861833442	False
GATA2	SENS_nopurity	C2	negative	CASP3	1	1.0	1	74	507	-4.3482928049132923	7.7093517003091412	-0.56402833518918694	True	True	True	loo_boot__SENS_nopurity__M3_GATA2__drop_CASP3	735310500	loo_perm__SENS_nopurity__M3_GATA2__drop_CASP3	1243235949	False
GATA2	SENS_nopurity	C2	negative	CCRL2	1	1.0	1	74	507	-4.6542409385435768	7.8517301079470334	-0.5927662915760239	True	True	True	loo_boot__SENS_nopurity__M3_GATA2__drop_CCRL2	2565556496	loo_perm__SENS_nopurity__M3_GATA2__drop_CCRL2	3449415907	False
GATA2	SENS_nopurity	C2	negative	CDX2	1	1.0	1	74	507	-4.4463281052780381	7.8105977161978126	-0.56926861001394702	True	True	True	loo_boot__SENS_nopurity__M3_GATA2__drop_CDX2	705930517	loo_perm__SENS_nopurity__M3_GATA2__drop_CDX2	532036281	False
GATA2	SENS_nopurity	C2	negative	CEBPA	1	1.0	-1	74	507	-4.7506443432604364	7.6108875402765825	-0.62419058462238108	True	True	True	loo_boot__SENS_nopurity__M3_GATA2__drop_CEBPA	3578034407	loo_perm__SENS_nopurity__M3_GATA2__drop_CEBPA	142723903	False
GATA2	SENS_nopurity	C2	negative	CGA	1	1.0	1	74	507	-4.1167960644616031	7.800944293727305	-0.52773047844629473	True	True	True	loo_boot__SENS_nopurity__M3_GATA2__drop_CGA	2071409652	loo_perm__SENS_nopurity__M3_GATA2__drop_CGA	3080286549	False
GATA2	SENS_nopurity	C2	negative	CHST2	1	1.0	1	74	507	-4.8711323508217461	7.7926497673871538	-0.62509319631017091	True	True	True	loo_boot__SENS_nopurity__M3_GATA2__drop_CHST2	947745169	loo_perm__SENS_nopurity__M3_GATA2__drop_CHST2	707051667	False
GATA2	SENS_nopurity	C2	negative	COP1	1	1.0	1	74	507	-4.5146374283940851	7.6137124458679386	-0.59296137862997933	True	True	True	loo_boot__SENS_nopurity__M3_GATA2__drop_COP1	3953172426	loo_perm__SENS_nopurity__M3_GATA2__drop_COP1	410704072	False
GATA2	SENS_nopurity	C2	negative	CPA3	1	1.0	1	74	507	-4.5405492189536183	7.7652126403646617	-0.58472954048305237	True	True	True	loo_boot__SENS_nopurity__M3_GATA2__drop_CPA3	3355790336	loo_perm__SENS_nopurity__M3_GATA2__drop_CPA3	2922839543	False
GATA2	SENS_nopurity	C2	negative	CSF2	1	1.0	1	74	507	-4.712476931211242	7.7861431272938511	-0.6052389294889714	True	True	True	loo_boot__SENS_nopurity__M3_GATA2__drop_CSF2	3146413489	loo_perm__SENS_nopurity__M3_GATA2__drop_CSF2	958065475	False
GATA2	SENS_nopurity	C2	negative	CYBB	1	1.0	-1	74	507	-4.6362502363479265	7.655022190027438	-0.60564817726953035	True	True	True	loo_boot__SENS_nopurity__M3_GATA2__drop_CYBB	2429776705	loo_perm__SENS_nopurity__M3_GATA2__drop_CYBB	684194462	False
GATA2	SENS_nopurity	C2	negative	CYP19A1	1	1.0	1	74	507	-4.302493173553561	7.8119522430792214	-0.55075774142951694	True	True	True	loo_boot__SENS_nopurity__M3_GATA2__drop_CYP19A1	683098889	loo_perm__SENS_nopurity__M3_GATA2__drop_CYP19A1	2896769983	False
GATA2	SENS_nopurity	C2	negative	CYP2C19	1	1.0	1	74	507	-4.7658506773456324	7.8598305916434823	-0.60635539427690111	True	True	True	loo_boot__SENS_nopurity__M3_GATA2__drop_CYP2C19	931283635	loo_perm__SENS_nopurity__M3_GATA2__drop_CYP2C19	2179031370	False
GATA2	SENS_nopurity	C2	negative	CYP2C9	1	1.0	1	74	507	-4.718478496157875	7.8070303573000519	-0.60438838844091447	True	True	True	loo_boot__SENS_nopurity__M3_GATA2__drop_CYP2C9	28240045	loo_perm__SENS_nopurity__M3_GATA2__drop_CYP2C9	3285954378	False
GATA2	SENS_nopurity	C2	negative	DIO2	1	1.0	1	74	507	-4.6858299579246072	7.6961827656443544	-0.60885117994365756	True	True	True	loo_boot__SENS_nopurity__M3_GATA2__drop_DIO2	3264751667	loo_perm__SENS_nopurity__M3_GATA2__drop_DIO2	1196804016	False
GATA2	SENS_nopurity	C2	negative	DPYSL2	1	1.0	1	74	507	-4.3574943836584126	7.7512569392676944	-0.5621661645072612	True	True	True	loo_boot__SENS_nopurity__M3_GATA2__drop_DPYSL2	2995475166	loo_perm__SENS_nopurity__M3_GATA2__drop_DPYSL2	624083368	False
GATA2	SENS_nopurity	C2	negative	EDN1	1	1.0	1	74	507	-4.3047141904947424	7.6994700257157715	-0.55909227208070855	True	True	True	loo_boot__SENS_nopurity__M3_GATA2__drop_EDN1	3493810529	loo_perm__SENS_nopurity__M3_GATA2__drop_EDN1	2874139962	False
GATA2	SENS_nopurity	C2	negative	EDNRB	1	1.0	1	74	507	-4.3479486797185025	7.6783759708859751	-0.56625889331345303	True	True	True	loo_boot__SENS_nopurity__M3_GATA2__drop_EDNRB	1531172949	loo_perm__SENS_nopurity__M3_GATA2__drop_EDNRB	2032937349	False
GATA2	SENS_nopurity	C2	negative	EGFL7	1	1.0	1	74	507	-5.0129857114731884	7.7363894041493459	-0.64797484324981325	True	True	True	loo_boot__SENS_nopurity__M3_GATA2__drop_EGFL7	1808670884	loo_perm__SENS_nopurity__M3_GATA2__drop_EGFL7	2994864025	False
GATA2	SENS_nopurity	C2	negative	EMCN	1	1.0	1	74	507	-4.9260429424067098	7.7003496980114798	-0.639716783729809	True	True	True	loo_boot__SENS_nopurity__M3_GATA2__drop_EMCN	3127601421	loo_perm__SENS_nopurity__M3_GATA2__drop_EMCN	3740249181	False
GATA2	SENS_nopurity	C2	negative	EPO	1	1.0	-1	74	507	-4.1208387935215427	7.8383548399582592	-0.52572751268089912	True	True	True	loo_boot__SENS_nopurity__M3_GATA2__drop_EPO	2330926909	loo_perm__SENS_nopurity__M3_GATA2__drop_EPO	3745406375	False
GATA2	SENS_nopurity	C2	negative	ERVW-1	1	1.0	1	74	507	-4.1510727658810396	7.8619549748121154	-0.52799498078787221	True	True	True	loo_boot__SENS_nopurity__M3_GATA2__drop_ERVW-1	3118839221	loo_perm__SENS_nopurity__M3_GATA2__drop_ERVW-1	2138685733	False
GATA2	SENS_nopurity	C2	negative	FCER1A	1	1.0	1	74	507	-3.9666214640123272	7.8026616099961101	-0.50836774196777001	True	True	True	loo_boot__SENS_nopurity__M3_GATA2__drop_FCER1A	2483418076	loo_perm__SENS_nopurity__M3_GATA2__drop_FCER1A	3382134966	False
GATA2	SENS_nopurity	C2	negative	FCER1G	1	1.0	1	74	507	-4.8842533604441556	7.8498411554249872	-0.6222104707263626	True	True	True	loo_boot__SENS_nopurity__M3_GATA2__drop_FCER1G	2193031997	loo_perm__SENS_nopurity__M3_GATA2__drop_FCER1G	3586892273	False
GATA2	SENS_nopurity	C2	negative	GFI1	1	1.0	1	74	507	-4.8463608095034765	7.8242407046278322	-0.6194033379669649	True	True	True	loo_boot__SENS_nopurity__M3_GATA2__drop_GFI1	2325074155	loo_perm__SENS_nopurity__M3_GATA2__drop_GFI1	3935889893	False
GATA2	SENS_nopurity	C2	negative	GFI1B	1	1.0	1	74	507	-4.2597397409138793	7.8774287640071359	-0.54075255626266183	True	True	True	loo_boot__SENS_nopurity__M3_GATA2__drop_GFI1B	27722309	loo_perm__SENS_nopurity__M3_GATA2__drop_GFI1B	982041657	False
GATA2	SENS_nopurity	C2	negative	GPR146	1	1.0	1	74	507	-4.4042405942674243	7.7504050486515226	-0.56825940923354834	True	True	True	loo_boot__SENS_nopurity__M3_GATA2__drop_GPR146	1072227597	loo_perm__SENS_nopurity__M3_GATA2__drop_GPR146	2169293315	False
GATA2	SENS_nopurity	C2	negative	HBE1	1	1.0	1	74	507	-4.2571728941660183	7.8906116788426193	-0.53952381227692769	True	True	True	loo_boot__SENS_nopurity__M3_GATA2__drop_HBE1	1504395571	loo_perm__SENS_nopurity__M3_GATA2__drop_HBE1	1422308001	False
GATA2	SENS_nopurity	C2	negative	HCRTR2	1	1.0	1	74	507	-4.3135377848704906	7.8365517935930447	-0.55043824101272754	True	True	True	loo_boot__SENS_nopurity__M3_GATA2__drop_HCRTR2	1689358011	loo_perm__SENS_nopurity__M3_GATA2__drop_HCRTR2	2180569892	False
GATA2	SENS_nopurity	C2	negative	HHEX	1	1.0	1	74	507	-4.4497611949676603	7.7815096886715978	-0.57183777608677511	True	True	True	loo_boot__SENS_nopurity__M3_GATA2__drop_HHEX	337908937	loo_perm__SENS_nopurity__M3_GATA2__drop_HHEX	1822276890	False
GATA2	SENS_nopurity	C2	negative	HSD17B1	1	1.0	-1	74	507	-4.056116519322412	7.7334662904705684	-0.52448880837826783	True	True	True	loo_boot__SENS_nopurity__M3_GATA2__drop_HSD17B1	2044959547	loo_perm__SENS_nopurity__M3_GATA2__drop_HSD17B1	3987639714	False
GATA2	SENS_nopurity	C2	negative	HTR5A	1	1.0	1	74	507	-4.3191783404266673	7.8823462340799431	-0.54795592735477161	True	True	True	loo_boot__SENS_nopurity__M3_GATA2__drop_HTR5A	1594021310	loo_perm__SENS_nopurity__M3_GATA2__drop_HTR5A	3546866539	False
GATA2	SENS_nopurity	C2	negative	IL13	1	1.0	-1	74	507	-3.8886395448469209	7.7943897688246517	-0.49890237211389865	True	False	False	loo_boot__SENS_nopurity__M3_GATA2__drop_IL13	2138654896	loo_perm__SENS_nopurity__M3_GATA2__drop_IL13	526660365	False
GATA2	SENS_nopurity	C2	negative	IL1RL1	1	1.0	1	74	507	-4.1162701556612973	7.8075137951875826	-0.52721906917391492	True	True	True	loo_boot__SENS_nopurity__M3_GATA2__drop_IL1RL1	416128846	loo_perm__SENS_nopurity__M3_GATA2__drop_IL1RL1	3048637167	False
GATA2	SENS_nopurity	C2	negative	IL4	1	1.0	1	74	507	-4.9551470999867639	7.7880751173941114	-0.63624798493786938	True	True	True	loo_boot__SENS_nopurity__M3_GATA2__drop_IL4	3384860333	loo_perm__SENS_nopurity__M3_GATA2__drop_IL4	3158910803	False
GATA2	SENS_nopurity	C2	negative	IL5	1	1.0	1	74	507	-4.8626817030733811	7.7876947261985423	-0.62440579324647372	True	True	True	loo_boot__SENS_nopurity__M3_GATA2__drop_IL5	684506915	loo_perm__SENS_nopurity__M3_GATA2__drop_IL5	1213433957	False
GATA2	SENS_nopurity	C2	negative	KDR	1	1.0	1	74	507	-4.1018103321422252	7.6950828012732631	-0.5330430403508486	True	True	True	loo_boot__SENS_nopurity__M3_GATA2__drop_KDR	2992355296	loo_perm__SENS_nopurity__M3_GATA2__drop_KDR	75538459	False
GATA2	SENS_nopurity	C2	negative	KIT	1	1.0	1	74	507	-3.9067631702830816	7.7432545566891839	-0.50453761292248056	True	True	True	loo_boot__SENS_nopurity__M3_GATA2__drop_KIT	3368130879	loo_perm__SENS_nopurity__M3_GATA2__drop_KIT	1957220181	False
GATA2	SENS_nopurity	C2	negative	KLF1	1	1.0	1	74	507	-4.8423532778360041	7.7086464297258415	-0.62817166696906379	True	True	True	loo_boot__SENS_nopurity__M3_GATA2__drop_KLF1	2285653669	loo_perm__SENS_nopurity__M3_GATA2__drop_KLF1	2152714707	False
GATA2	SENS_nopurity	C2	negative	LYL1	1	1.0	1	74	507	-4.4855107737594579	7.826662767259303	-0.57310643209560042	True	True	True	loo_boot__SENS_nopurity__M3_GATA2__drop_LYL1	2755805567	loo_perm__SENS_nopurity__M3_GATA2__drop_LYL1	189182284	False
GATA2	SENS_nopurity	C2	negative	MBP	1	1.0	-1	74	507	-4.7370140658193343	7.759619055496886	-0.61046992538424305	True	True	True	loo_boot__SENS_nopurity__M3_GATA2__drop_MBP	1926941007	loo_perm__SENS_nopurity__M3_GATA2__drop_MBP	2198738570	False
GATA2	SENS_nopurity	C2	negative	MICA	1	1.0	1	74	507	-4.313092949534358	7.7379258190561533	-0.55739652335675338	True	True	True	loo_boot__SENS_nopurity__M3_GATA2__drop_MICA	1760518160	loo_perm__SENS_nopurity__M3_GATA2__drop_MICA	1490883769	False
GATA2	SENS_nopurity	C2	negative	MICB	1	1.0	1	74	507	-4.2869185673678096	7.7503515323378709	-0.55312569365155917	True	True	True	loo_boot__SENS_nopurity__M3_GATA2__drop_MICB	834713172	loo_perm__SENS_nopurity__M3_GATA2__drop_MICB	455072290	False
GATA2	SENS_nopurity	C2	negative	MS4A2	1	1.0	1	74	507	-4.3950119323996972	7.8338759980024006	-0.56102648721021409	True	True	True	loo_boot__SENS_nopurity__M3_GATA2__drop_MS4A2	2805524886	loo_perm__SENS_nopurity__M3_GATA2__drop_MS4A2	1374422790	False
GATA2	SENS_nopurity	C2	negative	NFE2	1	1.0	1	74	507	-3.6734817063346838	7.6529864040366409	-0.48000630242816983	True	False	False	loo_boot__SENS_nopurity__M3_GATA2__drop_NFE2	2459639081	loo_perm__SENS_nopurity__M3_GATA2__drop_NFE2	3220587875	False
GATA2	SENS_nopurity	C2	negative	NOS3	1	1.0	1	74	507	-4.5850601159865434	7.7463505219360922	-0.59189938578206391	True	True	True	loo_boot__SENS_nopurity__M3_GATA2__drop_NOS3	2036235326	loo_perm__SENS_nopurity__M3_GATA2__drop_NOS3	2549283048	False
GATA2	SENS_nopurity	C2	negative	PDE9A	1	1.0	1	74	507	-4.5907291580192044	7.7039847077383543	-0.59589022203120356	True	True	True	loo_boot__SENS_nopurity__M3_GATA2__drop_PDE9A	1608633759	loo_perm__SENS_nopurity__M3_GATA2__drop_PDE9A	2136116576	False
GATA2	SENS_nopurity	C2	negative	PLSCR2	1	1.0	1	74	507	-4.2606431778762115	7.7713258128806055	-0.54825177588287399	True	True	True	loo_boot__SENS_nopurity__M3_GATA2__drop_PLSCR2	3281322920	loo_perm__SENS_nopurity__M3_GATA2__drop_PLSCR2	2453429972	False
GATA2	SENS_nopurity	C2	negative	PPARG	1	1.0	-1	74	507	-4.6859901918339695	7.7735726696233511	-0.60281036673720545	True	True	True	loo_boot__SENS_nopurity__M3_GATA2__drop_PPARG	3720130566	loo_perm__SENS_nopurity__M3_GATA2__drop_PPARG	370033815	False
GATA2	SENS_nopurity	C2	negative	PRG2	1	1.0	-1	74	507	-4.5844084213568372	7.7935809891742194	-0.58822875231871874	True	True	True	loo_boot__SENS_nopurity__M3_GATA2__drop_PRG2	3622935979	loo_perm__SENS_nopurity__M3_GATA2__drop_PRG2	3730532820	False
GATA2	SENS_nopurity	C2	negative	PRKN	1	1.0	1	74	507	-4.7710413843904647	7.6963464952744571	-0.61990989975826527	True	True	True	loo_boot__SENS_nopurity__M3_GATA2__drop_PRKN	3465248227	loo_perm__SENS_nopurity__M3_GATA2__drop_PRKN	3933410007	False
GATA2	SENS_nopurity	C2	negative	PSD4	1	1.0	1	74	507	-4.7977468359942606	7.6264939477877132	-0.62908944383100007	True	True	True	loo_boot__SENS_nopurity__M3_GATA2__drop_PSD4	3103048815	loo_perm__SENS_nopurity__M3_GATA2__drop_PSD4	1778303578	False
GATA2	SENS_nopurity	C2	negative	RAG1	1	1.0	1	74	507	-4.5485591177574491	7.7300798732115457	-0.58842330122880104	True	True	True	loo_boot__SENS_nopurity__M3_GATA2__drop_RAG1	319625321	loo_perm__SENS_nopurity__M3_GATA2__drop_RAG1	3438859126	False
GATA2	SENS_nopurity	C2	negative	RCAN1	1	1.0	1	74	507	-5.0813960698067007	7.7084331401707278	-0.65919960352593221	True	True	True	loo_boot__SENS_nopurity__M3_GATA2__drop_RCAN1	3353541035	loo_perm__SENS_nopurity__M3_GATA2__drop_RCAN1	1240734748	False
GATA2	SENS_nopurity	C2	negative	RNASE2	1	1.0	1	74	507	-4.6022935806807759	7.8249651611740232	-0.5881551528838076	True	True	True	loo_boot__SENS_nopurity__M3_GATA2__drop_RNASE2	2893341275	loo_perm__SENS_nopurity__M3_GATA2__drop_RNASE2	3641067906	False
GATA2	SENS_nopurity	C2	negative	SKP2	1	1.0	-1	74	507	-5.0103150052388763	7.7901344365313898	-0.64316155851474022	True	True	True	loo_boot__SENS_nopurity__M3_GATA2__drop_SKP2	3538706275	loo_perm__SENS_nopurity__M3_GATA2__drop_SKP2	3011765565	False
GATA2	SENS_nopurity	C2	negative	SNCA	1	1.0	1	74	507	-4.6925306950772878	7.734425204938578	-0.60670710114062743	True	True	True	loo_boot__SENS_nopurity__M3_GATA2__drop_SNCA	3877457789	loo_perm__SENS_nopurity__M3_GATA2__drop_SNCA	286572421	False
GATA2	SENS_nopurity	C2	negative	SPI1	1	1.0	-1	74	507	-4.5702680384112071	7.5644671526418259	-0.60417580593433862	True	True	True	loo_boot__SENS_nopurity__M3_GATA2__drop_SPI1	458468208	loo_perm__SENS_nopurity__M3_GATA2__drop_SPI1	722363217	False
GATA2	SENS_nopurity	C2	negative	SULT2A1	1	1.0	1	74	507	-4.3984209039833075	7.8855813957317924	-0.55778016651556339	True	True	True	loo_boot__SENS_nopurity__M3_GATA2__drop_SULT2A1	3438115397	loo_perm__SENS_nopurity__M3_GATA2__drop_SULT2A1	1178719007	False
GATA2	SENS_nopurity	C2	negative	TAC1	1	1.0	1	74	507	-4.8245784696768013	7.7854853038314555	-0.61968885450242783	True	True	True	loo_boot__SENS_nopurity__M3_GATA2__drop_TAC1	899176173	loo_perm__SENS_nopurity__M3_GATA2__drop_TAC1	2421711057	False
GATA2	SENS_nopurity	C2	negative	TNFAIP8L1	1	1.0	1	74	507	-4.4104359554476744	7.7835171077502912	-0.56663792144248848	True	True	True	loo_boot__SENS_nopurity__M3_GATA2__drop_TNFAIP8L1	3582626661	loo_perm__SENS_nopurity__M3_GATA2__drop_TNFAIP8L1	1984959392	False
GATA2	SENS_nopurity	C2	negative	TRH	1	1.0	1	74	507	-4.2274102278707737	7.8180043561114632	-0.54072753548239416	True	True	True	loo_boot__SENS_nopurity__M3_GATA2__drop_TRH	1697727056	loo_perm__SENS_nopurity__M3_GATA2__drop_TRH	1792186457	False
GATA2	SENS_nopurity	C2	negative	TSHB	1	1.0	1	74	507	-4.4747698833362541	7.8677192444718811	-0.56875057997022138	True	True	True	loo_boot__SENS_nopurity__M3_GATA2__drop_TSHB	3893159809	loo_perm__SENS_nopurity__M3_GATA2__drop_TSHB	1594865101	False
GATA2	SENS_nopurity	C2	negative	VWA5A	1	1.0	1	74	507	-4.1735812018266216	7.7397277100582338	-0.53924134778059518	True	True	True	loo_boot__SENS_nopurity__M3_GATA2__drop_VWA5A	1189095411	loo_perm__SENS_nopurity__M3_GATA2__drop_VWA5A	3994313892	False
GATA2	SENS_nopurity	C2	negative	WT1	1	1.0	1	74	507	-4.3983947618862373	7.7599028284154521	-0.56681054636149042	True	True	True	loo_boot__SENS_nopurity__M3_GATA2__drop_WT1	1221747505	loo_perm__SENS_nopurity__M3_GATA2__drop_WT1	2267631507	False
SOX9	PRIMARY	C2	negative	ACAN	1	1.0	1	69	506	-4.2176257543149909	8.0548909027468181	-0.52361053740364483	True	True	True	loo_boot__PRIMARY__M3_SOX9__drop_ACAN	3524451302	loo_perm__PRIMARY__M3_SOX9__drop_ACAN	3118081016	False
SOX9	PRIMARY	C2	negative	ADAM17	1	1.0	1	69	506	-4.0205803278130361	8.0335810689997267	-0.50047174395585514	True	True	True	loo_boot__PRIMARY__M3_SOX9__drop_ADAM17	180929573	loo_perm__PRIMARY__M3_SOX9__drop_ADAM17	1216266822	False
SOX9	PRIMARY	C2	negative	AMH	1	1.0	1	69	506	-4.5954535222796498	8.033536761590188	-0.57203367068055944	True	True	True	loo_boot__PRIMARY__M3_SOX9__drop_AMH	16072953	loo_perm__PRIMARY__M3_SOX9__drop_AMH	99407644	False
SOX9	PRIMARY	C2	negative	AR	1	1.0	1	69	506	-4.3513304193015543	8.0432359222689396	-0.54099251362927514	True	True	True	loo_boot__PRIMARY__M3_SOX9__drop_AR	703615886	loo_perm__PRIMARY__M3_SOX9__drop_AR	2497341798	False
SOX9	PRIMARY	C2	negative	BEST1	1	1.0	1	69	506	-3.9888559763059366	8.0134168516447382	-0.49777218010157948	True	False	False	loo_boot__PRIMARY__M3_SOX9__drop_BEST1	1941766641	loo_perm__PRIMARY__M3_SOX9__drop_BEST1	2304423405	False
SOX9	PRIMARY	C2	negative	BTN1A1	1	1.0	1	69	506	-4.3865721960425326	8.0394524071716393	-0.54563071884466485	True	True	True	loo_boot__PRIMARY__M3_SOX9__drop_BTN1A1	3154902020	loo_perm__PRIMARY__M3_SOX9__drop_BTN1A1	2539152886	False
SOX9	PRIMARY	C2	negative	CATSPER1	1	1.0	1	69	506	-3.9607735839390159	8.1255927737891955	-0.48744426335458529	True	False	False	loo_boot__PRIMARY__M3_SOX9__drop_CATSPER1	1629300706	loo_perm__PRIMARY__M3_SOX9__drop_CATSPER1	4214290800	False
SOX9	PRIMARY	C2	negative	CBLN4	1	1.0	1	69	506	-4.2041092692191757	8.0103457035246102	-0.52483493532237158	True	True	True	loo_boot__PRIMARY__M3_SOX9__drop_CBLN4	2012466630	loo_perm__PRIMARY__M3_SOX9__drop_CBLN4	635125490	False
SOX9	PRIMARY	C2	negative	CDH2	1	1.0	1	69	506	-4.0079215515678852	7.9659778438622917	-0.50312988940283709	True	True	True	loo_boot__PRIMARY__M3_SOX9__drop_CDH2	1537843082	loo_perm__PRIMARY__M3_SOX9__drop_CDH2	119562090	False
SOX9	PRIMARY	C2	negative	CDX2	1	1.0	-1	69	506	-4.2684662969521661	8.0538417844417669	-0.52999132726916676	True	True	True	loo_boot__PRIMARY__M3_SOX9__drop_CDX2	1174169207	loo_perm__PRIMARY__M3_SOX9__drop_CDX2	4270611839	False
SOX9	PRIMARY	C2	negative	CEACAM1	1	1.0	-1	69	506	-4.2881493400510209	7.9939467222750862	-0.5364245583601549	True	True	True	loo_boot__PRIMARY__M3_SOX9__drop_CEACAM1	2607347789	loo_perm__PRIMARY__M3_SOX9__drop_CEACAM1	3199095101	False
SOX9	PRIMARY	C2	negative	CLDN7	1	1.0	-1	69	506	-4.4420440034921036	8.0762584230288486	-0.55001261361646703	True	True	True	loo_boot__PRIMARY__M3_SOX9__drop_CLDN7	2288873015	loo_perm__PRIMARY__M3_SOX9__drop_CLDN7	229129082	False
SOX9	PRIMARY	C2	negative	COL10A1	1	1.0	-1	69	506	-4.5382407157392599	8.0092276065296168	-0.56662651365275296	True	True	True	loo_boot__PRIMARY__M3_SOX9__drop_COL10A1	580371646	loo_perm__PRIMARY__M3_SOX9__drop_COL10A1	1250588861	False
SOX9	PRIMARY	C2	negative	COL11A2	1	1.0	1	69	506	-4.353121063852301	7.9841119149415301	-0.54522295156031519	True	True	True	loo_boot__PRIMARY__M3_SOX9__drop_COL11A2	3154634648	loo_perm__PRIMARY__M3_SOX9__drop_COL11A2	3161276212	False
SOX9	PRIMARY	C2	negative	COL2A1	1	1.0	1	69	506	-4.2772053969122599	8.0057043623296735	-0.53426971610872553	True	True	True	loo_boot__PRIMARY__M3_SOX9__drop_COL2A1	1052316012	loo_perm__PRIMARY__M3_SOX9__drop_COL2A1	480309076	False
SOX9	PRIMARY	C2	negative	COL9A1	1	1.0	1	69	506	-3.8929678901125158	7.9451013479538544	-0.48998341488936364	True	False	False	loo_boot__PRIMARY__M3_SOX9__drop_COL9A1	1923936882	loo_perm__PRIMARY__M3_SOX9__drop_COL9A1	3266359963	False
SOX9	PRIMARY	C2	negative	COL9A2	1	1.0	1	69	506	-4.4924392337685859	7.9683615171196198	-0.56378456526060072	True	True	True	loo_boot__PRIMARY__M3_SOX9__drop_COL9A2	3134878363	loo_perm__PRIMARY__M3_SOX9__drop_COL9A2	1549610832	False
SOX9	PRIMARY	C2	negative	COMP	1	1.0	1	69	506	-4.1361574057229777	8.015263211571293	-0.51603513154150493	True	True	True	loo_boot__PRIMARY__M3_SOX9__drop_COMP	554087318	loo_perm__PRIMARY__M3_SOX9__drop_COMP	1131640740	False
SOX9	PRIMARY	C2	negative	CYP26B1	1	1.0	1	69	506	-4.1703356575168566	7.9776530449140397	-0.5227521971735225	True	True	True	loo_boot__PRIMARY__M3_SOX9__drop_CYP26B1	3028428006	loo_perm__PRIMARY__M3_SOX9__drop_CYP26B1	1583123458	False
SOX9	PRIMARY	C2	negative	DCC	1	1.0	1	69	506	-4.1123975692145862	8.0943028720244961	-0.50806074769302756	True	True	True	loo_boot__PRIMARY__M3_SOX9__drop_DCC	342795112	loo_perm__PRIMARY__M3_SOX9__drop_DCC	3227886434	False
SOX9	PRIMARY	C2	negative	DCT	1	1.0	1	69	506	-4.2785150585234177	8.0346678894278227	-0.53250677158083581	True	True	True	loo_boot__PRIMARY__M3_SOX9__drop_DCT	3556515542	loo_perm__PRIMARY__M3_SOX9__drop_DCT	3804126727	False
SOX9	PRIMARY	C2	negative	DMBT1	1	1.0	1	69	506	-4.1079165758088436	8.0637620067241453	-0.5094292927275591	True	True	True	loo_boot__PRIMARY__M3_SOX9__drop_DMBT1	3826927253	loo_perm__PRIMARY__M3_SOX9__drop_DMBT1	18533418	False
SOX9	PRIMARY	C2	negative	EPYC	1	1.0	-1	69	506	-4.5867934029431723	8.0296808965300634	-0.57122984861394721	True	True	True	loo_boot__PRIMARY__M3_SOX9__drop_EPYC	3256018846	loo_perm__PRIMARY__M3_SOX9__drop_EPYC	3614580593	False
SOX9	PRIMARY	C2	negative	FGF9	1	1.0	1	69	506	-4.0695141243298849	7.963737752656713	-0.51100554170964374	True	True	True	loo_boot__PRIMARY__M3_SOX9__drop_FGF9	1061916395	loo_perm__PRIMARY__M3_SOX9__drop_FGF9	3022422888	False
SOX9	PRIMARY	C2	negative	GAS7	1	1.0	1	69	506	-4.0324074163543084	7.9793951682797193	-0.50535251498562594	True	True	True	loo_boot__PRIMARY__M3_SOX9__drop_GAS7	1177342384	loo_perm__PRIMARY__M3_SOX9__drop_GAS7	4132450979	False
SOX9	PRIMARY	C2	negative	GCG	1	1.0	-1	69	506	-4.2473306879662758	8.108461090226335	-0.52381464752736673	True	True	True	loo_boot__PRIMARY__M3_SOX9__drop_GCG	2710249456	loo_perm__PRIMARY__M3_SOX9__drop_GCG	4279223036	False
SOX9	PRIMARY	C2	negative	GJB6	1	1.0	1	69	506	-3.75804233808201	8.0674424905151021	-0.4658282153855256	True	False	False	loo_boot__PRIMARY__M3_SOX9__drop_GJB6	1120465744	loo_perm__PRIMARY__M3_SOX9__drop_GJB6	165659586	False
SOX9	PRIMARY	C2	negative	GLI2	1	1.0	1	69	506	-4.0398186321677674	7.9835739142425517	-0.50601631243881939	True	True	True	loo_boot__PRIMARY__M3_SOX9__drop_GLI2	3972406033	loo_perm__PRIMARY__M3_SOX9__drop_GLI2	2404887649	False
SOX9	PRIMARY	C2	negative	HAPLN1	1	1.0	1	69	506	-4.0834041067217797	8.0042592329586721	-0.51015390529929172	True	True	True	loo_boot__PRIMARY__M3_SOX9__drop_HAPLN1	3269949966	loo_perm__PRIMARY__M3_SOX9__drop_HAPLN1	563397444	False
SOX9	PRIMARY	C2	negative	HPGDS	1	1.0	1	69	506	-4.0692121577287104	8.1207914685057361	-0.5010856606169527	True	True	True	loo_boot__PRIMARY__M3_SOX9__drop_HPGDS	412544056	loo_perm__PRIMARY__M3_SOX9__drop_HPGDS	909228223	False
SOX9	PRIMARY	C2	negative	INS	1	1.0	1	69	506	-4.2963080881402256	8.0600668256231334	-0.53303628630995536	True	True	True	loo_boot__PRIMARY__M3_SOX9__drop_INS	3230347620	loo_perm__PRIMARY__M3_SOX9__drop_INS	523860291	False
SOX9	PRIMARY	C2	negative	ITGA10	1	1.0	1	69	506	-3.9202729914198855	8.0017703626874237	-0.48992570565387328	True	False	False	loo_boot__PRIMARY__M3_SOX9__drop_ITGA10	3156164938	loo_perm__PRIMARY__M3_SOX9__drop_ITGA10	229935668	False
SOX9	PRIMARY	C2	negative	LEF1	1	1.0	1	69	506	-4.4344256916968554	7.9134241659000102	-0.56036749689285981	True	True	True	loo_boot__PRIMARY__M3_SOX9__drop_LEF1	83754310	loo_perm__PRIMARY__M3_SOX9__drop_LEF1	2895913943	False
SOX9	PRIMARY	C2	negative	LXN	1	1.0	1	69	506	-4.5523565449933372	8.0277336934720207	-0.56707866987356781	True	True	True	loo_boot__PRIMARY__M3_SOX9__drop_LXN	590647156	loo_perm__PRIMARY__M3_SOX9__drop_LXN	3501854509	False
SOX9	PRIMARY	C2	negative	MATN1	1	1.0	1	69	506	-4.5542414379760672	8.0565106097482833	-0.56528708997980948	True	True	True	loo_boot__PRIMARY__M3_SOX9__drop_MATN1	1864016904	loo_perm__PRIMARY__M3_SOX9__drop_MATN1	958960372	False
SOX9	PRIMARY	C2	negative	MECOM	1	1.0	1	69	506	-4.2370221150297418	7.986907681825782	-0.53049594208670903	True	True	True	loo_boot__PRIMARY__M3_SOX9__drop_MECOM	414000103	loo_perm__PRIMARY__M3_SOX9__drop_MECOM	1337291114	False
SOX9	PRIMARY	C2	negative	MIA	1	1.0	1	69	506	-3.9532579074318157	8.0905925795166418	-0.48862402457892595	True	False	False	loo_boot__PRIMARY__M3_SOX9__drop_MIA	3573291905	loo_perm__PRIMARY__M3_SOX9__drop_MIA	2967542582	False
SOX9	PRIMARY	C2	negative	MITF	1	1.0	1	69	506	-3.9097950004842952	8.0452264119472652	-0.48597700055752302	True	False	False	loo_boot__PRIMARY__M3_SOX9__drop_MITF	900718283	loo_perm__PRIMARY__M3_SOX9__drop_MITF	766430216	False
SOX9	PRIMARY	C2	negative	MUC2	1	1.0	-1	69	506	-4.1775013852670693	8.0087012420341051	-0.52162033006565722	True	True	True	loo_boot__PRIMARY__M3_SOX9__drop_MUC2	3798645020	loo_perm__PRIMARY__M3_SOX9__drop_MUC2	1249055441	False
SOX9	PRIMARY	C2	negative	MYOCD	1	1.0	1	69	506	-4.0364741589033493	8.0223761698477034	-0.50315194319540091	True	True	True	loo_boot__PRIMARY__M3_SOX9__drop_MYOCD	819187353	loo_perm__PRIMARY__M3_SOX9__drop_MYOCD	1270218302	False
SOX9	PRIMARY	C2	negative	NES	1	1.0	1	69	506	-4.2251824733331702	7.9464753946693838	-0.53170522319461111	True	True	True	loo_boot__PRIMARY__M3_SOX9__drop_NES	1973225685	loo_perm__PRIMARY__M3_SOX9__drop_NES	3015906014	False
SOX9	PRIMARY	C2	negative	NEUROG3	1	1.0	1	69	506	-4.3577550855626761	8.0619227308596404	-0.54053545674432557	True	True	True	loo_boot__PRIMARY__M3_SOX9__drop_NEUROG3	3159794640	loo_perm__PRIMARY__M3_SOX9__drop_NEUROG3	2918467324	False
SOX9	PRIMARY	C2	negative	NTF3	1	1.0	1	69	506	-3.7635451526029033	7.986265072115132	-0.47125222098421315	True	False	False	loo_boot__PRIMARY__M3_SOX9__drop_NTF3	2089781395	loo_perm__PRIMARY__M3_SOX9__drop_NTF3	2812476983	False
SOX9	PRIMARY	C2	negative	NWD1	1	1.0	1	69	506	-4.0145250739716509	8.1191384583292816	-0.49445210160854197	True	False	False	loo_boot__PRIMARY__M3_SOX9__drop_NWD1	2867672633	loo_perm__PRIMARY__M3_SOX9__drop_NWD1	330633556	False
SOX9	PRIMARY	C2	negative	PAX3	1	1.0	-1	69	506	-4.068265922786992	8.1534202392333075	-0.49896433685718428	True	False	False	loo_boot__PRIMARY__M3_SOX9__drop_PAX3	3716284207	loo_perm__PRIMARY__M3_SOX9__drop_PAX3	57999078	False
SOX9	PRIMARY	C2	negative	PHEX	1	1.0	1	69	506	-4.455148823443313	8.1366419724976726	-0.54754145979409907	True	True	True	loo_boot__PRIMARY__M3_SOX9__drop_PHEX	3210745829	loo_perm__PRIMARY__M3_SOX9__drop_PHEX	2584809601	False
SOX9	PRIMARY	C2	negative	PIK3CA	1	1.0	-1	69	506	-4.6042145615667351	8.0462463988352262	-0.57221893704786875	True	True	True	loo_boot__PRIMARY__M3_SOX9__drop_PIK3CA	3396952570	loo_perm__PRIMARY__M3_SOX9__drop_PIK3CA	3260167768	False
SOX9	PRIMARY	C2	negative	PITX2	1	1.0	1	69	506	-4.1539118952287275	8.0423585443163308	-0.51650419119455526	True	True	True	loo_boot__PRIMARY__M3_SOX9__drop_PITX2	3157438317	loo_perm__PRIMARY__M3_SOX9__drop_PITX2	965047846	False
SOX9	PRIMARY	C2	negative	POU3F2	1	1.0	-1	69	506	-4.3657756080480574	8.094085844862704	-0.5393784661697163	True	True	True	loo_boot__PRIMARY__M3_SOX9__drop_POU3F2	4093670802	loo_perm__PRIMARY__M3_SOX9__drop_POU3F2	2663674971	False
SOX9	PRIMARY	C2	negative	PRAME	1	1.0	-1	69	506	-4.995793767827875	8.0040328336405295	-0.62415957950982115	True	True	True	loo_boot__PRIMARY__M3_SOX9__drop_PRAME	3979302419	loo_perm__PRIMARY__M3_SOX9__drop_PRAME	493929225	False
SOX9	PRIMARY	C2	negative	PRELP	1	1.0	1	69	506	-3.7211716109681143	8.0784091023011193	-0.46063173625462295	True	False	False	loo_boot__PRIMARY__M3_SOX9__drop_PRELP	1954124693	loo_perm__PRIMARY__M3_SOX9__drop_PRELP	1137210875	False
SOX9	PRIMARY	C2	negative	PTHLH	1	1.0	1	69	506	-4.0828985023743529	8.0340838236060712	-0.50819715004439148	True	True	True	loo_boot__PRIMARY__M3_SOX9__drop_PTHLH	2216489499	loo_perm__PRIMARY__M3_SOX9__drop_PTHLH	1833497508	False
SOX9	PRIMARY	C2	negative	RGR	1	1.0	1	69	506	-4.7206427589790554	8.0978478164080379	-0.58295029321420255	True	True	True	loo_boot__PRIMARY__M3_SOX9__drop_RGR	4120374115	loo_perm__PRIMARY__M3_SOX9__drop_RGR	3669127987	False
SOX9	PRIMARY	C2	negative	RLBP1	1	1.0	1	69	506	-4.2866520129835948	8.0692729558487404	-0.53123150455290513	True	True	True	loo_boot__PRIMARY__M3_SOX9__drop_RLBP1	1882502004	loo_perm__PRIMARY__M3_SOX9__drop_RLBP1	3840930406	False
SOX9	PRIMARY	C2	negative	RPE65	1	1.0	1	69	506	-4.5752342489412676	8.0288672518073056	-0.56984803776789039	True	True	True	loo_boot__PRIMARY__M3_SOX9__drop_RPE65	172249353	loo_perm__PRIMARY__M3_SOX9__drop_RPE65	2696153046	False
SOX9	PRIMARY	C2	negative	RUNX2	1	1.0	-1	69	506	-4.575655260918353	8.047133353603968	-0.56860686406658245	True	True	True	loo_boot__PRIMARY__M3_SOX9__drop_RUNX2	2541841573	loo_perm__PRIMARY__M3_SOX9__drop_RUNX2	1267340361	False
SOX9	PRIMARY	C2	negative	RXFP2	1	1.0	1	69	506	-4.1523232979477491	8.0934668100025338	-0.51304631197300843	True	True	True	loo_boot__PRIMARY__M3_SOX9__drop_RXFP2	3111849871	loo_perm__PRIMARY__M3_SOX9__drop_RXFP2	4219291941	False
SOX9	PRIMARY	C2	negative	SGCA	1	1.0	-1	69	506	-4.5156648394690109	8.0319995085456561	-0.56220930226210342	True	True	True	loo_boot__PRIMARY__M3_SOX9__drop_SGCA	114045179	loo_perm__PRIMARY__M3_SOX9__drop_SGCA	2173921807	False
SOX9	PRIMARY	C2	negative	SHH	1	1.0	1	69	506	-4.2395194814931045	8.0585058354556161	-0.52609250003147867	True	True	True	loo_boot__PRIMARY__M3_SOX9__drop_SHH	193551313	loo_perm__PRIMARY__M3_SOX9__drop_SHH	4203067531	False
SOX9	PRIMARY	C2	negative	SLC6A19	1	1.0	-1	69	506	-4.2383051679978099	8.112857087381947	-0.52241831975441944	True	True	True	loo_boot__PRIMARY__M3_SOX9__drop_SLC6A19	2200900531	loo_perm__PRIMARY__M3_SOX9__drop_SLC6A19	621538376	False
SOX9	PRIMARY	C2	negative	SOX10	1	1.0	1	69	506	-4.4312654604324884	8.0301718846596639	-0.55182697507355971	True	True	True	loo_boot__PRIMARY__M3_SOX9__drop_SOX10	2932857266	loo_perm__PRIMARY__M3_SOX9__drop_SOX10	206195829	False
SOX9	PRIMARY	C2	negative	SOX2	1	1.0	-1	69	506	-4.3214837312626173	8.0497639161640073	-0.53684602135784809	True	True	True	loo_boot__PRIMARY__M3_SOX9__drop_SOX2	367380426	loo_perm__PRIMARY__M3_SOX9__drop_SOX2	910633412	False
SOX9	PRIMARY	C2	negative	SPP1	1	1.0	-1	69	506	-4.2011552108612769	7.9732278856932632	-0.52690770552282928	True	True	True	loo_boot__PRIMARY__M3_SOX9__drop_SPP1	2086322550	loo_perm__PRIMARY__M3_SOX9__drop_SPP1	3679628472	False
SOX9	PRIMARY	C2	negative	TBX20	1	1.0	1	69	506	-4.7561249238642418	7.9779892250665165	-0.59615584700474289	True	True	True	loo_boot__PRIMARY__M3_SOX9__drop_TBX20	3891374332	loo_perm__PRIMARY__M3_SOX9__drop_TBX20	2076220493	False
SOX9	PRIMARY	C2	negative	TCF21	1	1.0	1	69	506	-3.888104791364718	8.0994065929376813	-0.48004810559269501	True	False	False	loo_boot__PRIMARY__M3_SOX9__drop_TCF21	3299315604	loo_perm__PRIMARY__M3_SOX9__drop_TCF21	2864863751	False
SOX9	PRIMARY	C2	negative	TFAP2E	1	1.0	1	69	506	-4.0424865461664332	8.0340629243580342	-0.5031683948989546	True	True	True	loo_boot__PRIMARY__M3_SOX9__drop_TFAP2E	451861233	loo_perm__PRIMARY__M3_SOX9__drop_TFAP2E	2623342599	False
SOX9	PRIMARY	C2	negative	TUBB3	1	1.0	1	69	506	-3.9990360407440093	8.0154855449820683	-0.49891376115668057	True	False	False	loo_boot__PRIMARY__M3_SOX9__drop_TUBB3	3828196187	loo_perm__PRIMARY__M3_SOX9__drop_TUBB3	582302487	False
SOX9	PRIMARY	C2	negative	TYR	1	1.0	1	69	506	-4.5759446093806453	8.0701519861749169	-0.56702087113349986	True	True	True	loo_boot__PRIMARY__M3_SOX9__drop_TYR	918490884	loo_perm__PRIMARY__M3_SOX9__drop_TYR	940359076	False
SOX9	PRIMARY	C2	negative	VNN1	1	1.0	1	69	506	-3.9507198527476373	8.1595973786787201	-0.48418073458759009	True	False	False	loo_boot__PRIMARY__M3_SOX9__drop_VNN1	2347574449	loo_perm__PRIMARY__M3_SOX9__drop_VNN1	4270274322	False
SOX9	PRIMARY	C2	negative	XPO4	1	1.0	1	69	506	-3.7073640378184729	8.0718132485051388	-0.45929754860285688	True	False	False	loo_boot__PRIMARY__M3_SOX9__drop_XPO4	842806703	loo_perm__PRIMARY__M3_SOX9__drop_XPO4	1787879896	False
SOX9	SENS_nopurity	C2	negative	ACAN	1	1.0	1	69	507	-4.1296761593529334	8.0792269530176259	-0.51114743816058805	True	True	True	loo_boot__SENS_nopurity__M3_SOX9__drop_ACAN	2903728085	loo_perm__SENS_nopurity__M3_SOX9__drop_ACAN	3632282685	False
SOX9	SENS_nopurity	C2	negative	ADAM17	1	1.0	1	69	507	-3.9152300883884306	8.0719177087028697	-0.48504336016299587	True	False	False	loo_boot__SENS_nopurity__M3_SOX9__drop_ADAM17	4183515945	loo_perm__SENS_nopurity__M3_SOX9__drop_ADAM17	3672851414	False
SOX9	SENS_nopurity	C2	negative	AMH	1	1.0	1	69	507	-4.5106446899986512	8.0579427234572929	-0.55977621643646291	True	True	True	loo_boot__SENS_nopurity__M3_SOX9__drop_AMH	3866978518	loo_perm__SENS_nopurity__M3_SOX9__drop_AMH	41781377	False
SOX9	SENS_nopurity	C2	negative	AR	1	1.0	1	69	507	-4.2575112241205249	8.0742875548715638	-0.52729249425254687	True	True	True	loo_boot__SENS_nopurity__M3_SOX9__drop_AR	1173340284	loo_perm__SENS_nopurity__M3_SOX9__drop_AR	3446477781	False
SOX9	SENS_nopurity	C2	negative	BEST1	1	1.0	1	69	507	-3.8745567762899658	8.0604216884625206	-0.48068909122160525	True	False	False	loo_boot__SENS_nopurity__M3_SOX9__drop_BEST1	1252826070	loo_perm__SENS_nopurity__M3_SOX9__drop_BEST1	732022798	False
SOX9	SENS_nopurity	C2	negative	BTN1A1	1	1.0	1	69	507	-4.271386082911043	8.0877590673621711	-0.5281297386995677	True	True	True	loo_boot__SENS_nopurity__M3_SOX9__drop_BTN1A1	3407020308	loo_perm__SENS_nopurity__M3_SOX9__drop_BTN1A1	2590569823	False
SOX9	SENS_nopurity	C2	negative	CATSPER1	1	1.0	1	69	507	-3.8312533181406248	8.1855630279492306	-0.46805006632518564	True	False	False	loo_boot__SENS_nopurity__M3_SOX9__drop_CATSPER1	199796888	loo_perm__SENS_nopurity__M3_SOX9__drop_CATSPER1	1054330848	False
SOX9	SENS_nopurity	C2	negative	CBLN4	1	1.0	1	69	507	-4.1206010035262715	8.0350423388970142	-0.51282878542889099	True	True	True	loo_boot__SENS_nopurity__M3_SOX9__drop_CBLN4	918496370	loo_perm__SENS_nopurity__M3_SOX9__drop_CBLN4	3948861244	False
SOX9	SENS_nopurity	C2	negative	CDH2	1	1.0	1	69	507	-3.9473253328698727	7.9760532338490551	-0.49489706464320909	True	False	False	loo_boot__SENS_nopurity__M3_SOX9__drop_CDH2	378730600	loo_perm__SENS_nopurity__M3_SOX9__drop_CDH2	285630427	False
SOX9	SENS_nopurity	C2	negative	CDX2	1	1.0	-1	69	507	-4.1520595097238697	8.1043886950743289	-0.51232235594122	True	True	True	loo_boot__SENS_nopurity__M3_SOX9__drop_CDX2	1292736949	loo_perm__SENS_nopurity__M3_SOX9__drop_CDX2	1940074545	False
SOX9	SENS_nopurity	C2	negative	CEACAM1	1	1.0	-1	69	507	-4.1834034871734902	8.0318337217993179	-0.5208528503048131	True	True	True	loo_boot__SENS_nopurity__M3_SOX9__drop_CEACAM1	1275738505	loo_perm__SENS_nopurity__M3_SOX9__drop_CEACAM1	1188402779	False
SOX9	SENS_nopurity	C2	negative	CLDN7	1	1.0	-1	69	507	-4.3465080035798813	8.1077280074625779	-0.53609445205601802	True	True	True	loo_boot__SENS_nopurity__M3_SOX9__drop_CLDN7	1047310350	loo_perm__SENS_nopurity__M3_SOX9__drop_CLDN7	1116116304	False
SOX9	SENS_nopurity	C2	negative	COL10A1	1	1.0	-1	69	507	-4.408600705825676	8.070741077353512	-0.54624484462724288	True	True	True	loo_boot__SENS_nopurity__M3_SOX9__drop_COL10A1	2058250216	loo_perm__SENS_nopurity__M3_SOX9__drop_COL10A1	21274441	False
SOX9	SENS_nopurity	C2	negative	COL11A2	1	1.0	1	69	507	-4.2443517449681298	8.0264132339865419	-0.52879805976050576	True	True	True	loo_boot__SENS_nopurity__M3_SOX9__drop_COL11A2	3864597184	loo_perm__SENS_nopurity__M3_SOX9__drop_COL11A2	3404638982	False
SOX9	SENS_nopurity	C2	negative	COL2A1	1	1.0	1	69	507	-4.1640282802892692	8.0507203795361004	-0.51722430838284927	True	True	True	loo_boot__SENS_nopurity__M3_SOX9__drop_COL2A1	693934506	loo_perm__SENS_nopurity__M3_SOX9__drop_COL2A1	4024742657	False
SOX9	SENS_nopurity	C2	negative	COL9A1	1	1.0	1	69	507	-3.7770884609811133	7.9936330435033458	-0.47251211563318646	True	False	False	loo_boot__SENS_nopurity__M3_SOX9__drop_COL9A1	1697429119	loo_perm__SENS_nopurity__M3_SOX9__drop_COL9A1	682809739	False
SOX9	SENS_nopurity	C2	negative	COL9A2	1	1.0	1	69	507	-4.3758369056412896	8.0160710622856204	-0.54588299824697517	True	True	True	loo_boot__SENS_nopurity__M3_SOX9__drop_COL9A2	3686562825	loo_perm__SENS_nopurity__M3_SOX9__drop_COL9A2	1867201428	False
SOX9	SENS_nopurity	C2	negative	COMP	1	1.0	1	69	507	-4.0286494216259356	8.0526554834156236	-0.50028831233658333	True	True	True	loo_boot__SENS_nopurity__M3_SOX9__drop_COMP	710608183	loo_perm__SENS_nopurity__M3_SOX9__drop_COMP	1888465709	False
SOX9	SENS_nopurity	C2	negative	CYP26B1	1	1.0	1	69	507	-4.0532026082867549	8.0254933113678426	-0.50504093032456077	True	True	True	loo_boot__SENS_nopurity__M3_SOX9__drop_CYP26B1	1683360205	loo_perm__SENS_nopurity__M3_SOX9__drop_CYP26B1	1956438385	False
SOX9	SENS_nopurity	C2	negative	DCC	1	1.0	1	69	507	-4.0128842441348134	8.1299357896146702	-0.49359359630625199	True	False	False	loo_boot__SENS_nopurity__M3_SOX9__drop_DCC	2229160244	loo_perm__SENS_nopurity__M3_SOX9__drop_DCC	3436747703	False
SOX9	SENS_nopurity	C2	negative	DCT	1	1.0	1	69	507	-4.1574356648264352	8.0890881533992189	-0.51395603385523569	True	True	True	loo_boot__SENS_nopurity__M3_SOX9__drop_DCT	1962453547	loo_perm__SENS_nopurity__M3_SOX9__drop_DCT	3304691304	False
SOX9	SENS_nopurity	C2	negative	DMBT1	1	1.0	1	69	507	-4.0012112742639045	8.1021129963360181	-0.49384787352056853	True	False	False	loo_boot__SENS_nopurity__M3_SOX9__drop_DMBT1	377317336	loo_perm__SENS_nopurity__M3_SOX9__drop_DMBT1	3770047587	False
SOX9	SENS_nopurity	C2	negative	EPYC	1	1.0	-1	69	507	-4.4633367296594137	8.0850304415228891	-0.55204946498861962	True	True	True	loo_boot__SENS_nopurity__M3_SOX9__drop_EPYC	2647160645	loo_perm__SENS_nopurity__M3_SOX9__drop_EPYC	3070202873	False
SOX9	SENS_nopurity	C2	negative	FGF9	1	1.0	1	69	507	-3.9810845000324444	7.9889292934897558	-0.4983251639586625	True	False	False	loo_boot__SENS_nopurity__M3_SOX9__drop_FGF9	3182292771	loo_perm__SENS_nopurity__M3_SOX9__drop_FGF9	1106730611	False
SOX9	SENS_nopurity	C2	negative	GAS7	1	1.0	1	69	507	-3.9182314590682066	8.028487212115202	-0.48804106621176285	True	False	False	loo_boot__SENS_nopurity__M3_SOX9__drop_GAS7	3377262962	loo_perm__SENS_nopurity__M3_SOX9__drop_GAS7	674762971	False
SOX9	SENS_nopurity	C2	negative	GCG	1	1.0	-1	69	507	-4.1291860703372691	8.1569108134077553	-0.50621934759296427	True	True	True	loo_boot__SENS_nopurity__M3_SOX9__drop_GCG	2132109372	loo_perm__SENS_nopurity__M3_SOX9__drop_GCG	3878810898	False
SOX9	SENS_nopurity	C2	negative	GJB6	1	1.0	1	69	507	-3.6504731386640166	8.1054200871804287	-0.45037432969546171	True	False	False	loo_boot__SENS_nopurity__M3_SOX9__drop_GJB6	3880628156	loo_perm__SENS_nopurity__M3_SOX9__drop_GJB6	3678645450	False
SOX9	SENS_nopurity	C2	negative	GLI2	1	1.0	1	69	507	-3.9297676976901159	8.0247333902946529	-0.48970694807666654	True	False	False	loo_boot__SENS_nopurity__M3_SOX9__drop_GLI2	3633198926	loo_perm__SENS_nopurity__M3_SOX9__drop_GLI2	3900118393	False
SOX9	SENS_nopurity	C2	negative	HAPLN1	1	1.0	1	69	507	-3.9847144544621917	8.0385403690079258	-0.49570124320392811	True	False	False	loo_boot__SENS_nopurity__M3_SOX9__drop_HAPLN1	2709954655	loo_perm__SENS_nopurity__M3_SOX9__drop_HAPLN1	1336146823	False
SOX9	SENS_nopurity	C2	negative	HPGDS	1	1.0	1	69	507	-3.9627806530551219	8.1648042504029057	-0.48534913165365501	True	False	False	loo_boot__SENS_nopurity__M3_SOX9__drop_HPGDS	2407013811	loo_perm__SENS_nopurity__M3_SOX9__drop_HPGDS	3587156944	False
SOX9	SENS_nopurity	C2	negative	INS	1	1.0	1	69	507	-4.1722922831120828	8.1159273277848136	-0.51408694467091554	True	True	True	loo_boot__SENS_nopurity__M3_SOX9__drop_INS	3346761974	loo_perm__SENS_nopurity__M3_SOX9__drop_INS	1950161989	False
SOX9	SENS_nopurity	C2	negative	ITGA10	1	1.0	1	69	507	-3.8130196044587432	8.0426024426964489	-0.47410270887147687	True	False	False	loo_boot__SENS_nopurity__M3_SOX9__drop_ITGA10	3037136988	loo_perm__SENS_nopurity__M3_SOX9__drop_ITGA10	2145852166	False
SOX9	SENS_nopurity	C2	negative	LEF1	1	1.0	1	69	507	-4.3332592288669156	7.9480321815999675	-0.54519900396208698	True	True	True	loo_boot__SENS_nopurity__M3_SOX9__drop_LEF1	3716739606	loo_perm__SENS_nopurity__M3_SOX9__drop_LEF1	35304313	False
SOX9	SENS_nopurity	C2	negative	LXN	1	1.0	1	69	507	-4.4236119956262225	8.0897778748932332	-0.54681501322242476	True	True	True	loo_boot__SENS_nopurity__M3_SOX9__drop_LXN	3968514011	loo_perm__SENS_nopurity__M3_SOX9__drop_LXN	1862930528	False
SOX9	SENS_nopurity	C2	negative	MATN1	1	1.0	1	69	507	-4.4207330712371631	8.1189409272397182	-0.54449627246396615	True	True	True	loo_boot__SENS_nopurity__M3_SOX9__drop_MATN1	2314116251	loo_perm__SENS_nopurity__M3_SOX9__drop_MATN1	3995991154	False
SOX9	SENS_nopurity	C2	negative	MECOM	1	1.0	1	69	507	-4.1138352947335193	8.0440489623255775	-0.51141350755082771	True	True	True	loo_boot__SENS_nopurity__M3_SOX9__drop_MECOM	3660812461	loo_perm__SENS_nopurity__M3_SOX9__drop_MECOM	1771246235	False
SOX9	SENS_nopurity	C2	negative	MIA	1	1.0	1	69	507	-3.8145620733926293	8.156930875819814	-0.46764673275587199	True	False	False	loo_boot__SENS_nopurity__M3_SOX9__drop_MIA	818821074	loo_perm__SENS_nopurity__M3_SOX9__drop_MIA	2489954736	False
SOX9	SENS_nopurity	C2	negative	MITF	1	1.0	1	69	507	-3.8274280751729748	8.0699485529649593	-0.47428159548387072	True	False	False	loo_boot__SENS_nopurity__M3_SOX9__drop_MITF	202990255	loo_perm__SENS_nopurity__M3_SOX9__drop_MITF	3942628803	False
SOX9	SENS_nopurity	C2	negative	MUC2	1	1.0	-1	69	507	-4.0757807694370491	8.0466454015212108	-0.50651924697297168	True	True	True	loo_boot__SENS_nopurity__M3_SOX9__drop_MUC2	3612588311	loo_perm__SENS_nopurity__M3_SOX9__drop_MUC2	3791725763	False
SOX9	SENS_nopurity	C2	negative	MYOCD	1	1.0	1	69	507	-3.9382345877696983	8.0586674565083598	-0.48869550816234414	True	False	False	loo_boot__SENS_nopurity__M3_SOX9__drop_MYOCD	545623734	loo_perm__SENS_nopurity__M3_SOX9__drop_MYOCD	471013535	False
SOX9	SENS_nopurity	C2	negative	NES	1	1.0	1	69	507	-4.1118012441216365	7.9902392906445279	-0.51460301682528964	True	True	True	loo_boot__SENS_nopurity__M3_SOX9__drop_NES	1580703212	loo_perm__SENS_nopurity__M3_SOX9__drop_NES	1398910315	False
SOX9	SENS_nopurity	C2	negative	NEUROG3	1	1.0	1	69	507	-4.2455287413557752	8.1068556107116017	-0.52369610922219345	True	True	True	loo_boot__SENS_nopurity__M3_SOX9__drop_NEUROG3	3028316742	loo_perm__SENS_nopurity__M3_SOX9__drop_NEUROG3	4107813944	False
SOX9	SENS_nopurity	C2	negative	NTF3	1	1.0	1	69	507	-3.6571686304119675	8.0238343454928831	-0.45578815226491531	True	False	False	loo_boot__SENS_nopurity__M3_SOX9__drop_NTF3	2819100776	loo_perm__SENS_nopurity__M3_SOX9__drop_NTF3	874840345	False
SOX9	SENS_nopurity	C2	negative	NWD1	1	1.0	1	69	507	-3.8993590964025264	8.1683722546232254	-0.47737284428920634	True	False	False	loo_boot__SENS_nopurity__M3_SOX9__drop_NWD1	749587330	loo_perm__SENS_nopurity__M3_SOX9__drop_NWD1	1729225552	False
SOX9	SENS_nopurity	C2	negative	PAX3	1	1.0	-1	69	507	-3.945220261046567	8.2080148193286959	-0.48065462208427545	True	False	False	loo_boot__SENS_nopurity__M3_SOX9__drop_PAX3	334867400	loo_perm__SENS_nopurity__M3_SOX9__drop_PAX3	2659720768	False
SOX9	SENS_nopurity	C2	negative	PHEX	1	1.0	1	69	507	-4.331888079156748	8.1912501514624676	-0.52884333881359147	True	True	True	loo_boot__SENS_nopurity__M3_SOX9__drop_PHEX	2295937616	loo_perm__SENS_nopurity__M3_SOX9__drop_PHEX	745801681	False
SOX9	SENS_nopurity	C2	negative	PIK3CA	1	1.0	-1	69	507	-4.4831055173773819	8.0984049546219339	-0.55357882725026952	True	True	True	loo_boot__SENS_nopurity__M3_SOX9__drop_PIK3CA	1866737917	loo_perm__SENS_nopurity__M3_SOX9__drop_PIK3CA	457315357	False
SOX9	SENS_nopurity	C2	negative	PITX2	1	1.0	1	69	507	-4.0430436011595976	8.0829717793678437	-0.50019271519413833	True	True	True	loo_boot__SENS_nopurity__M3_SOX9__drop_PITX2	1871594504	loo_perm__SENS_nopurity__M3_SOX9__drop_PITX2	311419953	False
SOX9	SENS_nopurity	C2	negative	POU3F2	1	1.0	-1	69	507	-4.2468881371212115	8.145986871160634	-0.52134728477853765	True	True	True	loo_boot__SENS_nopurity__M3_SOX9__drop_POU3F2	2289310750	loo_perm__SENS_nopurity__M3_SOX9__drop_POU3F2	609244348	False
SOX9	SENS_nopurity	C2	negative	PRAME	1	1.0	-1	69	507	-4.8961635998807518	8.0371369941259374	-0.60919250268586767	True	True	True	loo_boot__SENS_nopurity__M3_SOX9__drop_PRAME	755472407	loo_perm__SENS_nopurity__M3_SOX9__drop_PRAME	622744970	False
SOX9	SENS_nopurity	C2	negative	PRELP	1	1.0	1	69	507	-3.6155714951008182	8.1172003730359759	-0.44542099848996713	True	False	False	loo_boot__SENS_nopurity__M3_SOX9__drop_PRELP	613600048	loo_perm__SENS_nopurity__M3_SOX9__drop_PRELP	1545204926	False
SOX9	SENS_nopurity	C2	negative	PTHLH	1	1.0	1	69	507	-3.9975083664448352	8.0584087296988933	-0.49606671745405551	True	False	False	loo_boot__SENS_nopurity__M3_SOX9__drop_PTHLH	1285950868	loo_perm__SENS_nopurity__M3_SOX9__drop_PTHLH	1776634030	False
SOX9	SENS_nopurity	C2	negative	RGR	1	1.0	1	69	507	-4.6102281727360994	8.1382278111688784	-0.56649043006746957	True	True	True	loo_boot__SENS_nopurity__M3_SOX9__drop_RGR	2829699176	loo_perm__SENS_nopurity__M3_SOX9__drop_RGR	929718231	False
SOX9	SENS_nopurity	C2	negative	RLBP1	1	1.0	1	69	507	-4.1592690095051896	8.1270977336534163	-0.5117778997885204	True	True	True	loo_boot__SENS_nopurity__M3_SOX9__drop_RLBP1	2759773480	loo_perm__SENS_nopurity__M3_SOX9__drop_RLBP1	1039037002	False
SOX9	SENS_nopurity	C2	negative	RPE65	1	1.0	1	69	507	-4.4662713314074427	8.0712859735693634	-0.55335312687877969	True	True	True	loo_boot__SENS_nopurity__M3_SOX9__drop_RPE65	3097741519	loo_perm__SENS_nopurity__M3_SOX9__drop_RPE65	664929752	False
SOX9	SENS_nopurity	C2	negative	RUNX2	1	1.0	-1	69	507	-4.445945786949923	8.1080484339403949	-0.54833734938473444	True	True	True	loo_boot__SENS_nopurity__M3_SOX9__drop_RUNX2	3816286041	loo_perm__SENS_nopurity__M3_SOX9__drop_RUNX2	2290921712	False
SOX9	SENS_nopurity	C2	negative	RXFP2	1	1.0	1	69	507	-4.0389222909114979	8.1410401648439308	-0.49611870340022168	True	False	False	loo_boot__SENS_nopurity__M3_SOX9__drop_RXFP2	4079401827	loo_perm__SENS_nopurity__M3_SOX9__drop_RXFP2	705635027	False
SOX9	SENS_nopurity	C2	negative	SGCA	1	1.0	-1	69	507	-4.3921064565522432	8.0853592118895516	-0.54321723271040745	True	True	True	loo_boot__SENS_nopurity__M3_SOX9__drop_SGCA	3520060727	loo_perm__SENS_nopurity__M3_SOX9__drop_SGCA	33037801	False
SOX9	SENS_nopurity	C2	negative	SHH	1	1.0	1	69	507	-4.1088906118444903	8.1198047205613726	-0.50603318100000039	True	True	True	loo_boot__SENS_nopurity__M3_SOX9__drop_SHH	279584827	loo_perm__SENS_nopurity__M3_SOX9__drop_SHH	4009988119	False
SOX9	SENS_nopurity	C2	negative	SLC6A19	1	1.0	-1	69	507	-4.1222394544675378	8.1616668766931042	-0.5050732303519061	True	True	True	loo_boot__SENS_nopurity__M3_SOX9__drop_SLC6A19	3438858723	loo_perm__SENS_nopurity__M3_SOX9__drop_SLC6A19	639050278	False
SOX9	SENS_nopurity	C2	negative	SOX10	1	1.0	1	69	507	-4.3111970612708967	8.0819971108367419	-0.53343214581087017	True	True	True	loo_boot__SENS_nopurity__M3_SOX9__drop_SOX10	3124307894	loo_perm__SENS_nopurity__M3_SOX9__drop_SOX10	3837797535	False
SOX9	SENS_nopurity	C2	negative	SOX2	1	1.0	-1	69	507	-4.1990227927458896	8.1074212217828467	-0.51792335415656521	True	True	True	loo_boot__SENS_nopurity__M3_SOX9__drop_SOX2	750155694	loo_perm__SENS_nopurity__M3_SOX9__drop_SOX2	2431087466	False
SOX9	SENS_nopurity	C2	negative	SPP1	1	1.0	-1	69	507	-4.1049665791040537	8.005838202413079	-0.51274663255956832	True	True	True	loo_boot__SENS_nopurity__M3_SOX9__drop_SPP1	1750859905	loo_perm__SENS_nopurity__M3_SOX9__drop_SPP1	3192627077	False
SOX9	SENS_nopurity	C2	negative	TBX20	1	1.0	1	69	507	-4.6657552092737209	8.0036287794179852	-0.58295497428267895	True	True	True	loo_boot__SENS_nopurity__M3_SOX9__drop_TBX20	2261921494	loo_perm__SENS_nopurity__M3_SOX9__drop_TBX20	2310117080	False
SOX9	SENS_nopurity	C2	negative	TCF21	1	1.0	1	69	507	-3.7803687124929755	8.1429503287167329	-0.46425049397160362	True	False	False	loo_boot__SENS_nopurity__M3_SOX9__drop_TCF21	432067293	loo_perm__SENS_nopurity__M3_SOX9__drop_TCF21	1595050388	False
SOX9	SENS_nopurity	C2	negative	TFAP2E	1	1.0	1	69	507	-3.9269686241350588	8.0815840600233013	-0.48591570600129802	True	False	False	loo_boot__SENS_nopurity__M3_SOX9__drop_TFAP2E	3011329250	loo_perm__SENS_nopurity__M3_SOX9__drop_TFAP2E	3932889569	False
SOX9	SENS_nopurity	C2	negative	TUBB3	1	1.0	1	69	507	-3.8888050866476971	8.0567062103410017	-0.48267927179177889	True	False	False	loo_boot__SENS_nopurity__M3_SOX9__drop_TUBB3	751200359	loo_perm__SENS_nopurity__M3_SOX9__drop_TUBB3	4091434251	False
SOX9	SENS_nopurity	C2	negative	TYR	1	1.0	1	69	507	-4.4556830512247121	8.1230457828540512	-0.54852369053855032	True	True	True	loo_boot__SENS_nopurity__M3_SOX9__drop_TYR	992416628	loo_perm__SENS_nopurity__M3_SOX9__drop_TYR	425456662	False
SOX9	SENS_nopurity	C2	negative	VNN1	1	1.0	1	69	507	-3.8234861412991052	8.2203455981756761	-0.46512474392167202	True	False	False	loo_boot__SENS_nopurity__M3_SOX9__drop_VNN1	1557575627	loo_perm__SENS_nopurity__M3_SOX9__drop_VNN1	2802333873	False
SOX9	SENS_nopurity	C2	negative	XPO4	1	1.0	1	69	507	-3.6046853484275569	8.1105958866621624	-0.44444149342410777	True	False	False	loo_boot__SENS_nopurity__M3_SOX9__drop_XPO4	668469468	loo_perm__SENS_nopurity__M3_SOX9__drop_XPO4	2108496172	False
HOXA9	PRIMARY	C2	negative	ARHGEF1	1	1.0	1	18	506	-3.0943282650340791	4.7076032738599869	-0.65730438293643478	True	True	True	loo_boot__PRIMARY__M3_HOXA9__drop_ARHGEF1	3738000245	loo_perm__PRIMARY__M3_HOXA9__drop_ARHGEF1	1289343532	False
HOXA9	PRIMARY	C2	negative	CD34	1	1.0	1	18	506	-3.155043609328537	4.6468388700877217	-0.67896557154971393	True	True	True	loo_boot__PRIMARY__M3_HOXA9__drop_CD34	1378137898	loo_perm__PRIMARY__M3_HOXA9__drop_CD34	2172161287	False
HOXA9	PRIMARY	C2	negative	CDH3	1	1.0	1	18	506	-2.5978801613986207	4.5803112744283423	-0.56718419464250402	True	True	True	loo_boot__PRIMARY__M3_HOXA9__drop_CDH3	353490004	loo_perm__PRIMARY__M3_HOXA9__drop_CDH3	1882425711	False
HOXA9	PRIMARY	C2	negative	CYBB	1	1.0	1	18	506	-2.9884508715161999	4.9014633013330986	-0.60970585471963079	True	True	True	loo_boot__PRIMARY__M3_HOXA9__drop_CYBB	1983894450	loo_perm__PRIMARY__M3_HOXA9__drop_CYBB	194532975	False
HOXA9	PRIMARY	C2	negative	FGF2	1	1.0	1	18	506	-2.7091909466023907	4.7549531699745655	-0.56976185669077417	True	True	True	loo_boot__PRIMARY__M3_HOXA9__drop_FGF2	1959192972	loo_perm__PRIMARY__M3_HOXA9__drop_FGF2	1314014514	False
HOXA9	PRIMARY	C2	negative	FLT3	1	1.0	1	18	506	-2.99643703081518	4.8489218824086384	-0.61795943582550339	True	True	True	loo_boot__PRIMARY__M3_HOXA9__drop_FLT3	1245881621	loo_perm__PRIMARY__M3_HOXA9__drop_FLT3	3753017461	False
HOXA9	PRIMARY	C2	negative	HOXB4	1	1.0	1	18	506	-2.1970493685326602	4.6298178891285255	-0.47454336674702613	True	False	False	loo_boot__PRIMARY__M3_HOXA9__drop_HOXB4	3082141564	loo_perm__PRIMARY__M3_HOXA9__drop_HOXB4	3410063228	False
HOXA9	PRIMARY	C2	negative	IGF1	1	1.0	1	18	506	-2.8851686929186684	4.6381222861044318	-0.62205533078816844	True	True	True	loo_boot__PRIMARY__M3_HOXA9__drop_IGF1	2681514183	loo_perm__PRIMARY__M3_HOXA9__drop_IGF1	3343143174	False
HOXA9	PRIMARY	C2	negative	KDR	1	1.0	1	18	506	-2.8783325119842686	4.6514333543549222	-0.618805493426971	True	True	True	loo_boot__PRIMARY__M3_HOXA9__drop_KDR	2625139170	loo_perm__PRIMARY__M3_HOXA9__drop_KDR	2403133135	False
HOXA9	PRIMARY	C2	negative	MEF2C	1	1.0	-1	18	506	-3.1564393226722274	4.6024860280583164	-0.68581182070504987	True	True	True	loo_boot__PRIMARY__M3_HOXA9__drop_MEF2C	1585687976	loo_perm__PRIMARY__M3_HOXA9__drop_MEF2C	1397418811	False
HOXA9	PRIMARY	C2	negative	MSI2	1	1.0	1	18	506	-2.6874070829834338	4.5093403696050469	-0.59596456747815019	True	True	True	loo_boot__PRIMARY__M3_HOXA9__drop_MSI2	3454709750	loo_perm__PRIMARY__M3_HOXA9__drop_MSI2	4167098322	False
HOXA9	PRIMARY	C2	negative	MYB	1	1.0	1	18	506	-2.7203543103678953	4.6457086070532814	-0.5855628366871215	True	True	True	loo_boot__PRIMARY__M3_HOXA9__drop_MYB	879558163	loo_perm__PRIMARY__M3_HOXA9__drop_MYB	588151905	False
HOXA9	PRIMARY	C2	negative	MYCN	1	1.0	1	18	506	-2.1787643947879687	4.6342164542950339	-0.47014730888728129	True	False	False	loo_boot__PRIMARY__M3_HOXA9__drop_MYCN	14538696	loo_perm__PRIMARY__M3_HOXA9__drop_MYCN	2514317374	False
HOXA9	PRIMARY	C2	negative	PKNOX1	1	1.0	1	18	506	-2.8943801111739162	4.5531397584419384	-0.63568883555736899	True	True	True	loo_boot__PRIMARY__M3_HOXA9__drop_PKNOX1	3337049487	loo_perm__PRIMARY__M3_HOXA9__drop_PKNOX1	3881666508	False
HOXA9	PRIMARY	C2	negative	PRDM16	1	1.0	1	18	506	-3.0006478761928079	4.6972175567901973	-0.6388139020418877	True	True	True	loo_boot__PRIMARY__M3_HOXA9__drop_PRDM16	3537160047	loo_perm__PRIMARY__M3_HOXA9__drop_PRDM16	1635357441	False
HOXA9	PRIMARY	C2	negative	SELE	1	1.0	1	18	506	-2.9910030464559298	4.7546267765293946	-0.6290720990384846	True	True	True	loo_boot__PRIMARY__M3_HOXA9__drop_SELE	4192829202	loo_perm__PRIMARY__M3_HOXA9__drop_SELE	2018647155	False
HOXA9	PRIMARY	C2	negative	SHOX	1	1.0	1	18	506	-3.1309592912993125	4.7399616177500086	-0.66054528365264142	True	True	True	loo_boot__PRIMARY__M3_HOXA9__drop_SHOX	2930003193	loo_perm__PRIMARY__M3_HOXA9__drop_SHOX	4041663605	False
HOXA9	PRIMARY	C2	negative	SPP1	1	1.0	-1	18	506	-3.1605778824738593	4.4977499266519594	-0.70270200300498564	True	True	True	loo_boot__PRIMARY__M3_HOXA9__drop_SPP1	3602109633	loo_perm__PRIMARY__M3_HOXA9__drop_SPP1	1596330859	False
HOXA9	PRIMARY	C2	negative	VCAM1	1	1.0	1	18	506	-2.7594348977421461	4.8552717067352065	-0.56833789423448189	True	True	True	loo_boot__PRIMARY__M3_HOXA9__drop_VCAM1	3234976338	loo_perm__PRIMARY__M3_HOXA9__drop_VCAM1	2559021908	False
HOXA9	SENS_nopurity	C2	negative	ARHGEF1	1	1.0	1	18	507	-2.9904225192773453	4.748593859230537	-0.62974906002214182	True	True	True	loo_boot__SENS_nopurity__M3_HOXA9__drop_ARHGEF1	2254491401	loo_perm__SENS_nopurity__M3_HOXA9__drop_ARHGEF1	2780442772	False
HOXA9	SENS_nopurity	C2	negative	CD34	1	1.0	1	18	507	-3.0023402965914769	4.7086032122500958	-0.63762864723459067	True	True	True	loo_boot__SENS_nopurity__M3_HOXA9__drop_CD34	1186394456	loo_perm__SENS_nopurity__M3_HOXA9__drop_CD34	874560517	False
HOXA9	SENS_nopurity	C2	negative	CDH3	1	1.0	1	18	507	-2.4563516585756773	4.6299832663614238	-0.53053143332547215	True	True	True	loo_boot__SENS_nopurity__M3_HOXA9__drop_CDH3	4051765474	loo_perm__SENS_nopurity__M3_HOXA9__drop_CDH3	4033487284	False
HOXA9	SENS_nopurity	C2	negative	CYBB	1	1.0	1	18	507	-2.8501275104494894	4.9456772183395907	-0.57628660032252588	True	True	True	loo_boot__SENS_nopurity__M3_HOXA9__drop_CYBB	3823031466	loo_perm__SENS_nopurity__M3_HOXA9__drop_CYBB	2478917971	False
HOXA9	SENS_nopurity	C2	negative	FGF2	1	1.0	1	18	507	-2.5389289228380676	4.8340244090524376	-0.52522054255322781	True	True	True	loo_boot__SENS_nopurity__M3_HOXA9__drop_FGF2	183106484	loo_perm__SENS_nopurity__M3_HOXA9__drop_FGF2	2716430887	False
HOXA9	SENS_nopurity	C2	negative	FLT3	1	1.0	1	18	507	-2.8414422007203299	4.9093779351066384	-0.57877845997582789	True	True	True	loo_boot__SENS_nopurity__M3_HOXA9__drop_FLT3	3737416280	loo_perm__SENS_nopurity__M3_HOXA9__drop_FLT3	1253462711	False
HOXA9	SENS_nopurity	C2	negative	HOXB4	1	1.0	1	18	507	-2.0707579843544366	4.7007183204555876	-0.44051947876633063	True	False	False	loo_boot__SENS_nopurity__M3_HOXA9__drop_HOXB4	2339724474	loo_perm__SENS_nopurity__M3_HOXA9__drop_HOXB4	1584941281	False
HOXA9	SENS_nopurity	C2	negative	IGF1	1	1.0	1	18	507	-2.8015170536958252	4.6617190762260492	-0.60096222185139203	True	True	True	loo_boot__SENS_nopurity__M3_HOXA9__drop_IGF1	2853279554	loo_perm__SENS_nopurity__M3_HOXA9__drop_IGF1	1841841909	False
HOXA9	SENS_nopurity	C2	negative	KDR	1	1.0	1	18	507	-2.7260890894425955	4.7129663693233379	-0.57842320012862569	True	True	True	loo_boot__SENS_nopurity__M3_HOXA9__drop_KDR	1722180836	loo_perm__SENS_nopurity__M3_HOXA9__drop_KDR	1149246199	False
HOXA9	SENS_nopurity	C2	negative	MEF2C	1	1.0	-1	18	507	-3.0236035546300855	4.6745617121437064	-0.64682075899763691	True	True	True	loo_boot__SENS_nopurity__M3_HOXA9__drop_MEF2C	3218320347	loo_perm__SENS_nopurity__M3_HOXA9__drop_MEF2C	3143535127	False
HOXA9	SENS_nopurity	C2	negative	MSI2	1	1.0	1	18	507	-2.5920210503566636	4.5422383618693578	-0.57064839928169631	True	True	True	loo_boot__SENS_nopurity__M3_HOXA9__drop_MSI2	3950627920	loo_perm__SENS_nopurity__M3_HOXA9__drop_MSI2	248132247	False
HOXA9	SENS_nopurity	C2	negative	MYB	1	1.0	1	18	507	-2.6050910944324173	4.6987690119421108	-0.55441991036619875	True	True	True	loo_boot__SENS_nopurity__M3_HOXA9__drop_MYB	663642400	loo_perm__SENS_nopurity__M3_HOXA9__drop_MYB	1683852492	False
HOXA9	SENS_nopurity	C2	negative	MYCN	1	1.0	1	18	507	-2.0783023554088516	4.6732154313842482	-0.44472641715839745	True	False	False	loo_boot__SENS_nopurity__M3_HOXA9__drop_MYCN	1793705523	loo_perm__SENS_nopurity__M3_HOXA9__drop_MYCN	3753119774	False
HOXA9	SENS_nopurity	C2	negative	PKNOX1	1	1.0	1	18	507	-2.7994608186759358	4.5829999436133608	-0.61083588329018512	True	True	True	loo_boot__SENS_nopurity__M3_HOXA9__drop_PKNOX1	353684025	loo_perm__SENS_nopurity__M3_HOXA9__drop_PKNOX1	748245330	False
HOXA9	SENS_nopurity	C2	negative	PRDM16	1	1.0	1	18	507	-2.879990248416604	4.7556312078324696	-0.60559579213655035	True	True	True	loo_boot__SENS_nopurity__M3_HOXA9__drop_PRDM16	1680098265	loo_perm__SENS_nopurity__M3_HOXA9__drop_PRDM16	3705997754	False
HOXA9	SENS_nopurity	C2	negative	SELE	1	1.0	1	18	507	-2.8363952078117052	4.816772569485706	-0.58885803032933137	True	True	True	loo_boot__SENS_nopurity__M3_HOXA9__drop_SELE	3006244240	loo_perm__SENS_nopurity__M3_HOXA9__drop_SELE	2110595763	False
HOXA9	SENS_nopurity	C2	negative	SHOX	1	1.0	1	18	507	-2.9681379869595474	4.8091770413063974	-0.61718210027744425	True	True	True	loo_boot__SENS_nopurity__M3_HOXA9__drop_SHOX	3078043487	loo_perm__SENS_nopurity__M3_HOXA9__drop_SHOX	2063762904	False
HOXA9	SENS_nopurity	C2	negative	SPP1	1	1.0	-1	18	507	-3.0395191602320608	4.559456088046371	-0.66664073554756609	True	True	True	loo_boot__SENS_nopurity__M3_HOXA9__drop_SPP1	2511215445	loo_perm__SENS_nopurity__M3_HOXA9__drop_SPP1	934342565	False
HOXA9	SENS_nopurity	C2	negative	VCAM1	1	1.0	1	18	507	-2.6055556614197179	4.9162777890376015	-0.52998544289536076	True	True	True	loo_boot__SENS_nopurity__M3_HOXA9__drop_VCAM1	447009090	loo_perm__SENS_nopurity__M3_HOXA9__drop_VCAM1	1925419854	False
WT1	PRIMARY	C2	negative	ABCB1	1	1.0	-1	92	506	-6.0726014921497224	9.6550251001482437	-0.62895760799798273	True	True	True	loo_boot__PRIMARY__M3_WT1__drop_ABCB1	4051565568	loo_perm__PRIMARY__M3_WT1__drop_ABCB1	3066501268	False
WT1	PRIMARY	C2	negative	ABCC3	1	1.0	1	92	506	-5.9109449068870532	9.8817926380654111	-0.59816524424097373	True	True	True	loo_boot__PRIMARY__M3_WT1__drop_ABCC3	4097362994	loo_perm__PRIMARY__M3_WT1__drop_ABCC3	600360866	False
WT1	PRIMARY	C2	negative	ADAMTS16	1	1.0	-1	92	506	-5.3930879376515009	9.9590346889081243	-0.54152717669093497	True	True	True	loo_boot__PRIMARY__M3_WT1__drop_ADAMTS16	2612135729	loo_perm__PRIMARY__M3_WT1__drop_ADAMTS16	1904197836	False
WT1	PRIMARY	C2	negative	ADAT2	1	1.0	1	92	506	-5.5353338816913933	9.7711417943682974	-0.56649816348809334	True	True	True	loo_boot__PRIMARY__M3_WT1__drop_ADAT2	4063459612	loo_perm__PRIMARY__M3_WT1__drop_ADAT2	270152224	False
WT1	PRIMARY	C2	negative	ADGRE5	1	1.0	1	92	506	-5.5128610113065193	9.9306673210377685	-0.55513500080983658	True	True	True	loo_boot__PRIMARY__M3_WT1__drop_ADGRE5	2930829228	loo_perm__PRIMARY__M3_WT1__drop_ADGRE5	1694665738	False
WT1	PRIMARY	C2	negative	ALDH1A2	1	1.0	1	92	506	-5.7109814912056933	9.8298738997773647	-0.5809821722468933	True	True	True	loo_boot__PRIMARY__M3_WT1__drop_ALDH1A2	1195099128	loo_perm__PRIMARY__M3_WT1__drop_ALDH1A2	933831904	False
WT1	PRIMARY	C2	negative	AMER1	1	1.0	1	92	506	-5.284300950728408	9.7506257205839333	-0.5419448045855203	True	True	True	loo_boot__PRIMARY__M3_WT1__drop_AMER1	3335422647	loo_perm__PRIMARY__M3_WT1__drop_AMER1	4188134439	False
WT1	PRIMARY	C2	negative	AMH	1	1.0	1	92	506	-5.9957230180095991	9.7985950300773599	-0.61189619528160688	True	True	True	loo_boot__PRIMARY__M3_WT1__drop_AMH	1774609025	loo_perm__PRIMARY__M3_WT1__drop_AMH	801326281	False
WT1	PRIMARY	C2	negative	AR	1	1.0	-1	92	506	-5.8444433192327736	9.7797944601155891	-0.59760390088645043	True	True	True	loo_boot__PRIMARY__M3_WT1__drop_AR	2510297441	loo_perm__PRIMARY__M3_WT1__drop_AR	2676993141	False
WT1	PRIMARY	C2	negative	AREG	1	1.0	1	92	506	-5.7102234228219331	9.8074346408149964	-0.58223415520487365	True	True	True	loo_boot__PRIMARY__M3_WT1__drop_AREG	366461952	loo_perm__PRIMARY__M3_WT1__drop_AREG	3435627955	False
WT1	PRIMARY	C2	negative	ATP7A	1	1.0	1	92	506	-5.5754379856151033	9.7144523821911353	-0.57393229862716566	True	True	True	loo_boot__PRIMARY__M3_WT1__drop_ATP7A	3858757814	loo_perm__PRIMARY__M3_WT1__drop_ATP7A	3135579885	False
WT1	PRIMARY	C2	negative	BAIAP3	1	1.0	1	92	506	-5.1016160206621919	9.7826591081954319	-0.52149583914135456	True	True	True	loo_boot__PRIMARY__M3_WT1__drop_BAIAP3	3508857202	loo_perm__PRIMARY__M3_WT1__drop_BAIAP3	2244721551	False
WT1	PRIMARY	C2	negative	BAK1	1	1.0	-1	92	506	-5.8312068916756914	9.7837383777780378	-0.59601010028234247	True	True	True	loo_boot__PRIMARY__M3_WT1__drop_BAK1	656489436	loo_perm__PRIMARY__M3_WT1__drop_BAK1	2195893629	False
WT1	PRIMARY	C2	negative	BCL2L1	1	1.0	1	92	506	-6.0985108378723609	9.6959434662181909	-0.62897549466127678	True	True	True	loo_boot__PRIMARY__M3_WT1__drop_BCL2L1	169155764	loo_perm__PRIMARY__M3_WT1__drop_BCL2L1	2260558918	False
WT1	PRIMARY	C2	negative	CALCA	2	1.0;1.0	1;1	91	506	-6.2416240092519573	9.6172975021359139	-0.64899978480084963	True	True	True	loo_boot__PRIMARY__M3_WT1__drop_CALCA	4227442366	loo_perm__PRIMARY__M3_WT1__drop_CALCA	1376338732	False
WT1	PRIMARY	C2	negative	CAMP	1	1.0	-1	92	506	-4.9273798913088314	9.7648090502800482	-0.50460586233045868	True	True	True	loo_boot__PRIMARY__M3_WT1__drop_CAMP	4266326013	loo_perm__PRIMARY__M3_WT1__drop_CAMP	1366272210	False
WT1	PRIMARY	C2	negative	CCN3	1	1.0	-1	92	506	-5.6032722806247222	9.8409658281554524	-0.56938235316227848	True	True	True	loo_boot__PRIMARY__M3_WT1__drop_CCN3	1660188952	loo_perm__PRIMARY__M3_WT1__drop_CCN3	40534280	False
WT1	PRIMARY	C2	negative	CD34	1	1.0	1	92	506	-5.5013838608162118	9.9143411905312018	-0.55489152078711668	True	True	True	loo_boot__PRIMARY__M3_WT1__drop_CD34	2796473953	loo_perm__PRIMARY__M3_WT1__drop_CD34	3462982477	False
WT1	PRIMARY	C2	negative	CDH1	1	1.0	-1	92	506	-5.3749765695457654	9.9061540756173496	-0.54258963958329087	True	True	True	loo_boot__PRIMARY__M3_WT1__drop_CDH1	2246738426	loo_perm__PRIMARY__M3_WT1__drop_CDH1	281737143	False
WT1	PRIMARY	C2	negative	CDH2	1	1.0	1	92	506	-5.8120247828739906	9.7671902973257847	-0.5950559583614643	True	True	True	loo_boot__PRIMARY__M3_WT1__drop_CDH2	3329320585	loo_perm__PRIMARY__M3_WT1__drop_CDH2	1017937452	False
WT1	PRIMARY	C2	negative	CDKN2B	1	1.0	1	92	506	-5.4025031661698861	9.7633846627318235	-0.55334326699141345	True	True	True	loo_boot__PRIMARY__M3_WT1__drop_CDKN2B	174446490	loo_perm__PRIMARY__M3_WT1__drop_CDKN2B	1979677335	False
WT1	PRIMARY	C2	negative	CKM	1	1.0	1	92	506	-5.5179465432449035	9.8509800250056241	-0.56014188732879433	True	True	True	loo_boot__PRIMARY__M3_WT1__drop_CKM	2289081493	loo_perm__PRIMARY__M3_WT1__drop_CKM	3233824816	False
WT1	PRIMARY	C2	negative	CSF1	1	1.0	-1	92	506	-5.5499275475671723	9.6781985617939874	-0.57344634046632093	True	True	True	loo_boot__PRIMARY__M3_WT1__drop_CSF1	564063646	loo_perm__PRIMARY__M3_WT1__drop_CSF1	3264672269	False
WT1	PRIMARY	C2	negative	CSF3	1	1.0	1	92	506	-5.4964599197087693	9.8338390182976188	-0.55893328225951444	True	True	True	loo_boot__PRIMARY__M3_WT1__drop_CSF3	4187455824	loo_perm__PRIMARY__M3_WT1__drop_CSF3	2780864346	False
WT1	PRIMARY	C2	negative	CX3CL1	1	1.0	1	92	506	-5.8075022822540348	9.8265660172334446	-0.5910001797239306	True	True	True	loo_boot__PRIMARY__M3_WT1__drop_CX3CL1	3095312177	loo_perm__PRIMARY__M3_WT1__drop_CX3CL1	4138810758	False
WT1	PRIMARY	C2	negative	CXXC5	1	1.0	1	92	506	-5.7172810438218207	9.7304683030098467	-0.58756483920237845	True	True	True	loo_boot__PRIMARY__M3_WT1__drop_CXXC5	60005863	loo_perm__PRIMARY__M3_WT1__drop_CXXC5	4185354241	False
WT1	PRIMARY	C2	negative	CYP19A1	1	1.0	-1	92	506	-5.2761662843036277	9.7953268896764296	-0.5386411646827558	True	True	True	loo_boot__PRIMARY__M3_WT1__drop_CYP19A1	3563541446	loo_perm__PRIMARY__M3_WT1__drop_CYP19A1	3043832106	False
WT1	PRIMARY	C2	negative	DAPK1	1	1.0	1	92	506	-5.4069225306620581	9.7838524985716084	-0.55263737177675565	True	True	True	loo_boot__PRIMARY__M3_WT1__drop_DAPK1	2213839298	loo_perm__PRIMARY__M3_WT1__drop_DAPK1	1813277133	False
WT1	PRIMARY	C2	negative	DNMT3L	1	1.0	1	92	506	-6.1126319872777231	9.8332058793616994	-0.62163164915596281	True	True	True	loo_boot__PRIMARY__M3_WT1__drop_DNMT3L	1256717345	loo_perm__PRIMARY__M3_WT1__drop_DNMT3L	1449626015	False
WT1	PRIMARY	C2	negative	DUSP6	1	1.0	1	92	506	-6.5050792765504113	9.7309894281675557	-0.66849104344113797	True	True	True	loo_boot__PRIMARY__M3_WT1__drop_DUSP6	2496642804	loo_perm__PRIMARY__M3_WT1__drop_DUSP6	2564594086	False
WT1	PRIMARY	C2	negative	EGFR	1	1.0	-1	92	506	-5.6073912011026223	9.8526637524962251	-0.56912438523865794	True	True	True	loo_boot__PRIMARY__M3_WT1__drop_EGFR	3232796255	loo_perm__PRIMARY__M3_WT1__drop_EGFR	1453854752	False
WT1	PRIMARY	C2	negative	EPO	1	1.0	1	92	506	-5.9168825404702048	9.8464508922279474	-0.60091525415929814	True	True	True	loo_boot__PRIMARY__M3_WT1__drop_EPO	2271728539	loo_perm__PRIMARY__M3_WT1__drop_EPO	97519515	False
WT1	PRIMARY	C2	negative	EPOR	1	1.0	1	92	506	-5.2979517110521073	9.7768760135124726	-0.54188594636260989	True	True	True	loo_boot__PRIMARY__M3_WT1__drop_EPOR	336808095	loo_perm__PRIMARY__M3_WT1__drop_EPOR	3317058562	False
WT1	PRIMARY	C2	negative	EREG	1	1.0	1	92	506	-6.1369332262614549	9.7548932188829607	-0.62911331662574566	True	True	True	loo_boot__PRIMARY__M3_WT1__drop_EREG	1279974395	loo_perm__PRIMARY__M3_WT1__drop_EREG	3685895036	False
WT1	PRIMARY	C2	negative	ESR1	1	1.0	1	92	506	-5.5001885774910164	9.9063721089328727	-0.55521723967256709	True	True	True	loo_boot__PRIMARY__M3_WT1__drop_ESR1	3172980701	loo_perm__PRIMARY__M3_WT1__drop_ESR1	1016669918	False
WT1	PRIMARY	C2	negative	ETS1	1	1.0	1	92	506	-5.9106574413683006	9.8491876094003761	-0.60011624062546864	True	True	True	loo_boot__PRIMARY__M3_WT1__drop_ETS1	3042164791	loo_perm__PRIMARY__M3_WT1__drop_ETS1	214748621	False
WT1	PRIMARY	C2	negative	FASLG	1	1.0	1	92	506	-5.7425366078372804	9.9677257949303382	-0.57611301975802531	True	True	True	loo_boot__PRIMARY__M3_WT1__drop_FASLG	3153858830	loo_perm__PRIMARY__M3_WT1__drop_FASLG	3676424294	False
WT1	PRIMARY	C2	negative	FASN	1	1.0	-1	92	506	-5.6123427992117385	9.8805308015596474	-0.56802037379670201	True	True	True	loo_boot__PRIMARY__M3_WT1__drop_FASN	1701112122	loo_perm__PRIMARY__M3_WT1__drop_FASN	2911732176	False
WT1	PRIMARY	C2	negative	FGF8	1	1.0	1	92	506	-5.425128547182112	9.8065725159039818	-0.55321352474412588	True	True	True	loo_boot__PRIMARY__M3_WT1__drop_FGF8	733810373	loo_perm__PRIMARY__M3_WT1__drop_FGF8	3624191265	False
WT1	PRIMARY	C2	negative	GC	1	1.0	1	92	506	-5.8868770415250609	9.908518759833262	-0.59412281332998396	True	True	True	loo_boot__PRIMARY__M3_WT1__drop_GC	150269398	loo_perm__PRIMARY__M3_WT1__drop_GC	1303064013	False
WT1	PRIMARY	C2	negative	GDNF	1	1.0	1	92	506	-5.3398749029493828	9.8402967213467818	-0.54265385020001167	True	True	True	loo_boot__PRIMARY__M3_WT1__drop_GDNF	1982426006	loo_perm__PRIMARY__M3_WT1__drop_GDNF	56241060	False
WT1	PRIMARY	C2	negative	GHRHR	1	1.0	1	92	506	-5.1198795442846006	9.878285751894845	-0.51829635959888176	True	True	True	loo_boot__PRIMARY__M3_WT1__drop_GHRHR	2122636097	loo_perm__PRIMARY__M3_WT1__drop_GHRHR	3275837969	False
WT1	PRIMARY	C2	negative	GRP	1	1.0	1	92	506	-6.3557737650376112	9.7731620131797445	-0.65032931577993247	True	True	True	loo_boot__PRIMARY__M3_WT1__drop_GRP	3181777004	loo_perm__PRIMARY__M3_WT1__drop_GRP	1431774232	False
WT1	PRIMARY	C2	negative	HBEGF	1	1.0	1	92	506	-6.5702598236293781	9.7575208929150481	-0.6733533953691101	True	True	True	loo_boot__PRIMARY__M3_WT1__drop_HBEGF	2409414502	loo_perm__PRIMARY__M3_WT1__drop_HBEGF	763122517	False
WT1	PRIMARY	C2	negative	HTRA2	1	1.0	1	92	506	-5.2999755095414827	9.7397636618782659	-0.54415853336213382	True	True	True	loo_boot__PRIMARY__M3_WT1__drop_HTRA2	563422291	loo_perm__PRIMARY__M3_WT1__drop_HTRA2	3779720269	False
WT1	PRIMARY	C2	negative	IGF1	1	1.0	-1	92	506	-6.0403863205054762	9.768132046496472	-0.61837680856003341	True	True	True	loo_boot__PRIMARY__M3_WT1__drop_IGF1	2499685307	loo_perm__PRIMARY__M3_WT1__drop_IGF1	883979409	False
WT1	PRIMARY	C2	negative	IL10	1	1.0	1	92	506	-5.6238061894878513	9.9068431831986512	-0.56766884117288274	True	True	True	loo_boot__PRIMARY__M3_WT1__drop_IL10	3341531617	loo_perm__PRIMARY__M3_WT1__drop_IL10	3997563849	False
WT1	PRIMARY	C2	negative	IL1B	1	1.0	1	92	506	-5.6940485064382642	9.9262742492529217	-0.57363401045128426	True	True	True	loo_boot__PRIMARY__M3_WT1__drop_IL1B	3775382102	loo_perm__PRIMARY__M3_WT1__drop_IL1B	255813190	False
WT1	PRIMARY	C2	negative	IL2RB	1	1.0	1	92	506	-5.8176110748056971	9.9568035360455678	-0.58428501212711614	True	True	True	loo_boot__PRIMARY__M3_WT1__drop_IL2RB	3428783831	loo_perm__PRIMARY__M3_WT1__drop_IL2RB	3852506994	False
WT1	PRIMARY	C2	negative	INHA	1	1.0	1	92	506	-5.4987712465026561	9.7212571705395678	-0.56564404685916281	True	True	True	loo_boot__PRIMARY__M3_WT1__drop_INHA	4000600192	loo_perm__PRIMARY__M3_WT1__drop_INHA	1420926722	False
WT1	PRIMARY	C2	negative	INSR	1	1.0	1	92	506	-5.3747164761490396	9.7145981103438217	-0.55326184522509458	True	True	True	loo_boot__PRIMARY__M3_WT1__drop_INSR	1371343095	loo_perm__PRIMARY__M3_WT1__drop_INSR	345005064	False
WT1	PRIMARY	C2	negative	IRF8	1	1.0	-1	92	506	-5.4181266277884035	9.5791520109342816	-0.56561652029363274	True	True	True	loo_boot__PRIMARY__M3_WT1__drop_IRF8	3086299441	loo_perm__PRIMARY__M3_WT1__drop_IRF8	2536396862	False
WT1	PRIMARY	C2	negative	ITGA4	1	1.0	1	92	506	-6.034227388427162	9.8866879518690105	-0.61033861064528017	True	True	True	loo_boot__PRIMARY__M3_WT1__drop_ITGA4	1752064960	loo_perm__PRIMARY__M3_WT1__drop_ITGA4	2398482185	False
WT1	PRIMARY	C2	negative	ITGAX	1	1.0	1	92	506	-5.8974978160162124	10.007374740002485	-0.58931517698064617	True	True	True	loo_boot__PRIMARY__M3_WT1__drop_ITGAX	2224762084	loo_perm__PRIMARY__M3_WT1__drop_ITGAX	1779647496	False
WT1	PRIMARY	C2	negative	KIRREL2	1	1.0	1	92	506	-5.6229573680251264	9.8064184869636293	-0.573395615891788	True	True	True	loo_boot__PRIMARY__M3_WT1__drop_KIRREL2	3202659582	loo_perm__PRIMARY__M3_WT1__drop_KIRREL2	2077689923	False
WT1	PRIMARY	C2	negative	KIT	1	1.0	1	92	506	-6.161283210761475	9.6925823936729039	-0.63566993402949246	True	True	True	loo_boot__PRIMARY__M3_WT1__drop_KIT	220676722	loo_perm__PRIMARY__M3_WT1__drop_KIT	100176314	False
WT1	PRIMARY	C2	negative	KLK3	1	1.0	1	92	506	-5.8537375884012022	9.8012491430796498	-0.59724403521915781	True	True	True	loo_boot__PRIMARY__M3_WT1__drop_KLK3	1478647654	loo_perm__PRIMARY__M3_WT1__drop_KLK3	3187525051	False
WT1	PRIMARY	C2	negative	MDM2	1	1.0	-1	92	506	-5.7160684050566033	9.7263544751946807	-0.58768867818198567	True	True	True	loo_boot__PRIMARY__M3_WT1__drop_MDM2	2301879152	loo_perm__PRIMARY__M3_WT1__drop_MDM2	3144177873	False
WT1	PRIMARY	C2	negative	MEN1	1	1.0	1	92	506	-5.1383227984444062	9.7197312874382717	-0.52864864742558748	True	True	True	loo_boot__PRIMARY__M3_WT1__drop_MEN1	2148144540	loo_perm__PRIMARY__M3_WT1__drop_MEN1	2948568732	False
WT1	PRIMARY	C2	negative	MMP9	1	1.0	-1	92	506	-5.0941100484805446	9.6848498638674858	-0.52598750833358765	True	True	True	loo_boot__PRIMARY__M3_WT1__drop_MMP9	322951170	loo_perm__PRIMARY__M3_WT1__drop_MMP9	1576501912	False
WT1	PRIMARY	C2	negative	MYCN	1	1.0	-1	92	506	-6.5110620502093397	9.7529738348478396	-0.6675976128373281	True	True	True	loo_boot__PRIMARY__M3_WT1__drop_MYCN	1205796236	loo_perm__PRIMARY__M3_WT1__drop_MYCN	4120602401	False
WT1	PRIMARY	C2	negative	NES	1	1.0	1	92	506	-6.0122379566183284	9.7247974562685275	-0.61823785879909376	True	True	True	loo_boot__PRIMARY__M3_WT1__drop_NES	2049507890	loo_perm__PRIMARY__M3_WT1__drop_NES	2423767758	False
WT1	PRIMARY	C2	negative	NOS2	1	1.0	1	92	506	-5.7347481172090582	9.8844669230849593	-0.58017778417728094	True	True	True	loo_boot__PRIMARY__M3_WT1__drop_NOS2	1995873195	loo_perm__PRIMARY__M3_WT1__drop_NOS2	1098880327	False
WT1	PRIMARY	C2	negative	NPHS1	1	1.0	1	92	506	-5.6260317085449643	9.8643087485332277	-0.57034221575652999	True	True	True	loo_boot__PRIMARY__M3_WT1__drop_NPHS1	2161186915	loo_perm__PRIMARY__M3_WT1__drop_NPHS1	1336218550	False
WT1	PRIMARY	C2	negative	NR0B1	1	1.0	1	92	506	-6.0839319016958484	9.7855125555473688	-0.6217284855709363	True	True	True	loo_boot__PRIMARY__M3_WT1__drop_NR0B1	178504651	loo_perm__PRIMARY__M3_WT1__drop_NR0B1	2536391019	False
WT1	PRIMARY	C2	negative	NR5A1	1	1.0	1	92	506	-6.1974568893873609	9.8553963099328996	-0.62883893194037943	True	True	True	loo_boot__PRIMARY__M3_WT1__drop_NR5A1	939975473	loo_perm__PRIMARY__M3_WT1__drop_NR5A1	760562824	False
WT1	PRIMARY	C2	negative	NTRK2	1	1.0	1	92	506	-5.9880640263630696	9.6976589625045566	-0.61747521226675184	True	True	True	loo_boot__PRIMARY__M3_WT1__drop_NTRK2	348415754	loo_perm__PRIMARY__M3_WT1__drop_NTRK2	133933959	False
WT1	PRIMARY	C2	negative	NUP210	1	1.0	1	92	506	-5.2918595359528098	9.7929277335841327	-0.54037563432687885	True	True	True	loo_boot__PRIMARY__M3_WT1__drop_NUP210	2432532744	loo_perm__PRIMARY__M3_WT1__drop_NUP210	287069650	False
WT1	PRIMARY	C2	negative	PDGFA	1	1.0	-1	92	506	-5.9390949764422416	9.807960083256912	-0.60553824913916832	True	True	True	loo_boot__PRIMARY__M3_WT1__drop_PDGFA	2782868148	loo_perm__PRIMARY__M3_WT1__drop_PDGFA	2817085084	False
WT1	PRIMARY	C2	negative	PODXL	1	1.0	1	92	506	-4.9654080588106595	9.8235206452871964	-0.50546115166895877	True	True	True	loo_boot__PRIMARY__M3_WT1__drop_PODXL	1090790760	loo_perm__PRIMARY__M3_WT1__drop_PODXL	1602657173	False
WT1	PRIMARY	C2	negative	POU4F2	1	1.0	1	92	506	-6.0300760700539726	9.9107507626524445	-0.6084378685798093	True	True	True	loo_boot__PRIMARY__M3_WT1__drop_POU4F2	1701333993	loo_perm__PRIMARY__M3_WT1__drop_POU4F2	2506264480	False
WT1	PRIMARY	C2	negative	PRM1	1	1.0	-1	92	506	-5.9661568411811885	9.8404571086046317	-0.60628858754582637	True	True	True	loo_boot__PRIMARY__M3_WT1__drop_PRM1	2693498313	loo_perm__PRIMARY__M3_WT1__drop_PRM1	1242547534	False
WT1	PRIMARY	C2	negative	REN	1	1.0	-1	92	506	-5.6006843509241833	9.785026799810483	-0.57237291890019737	True	True	True	loo_boot__PRIMARY__M3_WT1__drop_REN	1162100700	loo_perm__PRIMARY__M3_WT1__drop_REN	1253387841	False
WT1	PRIMARY	C2	negative	SALL2	1	1.0	1	92	506	-5.3347247762283132	9.6906818522341176	-0.55050045575466189	True	True	True	loo_boot__PRIMARY__M3_WT1__drop_SALL2	3876996561	loo_perm__PRIMARY__M3_WT1__drop_SALL2	3783645469	False
WT1	PRIMARY	C2	negative	SDC1	1	1.0	1	92	506	-5.8139833937569492	9.7965168318290345	-0.59347454749092321	True	True	True	loo_boot__PRIMARY__M3_WT1__drop_SDC1	1525695020	loo_perm__PRIMARY__M3_WT1__drop_SDC1	2091535902	False
WT1	PRIMARY	C2	negative	SIM1	1	1.0	-1	92	506	-6.0147539142410054	9.8691342134399598	-0.60945102013609342	True	True	True	loo_boot__PRIMARY__M3_WT1__drop_SIM1	4116264905	loo_perm__PRIMARY__M3_WT1__drop_SIM1	1590246448	False
WT1	PRIMARY	C2	negative	SLC10A4	1	1.0	1	92	506	-5.6800232367224694	9.6752911177760286	-0.5870648404869997	True	True	True	loo_boot__PRIMARY__M3_WT1__drop_SLC10A4	1946162671	loo_perm__PRIMARY__M3_WT1__drop_SLC10A4	3365866753	False
WT1	PRIMARY	C2	negative	SLC29A4	1	1.0	1	92	506	-5.0048689154350612	9.7709652380555241	-0.51221847519652597	True	True	True	loo_boot__PRIMARY__M3_WT1__drop_SLC29A4	361737257	loo_perm__PRIMARY__M3_WT1__drop_SLC29A4	1439683645	False
WT1	PRIMARY	C2	negative	SLC31A1	1	1.0	1	92	506	-5.7055269054791609	9.829566220740336	-0.58044544157406741	True	True	True	loo_boot__PRIMARY__M3_WT1__drop_SLC31A1	1531494265	loo_perm__PRIMARY__M3_WT1__drop_SLC31A1	400766928	False
WT1	PRIMARY	C2	negative	SLC5A5	1	1.0	1	92	506	-5.5640669632354545	9.8566252368157521	-0.5645002046393075	True	True	True	loo_boot__PRIMARY__M3_WT1__drop_SLC5A5	1627757215	loo_perm__PRIMARY__M3_WT1__drop_SLC5A5	175335408	False
WT1	PRIMARY	C2	negative	SLC6A6	1	1.0	1	92	506	-5.9385336219759282	9.749133750945818	-0.60913449068229242	True	True	True	loo_boot__PRIMARY__M3_WT1__drop_SLC6A6	413168489	loo_perm__PRIMARY__M3_WT1__drop_SLC6A6	281616334	False
WT1	PRIMARY	C2	negative	SNURF	1	1.0	1	92	506	-5.8339893918597241	9.793197061185019	-0.59571857437470843	True	True	True	loo_boot__PRIMARY__M3_WT1__drop_SNURF	78674370	loo_perm__PRIMARY__M3_WT1__drop_SNURF	1618463184	False
WT1	PRIMARY	C2	negative	SRY	1	1.0	1	92	506	-5.8849318683969187	9.9419535741754999	-0.59192912383771257	True	True	True	loo_boot__PRIMARY__M3_WT1__drop_SRY	14161052	loo_perm__PRIMARY__M3_WT1__drop_SRY	3791655874	False
WT1	PRIMARY	C2	negative	SULF1	1	1.0	1	92	506	-5.9392460899825892	9.8829104582317306	-0.60096123657941658	True	True	True	loo_boot__PRIMARY__M3_WT1__drop_SULF1	3965098083	loo_perm__PRIMARY__M3_WT1__drop_SULF1	735628485	False
WT1	PRIMARY	C2	negative	SULF2	1	1.0	1	92	506	-4.8129891739208901	9.8688296609040069	-0.4876960429247098	True	False	False	loo_boot__PRIMARY__M3_WT1__drop_SULF2	1097028262	loo_perm__PRIMARY__M3_WT1__drop_SULF2	2744834038	False
WT1	PRIMARY	C2	negative	TBXA2R	1	1.0	-1	92	506	-6.0165490572549416	9.7582028687116082	-0.61656322769699878	True	True	True	loo_boot__PRIMARY__M3_WT1__drop_TBXA2R	4137532353	loo_perm__PRIMARY__M3_WT1__drop_TBXA2R	3309990336	False
WT1	PRIMARY	C2	negative	TERT	1	1.0	-1	92	506	-5.4181587480991169	9.8422361228413671	-0.55050078869017649	True	True	True	loo_boot__PRIMARY__M3_WT1__drop_TERT	3023459977	loo_perm__PRIMARY__M3_WT1__drop_TERT	2509810369	False
WT1	PRIMARY	C2	negative	TGFB2	1	1.0	-1	92	506	-5.7297870025271678	9.8852314885287704	-0.57963103941230398	True	True	True	loo_boot__PRIMARY__M3_WT1__drop_TGFB2	3703499611	loo_perm__PRIMARY__M3_WT1__drop_TGFB2	968452684	False
WT1	PRIMARY	C2	negative	THBS1	1	1.0	1	92	506	-6.074443282905996	9.8654468117270646	-0.61572916045579407	True	True	True	loo_boot__PRIMARY__M3_WT1__drop_THBS1	3115932384	loo_perm__PRIMARY__M3_WT1__drop_THBS1	2039429389	False
WT1	PRIMARY	C2	negative	USP18	1	1.0	-1	92	506	-5.853608578968597	9.7920048208572155	-0.59779469945728214	True	True	True	loo_boot__PRIMARY__M3_WT1__drop_USP18	2139744458	loo_perm__PRIMARY__M3_WT1__drop_USP18	3577694536	False
WT1	PRIMARY	C2	negative	VDR	1	1.0	1	92	506	-5.6032507067215107	9.8603830581055778	-0.56825892804594891	True	True	True	loo_boot__PRIMARY__M3_WT1__drop_VDR	3925716571	loo_perm__PRIMARY__M3_WT1__drop_VDR	1589653057	False
WT1	PRIMARY	C2	negative	WNT4	1	1.0	1	92	506	-5.2666933169241616	9.8716448404779182	-0.53351730152694432	True	True	True	loo_boot__PRIMARY__M3_WT1__drop_WNT4	473507473	loo_perm__PRIMARY__M3_WT1__drop_WNT4	4294267247	False
WT1	SENS_nopurity	C2	negative	ABCB1	1	1.0	-1	92	507	-6.1499618341157642	9.6441332849082393	-0.63768942759632119	True	True	True	loo_boot__SENS_nopurity__M3_WT1__drop_ABCB1	604038164	loo_perm__SENS_nopurity__M3_WT1__drop_ABCB1	994318566	False
WT1	SENS_nopurity	C2	negative	ABCC3	1	1.0	1	92	507	-5.9599691490520925	9.8656560729896601	-0.60411280354373842	True	True	True	loo_boot__SENS_nopurity__M3_WT1__drop_ABCC3	2409729646	loo_perm__SENS_nopurity__M3_WT1__drop_ABCC3	3308527357	False
WT1	SENS_nopurity	C2	negative	ADAMTS16	1	1.0	-1	92	507	-5.4421736662425673	9.9431119599043836	-0.54733102555700286	True	True	True	loo_boot__SENS_nopurity__M3_WT1__drop_ADAMTS16	301288598	loo_perm__SENS_nopurity__M3_WT1__drop_ADAMTS16	3162811527	False
WT1	SENS_nopurity	C2	negative	ADAT2	1	1.0	1	92	507	-5.607423624620175	9.7584555107024773	-0.57462204121034277	True	True	True	loo_boot__SENS_nopurity__M3_WT1__drop_ADAT2	3504117786	loo_perm__SENS_nopurity__M3_WT1__drop_ADAT2	2957858251	False
WT1	SENS_nopurity	C2	negative	ADGRE5	1	1.0	1	92	507	-5.556297008707503	9.9142327726227606	-0.56043640855908738	True	True	True	loo_boot__SENS_nopurity__M3_WT1__drop_ADGRE5	595470625	loo_perm__SENS_nopurity__M3_WT1__drop_ADGRE5	606705165	False
WT1	SENS_nopurity	C2	negative	ALDH1A2	1	1.0	1	92	507	-5.7726061241557005	9.8152481575524817	-0.58812635518684131	True	True	True	loo_boot__SENS_nopurity__M3_WT1__drop_ALDH1A2	3845092916	loo_perm__SENS_nopurity__M3_WT1__drop_ALDH1A2	2917057181	False
WT1	SENS_nopurity	C2	negative	AMER1	1	1.0	1	92	507	-5.3617516876499565	9.7391170149770261	-0.55053776224318263	True	True	True	loo_boot__SENS_nopurity__M3_WT1__drop_AMER1	2450207020	loo_perm__SENS_nopurity__M3_WT1__drop_AMER1	3690634125	False
WT1	SENS_nopurity	C2	negative	AMH	1	1.0	1	92	507	-6.0542656583789736	9.7835314754853098	-0.61882211689605193	True	True	True	loo_boot__SENS_nopurity__M3_WT1__drop_AMH	4214760732	loo_perm__SENS_nopurity__M3_WT1__drop_AMH	3281649956	False
WT1	SENS_nopurity	C2	negative	AR	1	1.0	-1	92	507	-5.8669496151016816	9.7633445957761218	-0.60091596251144075	True	True	True	loo_boot__SENS_nopurity__M3_WT1__drop_AR	4201187982	loo_perm__SENS_nopurity__M3_WT1__drop_AR	3551508595	False
WT1	SENS_nopurity	C2	negative	AREG	1	1.0	1	92	507	-5.7759255946514472	9.7934620063900866	-0.58977362559662172	True	True	True	loo_boot__SENS_nopurity__M3_WT1__drop_AREG	4242689870	loo_perm__SENS_nopurity__M3_WT1__drop_AREG	1893427609	False
WT1	SENS_nopurity	C2	negative	ATP7A	1	1.0	1	92	507	-5.638924136089102	9.7003354371737682	-0.58131228271545476	True	True	True	loo_boot__SENS_nopurity__M3_WT1__drop_ATP7A	4099246739	loo_perm__SENS_nopurity__M3_WT1__drop_ATP7A	2006985317	False
WT1	SENS_nopurity	C2	negative	BAIAP3	1	1.0	1	92	507	-5.1360959998846738	9.7661901290999609	-0.52590579663003234	True	True	True	loo_boot__SENS_nopurity__M3_WT1__drop_BAIAP3	2826961154	loo_perm__SENS_nopurity__M3_WT1__drop_BAIAP3	1362019835	False
WT1	SENS_nopurity	C2	negative	BAK1	1	1.0	-1	92	507	-5.8946505373984195	9.7694381153258441	-0.60337661877924831	True	True	True	loo_boot__SENS_nopurity__M3_WT1__drop_BAK1	2176597716	loo_perm__SENS_nopurity__M3_WT1__drop_BAK1	827048692	False
WT1	SENS_nopurity	C2	negative	BCL2L1	1	1.0	1	92	507	-6.129175081888171	9.6786669903914824	-0.63326644960229783	True	True	True	loo_boot__SENS_nopurity__M3_WT1__drop_BCL2L1	3964205534	loo_perm__SENS_nopurity__M3_WT1__drop_BCL2L1	2245594749	False
WT1	SENS_nopurity	C2	negative	CALCA	2	1.0;1.0	1;1	91	507	-6.3099201397047793	9.6044882693748495	-0.65697619308097588	True	True	True	loo_boot__SENS_nopurity__M3_WT1__drop_CALCA	2897553754	loo_perm__SENS_nopurity__M3_WT1__drop_CALCA	359123672	False
WT1	SENS_nopurity	C2	negative	CAMP	1	1.0	-1	92	507	-5.0010265399278566	9.7524034403747653	-0.51279939047883327	True	True	True	loo_boot__SENS_nopurity__M3_WT1__drop_CAMP	2201445090	loo_perm__SENS_nopurity__M3_WT1__drop_CAMP	1496599885	False
WT1	SENS_nopurity	C2	negative	CCN3	1	1.0	-1	92	507	-5.6409442339365938	9.8243209844231423	-0.57418158902590199	True	True	True	loo_boot__SENS_nopurity__M3_WT1__drop_CCN3	1962984658	loo_perm__SENS_nopurity__M3_WT1__drop_CCN3	2325748570	False
WT1	SENS_nopurity	C2	negative	CD34	1	1.0	1	92	507	-5.565542157493816	9.8999979594756926	-0.56217609137654501	True	True	True	loo_boot__SENS_nopurity__M3_WT1__drop_CD34	174044065	loo_perm__SENS_nopurity__M3_WT1__drop_CD34	2034298271	False
WT1	SENS_nopurity	C2	negative	CDH1	1	1.0	-1	92	507	-5.4123907401576901	9.8895169638231266	-0.54728565206539148	True	True	True	loo_boot__SENS_nopurity__M3_WT1__drop_CDH1	3206679721	loo_perm__SENS_nopurity__M3_WT1__drop_CDH1	3538056054	False
WT1	SENS_nopurity	C2	negative	CDH2	1	1.0	1	92	507	-5.898685187527775	9.757933484304127	-0.60450147533962528	True	True	True	loo_boot__SENS_nopurity__M3_WT1__drop_CDH2	2443647954	loo_perm__SENS_nopurity__M3_WT1__drop_CDH2	862109924	False
WT1	SENS_nopurity	C2	negative	CDKN2B	1	1.0	1	92	507	-5.4363774194729828	9.7463903724464327	-0.55778367290129405	True	True	True	loo_boot__SENS_nopurity__M3_WT1__drop_CDKN2B	2270496601	loo_perm__SENS_nopurity__M3_WT1__drop_CDKN2B	2066648060	False
WT1	SENS_nopurity	C2	negative	CKM	1	1.0	1	92	507	-5.5679001104824266	9.8348167074619646	-0.56614172649073335	True	True	True	loo_boot__SENS_nopurity__M3_WT1__drop_CKM	2908082142	loo_perm__SENS_nopurity__M3_WT1__drop_CKM	786128470	False
WT1	SENS_nopurity	C2	negative	CSF1	1	1.0	-1	92	507	-5.6267282779319174	9.6669461783450235	-0.5820585088739173	True	True	True	loo_boot__SENS_nopurity__M3_WT1__drop_CSF1	36972705	loo_perm__SENS_nopurity__M3_WT1__drop_CSF1	3091850949	False
WT1	SENS_nopurity	C2	negative	CSF3	1	1.0	1	92	507	-5.5728683230031706	9.8217898615745636	-0.56739844789448246	True	True	True	loo_boot__SENS_nopurity__M3_WT1__drop_CSF3	1847171198	loo_perm__SENS_nopurity__M3_WT1__drop_CSF3	3049609542	False
WT1	SENS_nopurity	C2	negative	CX3CL1	1	1.0	1	92	507	-5.838307472665214	9.8099733989571352	-0.59513999021504627	True	True	True	loo_boot__SENS_nopurity__M3_WT1__drop_CX3CL1	3340741550	loo_perm__SENS_nopurity__M3_WT1__drop_CX3CL1	193868970	False
WT1	SENS_nopurity	C2	negative	CXXC5	1	1.0	1	92	507	-5.754634738951637	9.7133761037789981	-0.59244434452741834	True	True	True	loo_boot__SENS_nopurity__M3_WT1__drop_CXXC5	2957541600	loo_perm__SENS_nopurity__M3_WT1__drop_CXXC5	3528144814	False
WT1	SENS_nopurity	C2	negative	CYP19A1	1	1.0	-1	92	507	-5.3356915151114279	9.7803838998339483	-0.54555031476852534	True	True	True	loo_boot__SENS_nopurity__M3_WT1__drop_CYP19A1	2536464209	loo_perm__SENS_nopurity__M3_WT1__drop_CYP19A1	804784478	False
WT1	SENS_nopurity	C2	negative	DAPK1	1	1.0	1	92	507	-5.4304582958975871	9.7669680427911238	-0.55600246382558194	True	True	True	loo_boot__SENS_nopurity__M3_WT1__drop_DAPK1	2481704669	loo_perm__SENS_nopurity__M3_WT1__drop_DAPK1	460953630	False
WT1	SENS_nopurity	C2	negative	DNMT3L	1	1.0	1	92	507	-6.1777474613411911	9.8190591358147739	-0.62915879982920264	True	True	True	loo_boot__SENS_nopurity__M3_WT1__drop_DNMT3L	3448228237	loo_perm__SENS_nopurity__M3_WT1__drop_DNMT3L	1512344771	False
WT1	SENS_nopurity	C2	negative	DUSP6	1	1.0	1	92	507	-6.5847291937331534	9.7200332045250182	-0.67743896087389188	True	True	True	loo_boot__SENS_nopurity__M3_WT1__drop_DUSP6	2424409601	loo_perm__SENS_nopurity__M3_WT1__drop_DUSP6	1454586575	False
WT1	SENS_nopurity	C2	negative	EGFR	1	1.0	-1	92	507	-5.6535670466702186	9.836367849099469	-0.57476165322424466	True	True	True	loo_boot__SENS_nopurity__M3_WT1__drop_EGFR	3988905258	loo_perm__SENS_nopurity__M3_WT1__drop_EGFR	2112652504	False
WT1	SENS_nopurity	C2	negative	EPO	1	1.0	1	92	507	-5.987816807483533	9.833297044799167	-0.60893276997571133	True	True	True	loo_boot__SENS_nopurity__M3_WT1__drop_EPO	1042397692	loo_perm__SENS_nopurity__M3_WT1__drop_EPO	1983069192	False
WT1	SENS_nopurity	C2	negative	EPOR	1	1.0	1	92	507	-5.3729197427950197	9.7647458613537772	-0.55023651604283763	True	True	True	loo_boot__SENS_nopurity__M3_WT1__drop_EPOR	1973087207	loo_perm__SENS_nopurity__M3_WT1__drop_EPOR	211021690	False
WT1	SENS_nopurity	C2	negative	EREG	1	1.0	1	92	507	-6.1853181915926072	9.7385725359093129	-0.6351360190402966	True	True	True	loo_boot__SENS_nopurity__M3_WT1__drop_EREG	3610206049	loo_perm__SENS_nopurity__M3_WT1__drop_EREG	2336514478	False
WT1	SENS_nopurity	C2	negative	ESR1	1	1.0	1	92	507	-5.5788485076540013	9.8945662087050419	-0.56382951915020207	True	True	True	loo_boot__SENS_nopurity__M3_WT1__drop_ESR1	2183626165	loo_perm__SENS_nopurity__M3_WT1__drop_ESR1	1472226946	False
WT1	SENS_nopurity	C2	negative	ETS1	1	1.0	1	92	507	-5.9508021424404447	9.8325279723893786	-0.60521588742496657	True	True	True	loo_boot__SENS_nopurity__M3_WT1__drop_ETS1	1945951721	loo_perm__SENS_nopurity__M3_WT1__drop_ETS1	337142091	False
WT1	SENS_nopurity	C2	negative	FASLG	1	1.0	1	92	507	-5.7946389142598704	9.9519368214678945	-0.58226242973728715	True	True	True	loo_boot__SENS_nopurity__M3_WT1__drop_FASLG	3038827978	loo_perm__SENS_nopurity__M3_WT1__drop_FASLG	925878607	False
WT1	SENS_nopurity	C2	negative	FASN	1	1.0	-1	92	507	-5.6642268209043678	9.8647099393031326	-0.57419091445728843	True	True	True	loo_boot__SENS_nopurity__M3_WT1__drop_FASN	2946415072	loo_perm__SENS_nopurity__M3_WT1__drop_FASN	4002275983	False
WT1	SENS_nopurity	C2	negative	FGF8	1	1.0	1	92	507	-5.4996412942161683	9.7943559839937038	-0.56151127273747081	True	True	True	loo_boot__SENS_nopurity__M3_WT1__drop_FGF8	821371033	loo_perm__SENS_nopurity__M3_WT1__drop_FGF8	2865095948	False
WT1	SENS_nopurity	C2	negative	GC	1	1.0	1	92	507	-5.9522315737742062	9.8942336367799584	-0.60158591279347817	True	True	True	loo_boot__SENS_nopurity__M3_WT1__drop_GC	3525590074	loo_perm__SENS_nopurity__M3_WT1__drop_GC	3938928817	False
WT1	SENS_nopurity	C2	negative	GDNF	1	1.0	1	92	507	-5.4154736348316845	9.828092567763818	-0.55101980343515067	True	True	True	loo_boot__SENS_nopurity__M3_WT1__drop_GDNF	2312300779	loo_perm__SENS_nopurity__M3_WT1__drop_GDNF	2095633035	False
WT1	SENS_nopurity	C2	negative	GHRHR	1	1.0	1	92	507	-5.171853096562856	9.8624117716396107	-0.52440044243894346	True	True	True	loo_boot__SENS_nopurity__M3_WT1__drop_GHRHR	500303964	loo_perm__SENS_nopurity__M3_WT1__drop_GHRHR	3444193090	False
WT1	SENS_nopurity	C2	negative	GRP	1	1.0	1	92	507	-6.3975963041829331	9.756294059551692	-0.65574041384284665	True	True	True	loo_boot__SENS_nopurity__M3_WT1__drop_GRP	623312734	loo_perm__SENS_nopurity__M3_WT1__drop_GRP	3508263803	False
WT1	SENS_nopurity	C2	negative	HBEGF	1	1.0	1	92	507	-6.617728697136279	9.7411032758971636	-0.67936131151702428	True	True	True	loo_boot__SENS_nopurity__M3_WT1__drop_HBEGF	1583791483	loo_perm__SENS_nopurity__M3_WT1__drop_HBEGF	2424995345	False
WT1	SENS_nopurity	C2	negative	HTRA2	1	1.0	1	92	507	-5.3739587436194682	9.7276615871221406	-0.55244096389349373	True	True	True	loo_boot__SENS_nopurity__M3_WT1__drop_HTRA2	2183521967	loo_perm__SENS_nopurity__M3_WT1__drop_HTRA2	280813676	False
WT1	SENS_nopurity	C2	negative	IGF1	1	1.0	-1	92	507	-6.0767744045831336	9.7510092616259865	-0.62319440393699599	True	True	True	loo_boot__SENS_nopurity__M3_WT1__drop_IGF1	1510969108	loo_perm__SENS_nopurity__M3_WT1__drop_IGF1	2646294232	False
WT1	SENS_nopurity	C2	negative	IL10	1	1.0	1	92	507	-5.6438532323436519	9.8901295327985483	-0.57065513789551403	True	True	True	loo_boot__SENS_nopurity__M3_WT1__drop_IL10	869028827	loo_perm__SENS_nopurity__M3_WT1__drop_IL10	80586083	False
WT1	SENS_nopurity	C2	negative	IL1B	1	1.0	1	92	507	-5.7458200003031905	9.9104659027269975	-0.57977294475350061	True	True	True	loo_boot__SENS_nopurity__M3_WT1__drop_IL1B	1668620488	loo_perm__SENS_nopurity__M3_WT1__drop_IL1B	1426851274	False
WT1	SENS_nopurity	C2	negative	IL2RB	1	1.0	1	92	507	-5.8707486274607703	9.9411924022498024	-0.59054773209420575	True	True	True	loo_boot__SENS_nopurity__M3_WT1__drop_IL2RB	3708694045	loo_perm__SENS_nopurity__M3_WT1__drop_IL2RB	2237114077	False
WT1	SENS_nopurity	C2	negative	INHA	1	1.0	1	92	507	-5.5661344464994045	9.7078192564476655	-0.57336609793209037	True	True	True	loo_boot__SENS_nopurity__M3_WT1__drop_INHA	1187060003	loo_perm__SENS_nopurity__M3_WT1__drop_INHA	3055751446	False
WT1	SENS_nopurity	C2	negative	INSR	1	1.0	1	92	507	-5.4071205244773139	9.6974689618939145	-0.55758059610446065	True	True	True	loo_boot__SENS_nopurity__M3_WT1__drop_INSR	3275235604	loo_perm__SENS_nopurity__M3_WT1__drop_INSR	550036509	False
WT1	SENS_nopurity	C2	negative	IRF8	1	1.0	-1	92	507	-5.5004193595481325	9.5699368388906194	-0.57476025726683488	True	True	True	loo_boot__SENS_nopurity__M3_WT1__drop_IRF8	3345625189	loo_perm__SENS_nopurity__M3_WT1__drop_IRF8	2684861555	False
WT1	SENS_nopurity	C2	negative	ITGA4	1	1.0	1	92	507	-6.1016140542942807	9.8728135352199669	-0.61802180629944781	True	True	True	loo_boot__SENS_nopurity__M3_WT1__drop_ITGA4	2575475998	loo_perm__SENS_nopurity__M3_WT1__drop_ITGA4	1412312568	False
WT1	SENS_nopurity	C2	negative	ITGAX	1	1.0	1	92	507	-5.926670523063045	9.9916017311357006	-0.59316520839641063	True	True	True	loo_boot__SENS_nopurity__M3_WT1__drop_ITGAX	1893659050	loo_perm__SENS_nopurity__M3_WT1__drop_ITGAX	905523402	False
WT1	SENS_nopurity	C2	negative	KIRREL2	1	1.0	1	92	507	-5.696737142585377	9.7940226763621201	-0.58165447751458199	True	True	True	loo_boot__SENS_nopurity__M3_WT1__drop_KIRREL2	3808171251	loo_perm__SENS_nopurity__M3_WT1__drop_KIRREL2	1679412973	False
WT1	SENS_nopurity	C2	negative	KIT	1	1.0	1	92	507	-6.2364889628201894	9.6808108806819195	-0.64421142398981446	True	True	True	loo_boot__SENS_nopurity__M3_WT1__drop_KIT	134719797	loo_perm__SENS_nopurity__M3_WT1__drop_KIT	2392778272	False
WT1	SENS_nopurity	C2	negative	KLK3	1	1.0	1	92	507	-5.9304970163136659	9.7894703824272131	-0.60580366298051469	True	True	True	loo_boot__SENS_nopurity__M3_WT1__drop_KLK3	3713175980	loo_perm__SENS_nopurity__M3_WT1__drop_KLK3	1605597158	False
WT1	SENS_nopurity	C2	negative	MDM2	1	1.0	-1	92	507	-5.7686227789116273	9.7106588075132727	-0.59405060905325635	True	True	True	loo_boot__SENS_nopurity__M3_WT1__drop_MDM2	1103544385	loo_perm__SENS_nopurity__M3_WT1__drop_MDM2	2418825368	False
WT1	SENS_nopurity	C2	negative	MEN1	1	1.0	1	92	507	-5.2124061053415929	9.7077096160549026	-0.53693469536018656	True	True	True	loo_boot__SENS_nopurity__M3_WT1__drop_MEN1	4197774479	loo_perm__SENS_nopurity__M3_WT1__drop_MEN1	2015251377	False
WT1	SENS_nopurity	C2	negative	MMP9	1	1.0	-1	92	507	-5.1417215777961758	9.6686567149107905	-0.53179275357524336	True	True	True	loo_boot__SENS_nopurity__M3_WT1__drop_MMP9	3893238462	loo_perm__SENS_nopurity__M3_WT1__drop_MMP9	1199749896	False
WT1	SENS_nopurity	C2	negative	MYCN	1	1.0	-1	92	507	-6.5579056998205019	9.736584075238202	-0.67353248830854107	True	True	True	loo_boot__SENS_nopurity__M3_WT1__drop_MYCN	3057375709	loo_perm__SENS_nopurity__M3_WT1__drop_MYCN	3882565417	False
WT1	SENS_nopurity	C2	negative	NES	1	1.0	1	92	507	-6.0908263173750612	9.7136306327337927	-0.62703911108681576	True	True	True	loo_boot__SENS_nopurity__M3_WT1__drop_NES	208068822	loo_perm__SENS_nopurity__M3_WT1__drop_NES	1009105359	False
WT1	SENS_nopurity	C2	negative	NOS2	1	1.0	1	92	507	-5.7818138160907893	9.8680552418099303	-0.58591218577636672	True	True	True	loo_boot__SENS_nopurity__M3_WT1__drop_NOS2	260267533	loo_perm__SENS_nopurity__M3_WT1__drop_NOS2	195609030	False
WT1	SENS_nopurity	C2	negative	NPHS1	1	1.0	1	92	507	-5.6910480307072362	9.850066928088955	-0.57776744790214085	True	True	True	loo_boot__SENS_nopurity__M3_WT1__drop_NPHS1	228924775	loo_perm__SENS_nopurity__M3_WT1__drop_NPHS1	2808711683	False
WT1	SENS_nopurity	C2	negative	NR0B1	1	1.0	1	92	507	-6.1295618739774085	9.7689789204987001	-0.62745164298752509	True	True	True	loo_boot__SENS_nopurity__M3_WT1__drop_NR0B1	1595122223	loo_perm__SENS_nopurity__M3_WT1__drop_NR0B1	2242519784	False
WT1	SENS_nopurity	C2	negative	NR5A1	1	1.0	1	92	507	-6.2464949889243897	9.8391121705849383	-0.63486368288380168	True	True	True	loo_boot__SENS_nopurity__M3_WT1__drop_NR5A1	622876282	loo_perm__SENS_nopurity__M3_WT1__drop_NR5A1	1487632588	False
WT1	SENS_nopurity	C2	negative	NTRK2	1	1.0	1	92	507	-6.0347209087865465	9.6813201315174506	-0.62333657257552788	True	True	True	loo_boot__SENS_nopurity__M3_WT1__drop_NTRK2	3673155398	loo_perm__SENS_nopurity__M3_WT1__drop_NTRK2	3930024940	False
WT1	SENS_nopurity	C2	negative	NUP210	1	1.0	1	92	507	-5.3470328863458576	9.7774010637786262	-0.54687670593308102	True	True	True	loo_boot__SENS_nopurity__M3_WT1__drop_NUP210	3809627627	loo_perm__SENS_nopurity__M3_WT1__drop_NUP210	763841294	False
WT1	SENS_nopurity	C2	negative	PDGFA	1	1.0	-1	92	507	-5.9990727140893156	9.7930658543089741	-0.61258372029120056	True	True	True	loo_boot__SENS_nopurity__M3_WT1__drop_PDGFA	2253220226	loo_perm__SENS_nopurity__M3_WT1__drop_PDGFA	1525975227	False
WT1	SENS_nopurity	C2	negative	PODXL	1	1.0	1	92	507	-5.0336663430561757	9.8099607034479774	-0.51311789060347168	True	True	True	loo_boot__SENS_nopurity__M3_WT1__drop_PODXL	3809996223	loo_perm__SENS_nopurity__M3_WT1__drop_PODXL	2617244592	False
WT1	SENS_nopurity	C2	negative	POU4F2	1	1.0	1	92	507	-6.0996260253487904	9.8971784276156942	-0.61629949080530388	True	True	True	loo_boot__SENS_nopurity__M3_WT1__drop_POU4F2	987617750	loo_perm__SENS_nopurity__M3_WT1__drop_POU4F2	2168307538	False
WT1	SENS_nopurity	C2	negative	PRM1	1	1.0	-1	92	507	-6.0365423172764565	9.8272275663449253	-0.61426707344700771	True	True	True	loo_boot__SENS_nopurity__M3_WT1__drop_PRM1	1556300034	loo_perm__SENS_nopurity__M3_WT1__drop_PRM1	1878967888	False
WT1	SENS_nopurity	C2	negative	REN	1	1.0	-1	92	507	-5.6630027697567371	9.7705606034911483	-0.57959855115511716	True	True	True	loo_boot__SENS_nopurity__M3_WT1__drop_REN	4218591043	loo_perm__SENS_nopurity__M3_WT1__drop_REN	2860104723	False
WT1	SENS_nopurity	C2	negative	SALL2	1	1.0	1	92	507	-5.394644954373085	9.6760459718618677	-0.55752576724633374	True	True	True	loo_boot__SENS_nopurity__M3_WT1__drop_SALL2	1034689360	loo_perm__SENS_nopurity__M3_WT1__drop_SALL2	2041794307	False
WT1	SENS_nopurity	C2	negative	SDC1	1	1.0	1	92	507	-5.8532886621584979	9.7796884847658543	-0.59851483728508936	True	True	True	loo_boot__SENS_nopurity__M3_WT1__drop_SDC1	3960448779	loo_perm__SENS_nopurity__M3_WT1__drop_SDC1	984298862	False
WT1	SENS_nopurity	C2	negative	SIM1	1	1.0	-1	92	507	-6.0802557341252665	9.8549617995389127	-0.6169740540658154	True	True	True	loo_boot__SENS_nopurity__M3_WT1__drop_SIM1	3934779053	loo_perm__SENS_nopurity__M3_WT1__drop_SIM1	2953268317	False
WT1	SENS_nopurity	C2	negative	SLC10A4	1	1.0	1	92	507	-5.7406537998746714	9.6608066479245398	-0.59422095991414481	True	True	True	loo_boot__SENS_nopurity__M3_WT1__drop_SLC10A4	2071225589	loo_perm__SENS_nopurity__M3_WT1__drop_SLC10A4	3646671350	False
WT1	SENS_nopurity	C2	negative	SLC29A4	1	1.0	1	92	507	-5.0935421882964818	9.7623218525883413	-0.52175519975772988	True	True	True	loo_boot__SENS_nopurity__M3_WT1__drop_SLC29A4	2434659031	loo_perm__SENS_nopurity__M3_WT1__drop_SLC29A4	3020535239	False
WT1	SENS_nopurity	C2	negative	SLC31A1	1	1.0	1	92	507	-5.7629907401642839	9.8143700382919263	-0.5871992514730231	True	True	True	loo_boot__SENS_nopurity__M3_WT1__drop_SLC31A1	1660936556	loo_perm__SENS_nopurity__M3_WT1__drop_SLC31A1	1556190227	False
WT1	SENS_nopurity	C2	negative	SLC5A5	1	1.0	1	92	507	-5.6020335728547224	9.840020123214078	-0.56931119069956859	True	True	True	loo_boot__SENS_nopurity__M3_WT1__drop_SLC5A5	1869408958	loo_perm__SENS_nopurity__M3_WT1__drop_SLC5A5	2856648395	False
WT1	SENS_nopurity	C2	negative	SLC6A6	1	1.0	1	92	507	-5.9856311635210773	9.733057862781342	-0.61497951084928704	True	True	True	loo_boot__SENS_nopurity__M3_WT1__drop_SLC6A6	3732363282	loo_perm__SENS_nopurity__M3_WT1__drop_SLC6A6	4166387040	False
WT1	SENS_nopurity	C2	negative	SNURF	1	1.0	1	92	507	-5.8978584811265051	9.7789558031294188	-0.60311740842913908	True	True	True	loo_boot__SENS_nopurity__M3_WT1__drop_SNURF	709481950	loo_perm__SENS_nopurity__M3_WT1__drop_SNURF	1392139948	False
WT1	SENS_nopurity	C2	negative	SRY	1	1.0	1	92	507	-5.9469049922573163	9.9270909319362364	-0.5990581765626477	True	True	True	loo_boot__SENS_nopurity__M3_WT1__drop_SRY	2921211501	loo_perm__SENS_nopurity__M3_WT1__drop_SRY	400025801	False
WT1	SENS_nopurity	C2	negative	SULF1	1	1.0	1	92	507	-5.9894401646421613	9.8668545277678348	-0.60702629675813657	True	True	True	loo_boot__SENS_nopurity__M3_WT1__drop_SULF1	3283752189	loo_perm__SENS_nopurity__M3_WT1__drop_SULF1	2968789804	False
WT1	SENS_nopurity	C2	negative	SULF2	1	1.0	1	92	507	-4.8659646827374274	9.8533019155667958	-0.49384102146001485	True	False	False	loo_boot__SENS_nopurity__M3_WT1__drop_SULF2	281421201	loo_perm__SENS_nopurity__M3_WT1__drop_SULF2	3981582471	False
WT1	SENS_nopurity	C2	negative	TBXA2R	1	1.0	-1	92	507	-6.0703711033698227	9.7426301218785003	-0.62307313604546244	True	True	True	loo_boot__SENS_nopurity__M3_WT1__drop_TBXA2R	1878038371	loo_perm__SENS_nopurity__M3_WT1__drop_TBXA2R	1301699933	False
WT1	SENS_nopurity	C2	negative	TERT	1	1.0	-1	92	507	-5.4791191110943203	9.8274777880119721	-0.55753055150915853	True	True	True	loo_boot__SENS_nopurity__M3_WT1__drop_TERT	2138580594	loo_perm__SENS_nopurity__M3_WT1__drop_TERT	658970198	False
WT1	SENS_nopurity	C2	negative	TGFB2	1	1.0	-1	92	507	-5.7805023876507562	9.8691204603227085	-0.58571606364421058	True	True	True	loo_boot__SENS_nopurity__M3_WT1__drop_TGFB2	311357617	loo_perm__SENS_nopurity__M3_WT1__drop_TGFB2	2302032319	False
WT1	SENS_nopurity	C2	negative	THBS1	1	1.0	1	92	507	-6.1342591046180814	9.8504267851514573	-0.62274043941576918	True	True	True	loo_boot__SENS_nopurity__M3_WT1__drop_THBS1	4017055634	loo_perm__SENS_nopurity__M3_WT1__drop_THBS1	4225850520	False
WT1	SENS_nopurity	C2	negative	USP18	1	1.0	-1	92	507	-5.9221964687542297	9.7786056965222166	-0.60562790366529173	True	True	True	loo_boot__SENS_nopurity__M3_WT1__drop_USP18	1575994200	loo_perm__SENS_nopurity__M3_WT1__drop_USP18	972711710	False
WT1	SENS_nopurity	C2	negative	VDR	1	1.0	1	92	507	-5.658230880348043	9.8448425723290907	-0.57474061558400524	True	True	True	loo_boot__SENS_nopurity__M3_WT1__drop_VDR	2772240410	loo_perm__SENS_nopurity__M3_WT1__drop_VDR	1385681248	False
WT1	SENS_nopurity	C2	negative	WNT4	1	1.0	1	92	507	-5.3289294597885828	9.8569655983942894	-0.54062575410191871	True	True	True	loo_boot__SENS_nopurity__M3_WT1__drop_WNT4	2740913246	loo_perm__SENS_nopurity__M3_WT1__drop_WNT4	2750755436	False
PAX8	PRIMARY	C1	positive	BPIFA4P	1	1.0	1	22	506	3.2544753403009636	4.8348633294585142	0.67312664671856448	True	True	True	loo_boot__PRIMARY__M3_PAX8__drop_BPIFA4P	1362248516	loo_perm__PRIMARY__M3_PAX8__drop_BPIFA4P	2626653634	True
PAX8	PRIMARY	C1	positive	CDH17	1	1.0	1	22	506	3.248510436931122	4.7722354738273172	0.68071042486213018	True	True	True	loo_boot__PRIMARY__M3_PAX8__drop_CDH17	1951887184	loo_perm__PRIMARY__M3_PAX8__drop_CDH17	3274689386	True
PAX8	PRIMARY	C1	positive	DUOX1	1	1.0	1	22	506	3.431594985733442	4.7184309427382525	0.7272746019552806	True	True	True	loo_boot__PRIMARY__M3_PAX8__drop_DUOX1	3293246716	loo_perm__PRIMARY__M3_PAX8__drop_DUOX1	1336475523	True
PAX8	PRIMARY	C1	positive	DUOX2	1	1.0	-1	22	506	3.212543311074425	4.7937243863654349	0.67015603154234549	True	True	True	loo_boot__PRIMARY__M3_PAX8__drop_DUOX2	2211119617	loo_perm__PRIMARY__M3_PAX8__drop_DUOX2	2930477325	True
PAX8	PRIMARY	C1	positive	F2R	1	1.0	1	22	506	3.4457558712168952	4.818631013468436	0.71509021163599129	True	True	True	loo_boot__PRIMARY__M3_PAX8__drop_F2R	3487046773	loo_perm__PRIMARY__M3_PAX8__drop_F2R	3665343249	True
PAX8	PRIMARY	C1	positive	FOXE1	1	1.0	1	22	506	2.9865959520377068	4.801864259943823	0.62196592622396352	True	True	True	loo_boot__PRIMARY__M3_PAX8__drop_FOXE1	178899098	loo_perm__PRIMARY__M3_PAX8__drop_FOXE1	1306904132	True
PAX8	PRIMARY	C1	positive	HCRT	1	1.0	1	22	506	3.1857732262782967	4.7375967793175358	0.67244499155903603	True	True	True	loo_boot__PRIMARY__M3_PAX8__drop_HCRT	3478806126	loo_perm__PRIMARY__M3_PAX8__drop_HCRT	2071852287	True
PAX8	PRIMARY	C1	positive	HHEX	1	1.0	1	22	506	2.7709155097681117	4.8021961881585957	0.57701005981403286	True	True	True	loo_boot__PRIMARY__M3_PAX8__drop_HHEX	3570233883	loo_perm__PRIMARY__M3_PAX8__drop_HHEX	1291610620	True
PAX8	PRIMARY	C1	positive	INS	1	1.0	1	22	506	3.1270649317336936	4.8849186799646622	0.64014677348862536	True	True	True	loo_boot__PRIMARY__M3_PAX8__drop_INS	1433936743	loo_perm__PRIMARY__M3_PAX8__drop_INS	2167258594	True
PAX8	PRIMARY	C1	positive	L1CAM	1	1.0	-1	22	506	4.2440975256404165	4.6712020162270038	0.90856646980736544	True	True	True	loo_boot__PRIMARY__M3_PAX8__drop_L1CAM	1924553679	loo_perm__PRIMARY__M3_PAX8__drop_L1CAM	2506958278	True
PAX8	PRIMARY	C1	positive	NKX2-1	1	1.0	1	22	506	3.1788159782722687	4.7787696657536989	0.66519547929935885	True	True	True	loo_boot__PRIMARY__M3_PAX8__drop_NKX2-1	3684912936	loo_perm__PRIMARY__M3_PAX8__drop_NKX2-1	1216584564	True
PAX8	PRIMARY	C1	positive	PPARG	1	1.0	-1	22	506	3.0730807107769849	4.6660810927854719	0.65859993636383063	True	True	True	loo_boot__PRIMARY__M3_PAX8__drop_PPARG	156898140	loo_perm__PRIMARY__M3_PAX8__drop_PPARG	1703501819	True
PAX8	PRIMARY	C1	positive	RET	1	1.0	1	22	506	3.232604096562266	4.6340390896164418	0.69757808124787046	True	True	True	loo_boot__PRIMARY__M3_PAX8__drop_RET	3268134388	loo_perm__PRIMARY__M3_PAX8__drop_RET	3445273020	True
PAX8	PRIMARY	C1	positive	SLC3A1	1	1.0	1	22	506	2.7498223634318606	4.7685773847851234	0.57665465851630926	True	True	True	loo_boot__PRIMARY__M3_PAX8__drop_SLC3A1	3862225633	loo_perm__PRIMARY__M3_PAX8__drop_SLC3A1	1267820526	True
PAX8	PRIMARY	C1	positive	SLC5A5	1	1.0	1	22	506	3.0809313169617809	4.6981626071055551	0.65577366613538346	True	True	True	loo_boot__PRIMARY__M3_PAX8__drop_SLC5A5	1111592208	loo_perm__PRIMARY__M3_PAX8__drop_SLC5A5	768135322	True
PAX8	PRIMARY	C1	positive	TERT	1	1.0	1	22	506	3.8155130142615645	4.6196125045940697	0.82593789207799317	True	True	True	loo_boot__PRIMARY__M3_PAX8__drop_TERT	223502615	loo_perm__PRIMARY__M3_PAX8__drop_TERT	1233244037	True
PAX8	PRIMARY	C1	positive	TG	1	1.0	1	22	506	3.056702800548365	4.8080829579075655	0.63574252509956997	True	True	True	loo_boot__PRIMARY__M3_PAX8__drop_TG	1575901508	loo_perm__PRIMARY__M3_PAX8__drop_TG	1006179183	True
PAX8	PRIMARY	C1	positive	TNF	1	1.0	1	22	506	2.7834857725067916	4.7727910273877381	0.58319875237241625	True	True	True	loo_boot__PRIMARY__M3_PAX8__drop_TNF	3069095054	loo_perm__PRIMARY__M3_PAX8__drop_TNF	1746994826	True
PAX8	PRIMARY	C1	positive	TNFRSF11A	1	1.0	1	22	506	3.2596823292352965	4.6757685782352336	0.697143640600278	True	True	True	loo_boot__PRIMARY__M3_PAX8__drop_TNFRSF11A	1088756301	loo_perm__PRIMARY__M3_PAX8__drop_TNFRSF11A	3898810823	True
PAX8	PRIMARY	C1	positive	TPO	1	1.0	1	22	506	3.6662146931491595	4.7121579752875906	0.77803306094070512	True	True	True	loo_boot__PRIMARY__M3_PAX8__drop_TPO	3515145588	loo_perm__PRIMARY__M3_PAX8__drop_TPO	1519565281	True
PAX8	PRIMARY	C1	positive	TSHB	1	1.0	1	22	506	3.2640029815592744	4.7673337684608876	0.68466005110715022	True	True	True	loo_boot__PRIMARY__M3_PAX8__drop_TSHB	2660814774	loo_perm__PRIMARY__M3_PAX8__drop_TSHB	3825422670	True
PAX8	PRIMARY	C1	positive	TSHR	1	1.0	1	22	506	2.9262345867367046	4.7810462296334508	0.61204900479723046	True	True	True	loo_boot__PRIMARY__M3_PAX8__drop_TSHR	2332912345	loo_perm__PRIMARY__M3_PAX8__drop_TSHR	3716019323	True
PAX8	PRIMARY	C1	positive	WT1	1	1.0	1	22	506	2.9256859820754819	4.7547892758286787	0.61531348969520516	True	True	True	loo_boot__PRIMARY__M3_PAX8__drop_WT1	3049826618	loo_perm__PRIMARY__M3_PAX8__drop_WT1	249062728	True
PAX8	SENS_nopurity	C1	positive	BPIFA4P	1	1.0	1	22	507	3.2291722834983538	4.8300749583986997	0.66855531462992279	True	True	True	loo_boot__SENS_nopurity__M3_PAX8__drop_BPIFA4P	3738523066	loo_perm__SENS_nopurity__M3_PAX8__drop_BPIFA4P	1404082803	True
PAX8	SENS_nopurity	C1	positive	CDH17	1	1.0	1	22	507	3.2280494100714989	4.7710223344630229	0.6765949064530663	True	True	True	loo_boot__SENS_nopurity__M3_PAX8__drop_CDH17	3530334435	loo_perm__SENS_nopurity__M3_PAX8__drop_CDH17	3237333387	True
PAX8	SENS_nopurity	C1	positive	DUOX1	1	1.0	1	22	507	3.3940911542997902	4.7230117402728933	0.71862856603944869	True	True	True	loo_boot__SENS_nopurity__M3_PAX8__drop_DUOX1	318487177	loo_perm__SENS_nopurity__M3_PAX8__drop_DUOX1	2053931284	True
PAX8	SENS_nopurity	C1	positive	DUOX2	1	1.0	-1	22	507	3.1733798962185915	4.7948723164061926	0.66182782080776514	True	True	True	loo_boot__SENS_nopurity__M3_PAX8__drop_DUOX2	608212731	loo_perm__SENS_nopurity__M3_PAX8__drop_DUOX2	587272641	True
PAX8	SENS_nopurity	C1	positive	F2R	1	1.0	1	22	507	3.4068760069697053	4.8234706413214017	0.70631216821014653	True	True	True	loo_boot__SENS_nopurity__M3_PAX8__drop_F2R	4032107122	loo_perm__SENS_nopurity__M3_PAX8__drop_F2R	2399319583	True
PAX8	SENS_nopurity	C1	positive	FOXE1	1	1.0	1	22	507	2.988976979830646	4.7974527349346454	0.62303416937600409	True	True	True	loo_boot__SENS_nopurity__M3_PAX8__drop_FOXE1	1940196243	loo_perm__SENS_nopurity__M3_PAX8__drop_FOXE1	1190933594	True
PAX8	SENS_nopurity	C1	positive	HCRT	1	1.0	1	22	507	3.1624252021476451	4.7323585750490267	0.66825561757329066	True	True	True	loo_boot__SENS_nopurity__M3_PAX8__drop_HCRT	2199434300	loo_perm__SENS_nopurity__M3_PAX8__drop_HCRT	608638437	True
PAX8	SENS_nopurity	C1	positive	HHEX	1	1.0	1	22	507	2.7285236961251762	4.809555981911724	0.56731301317354255	True	True	True	loo_boot__SENS_nopurity__M3_PAX8__drop_HHEX	3903610061	loo_perm__SENS_nopurity__M3_PAX8__drop_HHEX	1088417766	True
PAX8	SENS_nopurity	C1	positive	INS	1	1.0	1	22	507	3.0937879786894342	4.8829728953065246	0.6335869653634898	True	True	True	loo_boot__SENS_nopurity__M3_PAX8__drop_INS	917365944	loo_perm__SENS_nopurity__M3_PAX8__drop_INS	1243211598	True
PAX8	SENS_nopurity	C1	positive	L1CAM	1	1.0	-1	22	507	4.1936211936527243	4.6805979554512716	0.89595842957812932	True	True	True	loo_boot__SENS_nopurity__M3_PAX8__drop_L1CAM	2461302112	loo_perm__SENS_nopurity__M3_PAX8__drop_L1CAM	701674411	True
PAX8	SENS_nopurity	C1	positive	NKX2-1	1	1.0	1	22	507	3.1495756684057845	4.7753508100984998	0.65954854285162334	True	True	True	loo_boot__SENS_nopurity__M3_PAX8__drop_NKX2-1	529308113	loo_perm__SENS_nopurity__M3_PAX8__drop_NKX2-1	85953167	True
PAX8	SENS_nopurity	C1	positive	PPARG	1	1.0	-1	22	507	3.0356004182947629	4.6670628763794344	0.65043058101023266	True	True	True	loo_boot__SENS_nopurity__M3_PAX8__drop_PPARG	871009080	loo_perm__SENS_nopurity__M3_PAX8__drop_PPARG	1985737797	True
PAX8	SENS_nopurity	C1	positive	RET	1	1.0	1	22	507	3.1795065039812656	4.6443602975646696	0.6845951434147951	True	True	True	loo_boot__SENS_nopurity__M3_PAX8__drop_RET	690169627	loo_perm__SENS_nopurity__M3_PAX8__drop_RET	3871585377	True
PAX8	SENS_nopurity	C1	positive	SLC3A1	1	1.0	1	22	507	2.7361448306349487	4.7609178739103912	0.57470952095790084	True	True	True	loo_boot__SENS_nopurity__M3_PAX8__drop_SLC3A1	2822795299	loo_perm__SENS_nopurity__M3_PAX8__drop_SLC3A1	2328011791	True
PAX8	SENS_nopurity	C1	positive	SLC5A5	1	1.0	1	22	507	3.0471970515366174	4.69728343423707	0.64871475059957528	True	True	True	loo_boot__SENS_nopurity__M3_PAX8__drop_SLC5A5	2914883183	loo_perm__SENS_nopurity__M3_PAX8__drop_SLC5A5	1338642738	True
PAX8	SENS_nopurity	C1	positive	TERT	1	1.0	1	22	507	3.7656452862572607	4.6277038494174079	0.81371786285142822	True	True	True	loo_boot__SENS_nopurity__M3_PAX8__drop_TERT	966116651	loo_perm__SENS_nopurity__M3_PAX8__drop_TERT	3645918073	True
PAX8	SENS_nopurity	C1	positive	TG	1	1.0	1	22	507	3.0305260357330575	4.8088039637150084	0.63020369692755063	True	True	True	loo_boot__SENS_nopurity__M3_PAX8__drop_TG	620152526	loo_perm__SENS_nopurity__M3_PAX8__drop_TG	1714585377	True
PAX8	SENS_nopurity	C1	positive	TNF	1	1.0	1	22	507	2.7619590824265678	4.7714318203122161	0.57885330576636862	True	True	True	loo_boot__SENS_nopurity__M3_PAX8__drop_TNF	528904386	loo_perm__SENS_nopurity__M3_PAX8__drop_TNF	3299875497	True
PAX8	SENS_nopurity	C1	positive	TNFRSF11A	1	1.0	1	22	507	3.2335894206344946	4.6720866243027785	0.69210819076306129	True	True	True	loo_boot__SENS_nopurity__M3_PAX8__drop_TNFRSF11A	3373920384	loo_perm__SENS_nopurity__M3_PAX8__drop_TNFRSF11A	195404968	True
PAX8	SENS_nopurity	C1	positive	TPO	1	1.0	1	22	507	3.625597922478633	4.7143243580239123	0.76905992187571137	True	True	True	loo_boot__SENS_nopurity__M3_PAX8__drop_TPO	1348321213	loo_perm__SENS_nopurity__M3_PAX8__drop_TPO	3229658929	True
PAX8	SENS_nopurity	C1	positive	TSHB	1	1.0	1	22	507	3.235118073629188	4.7641470317530876	0.67905504428538699	True	True	True	loo_boot__SENS_nopurity__M3_PAX8__drop_TSHB	3438214034	loo_perm__SENS_nopurity__M3_PAX8__drop_TSHB	1906256429	True
PAX8	SENS_nopurity	C1	positive	TSHR	1	1.0	1	22	507	2.9177435918171142	4.7726396783341789	0.61134797270836727	True	True	True	loo_boot__SENS_nopurity__M3_PAX8__drop_TSHR	3590195136	loo_perm__SENS_nopurity__M3_PAX8__drop_TSHR	2593538491	True
PAX8	SENS_nopurity	C1	positive	WT1	1	1.0	1	22	507	2.8883359522739518	4.7552516171250474	0.60739918406677196	True	True	True	loo_boot__SENS_nopurity__M3_PAX8__drop_WT1	117883565	loo_perm__SENS_nopurity__M3_PAX8__drop_WT1	646880270	True
LHX1	PRIMARY	C1	positive	CHRD	1	1.0	1	5	506	2.746899526665727	2.8389829861807998	0.96756463143199389	True	True	True	loo_boot__PRIMARY__M3_LHX1__drop_CHRD	651182071	loo_perm__PRIMARY__M3_LHX1__drop_CHRD	3585607876	True
LHX1	PRIMARY	C1	positive	HESX1	1	1.0	-1	5	506	3.3281753309253688	2.8065367333936688	1.1858655870507468	True	True	True	loo_boot__PRIMARY__M3_LHX1__drop_HESX1	1630238955	loo_perm__PRIMARY__M3_LHX1__drop_HESX1	2578267698	True
LHX1	PRIMARY	C1	positive	HHEX	1	1.0	1	5	506	2.1231970734904753	3.0334621813959988	0.69992534817539087	True	True	True	loo_boot__PRIMARY__M3_LHX1__drop_HHEX	1961117004	loo_perm__PRIMARY__M3_LHX1__drop_HHEX	3344185310	True
LHX1	PRIMARY	C1	positive	NPY	1	1.0	1	5	506	2.1532304946173824	3.0417409425936355	0.70789410908259764	True	True	True	loo_boot__PRIMARY__M3_LHX1__drop_NPY	2340495647	loo_perm__PRIMARY__M3_LHX1__drop_NPY	1315175102	True
LHX1	PRIMARY	C1	positive	PAX8	1	1.0	1	5	506	2.5600251297633418	3.0421808701499535	0.84150983752558883	True	True	True	loo_boot__PRIMARY__M3_LHX1__drop_PAX8	1709738539	loo_perm__PRIMARY__M3_LHX1__drop_PAX8	2995209066	True
LHX1	PRIMARY	C1	positive	RELN	1	1.0	1	5	506	2.4022170611531308	3.0238465977310804	0.79442424855666138	True	True	True	loo_boot__PRIMARY__M3_LHX1__drop_RELN	3972200602	loo_perm__PRIMARY__M3_LHX1__drop_RELN	842316792	True
LHX1	SENS_nopurity	C1	positive	CHRD	1	1.0	1	5	507	2.7408929906686885	2.834284239366057	0.96704944147794536	True	True	True	loo_boot__SENS_nopurity__M3_LHX1__drop_CHRD	2893258194	loo_perm__SENS_nopurity__M3_LHX1__drop_CHRD	127846709	True
LHX1	SENS_nopurity	C1	positive	HESX1	1	1.0	-1	5	507	3.3232832940858685	2.801256977727971	1.1863543118351463	True	True	True	loo_boot__SENS_nopurity__M3_LHX1__drop_HESX1	1751409267	loo_perm__SENS_nopurity__M3_LHX1__drop_HESX1	2806587232	True
LHX1	SENS_nopurity	C1	positive	HHEX	1	1.0	1	5	507	2.0972694896572222	3.034559151076492	0.69112822826776277	True	True	True	loo_boot__SENS_nopurity__M3_LHX1__drop_HHEX	1046770521	loo_perm__SENS_nopurity__M3_LHX1__drop_HHEX	3663125741	True
LHX1	SENS_nopurity	C1	positive	NPY	1	1.0	1	5	507	2.1390915884238981	3.0377720758435123	0.70416460979217033	True	True	True	loo_boot__SENS_nopurity__M3_LHX1__drop_NPY	3932125652	loo_perm__SENS_nopurity__M3_LHX1__drop_NPY	3593828408	True
LHX1	SENS_nopurity	C1	positive	PAX8	1	1.0	1	5	507	2.5435546503824824	3.0389378708602046	0.83698803939762723	True	True	True	loo_boot__SENS_nopurity__M3_LHX1__drop_PAX8	4112317706	loo_perm__SENS_nopurity__M3_LHX1__drop_PAX8	672409560	True
LHX1	SENS_nopurity	C1	positive	RELN	1	1.0	1	5	507	2.3801280868654642	3.0230442878441233	0.78732822288979654	True	True	True	loo_boot__SENS_nopurity__M3_LHX1__drop_RELN	1102843871	loo_perm__SENS_nopurity__M3_LHX1__drop_RELN	266638101	True
